format,construct,timing_class,membership,metric,weighting,pairs,families,mean,positive_fraction,largest_family_share,se,df,lower,upper,inference
casual_discussion,policy,immediate,available,d_combined,pairs,0,0,NA,NA,NA,NA,NA,NA,NA,no eligible pairs
casual_discussion,policy,immediate,available,d_combined,equal_family_event,0,0,NA,NA,NA,NA,NA,NA,NA,no eligible pairs
casual_discussion,policy,immediate,available,d_education,pairs,0,0,NA,NA,NA,NA,NA,NA,NA,no eligible pairs
casual_discussion,policy,immediate,available,d_education,equal_family_event,0,0,NA,NA,NA,NA,NA,NA,NA,no eligible pairs
casual_discussion,policy,immediate,available,d_gender,pairs,0,0,NA,NA,NA,NA,NA,NA,NA,no eligible pairs
casual_discussion,policy,immediate,available,d_gender,equal_family_event,0,0,NA,NA,NA,NA,NA,NA,NA,no eligible pairs
casual_discussion,policy,immediate,available,d_income,pairs,0,0,NA,NA,NA,NA,NA,NA,NA,no eligible pairs
casual_discussion,policy,immediate,available,d_income,equal_family_event,0,0,NA,NA,NA,NA,NA,NA,NA,no eligible pairs
casual_discussion,policy,immediate,available,h,pairs,1,1,0,0,1,NA,NA,NA,NA,fewer than two independent families
casual_discussion,policy,immediate,available,h,equal_family_event,1,1,0,0,1,NA,NA,NA,NA,fewer than two independent families
casual_discussion,policy,immediate,available,p,pairs,0,0,NA,NA,NA,NA,NA,NA,NA,no eligible pairs
casual_discussion,policy,immediate,available,p,equal_family_event,0,0,NA,NA,NA,NA,NA,NA,NA,no eligible pairs
casual_discussion,policy,immediate,available,p_absolute,pairs,1,1,1,1,1,NA,NA,NA,NA,fewer than two independent families
casual_discussion,policy,immediate,available,p_absolute,equal_family_event,1,1,1,1,1,NA,NA,NA,NA,fewer than two independent families
casual_discussion,policy,immediate,paired,d_combined,pairs,0,0,NA,NA,NA,NA,NA,NA,NA,no eligible pairs
casual_discussion,policy,immediate,paired,d_combined,equal_family_event,0,0,NA,NA,NA,NA,NA,NA,NA,no eligible pairs
casual_discussion,policy,immediate,paired,d_education,pairs,0,0,NA,NA,NA,NA,NA,NA,NA,no eligible pairs
casual_discussion,policy,immediate,paired,d_education,equal_family_event,0,0,NA,NA,NA,NA,NA,NA,NA,no eligible pairs
casual_discussion,policy,immediate,paired,d_gender,pairs,0,0,NA,NA,NA,NA,NA,NA,NA,no eligible pairs
casual_discussion,policy,immediate,paired,d_gender,equal_family_event,0,0,NA,NA,NA,NA,NA,NA,NA,no eligible pairs
casual_discussion,policy,immediate,paired,d_income,pairs,0,0,NA,NA,NA,NA,NA,NA,NA,no eligible pairs
casual_discussion,policy,immediate,paired,d_income,equal_family_event,0,0,NA,NA,NA,NA,NA,NA,NA,no eligible pairs
casual_discussion,policy,immediate,paired,h,pairs,1,1,0,0,1,NA,NA,NA,NA,fewer than two independent families
casual_discussion,policy,immediate,paired,h,equal_family_event,1,1,0,0,1,NA,NA,NA,NA,fewer than two independent families
casual_discussion,policy,immediate,paired,p,pairs,0,0,NA,NA,NA,NA,NA,NA,NA,no eligible pairs
casual_discussion,policy,immediate,paired,p,equal_family_event,0,0,NA,NA,NA,NA,NA,NA,NA,no eligible pairs
casual_discussion,policy,immediate,paired,p_absolute,pairs,1,1,1,1,1,NA,NA,NA,NA,fewer than two independent families
casual_discussion,policy,immediate,paired,p_absolute,equal_family_event,1,1,1,1,1,NA,NA,NA,NA,fewer than two independent families
classroom_discussion,policy,immediate,available,d_combined,pairs,0,0,NA,NA,NA,NA,NA,NA,NA,no eligible pairs
classroom_discussion,policy,immediate,available,d_combined,equal_family_event,0,0,NA,NA,NA,NA,NA,NA,NA,no eligible pairs
classroom_discussion,policy,immediate,available,d_education,pairs,0,0,NA,NA,NA,NA,NA,NA,NA,no eligible pairs
classroom_discussion,policy,immediate,available,d_education,equal_family_event,0,0,NA,NA,NA,NA,NA,NA,NA,no eligible pairs
classroom_discussion,policy,immediate,available,d_gender,pairs,41,1,0.34146341463414637,0.34146341463414637,1,NA,NA,NA,NA,fewer than two independent families
classroom_discussion,policy,immediate,available,d_gender,equal_family_event,41,1,0.3414634146341462,0.3414634146341462,1,NA,NA,NA,NA,fewer than two independent families
classroom_discussion,policy,immediate,available,d_income,pairs,0,0,NA,NA,NA,NA,NA,NA,NA,no eligible pairs
classroom_discussion,policy,immediate,available,d_income,equal_family_event,0,0,NA,NA,NA,NA,NA,NA,NA,no eligible pairs
classroom_discussion,policy,immediate,available,h,pairs,56,1,0.5535714285714286,0.5535714285714286,1,NA,NA,NA,NA,fewer than two independent families
classroom_discussion,policy,immediate,available,h,equal_family_event,56,1,0.5535714285714278,0.5535714285714278,1,NA,NA,NA,NA,fewer than two independent families
classroom_discussion,policy,immediate,available,p,pairs,0,0,NA,NA,NA,NA,NA,NA,NA,no eligible pairs
classroom_discussion,policy,immediate,available,p,equal_family_event,0,0,NA,NA,NA,NA,NA,NA,NA,no eligible pairs
classroom_discussion,policy,immediate,available,p_absolute,pairs,0,0,NA,NA,NA,NA,NA,NA,NA,no eligible pairs
classroom_discussion,policy,immediate,available,p_absolute,equal_family_event,0,0,NA,NA,NA,NA,NA,NA,NA,no eligible pairs
classroom_discussion,policy,immediate,paired,d_combined,pairs,0,0,NA,NA,NA,NA,NA,NA,NA,no eligible pairs
classroom_discussion,policy,immediate,paired,d_combined,equal_family_event,0,0,NA,NA,NA,NA,NA,NA,NA,no eligible pairs
classroom_discussion,policy,immediate,paired,d_education,pairs,0,0,NA,NA,NA,NA,NA,NA,NA,no eligible pairs
classroom_discussion,policy,immediate,paired,d_education,equal_family_event,0,0,NA,NA,NA,NA,NA,NA,NA,no eligible pairs
classroom_discussion,policy,immediate,paired,d_gender,pairs,41,1,0.34146341463414637,0.34146341463414637,1,NA,NA,NA,NA,fewer than two independent families
classroom_discussion,policy,immediate,paired,d_gender,equal_family_event,41,1,0.3414634146341462,0.3414634146341462,1,NA,NA,NA,NA,fewer than two independent families
classroom_discussion,policy,immediate,paired,d_income,pairs,0,0,NA,NA,NA,NA,NA,NA,NA,no eligible pairs
classroom_discussion,policy,immediate,paired,d_income,equal_family_event,0,0,NA,NA,NA,NA,NA,NA,NA,no eligible pairs
classroom_discussion,policy,immediate,paired,h,pairs,56,1,0.5535714285714286,0.5535714285714286,1,NA,NA,NA,NA,fewer than two independent families
classroom_discussion,policy,immediate,paired,h,equal_family_event,56,1,0.5535714285714278,0.5535714285714278,1,NA,NA,NA,NA,fewer than two independent families
classroom_discussion,policy,immediate,paired,p,pairs,0,0,NA,NA,NA,NA,NA,NA,NA,no eligible pairs
classroom_discussion,policy,immediate,paired,p,equal_family_event,0,0,NA,NA,NA,NA,NA,NA,NA,no eligible pairs
classroom_discussion,policy,immediate,paired,p_absolute,pairs,0,0,NA,NA,NA,NA,NA,NA,NA,no eligible pairs
classroom_discussion,policy,immediate,paired,p_absolute,equal_family_event,0,0,NA,NA,NA,NA,NA,NA,NA,no eligible pairs
deliberative_mini_public,belief,immediate,available,d_combined,pairs,0,0,NA,NA,NA,NA,NA,NA,NA,no eligible pairs
deliberative_mini_public,belief,immediate,available,d_combined,equal_family_event,0,0,NA,NA,NA,NA,NA,NA,NA,no eligible pairs
deliberative_mini_public,belief,immediate,available,d_education,pairs,8,1,0.375,0.375,1,NA,NA,NA,NA,fewer than two independent families
deliberative_mini_public,belief,immediate,available,d_education,equal_family_event,8,1,0.375,0.375,1,NA,NA,NA,NA,fewer than two independent families
deliberative_mini_public,belief,immediate,available,d_gender,pairs,5,1,0.2,0.2,1,NA,NA,NA,NA,fewer than two independent families
deliberative_mini_public,belief,immediate,available,d_gender,equal_family_event,5,1,0.2,0.2,1,NA,NA,NA,NA,fewer than two independent families
deliberative_mini_public,belief,immediate,available,d_income,pairs,0,0,NA,NA,NA,NA,NA,NA,NA,no eligible pairs
deliberative_mini_public,belief,immediate,available,d_income,equal_family_event,0,0,NA,NA,NA,NA,NA,NA,NA,no eligible pairs
deliberative_mini_public,belief,immediate,available,h,pairs,8,1,0.625,0.625,1,NA,NA,NA,NA,fewer than two independent families
deliberative_mini_public,belief,immediate,available,h,equal_family_event,8,1,0.625,0.625,1,NA,NA,NA,NA,fewer than two independent families
deliberative_mini_public,belief,immediate,available,p,pairs,7,1,0.5714285714285714,0.5714285714285714,1,NA,NA,NA,NA,fewer than two independent families
deliberative_mini_public,belief,immediate,available,p,equal_family_event,7,1,0.5714285714285715,0.5714285714285715,1,NA,NA,NA,NA,fewer than two independent families
deliberative_mini_public,belief,immediate,available,p_absolute,pairs,8,1,0.625,0.625,1,NA,NA,NA,NA,fewer than two independent families
deliberative_mini_public,belief,immediate,available,p_absolute,equal_family_event,8,1,0.625,0.625,1,NA,NA,NA,NA,fewer than two independent families
deliberative_mini_public,belief,immediate,paired,d_combined,pairs,0,0,NA,NA,NA,NA,NA,NA,NA,no eligible pairs
deliberative_mini_public,belief,immediate,paired,d_combined,equal_family_event,0,0,NA,NA,NA,NA,NA,NA,NA,no eligible pairs
deliberative_mini_public,belief,immediate,paired,d_education,pairs,8,1,0.375,0.375,1,NA,NA,NA,NA,fewer than two independent families
deliberative_mini_public,belief,immediate,paired,d_education,equal_family_event,8,1,0.375,0.375,1,NA,NA,NA,NA,fewer than two independent families
deliberative_mini_public,belief,immediate,paired,d_gender,pairs,5,1,0.2,0.2,1,NA,NA,NA,NA,fewer than two independent families
deliberative_mini_public,belief,immediate,paired,d_gender,equal_family_event,5,1,0.2,0.2,1,NA,NA,NA,NA,fewer than two independent families
deliberative_mini_public,belief,immediate,paired,d_income,pairs,0,0,NA,NA,NA,NA,NA,NA,NA,no eligible pairs
deliberative_mini_public,belief,immediate,paired,d_income,equal_family_event,0,0,NA,NA,NA,NA,NA,NA,NA,no eligible pairs
deliberative_mini_public,belief,immediate,paired,h,pairs,8,1,0.5,0.5,1,NA,NA,NA,NA,fewer than two independent families
deliberative_mini_public,belief,immediate,paired,h,equal_family_event,8,1,0.5,0.5,1,NA,NA,NA,NA,fewer than two independent families
deliberative_mini_public,belief,immediate,paired,p,pairs,7,1,0.5714285714285714,0.5714285714285714,1,NA,NA,NA,NA,fewer than two independent families
deliberative_mini_public,belief,immediate,paired,p,equal_family_event,7,1,0.5714285714285715,0.5714285714285715,1,NA,NA,NA,NA,fewer than two independent families
deliberative_mini_public,belief,immediate,paired,p_absolute,pairs,8,1,0.625,0.625,1,NA,NA,NA,NA,fewer than two independent families
deliberative_mini_public,belief,immediate,paired,p_absolute,equal_family_event,8,1,0.625,0.625,1,NA,NA,NA,NA,fewer than two independent families
deliberative_mini_public,policy,immediate,available,d_combined,pairs,0,0,NA,NA,NA,NA,NA,NA,NA,no eligible pairs
deliberative_mini_public,policy,immediate,available,d_combined,equal_family_event,0,0,NA,NA,NA,NA,NA,NA,NA,no eligible pairs
deliberative_mini_public,policy,immediate,available,d_education,pairs,75,1,0.52,0.52,1,NA,NA,NA,NA,fewer than two independent families
deliberative_mini_public,policy,immediate,available,d_education,equal_family_event,75,1,0.5200000000000002,0.5200000000000002,1,NA,NA,NA,NA,fewer than two independent families
deliberative_mini_public,policy,immediate,available,d_gender,pairs,57,1,0.40350877192982454,0.40350877192982454,1,NA,NA,NA,NA,fewer than two independent families
deliberative_mini_public,policy,immediate,available,d_gender,equal_family_event,57,1,0.40350877192982393,0.40350877192982393,1,NA,NA,NA,NA,fewer than two independent families
deliberative_mini_public,policy,immediate,available,d_income,pairs,0,0,NA,NA,NA,NA,NA,NA,NA,no eligible pairs
deliberative_mini_public,policy,immediate,available,d_income,equal_family_event,0,0,NA,NA,NA,NA,NA,NA,NA,no eligible pairs
deliberative_mini_public,policy,immediate,available,h,pairs,80,1,0.5,0.5,1,NA,NA,NA,NA,fewer than two independent families
deliberative_mini_public,policy,immediate,available,h,equal_family_event,80,1,0.500000000000001,0.500000000000001,1,NA,NA,NA,NA,fewer than two independent families
deliberative_mini_public,policy,immediate,available,p,pairs,78,1,0.41025641025641024,0.41025641025641024,1,NA,NA,NA,NA,fewer than two independent families
deliberative_mini_public,policy,immediate,available,p,equal_family_event,78,1,0.4102564102564111,0.4102564102564111,1,NA,NA,NA,NA,fewer than two independent families
deliberative_mini_public,policy,immediate,available,p_absolute,pairs,80,1,0.4375,0.4375,1,NA,NA,NA,NA,fewer than two independent families
deliberative_mini_public,policy,immediate,available,p_absolute,equal_family_event,80,1,0.4375000000000009,0.4375000000000009,1,NA,NA,NA,NA,fewer than two independent families
deliberative_mini_public,policy,immediate,paired,d_combined,pairs,0,0,NA,NA,NA,NA,NA,NA,NA,no eligible pairs
deliberative_mini_public,policy,immediate,paired,d_combined,equal_family_event,0,0,NA,NA,NA,NA,NA,NA,NA,no eligible pairs
deliberative_mini_public,policy,immediate,paired,d_education,pairs,75,1,0.52,0.52,1,NA,NA,NA,NA,fewer than two independent families
deliberative_mini_public,policy,immediate,paired,d_education,equal_family_event,75,1,0.5200000000000002,0.5200000000000002,1,NA,NA,NA,NA,fewer than two independent families
deliberative_mini_public,policy,immediate,paired,d_gender,pairs,57,1,0.40350877192982454,0.40350877192982454,1,NA,NA,NA,NA,fewer than two independent families
deliberative_mini_public,policy,immediate,paired,d_gender,equal_family_event,57,1,0.40350877192982393,0.40350877192982393,1,NA,NA,NA,NA,fewer than two independent families
deliberative_mini_public,policy,immediate,paired,d_income,pairs,0,0,NA,NA,NA,NA,NA,NA,NA,no eligible pairs
deliberative_mini_public,policy,immediate,paired,d_income,equal_family_event,0,0,NA,NA,NA,NA,NA,NA,NA,no eligible pairs
deliberative_mini_public,policy,immediate,paired,h,pairs,80,1,0.4875,0.4875,1,NA,NA,NA,NA,fewer than two independent families
deliberative_mini_public,policy,immediate,paired,h,equal_family_event,80,1,0.48750000000000104,0.48750000000000104,1,NA,NA,NA,NA,fewer than two independent families
deliberative_mini_public,policy,immediate,paired,p,pairs,78,1,0.41025641025641024,0.41025641025641024,1,NA,NA,NA,NA,fewer than two independent families
deliberative_mini_public,policy,immediate,paired,p,equal_family_event,78,1,0.4102564102564111,0.4102564102564111,1,NA,NA,NA,NA,fewer than two independent families
deliberative_mini_public,policy,immediate,paired,p_absolute,pairs,80,1,0.4375,0.4375,1,NA,NA,NA,NA,fewer than two independent families
deliberative_mini_public,policy,immediate,paired,p_absolute,equal_family_event,80,1,0.4375000000000009,0.4375000000000009,1,NA,NA,NA,NA,fewer than two independent families
deliberative_poll,climate_belief,immediate,available,d_combined,pairs,230,1,0.5347826086956522,0.5347826086956522,1,NA,NA,NA,NA,fewer than two independent families
deliberative_poll,climate_belief,immediate,available,d_combined,equal_family_event,230,1,0.5347826086956529,0.5347826086956529,1,NA,NA,NA,NA,fewer than two independent families
deliberative_poll,climate_belief,immediate,available,d_education,pairs,377,1,0.5570291777188329,0.5570291777188329,1,NA,NA,NA,NA,fewer than two independent families
deliberative_poll,climate_belief,immediate,available,d_education,equal_family_event,377,1,0.5570291777188285,0.5570291777188285,1,NA,NA,NA,NA,fewer than two independent families
deliberative_poll,climate_belief,immediate,available,d_gender,pairs,405,1,0.4419753086419753,0.4419753086419753,1,NA,NA,NA,NA,fewer than two independent families
deliberative_poll,climate_belief,immediate,available,d_gender,equal_family_event,405,1,0.4419753086419788,0.4419753086419788,1,NA,NA,NA,NA,fewer than two independent families
deliberative_poll,climate_belief,immediate,available,d_income,pairs,395,1,0.5063291139240507,0.5063291139240507,1,NA,NA,NA,NA,fewer than two independent families
deliberative_poll,climate_belief,immediate,available,d_income,equal_family_event,395,1,0.5063291139240503,0.5063291139240503,1,NA,NA,NA,NA,fewer than two independent families
deliberative_poll,climate_belief,immediate,available,h,pairs,419,1,0.7374701670644391,0.7374701670644391,1,NA,NA,NA,NA,fewer than two independent families
deliberative_poll,climate_belief,immediate,available,h,equal_family_event,419,1,0.7374701670644361,0.7374701670644361,1,NA,NA,NA,NA,fewer than two independent families
deliberative_poll,climate_belief,immediate,available,p,pairs,418,1,0.7272727272727273,0.7272727272727273,1,NA,NA,NA,NA,fewer than two independent families
deliberative_poll,climate_belief,immediate,available,p,equal_family_event,418,1,0.7272727272727303,0.7272727272727303,1,NA,NA,NA,NA,fewer than two independent families
deliberative_poll,climate_belief,immediate,available,p_absolute,pairs,420,1,0.7333333333333333,0.7333333333333333,1,NA,NA,NA,NA,fewer than two independent families
deliberative_poll,climate_belief,immediate,available,p_absolute,equal_family_event,420,1,0.7333333333333335,0.7333333333333335,1,NA,NA,NA,NA,fewer than two independent families
deliberative_poll,climate_belief,immediate,paired,d_combined,pairs,230,1,0.5217391304347826,0.5217391304347826,1,NA,NA,NA,NA,fewer than two independent families
deliberative_poll,climate_belief,immediate,paired,d_combined,equal_family_event,230,1,0.5217391304347834,0.5217391304347834,1,NA,NA,NA,NA,fewer than two independent families
deliberative_poll,climate_belief,immediate,paired,d_education,pairs,376,1,0.5531914893617021,0.5531914893617021,1,NA,NA,NA,NA,fewer than two independent families
deliberative_poll,climate_belief,immediate,paired,d_education,equal_family_event,376,1,0.5531914893617058,0.5531914893617058,1,NA,NA,NA,NA,fewer than two independent families
deliberative_poll,climate_belief,immediate,paired,d_gender,pairs,404,1,0.42326732673267325,0.42326732673267325,1,NA,NA,NA,NA,fewer than two independent families
deliberative_poll,climate_belief,immediate,paired,d_gender,equal_family_event,404,1,0.4232673267326733,0.4232673267326733,1,NA,NA,NA,NA,fewer than two independent families
deliberative_poll,climate_belief,immediate,paired,d_income,pairs,396,1,0.5126262626262627,0.5126262626262627,1,NA,NA,NA,NA,fewer than two independent families
deliberative_poll,climate_belief,immediate,paired,d_income,equal_family_event,396,1,0.512626262626267,0.512626262626267,1,NA,NA,NA,NA,fewer than two independent families
deliberative_poll,climate_belief,immediate,paired,h,pairs,419,1,0.7326968973747017,0.7326968973747017,1,NA,NA,NA,NA,fewer than two independent families
deliberative_poll,climate_belief,immediate,paired,h,equal_family_event,419,1,0.7326968973746986,0.7326968973746986,1,NA,NA,NA,NA,fewer than two independent families
deliberative_poll,climate_belief,immediate,paired,p,pairs,419,1,0.7279236276849642,0.7279236276849642,1,NA,NA,NA,NA,fewer than two independent families
deliberative_poll,climate_belief,immediate,paired,p,equal_family_event,419,1,0.7279236276849611,0.7279236276849611,1,NA,NA,NA,NA,fewer than two independent families
deliberative_poll,climate_belief,immediate,paired,p_absolute,pairs,420,1,0.7333333333333333,0.7333333333333333,1,NA,NA,NA,NA,fewer than two independent families
deliberative_poll,climate_belief,immediate,paired,p_absolute,equal_family_event,420,1,0.7333333333333335,0.7333333333333335,1,NA,NA,NA,NA,fewer than two independent families
deliberative_poll,environmental_concern,immediate,available,d_combined,pairs,174,1,0.5172413793103449,0.5172413793103449,1,NA,NA,NA,NA,fewer than two independent families
deliberative_poll,environmental_concern,immediate,available,d_combined,equal_family_event,174,1,0.5172413793103425,0.5172413793103425,1,NA,NA,NA,NA,fewer than two independent families
deliberative_poll,environmental_concern,immediate,available,d_education,pairs,281,1,0.6156583629893239,0.6156583629893239,1,NA,NA,NA,NA,fewer than two independent families
deliberative_poll,environmental_concern,immediate,available,d_education,equal_family_event,281,1,0.6156583629893241,0.6156583629893241,1,NA,NA,NA,NA,fewer than two independent families
deliberative_poll,environmental_concern,immediate,available,d_gender,pairs,311,1,0.47266881028938906,0.47266881028938906,1,NA,NA,NA,NA,fewer than two independent families
deliberative_poll,environmental_concern,immediate,available,d_gender,equal_family_event,311,1,0.47266881028939206,0.47266881028939206,1,NA,NA,NA,NA,fewer than two independent families
deliberative_poll,environmental_concern,immediate,available,d_income,pairs,296,1,0.5337837837837838,0.5337837837837838,1,NA,NA,NA,NA,fewer than two independent families
deliberative_poll,environmental_concern,immediate,available,d_income,equal_family_event,296,1,0.5337837837837829,0.5337837837837829,1,NA,NA,NA,NA,fewer than two independent families
deliberative_poll,environmental_concern,immediate,available,h,pairs,315,1,0.6825396825396826,0.6825396825396826,1,NA,NA,NA,NA,fewer than two independent families
deliberative_poll,environmental_concern,immediate,available,h,equal_family_event,315,1,0.6825396825396827,0.6825396825396827,1,NA,NA,NA,NA,fewer than two independent families
deliberative_poll,environmental_concern,immediate,available,p,pairs,311,1,0.6977491961414791,0.6977491961414791,1,NA,NA,NA,NA,fewer than two independent families
deliberative_poll,environmental_concern,immediate,available,p,equal_family_event,311,1,0.6977491961414811,0.6977491961414811,1,NA,NA,NA,NA,fewer than two independent families
deliberative_poll,environmental_concern,immediate,available,p_absolute,pairs,315,1,0.746031746031746,0.746031746031746,1,NA,NA,NA,NA,fewer than two independent families
deliberative_poll,environmental_concern,immediate,available,p_absolute,equal_family_event,315,1,0.7460317460317462,0.7460317460317462,1,NA,NA,NA,NA,fewer than two independent families
deliberative_poll,environmental_concern,immediate,paired,d_combined,pairs,175,1,0.5142857142857142,0.5142857142857142,1,NA,NA,NA,NA,fewer than two independent families
deliberative_poll,environmental_concern,immediate,paired,d_combined,equal_family_event,175,1,0.5142857142857165,0.5142857142857165,1,NA,NA,NA,NA,fewer than two independent families
deliberative_poll,environmental_concern,immediate,paired,d_education,pairs,280,1,0.6107142857142858,0.6107142857142858,1,NA,NA,NA,NA,fewer than two independent families
deliberative_poll,environmental_concern,immediate,paired,d_education,equal_family_event,280,1,0.6107142857142859,0.6107142857142859,1,NA,NA,NA,NA,fewer than two independent families
deliberative_poll,environmental_concern,immediate,paired,d_gender,pairs,310,1,0.46774193548387094,0.46774193548387094,1,NA,NA,NA,NA,fewer than two independent families
deliberative_poll,environmental_concern,immediate,paired,d_gender,equal_family_event,310,1,0.46774193548387477,0.46774193548387477,1,NA,NA,NA,NA,fewer than two independent families
deliberative_poll,environmental_concern,immediate,paired,d_income,pairs,296,1,0.5371621621621622,0.5371621621621622,1,NA,NA,NA,NA,fewer than two independent families
deliberative_poll,environmental_concern,immediate,paired,d_income,equal_family_event,296,1,0.5371621621621613,0.5371621621621613,1,NA,NA,NA,NA,fewer than two independent families
deliberative_poll,environmental_concern,immediate,paired,h,pairs,315,1,0.6857142857142857,0.6857142857142857,1,NA,NA,NA,NA,fewer than two independent families
deliberative_poll,environmental_concern,immediate,paired,h,equal_family_event,315,1,0.6857142857142859,0.6857142857142859,1,NA,NA,NA,NA,fewer than two independent families
deliberative_poll,environmental_concern,immediate,paired,p,pairs,310,1,0.6870967741935484,0.6870967741935484,1,NA,NA,NA,NA,fewer than two independent families
deliberative_poll,environmental_concern,immediate,paired,p,equal_family_event,310,1,0.687096774193551,0.687096774193551,1,NA,NA,NA,NA,fewer than two independent families
deliberative_poll,environmental_concern,immediate,paired,p_absolute,pairs,315,1,0.7365079365079366,0.7365079365079366,1,NA,NA,NA,NA,fewer than two independent families
deliberative_poll,environmental_concern,immediate,paired,p_absolute,equal_family_event,315,1,0.7365079365079367,0.7365079365079367,1,NA,NA,NA,NA,fewer than two independent families
deliberative_poll,policy,delayed,available,d_combined,pairs,0,0,NA,NA,NA,NA,NA,NA,NA,no eligible pairs
deliberative_poll,policy,delayed,available,d_combined,equal_family_event,0,0,NA,NA,NA,NA,NA,NA,NA,no eligible pairs
deliberative_poll,policy,delayed,available,d_education,pairs,0,0,NA,NA,NA,NA,NA,NA,NA,no eligible pairs
deliberative_poll,policy,delayed,available,d_education,equal_family_event,0,0,NA,NA,NA,NA,NA,NA,NA,no eligible pairs
deliberative_poll,policy,delayed,available,d_gender,pairs,517,1,0.4526112185686654,0.4526112185686654,1,NA,NA,NA,NA,fewer than two independent families
deliberative_poll,policy,delayed,available,d_gender,equal_family_event,517,1,0.4526112185686594,0.4526112185686594,1,NA,NA,NA,NA,fewer than two independent families
deliberative_poll,policy,delayed,available,d_income,pairs,0,0,NA,NA,NA,NA,NA,NA,NA,no eligible pairs
deliberative_poll,policy,delayed,available,d_income,equal_family_event,0,0,NA,NA,NA,NA,NA,NA,NA,no eligible pairs
deliberative_poll,policy,delayed,available,h,pairs,525,1,0.4857142857142857,0.4857142857142857,1,NA,NA,NA,NA,fewer than two independent families
deliberative_poll,policy,delayed,available,h,equal_family_event,525,1,0.4857142857142927,0.4857142857142927,1,NA,NA,NA,NA,fewer than two independent families
deliberative_poll,policy,delayed,available,p,pairs,519,1,0.371868978805395,0.371868978805395,1,NA,NA,NA,NA,fewer than two independent families
deliberative_poll,policy,delayed,available,p,equal_family_event,519,1,0.37186897880539316,0.37186897880539316,1,NA,NA,NA,NA,fewer than two independent families
deliberative_poll,policy,delayed,available,p_absolute,pairs,525,1,0.4419047619047619,0.4419047619047619,1,NA,NA,NA,NA,fewer than two independent families
deliberative_poll,policy,delayed,available,p_absolute,equal_family_event,525,1,0.44190476190476824,0.44190476190476824,1,NA,NA,NA,NA,fewer than two independent families
deliberative_poll,policy,delayed,paired,d_combined,pairs,0,0,NA,NA,NA,NA,NA,NA,NA,no eligible pairs
deliberative_poll,policy,delayed,paired,d_combined,equal_family_event,0,0,NA,NA,NA,NA,NA,NA,NA,no eligible pairs
deliberative_poll,policy,delayed,paired,d_education,pairs,0,0,NA,NA,NA,NA,NA,NA,NA,no eligible pairs
deliberative_poll,policy,delayed,paired,d_education,equal_family_event,0,0,NA,NA,NA,NA,NA,NA,NA,no eligible pairs
deliberative_poll,policy,delayed,paired,d_gender,pairs,517,1,0.46034816247582205,0.46034816247582205,1,NA,NA,NA,NA,fewer than two independent families
deliberative_poll,policy,delayed,paired,d_gender,equal_family_event,517,1,0.4603481624758159,0.4603481624758159,1,NA,NA,NA,NA,fewer than two independent families
deliberative_poll,policy,delayed,paired,d_income,pairs,0,0,NA,NA,NA,NA,NA,NA,NA,no eligible pairs
deliberative_poll,policy,delayed,paired,d_income,equal_family_event,0,0,NA,NA,NA,NA,NA,NA,NA,no eligible pairs
deliberative_poll,policy,delayed,paired,h,pairs,525,1,0.4780952380952381,0.4780952380952381,1,NA,NA,NA,NA,fewer than two independent families
deliberative_poll,policy,delayed,paired,h,equal_family_event,525,1,0.47809523809524496,0.47809523809524496,1,NA,NA,NA,NA,fewer than two independent families
deliberative_poll,policy,delayed,paired,p,pairs,520,1,0.37115384615384617,0.37115384615384617,1,NA,NA,NA,NA,fewer than two independent families
deliberative_poll,policy,delayed,paired,p,equal_family_event,520,1,0.3711538461538463,0.3711538461538463,1,NA,NA,NA,NA,fewer than two independent families
deliberative_poll,policy,delayed,paired,p_absolute,pairs,525,1,0.43047619047619046,0.43047619047619046,1,NA,NA,NA,NA,fewer than two independent families
deliberative_poll,policy,delayed,paired,p_absolute,equal_family_event,525,1,0.4304761904761966,0.4304761904761966,1,NA,NA,NA,NA,fewer than two independent families
deliberative_poll,policy,immediate,available,d_combined,pairs,3682,1,0.503530689842477,0.503530689842477,1,NA,NA,NA,NA,fewer than two independent families
deliberative_poll,policy,immediate,available,d_combined,equal_family_event,3682,1,0.5035306898424777,0.5035306898424777,1,NA,NA,NA,NA,fewer than two independent families
deliberative_poll,policy,immediate,available,d_education,pairs,5950,1,0.5280672268907562,0.5280672268907562,1,NA,NA,NA,NA,fewer than two independent families
deliberative_poll,policy,immediate,available,d_education,equal_family_event,5950,1,0.528067226890738,0.528067226890738,1,NA,NA,NA,NA,fewer than two independent families
deliberative_poll,policy,immediate,available,d_gender,pairs,8389,1,0.4914769340803433,0.4914769340803433,1,NA,NA,NA,NA,fewer than two independent families
deliberative_poll,policy,immediate,available,d_gender,equal_family_event,8389,1,0.49645159238072883,0.49645159238072883,1,NA,NA,NA,NA,fewer than two independent families
deliberative_poll,policy,immediate,available,d_income,pairs,6405,1,0.4967993754879001,0.4967993754879001,1,NA,NA,NA,NA,fewer than two independent families
deliberative_poll,policy,immediate,available,d_income,equal_family_event,6405,1,0.4967993754879831,0.4967993754879831,1,NA,NA,NA,NA,fewer than two independent families
deliberative_poll,policy,immediate,available,h,pairs,8666,1,0.6633971843987999,0.6633971843987999,1,NA,NA,NA,NA,fewer than two independent families
deliberative_poll,policy,immediate,available,h,equal_family_event,8666,1,0.6764360761517768,0.6764360761517768,1,NA,NA,NA,NA,fewer than two independent families
deliberative_poll,policy,immediate,available,p,pairs,8587,1,0.6071969255851869,0.6071969255851869,1,NA,NA,NA,NA,fewer than two independent families
deliberative_poll,policy,immediate,available,p,equal_family_event,8587,1,0.6010431594520894,0.6010431594520894,1,NA,NA,NA,NA,fewer than two independent families
deliberative_poll,policy,immediate,available,p_absolute,pairs,8705,1,0.6607696726019529,0.6607696726019529,1,NA,NA,NA,NA,fewer than two independent families
deliberative_poll,policy,immediate,available,p_absolute,equal_family_event,8705,1,0.6678518821605163,0.6678518821605163,1,NA,NA,NA,NA,fewer than two independent families
deliberative_poll,policy,immediate,paired,d_combined,pairs,3659,1,0.4911177917463788,0.4911177917463788,1,NA,NA,NA,NA,fewer than two independent families
deliberative_poll,policy,immediate,paired,d_combined,equal_family_event,3659,1,0.49111779174633147,0.49111779174633147,1,NA,NA,NA,NA,fewer than two independent families
deliberative_poll,policy,immediate,paired,d_education,pairs,5913,1,0.5147979029257568,0.5147979029257568,1,NA,NA,NA,NA,fewer than two independent families
deliberative_poll,policy,immediate,paired,d_education,equal_family_event,5913,1,0.5147979029256772,0.5147979029256772,1,NA,NA,NA,NA,fewer than two independent families
deliberative_poll,policy,immediate,paired,d_gender,pairs,8355,1,0.48090963494913225,0.48090963494913225,1,NA,NA,NA,NA,fewer than two independent families
deliberative_poll,policy,immediate,paired,d_gender,equal_family_event,8355,1,0.48840980972601716,0.48840980972601716,1,NA,NA,NA,NA,fewer than two independent families
deliberative_poll,policy,immediate,paired,d_income,pairs,6379,1,0.48832105345665466,0.48832105345665466,1,NA,NA,NA,NA,fewer than two independent families
deliberative_poll,policy,immediate,paired,d_income,equal_family_event,6379,1,0.4883210534566374,0.4883210534566374,1,NA,NA,NA,NA,fewer than two independent families
deliberative_poll,policy,immediate,paired,h,pairs,8664,1,0.6548938134810711,0.6548938134810711,1,NA,NA,NA,NA,fewer than two independent families
deliberative_poll,policy,immediate,paired,h,equal_family_event,8664,1,0.668697623946201,0.668697623946201,1,NA,NA,NA,NA,fewer than two independent families
deliberative_poll,policy,immediate,paired,p,pairs,8580,1,0.6037296037296037,0.6037296037296037,1,NA,NA,NA,NA,fewer than two independent families
deliberative_poll,policy,immediate,paired,p,equal_family_event,8580,1,0.5956588305827237,0.5956588305827237,1,NA,NA,NA,NA,fewer than two independent families
deliberative_poll,policy,immediate,paired,p_absolute,pairs,8705,1,0.6565192418150488,0.6565192418150488,1,NA,NA,NA,NA,fewer than two independent families
deliberative_poll,policy,immediate,paired,p_absolute,equal_family_event,8705,1,0.6630215883408626,0.6630215883408626,1,NA,NA,NA,NA,fewer than two independent families
dyadic_cross_party,affect,immediate,available,d_combined,pairs,0,0,NA,NA,NA,NA,NA,NA,NA,no eligible pairs
dyadic_cross_party,affect,immediate,available,d_combined,equal_family_event,0,0,NA,NA,NA,NA,NA,NA,NA,no eligible pairs
dyadic_cross_party,affect,immediate,available,d_education,pairs,0,0,NA,NA,NA,NA,NA,NA,NA,no eligible pairs
dyadic_cross_party,affect,immediate,available,d_education,equal_family_event,0,0,NA,NA,NA,NA,NA,NA,NA,no eligible pairs
dyadic_cross_party,affect,immediate,available,d_gender,pairs,624,1,0.42948717948717946,0.42948717948717946,1,NA,NA,NA,NA,fewer than two independent families
dyadic_cross_party,affect,immediate,available,d_gender,equal_family_event,624,1,0.4294871794871796,0.4294871794871796,1,NA,NA,NA,NA,fewer than two independent families
dyadic_cross_party,affect,immediate,available,d_income,pairs,0,0,NA,NA,NA,NA,NA,NA,NA,no eligible pairs
dyadic_cross_party,affect,immediate,available,d_income,equal_family_event,0,0,NA,NA,NA,NA,NA,NA,NA,no eligible pairs
dyadic_cross_party,affect,immediate,available,h,pairs,1323,1,0.48677248677248675,0.48677248677248675,1,NA,NA,NA,NA,fewer than two independent families
dyadic_cross_party,affect,immediate,available,h,equal_family_event,1323,1,0.48677248677249124,0.48677248677249124,1,NA,NA,NA,NA,fewer than two independent families
dyadic_cross_party,affect,immediate,available,p,pairs,1248,1,0.42788461538461536,0.42788461538461536,1,NA,NA,NA,NA,fewer than two independent families
dyadic_cross_party,affect,immediate,available,p,equal_family_event,1248,1,0.4278846153846155,0.4278846153846155,1,NA,NA,NA,NA,fewer than two independent families
dyadic_cross_party,affect,immediate,available,p_absolute,pairs,1323,1,0.5003779289493575,0.5003779289493575,1,NA,NA,NA,NA,fewer than two independent families
dyadic_cross_party,affect,immediate,available,p_absolute,equal_family_event,1323,1,0.500377928949362,0.500377928949362,1,NA,NA,NA,NA,fewer than two independent families
dyadic_cross_party,affect,immediate,paired,d_combined,pairs,0,0,NA,NA,NA,NA,NA,NA,NA,no eligible pairs
dyadic_cross_party,affect,immediate,paired,d_combined,equal_family_event,0,0,NA,NA,NA,NA,NA,NA,NA,no eligible pairs
dyadic_cross_party,affect,immediate,paired,d_education,pairs,0,0,NA,NA,NA,NA,NA,NA,NA,no eligible pairs
dyadic_cross_party,affect,immediate,paired,d_education,equal_family_event,0,0,NA,NA,NA,NA,NA,NA,NA,no eligible pairs
dyadic_cross_party,affect,immediate,paired,d_gender,pairs,624,1,0.42948717948717946,0.42948717948717946,1,NA,NA,NA,NA,fewer than two independent families
dyadic_cross_party,affect,immediate,paired,d_gender,equal_family_event,624,1,0.4294871794871796,0.4294871794871796,1,NA,NA,NA,NA,fewer than two independent families
dyadic_cross_party,affect,immediate,paired,d_income,pairs,0,0,NA,NA,NA,NA,NA,NA,NA,no eligible pairs
dyadic_cross_party,affect,immediate,paired,d_income,equal_family_event,0,0,NA,NA,NA,NA,NA,NA,NA,no eligible pairs
dyadic_cross_party,affect,immediate,paired,h,pairs,1323,1,0.48677248677248675,0.48677248677248675,1,NA,NA,NA,NA,fewer than two independent families
dyadic_cross_party,affect,immediate,paired,h,equal_family_event,1323,1,0.48677248677249124,0.48677248677249124,1,NA,NA,NA,NA,fewer than two independent families
dyadic_cross_party,affect,immediate,paired,p,pairs,1248,1,0.42788461538461536,0.42788461538461536,1,NA,NA,NA,NA,fewer than two independent families
dyadic_cross_party,affect,immediate,paired,p,equal_family_event,1248,1,0.4278846153846155,0.4278846153846155,1,NA,NA,NA,NA,fewer than two independent families
dyadic_cross_party,affect,immediate,paired,p_absolute,pairs,1323,1,0.5003779289493575,0.5003779289493575,1,NA,NA,NA,NA,fewer than two independent families
dyadic_cross_party,affect,immediate,paired,p_absolute,equal_family_event,1323,1,0.500377928949362,0.500377928949362,1,NA,NA,NA,NA,fewer than two independent families
dyadic_online_gen_HH,affect,immediate,available,d_combined,pairs,94,1,0.3404255319148936,0.3404255319148936,1,NA,NA,NA,NA,fewer than two independent families
dyadic_online_gen_HH,affect,immediate,available,d_combined,equal_family_event,94,1,0.34042553191489416,0.34042553191489416,1,NA,NA,NA,NA,fewer than two independent families
dyadic_online_gen_HH,affect,immediate,available,d_education,pairs,206,1,0.34951456310679613,0.34951456310679613,1,NA,NA,NA,NA,fewer than two independent families
dyadic_online_gen_HH,affect,immediate,available,d_education,equal_family_event,206,1,0.34951456310679613,0.34951456310679613,1,NA,NA,NA,NA,fewer than two independent families
dyadic_online_gen_HH,affect,immediate,available,d_gender,pairs,0,0,NA,NA,NA,NA,NA,NA,NA,no eligible pairs
dyadic_online_gen_HH,affect,immediate,available,d_gender,equal_family_event,0,0,NA,NA,NA,NA,NA,NA,NA,no eligible pairs
dyadic_online_gen_HH,affect,immediate,available,d_income,pairs,388,1,0.3479381443298969,0.3479381443298969,1,NA,NA,NA,NA,fewer than two independent families
dyadic_online_gen_HH,affect,immediate,available,d_income,equal_family_event,388,1,0.3479381443298973,0.3479381443298973,1,NA,NA,NA,NA,fewer than two independent families
dyadic_online_gen_HH,affect,immediate,available,h,pairs,940,1,0.33191489361702126,0.33191489361702126,1,NA,NA,NA,NA,fewer than two independent families
dyadic_online_gen_HH,affect,immediate,available,h,equal_family_event,940,1,0.33191489361701704,0.33191489361701704,1,NA,NA,NA,NA,fewer than two independent families
dyadic_online_gen_HH,affect,immediate,available,p,pairs,736,1,0.19972826086956522,0.19972826086956522,1,NA,NA,NA,NA,fewer than two independent families
dyadic_online_gen_HH,affect,immediate,available,p,equal_family_event,736,1,0.19972826086956394,0.19972826086956394,1,NA,NA,NA,NA,fewer than two independent families
dyadic_online_gen_HH,affect,immediate,available,p_absolute,pairs,990,1,0.32626262626262625,0.32626262626262625,1,NA,NA,NA,NA,fewer than two independent families
dyadic_online_gen_HH,affect,immediate,available,p_absolute,equal_family_event,990,1,0.326262626262626,0.326262626262626,1,NA,NA,NA,NA,fewer than two independent families
dyadic_online_gen_HH,affect,immediate,paired,d_combined,pairs,94,1,0.3404255319148936,0.3404255319148936,1,NA,NA,NA,NA,fewer than two independent families
dyadic_online_gen_HH,affect,immediate,paired,d_combined,equal_family_event,94,1,0.34042553191489416,0.34042553191489416,1,NA,NA,NA,NA,fewer than two independent families
dyadic_online_gen_HH,affect,immediate,paired,d_education,pairs,201,1,0.35323383084577115,0.35323383084577115,1,NA,NA,NA,NA,fewer than two independent families
dyadic_online_gen_HH,affect,immediate,paired,d_education,equal_family_event,201,1,0.353233830845772,0.353233830845772,1,NA,NA,NA,NA,fewer than two independent families
dyadic_online_gen_HH,affect,immediate,paired,d_gender,pairs,0,0,NA,NA,NA,NA,NA,NA,NA,no eligible pairs
dyadic_online_gen_HH,affect,immediate,paired,d_gender,equal_family_event,0,0,NA,NA,NA,NA,NA,NA,NA,no eligible pairs
dyadic_online_gen_HH,affect,immediate,paired,d_income,pairs,362,1,0.36187845303867405,0.36187845303867405,1,NA,NA,NA,NA,fewer than two independent families
dyadic_online_gen_HH,affect,immediate,paired,d_income,equal_family_event,362,1,0.36187845303867056,0.36187845303867056,1,NA,NA,NA,NA,fewer than two independent families
dyadic_online_gen_HH,affect,immediate,paired,h,pairs,940,1,0.33191489361702126,0.33191489361702126,1,NA,NA,NA,NA,fewer than two independent families
dyadic_online_gen_HH,affect,immediate,paired,h,equal_family_event,940,1,0.33191489361701704,0.33191489361701704,1,NA,NA,NA,NA,fewer than two independent families
dyadic_online_gen_HH,affect,immediate,paired,p,pairs,714,1,0.19607843137254902,0.19607843137254902,1,NA,NA,NA,NA,fewer than two independent families
dyadic_online_gen_HH,affect,immediate,paired,p,equal_family_event,714,1,0.1960784313725492,0.1960784313725492,1,NA,NA,NA,NA,fewer than two independent families
dyadic_online_gen_HH,affect,immediate,paired,p_absolute,pairs,990,1,0.3212121212121212,0.3212121212121212,1,NA,NA,NA,NA,fewer than two independent families
dyadic_online_gen_HH,affect,immediate,paired,p_absolute,equal_family_event,990,1,0.3212121212121209,0.3212121212121209,1,NA,NA,NA,NA,fewer than two independent families
dyadic_online_gen_HH,stereotype_judgment,immediate,available,d_combined,pairs,68,1,0.29411764705882354,0.29411764705882354,1,NA,NA,NA,NA,fewer than two independent families
dyadic_online_gen_HH,stereotype_judgment,immediate,available,d_combined,equal_family_event,68,1,0.29411764705882404,0.29411764705882404,1,NA,NA,NA,NA,fewer than two independent families
dyadic_online_gen_HH,stereotype_judgment,immediate,available,d_education,pairs,164,1,0.3170731707317073,0.3170731707317073,1,NA,NA,NA,NA,fewer than two independent families
dyadic_online_gen_HH,stereotype_judgment,immediate,available,d_education,equal_family_event,164,1,0.31707317073170727,0.31707317073170727,1,NA,NA,NA,NA,fewer than two independent families
dyadic_online_gen_HH,stereotype_judgment,immediate,available,d_gender,pairs,0,0,NA,NA,NA,NA,NA,NA,NA,no eligible pairs
dyadic_online_gen_HH,stereotype_judgment,immediate,available,d_gender,equal_family_event,0,0,NA,NA,NA,NA,NA,NA,NA,no eligible pairs
dyadic_online_gen_HH,stereotype_judgment,immediate,available,d_income,pairs,312,1,0.33653846153846156,0.33653846153846156,1,NA,NA,NA,NA,fewer than two independent families
dyadic_online_gen_HH,stereotype_judgment,immediate,available,d_income,equal_family_event,312,1,0.33653846153846184,0.33653846153846184,1,NA,NA,NA,NA,fewer than two independent families
dyadic_online_gen_HH,stereotype_judgment,immediate,available,h,pairs,760,1,0.2986842105263158,0.2986842105263158,1,NA,NA,NA,NA,fewer than two independent families
dyadic_online_gen_HH,stereotype_judgment,immediate,available,h,equal_family_event,760,1,0.29868421052632194,0.29868421052632194,1,NA,NA,NA,NA,fewer than two independent families
dyadic_online_gen_HH,stereotype_judgment,immediate,available,p,pairs,0,0,NA,NA,NA,NA,NA,NA,NA,no eligible pairs
dyadic_online_gen_HH,stereotype_judgment,immediate,available,p,equal_family_event,0,0,NA,NA,NA,NA,NA,NA,NA,no eligible pairs
dyadic_online_gen_HH,stereotype_judgment,immediate,available,p_absolute,pairs,0,0,NA,NA,NA,NA,NA,NA,NA,no eligible pairs
dyadic_online_gen_HH,stereotype_judgment,immediate,available,p_absolute,equal_family_event,0,0,NA,NA,NA,NA,NA,NA,NA,no eligible pairs
dyadic_online_gen_HH,stereotype_judgment,immediate,paired,d_combined,pairs,68,1,0.29411764705882354,0.29411764705882354,1,NA,NA,NA,NA,fewer than two independent families
dyadic_online_gen_HH,stereotype_judgment,immediate,paired,d_combined,equal_family_event,68,1,0.29411764705882404,0.29411764705882404,1,NA,NA,NA,NA,fewer than two independent families
dyadic_online_gen_HH,stereotype_judgment,immediate,paired,d_education,pairs,158,1,0.3227848101265823,0.3227848101265823,1,NA,NA,NA,NA,fewer than two independent families
dyadic_online_gen_HH,stereotype_judgment,immediate,paired,d_education,equal_family_event,158,1,0.32278481012658156,0.32278481012658156,1,NA,NA,NA,NA,fewer than two independent families
dyadic_online_gen_HH,stereotype_judgment,immediate,paired,d_gender,pairs,0,0,NA,NA,NA,NA,NA,NA,NA,no eligible pairs
dyadic_online_gen_HH,stereotype_judgment,immediate,paired,d_gender,equal_family_event,0,0,NA,NA,NA,NA,NA,NA,NA,no eligible pairs
dyadic_online_gen_HH,stereotype_judgment,immediate,paired,d_income,pairs,295,1,0.33220338983050846,0.33220338983050846,1,NA,NA,NA,NA,fewer than two independent families
dyadic_online_gen_HH,stereotype_judgment,immediate,paired,d_income,equal_family_event,295,1,0.3322033898305112,0.3322033898305112,1,NA,NA,NA,NA,fewer than two independent families
dyadic_online_gen_HH,stereotype_judgment,immediate,paired,h,pairs,760,1,0.2986842105263158,0.2986842105263158,1,NA,NA,NA,NA,fewer than two independent families
dyadic_online_gen_HH,stereotype_judgment,immediate,paired,h,equal_family_event,760,1,0.29868421052632194,0.29868421052632194,1,NA,NA,NA,NA,fewer than two independent families
dyadic_online_gen_HH,stereotype_judgment,immediate,paired,p,pairs,0,0,NA,NA,NA,NA,NA,NA,NA,no eligible pairs
dyadic_online_gen_HH,stereotype_judgment,immediate,paired,p,equal_family_event,0,0,NA,NA,NA,NA,NA,NA,NA,no eligible pairs
dyadic_online_gen_HH,stereotype_judgment,immediate,paired,p_absolute,pairs,0,0,NA,NA,NA,NA,NA,NA,NA,no eligible pairs
dyadic_online_gen_HH,stereotype_judgment,immediate,paired,p_absolute,equal_family_event,0,0,NA,NA,NA,NA,NA,NA,NA,no eligible pairs
dyadic_online_gen_HM,affect,immediate,available,d_combined,pairs,114,1,0.4473684210526316,0.4473684210526316,1,NA,NA,NA,NA,fewer than two independent families
dyadic_online_gen_HM,affect,immediate,available,d_combined,equal_family_event,114,1,0.4473684210526312,0.4473684210526312,1,NA,NA,NA,NA,fewer than two independent families
dyadic_online_gen_HM,affect,immediate,available,d_education,pairs,164,1,0.42073170731707316,0.42073170731707316,1,NA,NA,NA,NA,fewer than two independent families
dyadic_online_gen_HM,affect,immediate,available,d_education,equal_family_event,164,1,0.42073170731707316,0.42073170731707316,1,NA,NA,NA,NA,fewer than two independent families
dyadic_online_gen_HM,affect,immediate,available,d_gender,pairs,0,0,NA,NA,NA,NA,NA,NA,NA,no eligible pairs
dyadic_online_gen_HM,affect,immediate,available,d_gender,equal_family_event,0,0,NA,NA,NA,NA,NA,NA,NA,no eligible pairs
dyadic_online_gen_HM,affect,immediate,available,d_income,pairs,329,1,0.40425531914893614,0.40425531914893614,1,NA,NA,NA,NA,fewer than two independent families
dyadic_online_gen_HM,affect,immediate,available,d_income,equal_family_event,329,1,0.40425531914893753,0.40425531914893753,1,NA,NA,NA,NA,fewer than two independent families
dyadic_online_gen_HM,affect,immediate,available,h,pairs,740,1,0.327027027027027,0.327027027027027,1,NA,NA,NA,NA,fewer than two independent families
dyadic_online_gen_HM,affect,immediate,available,h,equal_family_event,740,1,0.32702702702702785,0.32702702702702785,1,NA,NA,NA,NA,fewer than two independent families
dyadic_online_gen_HM,affect,immediate,available,p,pairs,630,1,0.1984126984126984,0.1984126984126984,1,NA,NA,NA,NA,fewer than two independent families
dyadic_online_gen_HM,affect,immediate,available,p,equal_family_event,630,1,0.19841269841269862,0.19841269841269862,1,NA,NA,NA,NA,fewer than two independent families
dyadic_online_gen_HM,affect,immediate,available,p_absolute,pairs,800,1,0.33125,0.33125,1,NA,NA,NA,NA,fewer than two independent families
dyadic_online_gen_HM,affect,immediate,available,p_absolute,equal_family_event,800,1,0.33125000000000365,0.33125000000000365,1,NA,NA,NA,NA,fewer than two independent families
dyadic_online_gen_HM,affect,immediate,paired,d_combined,pairs,97,1,0.44329896907216493,0.44329896907216493,1,NA,NA,NA,NA,fewer than two independent families
dyadic_online_gen_HM,affect,immediate,paired,d_combined,equal_family_event,97,1,0.44329896907216587,0.44329896907216587,1,NA,NA,NA,NA,fewer than two independent families
dyadic_online_gen_HM,affect,immediate,paired,d_education,pairs,146,1,0.3767123287671233,0.3767123287671233,1,NA,NA,NA,NA,fewer than two independent families
dyadic_online_gen_HM,affect,immediate,paired,d_education,equal_family_event,146,1,0.3767123287671227,0.3767123287671227,1,NA,NA,NA,NA,fewer than two independent families
dyadic_online_gen_HM,affect,immediate,paired,d_gender,pairs,0,0,NA,NA,NA,NA,NA,NA,NA,no eligible pairs
dyadic_online_gen_HM,affect,immediate,paired,d_gender,equal_family_event,0,0,NA,NA,NA,NA,NA,NA,NA,no eligible pairs
dyadic_online_gen_HM,affect,immediate,paired,d_income,pairs,303,1,0.39933993399339934,0.39933993399339934,1,NA,NA,NA,NA,fewer than two independent families
dyadic_online_gen_HM,affect,immediate,paired,d_income,equal_family_event,303,1,0.39933993399339696,0.39933993399339696,1,NA,NA,NA,NA,fewer than two independent families
dyadic_online_gen_HM,affect,immediate,paired,h,pairs,740,1,0.327027027027027,0.327027027027027,1,NA,NA,NA,NA,fewer than two independent families
dyadic_online_gen_HM,affect,immediate,paired,h,equal_family_event,740,1,0.32702702702702785,0.32702702702702785,1,NA,NA,NA,NA,fewer than two independent families
dyadic_online_gen_HM,affect,immediate,paired,p,pairs,619,1,0.18578352180936994,0.18578352180936994,1,NA,NA,NA,NA,fewer than two independent families
dyadic_online_gen_HM,affect,immediate,paired,p,equal_family_event,619,1,0.18578352180937246,0.18578352180937246,1,NA,NA,NA,NA,fewer than two independent families
dyadic_online_gen_HM,affect,immediate,paired,p_absolute,pairs,800,1,0.31625,0.31625,1,NA,NA,NA,NA,fewer than two independent families
dyadic_online_gen_HM,affect,immediate,paired,p_absolute,equal_family_event,800,1,0.31625000000000375,0.31625000000000375,1,NA,NA,NA,NA,fewer than two independent families
dyadic_online_gen_HM,stereotype_judgment,immediate,available,d_combined,pairs,106,1,0.4056603773584906,0.4056603773584906,1,NA,NA,NA,NA,fewer than two independent families
dyadic_online_gen_HM,stereotype_judgment,immediate,available,d_combined,equal_family_event,106,1,0.4056603773584906,0.4056603773584906,1,NA,NA,NA,NA,fewer than two independent families
dyadic_online_gen_HM,stereotype_judgment,immediate,available,d_education,pairs,144,1,0.4375,0.4375,1,NA,NA,NA,NA,fewer than two independent families
dyadic_online_gen_HM,stereotype_judgment,immediate,available,d_education,equal_family_event,144,1,0.4375000000000005,0.4375000000000005,1,NA,NA,NA,NA,fewer than two independent families
dyadic_online_gen_HM,stereotype_judgment,immediate,available,d_gender,pairs,0,0,NA,NA,NA,NA,NA,NA,NA,no eligible pairs
dyadic_online_gen_HM,stereotype_judgment,immediate,available,d_gender,equal_family_event,0,0,NA,NA,NA,NA,NA,NA,NA,no eligible pairs
dyadic_online_gen_HM,stereotype_judgment,immediate,available,d_income,pairs,265,1,0.3622641509433962,0.3622641509433962,1,NA,NA,NA,NA,fewer than two independent families
dyadic_online_gen_HM,stereotype_judgment,immediate,available,d_income,equal_family_event,265,1,0.36226415094339626,0.36226415094339626,1,NA,NA,NA,NA,fewer than two independent families
dyadic_online_gen_HM,stereotype_judgment,immediate,available,h,pairs,600,1,0.3383333333333333,0.3383333333333333,1,NA,NA,NA,NA,fewer than two independent families
dyadic_online_gen_HM,stereotype_judgment,immediate,available,h,equal_family_event,600,1,0.3383333333333298,0.3383333333333298,1,NA,NA,NA,NA,fewer than two independent families
dyadic_online_gen_HM,stereotype_judgment,immediate,available,p,pairs,0,0,NA,NA,NA,NA,NA,NA,NA,no eligible pairs
dyadic_online_gen_HM,stereotype_judgment,immediate,available,p,equal_family_event,0,0,NA,NA,NA,NA,NA,NA,NA,no eligible pairs
dyadic_online_gen_HM,stereotype_judgment,immediate,available,p_absolute,pairs,0,0,NA,NA,NA,NA,NA,NA,NA,no eligible pairs
dyadic_online_gen_HM,stereotype_judgment,immediate,available,p_absolute,equal_family_event,0,0,NA,NA,NA,NA,NA,NA,NA,no eligible pairs
dyadic_online_gen_HM,stereotype_judgment,immediate,paired,d_combined,pairs,99,1,0.36363636363636365,0.36363636363636365,1,NA,NA,NA,NA,fewer than two independent families
dyadic_online_gen_HM,stereotype_judgment,immediate,paired,d_combined,equal_family_event,99,1,0.36363636363636453,0.36363636363636453,1,NA,NA,NA,NA,fewer than two independent families
dyadic_online_gen_HM,stereotype_judgment,immediate,paired,d_education,pairs,129,1,0.37209302325581395,0.37209302325581395,1,NA,NA,NA,NA,fewer than two independent families
dyadic_online_gen_HM,stereotype_judgment,immediate,paired,d_education,equal_family_event,129,1,0.37209302325581384,0.37209302325581384,1,NA,NA,NA,NA,fewer than two independent families
dyadic_online_gen_HM,stereotype_judgment,immediate,paired,d_gender,pairs,0,0,NA,NA,NA,NA,NA,NA,NA,no eligible pairs
dyadic_online_gen_HM,stereotype_judgment,immediate,paired,d_gender,equal_family_event,0,0,NA,NA,NA,NA,NA,NA,NA,no eligible pairs
dyadic_online_gen_HM,stereotype_judgment,immediate,paired,d_income,pairs,251,1,0.3545816733067729,0.3545816733067729,1,NA,NA,NA,NA,fewer than two independent families
dyadic_online_gen_HM,stereotype_judgment,immediate,paired,d_income,equal_family_event,251,1,0.3545816733067729,0.3545816733067729,1,NA,NA,NA,NA,fewer than two independent families
dyadic_online_gen_HM,stereotype_judgment,immediate,paired,h,pairs,600,1,0.3383333333333333,0.3383333333333333,1,NA,NA,NA,NA,fewer than two independent families
dyadic_online_gen_HM,stereotype_judgment,immediate,paired,h,equal_family_event,600,1,0.3383333333333298,0.3383333333333298,1,NA,NA,NA,NA,fewer than two independent families
dyadic_online_gen_HM,stereotype_judgment,immediate,paired,p,pairs,0,0,NA,NA,NA,NA,NA,NA,NA,no eligible pairs
dyadic_online_gen_HM,stereotype_judgment,immediate,paired,p,equal_family_event,0,0,NA,NA,NA,NA,NA,NA,NA,no eligible pairs
dyadic_online_gen_HM,stereotype_judgment,immediate,paired,p_absolute,pairs,0,0,NA,NA,NA,NA,NA,NA,NA,no eligible pairs
dyadic_online_gen_HM,stereotype_judgment,immediate,paired,p_absolute,equal_family_event,0,0,NA,NA,NA,NA,NA,NA,NA,no eligible pairs
dyadic_online_igr_HH,affect,immediate,available,d_combined,pairs,16,1,0.375,0.375,1,NA,NA,NA,NA,fewer than two independent families
dyadic_online_igr_HH,affect,immediate,available,d_combined,equal_family_event,16,1,0.375,0.375,1,NA,NA,NA,NA,fewer than two independent families
dyadic_online_igr_HH,affect,immediate,available,d_education,pairs,94,1,0.3829787234042553,0.3829787234042553,1,NA,NA,NA,NA,fewer than two independent families
dyadic_online_igr_HH,affect,immediate,available,d_education,equal_family_event,94,1,0.382978723404256,0.382978723404256,1,NA,NA,NA,NA,fewer than two independent families
dyadic_online_igr_HH,affect,immediate,available,d_gender,pairs,0,0,NA,NA,NA,NA,NA,NA,NA,no eligible pairs
dyadic_online_igr_HH,affect,immediate,available,d_gender,equal_family_event,0,0,NA,NA,NA,NA,NA,NA,NA,no eligible pairs
dyadic_online_igr_HH,affect,immediate,available,d_income,pairs,288,1,0.3645833333333333,0.3645833333333333,1,NA,NA,NA,NA,fewer than two independent families
dyadic_online_igr_HH,affect,immediate,available,d_income,equal_family_event,288,1,0.36458333333333365,0.36458333333333365,1,NA,NA,NA,NA,fewer than two independent families
dyadic_online_igr_HH,affect,immediate,available,h,pairs,870,1,0.3333333333333333,0.3333333333333333,1,NA,NA,NA,NA,fewer than two independent families
dyadic_online_igr_HH,affect,immediate,available,h,equal_family_event,870,1,0.33333333333333764,0.33333333333333764,1,NA,NA,NA,NA,fewer than two independent families
dyadic_online_igr_HH,affect,immediate,available,p,pairs,687,1,0.18340611353711792,0.18340611353711792,1,NA,NA,NA,NA,fewer than two independent families
dyadic_online_igr_HH,affect,immediate,available,p,equal_family_event,687,1,0.18340611353711608,0.18340611353711608,1,NA,NA,NA,NA,fewer than two independent families
dyadic_online_igr_HH,affect,immediate,available,p_absolute,pairs,920,1,0.3391304347826087,0.3391304347826087,1,NA,NA,NA,NA,fewer than two independent families
dyadic_online_igr_HH,affect,immediate,available,p_absolute,equal_family_event,920,1,0.33913043478260035,0.33913043478260035,1,NA,NA,NA,NA,fewer than two independent families
dyadic_online_igr_HH,affect,immediate,paired,d_combined,pairs,16,1,0.375,0.375,1,NA,NA,NA,NA,fewer than two independent families
dyadic_online_igr_HH,affect,immediate,paired,d_combined,equal_family_event,16,1,0.375,0.375,1,NA,NA,NA,NA,fewer than two independent families
dyadic_online_igr_HH,affect,immediate,paired,d_education,pairs,89,1,0.3707865168539326,0.3707865168539326,1,NA,NA,NA,NA,fewer than two independent families
dyadic_online_igr_HH,affect,immediate,paired,d_education,equal_family_event,89,1,0.37078651685393216,0.37078651685393216,1,NA,NA,NA,NA,fewer than two independent families
dyadic_online_igr_HH,affect,immediate,paired,d_gender,pairs,0,0,NA,NA,NA,NA,NA,NA,NA,no eligible pairs
dyadic_online_igr_HH,affect,immediate,paired,d_gender,equal_family_event,0,0,NA,NA,NA,NA,NA,NA,NA,no eligible pairs
dyadic_online_igr_HH,affect,immediate,paired,d_income,pairs,281,1,0.35231316725978645,0.35231316725978645,1,NA,NA,NA,NA,fewer than two independent families
dyadic_online_igr_HH,affect,immediate,paired,d_income,equal_family_event,281,1,0.3523131672597868,0.3523131672597868,1,NA,NA,NA,NA,fewer than two independent families
dyadic_online_igr_HH,affect,immediate,paired,h,pairs,870,1,0.3333333333333333,0.3333333333333333,1,NA,NA,NA,NA,fewer than two independent families
dyadic_online_igr_HH,affect,immediate,paired,h,equal_family_event,870,1,0.33333333333333764,0.33333333333333764,1,NA,NA,NA,NA,fewer than two independent families
dyadic_online_igr_HH,affect,immediate,paired,p,pairs,680,1,0.17058823529411765,0.17058823529411765,1,NA,NA,NA,NA,fewer than two independent families
dyadic_online_igr_HH,affect,immediate,paired,p,equal_family_event,680,1,0.17058823529411787,0.17058823529411787,1,NA,NA,NA,NA,fewer than two independent families
dyadic_online_igr_HH,affect,immediate,paired,p_absolute,pairs,920,1,0.3239130434782609,0.3239130434782609,1,NA,NA,NA,NA,fewer than two independent families
dyadic_online_igr_HH,affect,immediate,paired,p_absolute,equal_family_event,920,1,0.3239130434782529,0.3239130434782529,1,NA,NA,NA,NA,fewer than two independent families
dyadic_online_igr_HH,stereotype_judgment,immediate,available,d_combined,pairs,12,1,0.3333333333333333,0.3333333333333333,1,NA,NA,NA,NA,fewer than two independent families
dyadic_online_igr_HH,stereotype_judgment,immediate,available,d_combined,equal_family_event,12,1,0.3333333333333333,0.3333333333333333,1,NA,NA,NA,NA,fewer than two independent families
dyadic_online_igr_HH,stereotype_judgment,immediate,available,d_education,pairs,76,1,0.2631578947368421,0.2631578947368421,1,NA,NA,NA,NA,fewer than two independent families
dyadic_online_igr_HH,stereotype_judgment,immediate,available,d_education,equal_family_event,76,1,0.2631578947368417,0.2631578947368417,1,NA,NA,NA,NA,fewer than two independent families
dyadic_online_igr_HH,stereotype_judgment,immediate,available,d_gender,pairs,0,0,NA,NA,NA,NA,NA,NA,NA,no eligible pairs
dyadic_online_igr_HH,stereotype_judgment,immediate,available,d_gender,equal_family_event,0,0,NA,NA,NA,NA,NA,NA,NA,no eligible pairs
dyadic_online_igr_HH,stereotype_judgment,immediate,available,d_income,pairs,237,1,0.2742616033755274,0.2742616033755274,1,NA,NA,NA,NA,fewer than two independent families
dyadic_online_igr_HH,stereotype_judgment,immediate,available,d_income,equal_family_event,237,1,0.2742616033755292,0.2742616033755292,1,NA,NA,NA,NA,fewer than two independent families
dyadic_online_igr_HH,stereotype_judgment,immediate,available,h,pairs,696,1,0.2959770114942529,0.2959770114942529,1,NA,NA,NA,NA,fewer than two independent families
dyadic_online_igr_HH,stereotype_judgment,immediate,available,h,equal_family_event,696,1,0.29597701149425776,0.29597701149425776,1,NA,NA,NA,NA,fewer than two independent families
dyadic_online_igr_HH,stereotype_judgment,immediate,available,p,pairs,0,0,NA,NA,NA,NA,NA,NA,NA,no eligible pairs
dyadic_online_igr_HH,stereotype_judgment,immediate,available,p,equal_family_event,0,0,NA,NA,NA,NA,NA,NA,NA,no eligible pairs
dyadic_online_igr_HH,stereotype_judgment,immediate,available,p_absolute,pairs,0,0,NA,NA,NA,NA,NA,NA,NA,no eligible pairs
dyadic_online_igr_HH,stereotype_judgment,immediate,available,p_absolute,equal_family_event,0,0,NA,NA,NA,NA,NA,NA,NA,no eligible pairs
dyadic_online_igr_HH,stereotype_judgment,immediate,paired,d_combined,pairs,12,1,0.3333333333333333,0.3333333333333333,1,NA,NA,NA,NA,fewer than two independent families
dyadic_online_igr_HH,stereotype_judgment,immediate,paired,d_combined,equal_family_event,12,1,0.3333333333333333,0.3333333333333333,1,NA,NA,NA,NA,fewer than two independent families
dyadic_online_igr_HH,stereotype_judgment,immediate,paired,d_education,pairs,71,1,0.2676056338028169,0.2676056338028169,1,NA,NA,NA,NA,fewer than two independent families
dyadic_online_igr_HH,stereotype_judgment,immediate,paired,d_education,equal_family_event,71,1,0.26760563380281716,0.26760563380281716,1,NA,NA,NA,NA,fewer than two independent families
dyadic_online_igr_HH,stereotype_judgment,immediate,paired,d_gender,pairs,0,0,NA,NA,NA,NA,NA,NA,NA,no eligible pairs
dyadic_online_igr_HH,stereotype_judgment,immediate,paired,d_gender,equal_family_event,0,0,NA,NA,NA,NA,NA,NA,NA,no eligible pairs
dyadic_online_igr_HH,stereotype_judgment,immediate,paired,d_income,pairs,235,1,0.2680851063829787,0.2680851063829787,1,NA,NA,NA,NA,fewer than two independent families
dyadic_online_igr_HH,stereotype_judgment,immediate,paired,d_income,equal_family_event,235,1,0.26808510638297867,0.26808510638297867,1,NA,NA,NA,NA,fewer than two independent families
dyadic_online_igr_HH,stereotype_judgment,immediate,paired,h,pairs,696,1,0.2959770114942529,0.2959770114942529,1,NA,NA,NA,NA,fewer than two independent families
dyadic_online_igr_HH,stereotype_judgment,immediate,paired,h,equal_family_event,696,1,0.29597701149425776,0.29597701149425776,1,NA,NA,NA,NA,fewer than two independent families
dyadic_online_igr_HH,stereotype_judgment,immediate,paired,p,pairs,0,0,NA,NA,NA,NA,NA,NA,NA,no eligible pairs
dyadic_online_igr_HH,stereotype_judgment,immediate,paired,p,equal_family_event,0,0,NA,NA,NA,NA,NA,NA,NA,no eligible pairs
dyadic_online_igr_HH,stereotype_judgment,immediate,paired,p_absolute,pairs,0,0,NA,NA,NA,NA,NA,NA,NA,no eligible pairs
dyadic_online_igr_HH,stereotype_judgment,immediate,paired,p_absolute,equal_family_event,0,0,NA,NA,NA,NA,NA,NA,NA,no eligible pairs
dyadic_online_igr_HM,affect,immediate,available,d_combined,pairs,67,1,0.29850746268656714,0.29850746268656714,1,NA,NA,NA,NA,fewer than two independent families
dyadic_online_igr_HM,affect,immediate,available,d_combined,equal_family_event,67,1,0.2985074626865667,0.2985074626865667,1,NA,NA,NA,NA,fewer than two independent families
dyadic_online_igr_HM,affect,immediate,available,d_education,pairs,175,1,0.2742857142857143,0.2742857142857143,1,NA,NA,NA,NA,fewer than two independent families
dyadic_online_igr_HM,affect,immediate,available,d_education,equal_family_event,175,1,0.2742857142857154,0.2742857142857154,1,NA,NA,NA,NA,fewer than two independent families
dyadic_online_igr_HM,affect,immediate,available,d_gender,pairs,0,0,NA,NA,NA,NA,NA,NA,NA,no eligible pairs
dyadic_online_igr_HM,affect,immediate,available,d_gender,equal_family_event,0,0,NA,NA,NA,NA,NA,NA,NA,no eligible pairs
dyadic_online_igr_HM,affect,immediate,available,d_income,pairs,275,1,0.3890909090909091,0.3890909090909091,1,NA,NA,NA,NA,fewer than two independent families
dyadic_online_igr_HM,affect,immediate,available,d_income,equal_family_event,275,1,0.389090909090908,0.389090909090908,1,NA,NA,NA,NA,fewer than two independent families
dyadic_online_igr_HM,affect,immediate,available,h,pairs,750,1,0.3293333333333333,0.3293333333333333,1,NA,NA,NA,NA,fewer than two independent families
dyadic_online_igr_HM,affect,immediate,available,h,equal_family_event,750,1,0.32933333333333736,0.32933333333333736,1,NA,NA,NA,NA,fewer than two independent families
dyadic_online_igr_HM,affect,immediate,available,p,pairs,656,1,0.20426829268292682,0.20426829268292682,1,NA,NA,NA,NA,fewer than two independent families
dyadic_online_igr_HM,affect,immediate,available,p,equal_family_event,656,1,0.20426829268293054,0.20426829268293054,1,NA,NA,NA,NA,fewer than two independent families
dyadic_online_igr_HM,affect,immediate,available,p_absolute,pairs,830,1,0.3096385542168675,0.3096385542168675,1,NA,NA,NA,NA,fewer than two independent families
dyadic_online_igr_HM,affect,immediate,available,p_absolute,equal_family_event,830,1,0.30963855421686354,0.30963855421686354,1,NA,NA,NA,NA,fewer than two independent families
dyadic_online_igr_HM,affect,immediate,paired,d_combined,pairs,52,1,0.36538461538461536,0.36538461538461536,1,NA,NA,NA,NA,fewer than two independent families
dyadic_online_igr_HM,affect,immediate,paired,d_combined,equal_family_event,52,1,0.3653846153846149,0.3653846153846149,1,NA,NA,NA,NA,fewer than two independent families
dyadic_online_igr_HM,affect,immediate,paired,d_education,pairs,144,1,0.2708333333333333,0.2708333333333333,1,NA,NA,NA,NA,fewer than two independent families
dyadic_online_igr_HM,affect,immediate,paired,d_education,equal_family_event,144,1,0.270833333333334,0.270833333333334,1,NA,NA,NA,NA,fewer than two independent families
dyadic_online_igr_HM,affect,immediate,paired,d_gender,pairs,0,0,NA,NA,NA,NA,NA,NA,NA,no eligible pairs
dyadic_online_igr_HM,affect,immediate,paired,d_gender,equal_family_event,0,0,NA,NA,NA,NA,NA,NA,NA,no eligible pairs
dyadic_online_igr_HM,affect,immediate,paired,d_income,pairs,240,1,0.3958333333333333,0.3958333333333333,1,NA,NA,NA,NA,fewer than two independent families
dyadic_online_igr_HM,affect,immediate,paired,d_income,equal_family_event,240,1,0.3958333333333341,0.3958333333333341,1,NA,NA,NA,NA,fewer than two independent families
dyadic_online_igr_HM,affect,immediate,paired,h,pairs,750,1,0.3293333333333333,0.3293333333333333,1,NA,NA,NA,NA,fewer than two independent families
dyadic_online_igr_HM,affect,immediate,paired,h,equal_family_event,750,1,0.32933333333333736,0.32933333333333736,1,NA,NA,NA,NA,fewer than two independent families
dyadic_online_igr_HM,affect,immediate,paired,p,pairs,640,1,0.165625,0.165625,1,NA,NA,NA,NA,fewer than two independent families
dyadic_online_igr_HM,affect,immediate,paired,p,equal_family_event,640,1,0.165624999999998,0.165624999999998,1,NA,NA,NA,NA,fewer than two independent families
dyadic_online_igr_HM,affect,immediate,paired,p_absolute,pairs,830,1,0.28072289156626506,0.28072289156626506,1,NA,NA,NA,NA,fewer than two independent families
dyadic_online_igr_HM,affect,immediate,paired,p_absolute,equal_family_event,830,1,0.2807228915662619,0.2807228915662619,1,NA,NA,NA,NA,fewer than two independent families
dyadic_online_igr_HM,stereotype_judgment,immediate,available,d_combined,pairs,60,1,0.35,0.35,1,NA,NA,NA,NA,fewer than two independent families
dyadic_online_igr_HM,stereotype_judgment,immediate,available,d_combined,equal_family_event,60,1,0.34999999999999953,0.34999999999999953,1,NA,NA,NA,NA,fewer than two independent families
dyadic_online_igr_HM,stereotype_judgment,immediate,available,d_education,pairs,153,1,0.26143790849673204,0.26143790849673204,1,NA,NA,NA,NA,fewer than two independent families
dyadic_online_igr_HM,stereotype_judgment,immediate,available,d_education,equal_family_event,153,1,0.26143790849673276,0.26143790849673276,1,NA,NA,NA,NA,fewer than two independent families
dyadic_online_igr_HM,stereotype_judgment,immediate,available,d_gender,pairs,0,0,NA,NA,NA,NA,NA,NA,NA,no eligible pairs
dyadic_online_igr_HM,stereotype_judgment,immediate,available,d_gender,equal_family_event,0,0,NA,NA,NA,NA,NA,NA,NA,no eligible pairs
dyadic_online_igr_HM,stereotype_judgment,immediate,available,d_income,pairs,212,1,0.330188679245283,0.330188679245283,1,NA,NA,NA,NA,fewer than two independent families
dyadic_online_igr_HM,stereotype_judgment,immediate,available,d_income,equal_family_event,212,1,0.33018867924528117,0.33018867924528117,1,NA,NA,NA,NA,fewer than two independent families
dyadic_online_igr_HM,stereotype_judgment,immediate,available,h,pairs,600,1,0.30833333333333335,0.30833333333333335,1,NA,NA,NA,NA,fewer than two independent families
dyadic_online_igr_HM,stereotype_judgment,immediate,available,h,equal_family_event,600,1,0.3083333333333304,0.3083333333333304,1,NA,NA,NA,NA,fewer than two independent families
dyadic_online_igr_HM,stereotype_judgment,immediate,available,p,pairs,0,0,NA,NA,NA,NA,NA,NA,NA,no eligible pairs
dyadic_online_igr_HM,stereotype_judgment,immediate,available,p,equal_family_event,0,0,NA,NA,NA,NA,NA,NA,NA,no eligible pairs
dyadic_online_igr_HM,stereotype_judgment,immediate,available,p_absolute,pairs,0,0,NA,NA,NA,NA,NA,NA,NA,no eligible pairs
dyadic_online_igr_HM,stereotype_judgment,immediate,available,p_absolute,equal_family_event,0,0,NA,NA,NA,NA,NA,NA,NA,no eligible pairs
dyadic_online_igr_HM,stereotype_judgment,immediate,paired,d_combined,pairs,47,1,0.3829787234042553,0.3829787234042553,1,NA,NA,NA,NA,fewer than two independent families
dyadic_online_igr_HM,stereotype_judgment,immediate,paired,d_combined,equal_family_event,47,1,0.382978723404255,0.382978723404255,1,NA,NA,NA,NA,fewer than two independent families
dyadic_online_igr_HM,stereotype_judgment,immediate,paired,d_education,pairs,126,1,0.2619047619047619,0.2619047619047619,1,NA,NA,NA,NA,fewer than two independent families
dyadic_online_igr_HM,stereotype_judgment,immediate,paired,d_education,equal_family_event,126,1,0.2619047619047626,0.2619047619047626,1,NA,NA,NA,NA,fewer than two independent families
dyadic_online_igr_HM,stereotype_judgment,immediate,paired,d_gender,pairs,0,0,NA,NA,NA,NA,NA,NA,NA,no eligible pairs
dyadic_online_igr_HM,stereotype_judgment,immediate,paired,d_gender,equal_family_event,0,0,NA,NA,NA,NA,NA,NA,NA,no eligible pairs
dyadic_online_igr_HM,stereotype_judgment,immediate,paired,d_income,pairs,184,1,0.31521739130434784,0.31521739130434784,1,NA,NA,NA,NA,fewer than two independent families
dyadic_online_igr_HM,stereotype_judgment,immediate,paired,d_income,equal_family_event,184,1,0.31521739130434695,0.31521739130434695,1,NA,NA,NA,NA,fewer than two independent families
dyadic_online_igr_HM,stereotype_judgment,immediate,paired,h,pairs,600,1,0.30833333333333335,0.30833333333333335,1,NA,NA,NA,NA,fewer than two independent families
dyadic_online_igr_HM,stereotype_judgment,immediate,paired,h,equal_family_event,600,1,0.3083333333333304,0.3083333333333304,1,NA,NA,NA,NA,fewer than two independent families
dyadic_online_igr_HM,stereotype_judgment,immediate,paired,p,pairs,0,0,NA,NA,NA,NA,NA,NA,NA,no eligible pairs
dyadic_online_igr_HM,stereotype_judgment,immediate,paired,p,equal_family_event,0,0,NA,NA,NA,NA,NA,NA,NA,no eligible pairs
dyadic_online_igr_HM,stereotype_judgment,immediate,paired,p_absolute,pairs,0,0,NA,NA,NA,NA,NA,NA,NA,no eligible pairs
dyadic_online_igr_HM,stereotype_judgment,immediate,paired,p_absolute,equal_family_event,0,0,NA,NA,NA,NA,NA,NA,NA,no eligible pairs
facilitated_discussion,policy,immediate,available,d_combined,pairs,30,1,0.36666666666666664,0.36666666666666664,1,NA,NA,NA,NA,fewer than two independent families
facilitated_discussion,policy,immediate,available,d_combined,equal_family_event,30,1,0.3705357142857143,0.3705357142857143,1,NA,NA,NA,NA,fewer than two independent families
facilitated_discussion,policy,immediate,available,d_education,pairs,52,1,0.3269230769230769,0.3269230769230769,1,NA,NA,NA,NA,fewer than two independent families
facilitated_discussion,policy,immediate,available,d_education,equal_family_event,52,1,0.3307823129251697,0.3307823129251697,1,NA,NA,NA,NA,fewer than two independent families
facilitated_discussion,policy,immediate,available,d_gender,pairs,54,1,0.4074074074074074,0.4074074074074074,1,NA,NA,NA,NA,fewer than two independent families
facilitated_discussion,policy,immediate,available,d_gender,equal_family_event,54,1,0.4107142857142853,0.4107142857142853,1,NA,NA,NA,NA,fewer than two independent families
facilitated_discussion,policy,immediate,available,d_income,pairs,53,1,0.3584905660377358,0.3584905660377358,1,NA,NA,NA,NA,fewer than two independent families
facilitated_discussion,policy,immediate,available,d_income,equal_family_event,53,1,0.37142857142857094,0.37142857142857094,1,NA,NA,NA,NA,fewer than two independent families
facilitated_discussion,policy,immediate,available,h,pairs,57,2,0.3333333333333333,0.3333333333333333,0.9824561403508771,0.04454354031873685,0.9999999999999963,NA,NA,effective df below four
facilitated_discussion,policy,immediate,available,h,equal_family_event,57,2,0.169642857142857,0.169642857142857,0.5000000000000003,0.16964285714285698,1,NA,NA,effective df below four
facilitated_discussion,policy,immediate,available,p,pairs,54,2,0.2777777777777778,0.2777777777777778,0.9814814814814815,0.038155712207967936,1.0000000000000016,NA,NA,effective df below four
facilitated_discussion,policy,immediate,available,p,equal_family_event,54,2,0.1437074829931972,0.1437074829931972,0.5000000000000002,0.14393233357082155,1.0002249766509406,NA,NA,effective df below four
facilitated_discussion,policy,immediate,available,p_absolute,pairs,57,2,0.3684210526315789,0.3684210526315789,0.9824561403508771,0.04923233403649902,0.9999999999999963,NA,NA,effective df below four
facilitated_discussion,policy,immediate,available,p_absolute,equal_family_event,57,2,0.18749999999999986,0.18749999999999986,0.5000000000000003,0.18749999999999992,1,NA,NA,effective df below four
facilitated_discussion,policy,immediate,paired,d_combined,pairs,30,1,0.36666666666666664,0.36666666666666664,1,NA,NA,NA,NA,fewer than two independent families
facilitated_discussion,policy,immediate,paired,d_combined,equal_family_event,30,1,0.3705357142857143,0.3705357142857143,1,NA,NA,NA,NA,fewer than two independent families
facilitated_discussion,policy,immediate,paired,d_education,pairs,52,1,0.3269230769230769,0.3269230769230769,1,NA,NA,NA,NA,fewer than two independent families
facilitated_discussion,policy,immediate,paired,d_education,equal_family_event,52,1,0.3307823129251697,0.3307823129251697,1,NA,NA,NA,NA,fewer than two independent families
facilitated_discussion,policy,immediate,paired,d_gender,pairs,54,1,0.4074074074074074,0.4074074074074074,1,NA,NA,NA,NA,fewer than two independent families
facilitated_discussion,policy,immediate,paired,d_gender,equal_family_event,54,1,0.4107142857142853,0.4107142857142853,1,NA,NA,NA,NA,fewer than two independent families
facilitated_discussion,policy,immediate,paired,d_income,pairs,53,1,0.3584905660377358,0.3584905660377358,1,NA,NA,NA,NA,fewer than two independent families
facilitated_discussion,policy,immediate,paired,d_income,equal_family_event,53,1,0.37142857142857094,0.37142857142857094,1,NA,NA,NA,NA,fewer than two independent families
facilitated_discussion,policy,immediate,paired,h,pairs,57,2,0.3333333333333333,0.3333333333333333,0.9824561403508771,0.04454354031873685,0.9999999999999963,NA,NA,effective df below four
facilitated_discussion,policy,immediate,paired,h,equal_family_event,57,2,0.169642857142857,0.169642857142857,0.5000000000000003,0.16964285714285698,1,NA,NA,effective df below four
facilitated_discussion,policy,immediate,paired,p,pairs,54,2,0.2777777777777778,0.2777777777777778,0.9814814814814815,0.038155712207967936,1.0000000000000016,NA,NA,effective df below four
facilitated_discussion,policy,immediate,paired,p,equal_family_event,54,2,0.1437074829931972,0.1437074829931972,0.5000000000000002,0.14393233357082155,1.0002249766509406,NA,NA,effective df below four
facilitated_discussion,policy,immediate,paired,p_absolute,pairs,57,2,0.3684210526315789,0.3684210526315789,0.9824561403508771,0.04923233403649902,0.9999999999999963,NA,NA,effective df below four
facilitated_discussion,policy,immediate,paired,p_absolute,equal_family_event,57,2,0.18749999999999986,0.18749999999999986,0.5000000000000003,0.18749999999999992,1,NA,NA,effective df below four
laboratory_discussion,policy,immediate,available,d_combined,pairs,0,0,NA,NA,NA,NA,NA,NA,NA,no eligible pairs
laboratory_discussion,policy,immediate,available,d_combined,equal_family_event,0,0,NA,NA,NA,NA,NA,NA,NA,no eligible pairs
laboratory_discussion,policy,immediate,available,d_education,pairs,0,0,NA,NA,NA,NA,NA,NA,NA,no eligible pairs
laboratory_discussion,policy,immediate,available,d_education,equal_family_event,0,0,NA,NA,NA,NA,NA,NA,NA,no eligible pairs
laboratory_discussion,policy,immediate,available,d_gender,pairs,24,1,0.3333333333333333,0.3333333333333333,1,NA,NA,NA,NA,fewer than two independent families
laboratory_discussion,policy,immediate,available,d_gender,equal_family_event,24,1,0.3333333333333335,0.3333333333333335,1,NA,NA,NA,NA,fewer than two independent families
laboratory_discussion,policy,immediate,available,d_income,pairs,0,0,NA,NA,NA,NA,NA,NA,NA,no eligible pairs
laboratory_discussion,policy,immediate,available,d_income,equal_family_event,0,0,NA,NA,NA,NA,NA,NA,NA,no eligible pairs
laboratory_discussion,policy,immediate,available,h,pairs,82,1,0.2804878048780488,0.2804878048780488,1,NA,NA,NA,NA,fewer than two independent families
laboratory_discussion,policy,immediate,available,h,equal_family_event,82,1,0.2804878048780487,0.2804878048780487,1,NA,NA,NA,NA,fewer than two independent families
laboratory_discussion,policy,immediate,available,p,pairs,74,1,0.22972972972972974,0.22972972972972974,1,NA,NA,NA,NA,fewer than two independent families
laboratory_discussion,policy,immediate,available,p,equal_family_event,74,1,0.22972972972973008,0.22972972972973008,1,NA,NA,NA,NA,fewer than two independent families
laboratory_discussion,policy,immediate,available,p_absolute,pairs,82,1,0.34146341463414637,0.34146341463414637,1,NA,NA,NA,NA,fewer than two independent families
laboratory_discussion,policy,immediate,available,p_absolute,equal_family_event,82,1,0.34146341463414626,0.34146341463414626,1,NA,NA,NA,NA,fewer than two independent families
laboratory_discussion,policy,immediate,paired,d_combined,pairs,0,0,NA,NA,NA,NA,NA,NA,NA,no eligible pairs
laboratory_discussion,policy,immediate,paired,d_combined,equal_family_event,0,0,NA,NA,NA,NA,NA,NA,NA,no eligible pairs
laboratory_discussion,policy,immediate,paired,d_education,pairs,0,0,NA,NA,NA,NA,NA,NA,NA,no eligible pairs
laboratory_discussion,policy,immediate,paired,d_education,equal_family_event,0,0,NA,NA,NA,NA,NA,NA,NA,no eligible pairs
laboratory_discussion,policy,immediate,paired,d_gender,pairs,24,1,0.3333333333333333,0.3333333333333333,1,NA,NA,NA,NA,fewer than two independent families
laboratory_discussion,policy,immediate,paired,d_gender,equal_family_event,24,1,0.3333333333333335,0.3333333333333335,1,NA,NA,NA,NA,fewer than two independent families
laboratory_discussion,policy,immediate,paired,d_income,pairs,0,0,NA,NA,NA,NA,NA,NA,NA,no eligible pairs
laboratory_discussion,policy,immediate,paired,d_income,equal_family_event,0,0,NA,NA,NA,NA,NA,NA,NA,no eligible pairs
laboratory_discussion,policy,immediate,paired,h,pairs,82,1,0.2804878048780488,0.2804878048780488,1,NA,NA,NA,NA,fewer than two independent families
laboratory_discussion,policy,immediate,paired,h,equal_family_event,82,1,0.2804878048780487,0.2804878048780487,1,NA,NA,NA,NA,fewer than two independent families
laboratory_discussion,policy,immediate,paired,p,pairs,74,1,0.22972972972972974,0.22972972972972974,1,NA,NA,NA,NA,fewer than two independent families
laboratory_discussion,policy,immediate,paired,p,equal_family_event,74,1,0.22972972972973008,0.22972972972973008,1,NA,NA,NA,NA,fewer than two independent families
laboratory_discussion,policy,immediate,paired,p_absolute,pairs,82,1,0.34146341463414637,0.34146341463414637,1,NA,NA,NA,NA,fewer than two independent families
laboratory_discussion,policy,immediate,paired,p_absolute,equal_family_event,82,1,0.34146341463414626,0.34146341463414626,1,NA,NA,NA,NA,fewer than two independent families
mixed_partisan_discussion,policy,immediate,available,d_combined,pairs,0,0,NA,NA,NA,NA,NA,NA,NA,no eligible pairs
mixed_partisan_discussion,policy,immediate,available,d_combined,equal_family_event,0,0,NA,NA,NA,NA,NA,NA,NA,no eligible pairs
mixed_partisan_discussion,policy,immediate,available,d_education,pairs,0,0,NA,NA,NA,NA,NA,NA,NA,no eligible pairs
mixed_partisan_discussion,policy,immediate,available,d_education,equal_family_event,0,0,NA,NA,NA,NA,NA,NA,NA,no eligible pairs
mixed_partisan_discussion,policy,immediate,available,d_gender,pairs,156,1,0.40384615384615385,0.40384615384615385,1,NA,NA,NA,NA,fewer than two independent families
mixed_partisan_discussion,policy,immediate,available,d_gender,equal_family_event,156,1,0.40384615384615447,0.40384615384615447,1,NA,NA,NA,NA,fewer than two independent families
mixed_partisan_discussion,policy,immediate,available,d_income,pairs,0,0,NA,NA,NA,NA,NA,NA,NA,no eligible pairs
mixed_partisan_discussion,policy,immediate,available,d_income,equal_family_event,0,0,NA,NA,NA,NA,NA,NA,NA,no eligible pairs
mixed_partisan_discussion,policy,immediate,available,h,pairs,160,1,0.53125,0.53125,1,NA,NA,NA,NA,fewer than two independent families
mixed_partisan_discussion,policy,immediate,available,h,equal_family_event,160,1,0.5312500000000004,0.5312500000000004,1,NA,NA,NA,NA,fewer than two independent families
mixed_partisan_discussion,policy,immediate,available,p,pairs,149,1,0.38926174496644295,0.38926174496644295,1,NA,NA,NA,NA,fewer than two independent families
mixed_partisan_discussion,policy,immediate,available,p,equal_family_event,149,1,0.3892617449664431,0.3892617449664431,1,NA,NA,NA,NA,fewer than two independent families
mixed_partisan_discussion,policy,immediate,available,p_absolute,pairs,160,1,0.54375,0.54375,1,NA,NA,NA,NA,fewer than two independent families
mixed_partisan_discussion,policy,immediate,available,p_absolute,equal_family_event,160,1,0.5437500000000005,0.5437500000000005,1,NA,NA,NA,NA,fewer than two independent families
mixed_partisan_discussion,policy,immediate,paired,d_combined,pairs,0,0,NA,NA,NA,NA,NA,NA,NA,no eligible pairs
mixed_partisan_discussion,policy,immediate,paired,d_combined,equal_family_event,0,0,NA,NA,NA,NA,NA,NA,NA,no eligible pairs
mixed_partisan_discussion,policy,immediate,paired,d_education,pairs,0,0,NA,NA,NA,NA,NA,NA,NA,no eligible pairs
mixed_partisan_discussion,policy,immediate,paired,d_education,equal_family_event,0,0,NA,NA,NA,NA,NA,NA,NA,no eligible pairs
mixed_partisan_discussion,policy,immediate,paired,d_gender,pairs,156,1,0.4166666666666667,0.4166666666666667,1,NA,NA,NA,NA,fewer than two independent families
mixed_partisan_discussion,policy,immediate,paired,d_gender,equal_family_event,156,1,0.41666666666666724,0.41666666666666724,1,NA,NA,NA,NA,fewer than two independent families
mixed_partisan_discussion,policy,immediate,paired,d_income,pairs,0,0,NA,NA,NA,NA,NA,NA,NA,no eligible pairs
mixed_partisan_discussion,policy,immediate,paired,d_income,equal_family_event,0,0,NA,NA,NA,NA,NA,NA,NA,no eligible pairs
mixed_partisan_discussion,policy,immediate,paired,h,pairs,160,1,0.54375,0.54375,1,NA,NA,NA,NA,fewer than two independent families
mixed_partisan_discussion,policy,immediate,paired,h,equal_family_event,160,1,0.5437500000000005,0.5437500000000005,1,NA,NA,NA,NA,fewer than two independent families
mixed_partisan_discussion,policy,immediate,paired,p,pairs,149,1,0.40268456375838924,0.40268456375838924,1,NA,NA,NA,NA,fewer than two independent families
mixed_partisan_discussion,policy,immediate,paired,p,equal_family_event,149,1,0.4026845637583894,0.4026845637583894,1,NA,NA,NA,NA,fewer than two independent families
mixed_partisan_discussion,policy,immediate,paired,p_absolute,pairs,160,1,0.525,0.525,1,NA,NA,NA,NA,fewer than two independent families
mixed_partisan_discussion,policy,immediate,paired,p_absolute,equal_family_event,160,1,0.5250000000000005,0.5250000000000005,1,NA,NA,NA,NA,fewer than two independent families
partisan_discussion,policy,immediate,available,d_combined,pairs,0,0,NA,NA,NA,NA,NA,NA,NA,no eligible pairs
partisan_discussion,policy,immediate,available,d_combined,equal_family_event,0,0,NA,NA,NA,NA,NA,NA,NA,no eligible pairs
partisan_discussion,policy,immediate,available,d_education,pairs,0,0,NA,NA,NA,NA,NA,NA,NA,no eligible pairs
partisan_discussion,policy,immediate,available,d_education,equal_family_event,0,0,NA,NA,NA,NA,NA,NA,NA,no eligible pairs
partisan_discussion,policy,immediate,available,d_gender,pairs,163,1,0.44785276073619634,0.44785276073619634,1,NA,NA,NA,NA,fewer than two independent families
partisan_discussion,policy,immediate,available,d_gender,equal_family_event,163,1,0.4730473965287074,0.4730473965287074,1,NA,NA,NA,NA,fewer than two independent families
partisan_discussion,policy,immediate,available,d_income,pairs,0,0,NA,NA,NA,NA,NA,NA,NA,no eligible pairs
partisan_discussion,policy,immediate,available,d_income,equal_family_event,0,0,NA,NA,NA,NA,NA,NA,NA,no eligible pairs
partisan_discussion,policy,immediate,available,h,pairs,188,1,0.7446808510638298,0.7446808510638298,1,NA,NA,NA,NA,fewer than two independent families
partisan_discussion,policy,immediate,available,h,equal_family_event,188,1,0.7325191570881229,0.7325191570881229,1,NA,NA,NA,NA,fewer than two independent families
partisan_discussion,policy,immediate,available,p,pairs,188,1,0.75,0.75,1,NA,NA,NA,NA,fewer than two independent families
partisan_discussion,policy,immediate,available,p,equal_family_event,188,1,0.7052203065134102,0.7052203065134102,1,NA,NA,NA,NA,fewer than two independent families
partisan_discussion,policy,immediate,available,p_absolute,pairs,188,1,0.75,0.75,1,NA,NA,NA,NA,fewer than two independent families
partisan_discussion,policy,immediate,available,p_absolute,equal_family_event,188,1,0.7052203065134102,0.7052203065134102,1,NA,NA,NA,NA,fewer than two independent families
partisan_discussion,policy,immediate,paired,d_combined,pairs,0,0,NA,NA,NA,NA,NA,NA,NA,no eligible pairs
partisan_discussion,policy,immediate,paired,d_combined,equal_family_event,0,0,NA,NA,NA,NA,NA,NA,NA,no eligible pairs
partisan_discussion,policy,immediate,paired,d_education,pairs,0,0,NA,NA,NA,NA,NA,NA,NA,no eligible pairs
partisan_discussion,policy,immediate,paired,d_education,equal_family_event,0,0,NA,NA,NA,NA,NA,NA,NA,no eligible pairs
partisan_discussion,policy,immediate,paired,d_gender,pairs,162,1,0.43209876543209874,0.43209876543209874,1,NA,NA,NA,NA,fewer than two independent families
partisan_discussion,policy,immediate,paired,d_gender,equal_family_event,162,1,0.4523247978436628,0.4523247978436628,1,NA,NA,NA,NA,fewer than two independent families
partisan_discussion,policy,immediate,paired,d_income,pairs,0,0,NA,NA,NA,NA,NA,NA,NA,no eligible pairs
partisan_discussion,policy,immediate,paired,d_income,equal_family_event,0,0,NA,NA,NA,NA,NA,NA,NA,no eligible pairs
partisan_discussion,policy,immediate,paired,h,pairs,188,1,0.7446808510638298,0.7446808510638298,1,NA,NA,NA,NA,fewer than two independent families
partisan_discussion,policy,immediate,paired,h,equal_family_event,188,1,0.7298850574712646,0.7298850574712646,1,NA,NA,NA,NA,fewer than two independent families
partisan_discussion,policy,immediate,paired,p,pairs,188,1,0.7606382978723404,0.7606382978723404,1,NA,NA,NA,NA,fewer than two independent families
partisan_discussion,policy,immediate,paired,p,equal_family_event,188,1,0.7164750957854408,0.7164750957854408,1,NA,NA,NA,NA,fewer than two independent families
partisan_discussion,policy,immediate,paired,p_absolute,pairs,188,1,0.7659574468085106,0.7659574468085106,1,NA,NA,NA,NA,fewer than two independent families
partisan_discussion,policy,immediate,paired,p_absolute,equal_family_event,188,1,0.7234195402298853,0.7234195402298853,1,NA,NA,NA,NA,fewer than two independent families
town_meeting,policy,immediate,available,d_combined,pairs,520,1,0.5038461538461538,0.5038461538461538,1,NA,NA,NA,NA,fewer than two independent families
town_meeting,policy,immediate,available,d_combined,equal_family_event,520,1,0.4628848741660471,0.4628848741660471,1,NA,NA,NA,NA,fewer than two independent families
town_meeting,policy,immediate,available,d_education,pairs,1697,1,0.5008839127872716,0.5008839127872716,1,NA,NA,NA,NA,fewer than two independent families
town_meeting,policy,immediate,available,d_education,equal_family_event,1697,1,0.5086622125798845,0.5086622125798845,1,NA,NA,NA,NA,fewer than two independent families
town_meeting,policy,immediate,available,d_gender,pairs,1103,1,0.4913871260199456,0.4913871260199456,1,NA,NA,NA,NA,fewer than two independent families
town_meeting,policy,immediate,available,d_gender,equal_family_event,1103,1,0.48349089976678344,0.48349089976678344,1,NA,NA,NA,NA,fewer than two independent families
town_meeting,policy,immediate,available,d_income,pairs,1690,1,0.493491124260355,0.493491124260355,1,NA,NA,NA,NA,fewer than two independent families
town_meeting,policy,immediate,available,d_income,equal_family_event,1690,1,0.4939679829654865,0.4939679829654865,1,NA,NA,NA,NA,fewer than two independent families
town_meeting,policy,immediate,available,h,pairs,1982,1,0.5105953582240161,0.5105953582240161,1,NA,NA,NA,NA,fewer than two independent families
town_meeting,policy,immediate,available,h,equal_family_event,1982,1,0.4979369115005443,0.4979369115005443,1,NA,NA,NA,NA,fewer than two independent families
town_meeting,policy,immediate,available,p,pairs,1846,1,0.4647887323943662,0.4647887323943662,1,NA,NA,NA,NA,fewer than two independent families
town_meeting,policy,immediate,available,p,equal_family_event,1846,1,0.47893667974586535,0.47893667974586535,1,NA,NA,NA,NA,fewer than two independent families
town_meeting,policy,immediate,available,p_absolute,pairs,1998,1,0.5835835835835835,0.5835835835835835,1,NA,NA,NA,NA,fewer than two independent families
town_meeting,policy,immediate,available,p_absolute,equal_family_event,1998,1,0.5975386207870378,0.5975386207870378,1,NA,NA,NA,NA,fewer than two independent families
town_meeting,policy,immediate,paired,d_combined,pairs,397,1,0.4332493702770781,0.4332493702770781,1,NA,NA,NA,NA,fewer than two independent families
town_meeting,policy,immediate,paired,d_combined,equal_family_event,397,1,0.4158415241827131,0.4158415241827131,1,NA,NA,NA,NA,fewer than two independent families
town_meeting,policy,immediate,paired,d_education,pairs,1493,1,0.44608171466845276,0.44608171466845276,1,NA,NA,NA,NA,fewer than two independent families
town_meeting,policy,immediate,paired,d_education,equal_family_event,1493,1,0.459807934533064,0.459807934533064,1,NA,NA,NA,NA,fewer than two independent families
town_meeting,policy,immediate,paired,d_gender,pairs,969,1,0.4324045407636739,0.4324045407636739,1,NA,NA,NA,NA,fewer than two independent families
town_meeting,policy,immediate,paired,d_gender,equal_family_event,969,1,0.4155093539620091,0.4155093539620091,1,NA,NA,NA,NA,fewer than two independent families
town_meeting,policy,immediate,paired,d_income,pairs,1486,1,0.4407806191117093,0.4407806191117093,1,NA,NA,NA,NA,fewer than two independent families
town_meeting,policy,immediate,paired,d_income,equal_family_event,1486,1,0.44286257632996684,0.44286257632996684,1,NA,NA,NA,NA,fewer than two independent families
town_meeting,policy,immediate,paired,h,pairs,1937,1,0.4434692823954569,0.4434692823954569,1,NA,NA,NA,NA,fewer than two independent families
town_meeting,policy,immediate,paired,h,equal_family_event,1937,1,0.45472464096869203,0.45472464096869203,1,NA,NA,NA,NA,fewer than two independent families
town_meeting,policy,immediate,paired,p,pairs,1827,1,0.39299397920087575,0.39299397920087575,1,NA,NA,NA,NA,fewer than two independent families
town_meeting,policy,immediate,paired,p,equal_family_event,1827,1,0.4113631265217158,0.4113631265217158,1,NA,NA,NA,NA,fewer than two independent families
town_meeting,policy,immediate,paired,p_absolute,pairs,1986,1,0.4874118831822759,0.4874118831822759,1,NA,NA,NA,NA,fewer than two independent families
town_meeting,policy,immediate,paired,p_absolute,equal_family_event,1986,1,0.5117471826503214,0.5117471826503214,1,NA,NA,NA,NA,fewer than two independent families
triadic_structured_discussion,policy,immediate,available,d_combined,pairs,0,0,NA,NA,NA,NA,NA,NA,NA,no eligible pairs
triadic_structured_discussion,policy,immediate,available,d_combined,equal_family_event,0,0,NA,NA,NA,NA,NA,NA,NA,no eligible pairs
triadic_structured_discussion,policy,immediate,available,d_education,pairs,0,0,NA,NA,NA,NA,NA,NA,NA,no eligible pairs
triadic_structured_discussion,policy,immediate,available,d_education,equal_family_event,0,0,NA,NA,NA,NA,NA,NA,NA,no eligible pairs
triadic_structured_discussion,policy,immediate,available,d_gender,pairs,17,1,0.4117647058823529,0.4117647058823529,1,NA,NA,NA,NA,fewer than two independent families
triadic_structured_discussion,policy,immediate,available,d_gender,equal_family_event,17,1,0.411764705882353,0.411764705882353,1,NA,NA,NA,NA,fewer than two independent families
triadic_structured_discussion,policy,immediate,available,d_income,pairs,0,0,NA,NA,NA,NA,NA,NA,NA,no eligible pairs
triadic_structured_discussion,policy,immediate,available,d_income,equal_family_event,0,0,NA,NA,NA,NA,NA,NA,NA,no eligible pairs
triadic_structured_discussion,policy,immediate,available,h,pairs,27,1,0.7407407407407407,0.7407407407407407,1,NA,NA,NA,NA,fewer than two independent families
triadic_structured_discussion,policy,immediate,available,h,equal_family_event,27,1,0.7407407407407409,0.7407407407407409,1,NA,NA,NA,NA,fewer than two independent families
triadic_structured_discussion,policy,immediate,available,p,pairs,22,1,0.3181818181818182,0.3181818181818182,1,NA,NA,NA,NA,fewer than two independent families
triadic_structured_discussion,policy,immediate,available,p,equal_family_event,22,1,0.31818181818181834,0.31818181818181834,1,NA,NA,NA,NA,fewer than two independent families
triadic_structured_discussion,policy,immediate,available,p_absolute,pairs,27,1,0.48148148148148145,0.48148148148148145,1,NA,NA,NA,NA,fewer than two independent families
triadic_structured_discussion,policy,immediate,available,p_absolute,equal_family_event,27,1,0.4814814814814818,0.4814814814814818,1,NA,NA,NA,NA,fewer than two independent families
triadic_structured_discussion,policy,immediate,paired,d_combined,pairs,0,0,NA,NA,NA,NA,NA,NA,NA,no eligible pairs
triadic_structured_discussion,policy,immediate,paired,d_combined,equal_family_event,0,0,NA,NA,NA,NA,NA,NA,NA,no eligible pairs
triadic_structured_discussion,policy,immediate,paired,d_education,pairs,0,0,NA,NA,NA,NA,NA,NA,NA,no eligible pairs
triadic_structured_discussion,policy,immediate,paired,d_education,equal_family_event,0,0,NA,NA,NA,NA,NA,NA,NA,no eligible pairs
triadic_structured_discussion,policy,immediate,paired,d_gender,pairs,17,1,0.4117647058823529,0.4117647058823529,1,NA,NA,NA,NA,fewer than two independent families
triadic_structured_discussion,policy,immediate,paired,d_gender,equal_family_event,17,1,0.411764705882353,0.411764705882353,1,NA,NA,NA,NA,fewer than two independent families
triadic_structured_discussion,policy,immediate,paired,d_income,pairs,0,0,NA,NA,NA,NA,NA,NA,NA,no eligible pairs
triadic_structured_discussion,policy,immediate,paired,d_income,equal_family_event,0,0,NA,NA,NA,NA,NA,NA,NA,no eligible pairs
triadic_structured_discussion,policy,immediate,paired,h,pairs,27,1,0.7407407407407407,0.7407407407407407,1,NA,NA,NA,NA,fewer than two independent families
triadic_structured_discussion,policy,immediate,paired,h,equal_family_event,27,1,0.7407407407407409,0.7407407407407409,1,NA,NA,NA,NA,fewer than two independent families
triadic_structured_discussion,policy,immediate,paired,p,pairs,22,1,0.3181818181818182,0.3181818181818182,1,NA,NA,NA,NA,fewer than two independent families
triadic_structured_discussion,policy,immediate,paired,p,equal_family_event,22,1,0.31818181818181834,0.31818181818181834,1,NA,NA,NA,NA,fewer than two independent families
triadic_structured_discussion,policy,immediate,paired,p_absolute,pairs,27,1,0.48148148148148145,0.48148148148148145,1,NA,NA,NA,NA,fewer than two independent families
triadic_structured_discussion,policy,immediate,paired,p_absolute,equal_family_event,27,1,0.4814814814814818,0.4814814814814818,1,NA,NA,NA,NA,fewer than two independent families
triadic_structured_discussion,social_judgment,immediate,available,d_combined,pairs,0,0,NA,NA,NA,NA,NA,NA,NA,no eligible pairs
triadic_structured_discussion,social_judgment,immediate,available,d_combined,equal_family_event,0,0,NA,NA,NA,NA,NA,NA,NA,no eligible pairs
triadic_structured_discussion,social_judgment,immediate,available,d_education,pairs,0,0,NA,NA,NA,NA,NA,NA,NA,no eligible pairs
triadic_structured_discussion,social_judgment,immediate,available,d_education,equal_family_event,0,0,NA,NA,NA,NA,NA,NA,NA,no eligible pairs
triadic_structured_discussion,social_judgment,immediate,available,d_gender,pairs,5,1,0.2,0.2,1,NA,NA,NA,NA,fewer than two independent families
triadic_structured_discussion,social_judgment,immediate,available,d_gender,equal_family_event,5,1,0.2,0.2,1,NA,NA,NA,NA,fewer than two independent families
triadic_structured_discussion,social_judgment,immediate,available,d_income,pairs,0,0,NA,NA,NA,NA,NA,NA,NA,no eligible pairs
triadic_structured_discussion,social_judgment,immediate,available,d_income,equal_family_event,0,0,NA,NA,NA,NA,NA,NA,NA,no eligible pairs
triadic_structured_discussion,social_judgment,immediate,available,h,pairs,8,1,0.5,0.5,1,NA,NA,NA,NA,fewer than two independent families
triadic_structured_discussion,social_judgment,immediate,available,h,equal_family_event,8,1,0.5,0.5,1,NA,NA,NA,NA,fewer than two independent families
triadic_structured_discussion,social_judgment,immediate,available,p,pairs,5,1,0.4,0.4,1,NA,NA,NA,NA,fewer than two independent families
triadic_structured_discussion,social_judgment,immediate,available,p,equal_family_event,5,1,0.4,0.4,1,NA,NA,NA,NA,fewer than two independent families
triadic_structured_discussion,social_judgment,immediate,available,p_absolute,pairs,8,1,0.5,0.5,1,NA,NA,NA,NA,fewer than two independent families
triadic_structured_discussion,social_judgment,immediate,available,p_absolute,equal_family_event,8,1,0.5,0.5,1,NA,NA,NA,NA,fewer than two independent families
triadic_structured_discussion,social_judgment,immediate,paired,d_combined,pairs,0,0,NA,NA,NA,NA,NA,NA,NA,no eligible pairs
triadic_structured_discussion,social_judgment,immediate,paired,d_combined,equal_family_event,0,0,NA,NA,NA,NA,NA,NA,NA,no eligible pairs
triadic_structured_discussion,social_judgment,immediate,paired,d_education,pairs,0,0,NA,NA,NA,NA,NA,NA,NA,no eligible pairs
triadic_structured_discussion,social_judgment,immediate,paired,d_education,equal_family_event,0,0,NA,NA,NA,NA,NA,NA,NA,no eligible pairs
triadic_structured_discussion,social_judgment,immediate,paired,d_gender,pairs,5,1,0.2,0.2,1,NA,NA,NA,NA,fewer than two independent families
triadic_structured_discussion,social_judgment,immediate,paired,d_gender,equal_family_event,5,1,0.2,0.2,1,NA,NA,NA,NA,fewer than two independent families
triadic_structured_discussion,social_judgment,immediate,paired,d_income,pairs,0,0,NA,NA,NA,NA,NA,NA,NA,no eligible pairs
triadic_structured_discussion,social_judgment,immediate,paired,d_income,equal_family_event,0,0,NA,NA,NA,NA,NA,NA,NA,no eligible pairs
triadic_structured_discussion,social_judgment,immediate,paired,h,pairs,8,1,0.5,0.5,1,NA,NA,NA,NA,fewer than two independent families
triadic_structured_discussion,social_judgment,immediate,paired,h,equal_family_event,8,1,0.5,0.5,1,NA,NA,NA,NA,fewer than two independent families
triadic_structured_discussion,social_judgment,immediate,paired,p,pairs,5,1,0.4,0.4,1,NA,NA,NA,NA,fewer than two independent families
triadic_structured_discussion,social_judgment,immediate,paired,p,equal_family_event,5,1,0.4,0.4,1,NA,NA,NA,NA,fewer than two independent families
triadic_structured_discussion,social_judgment,immediate,paired,p_absolute,pairs,8,1,0.5,0.5,1,NA,NA,NA,NA,fewer than two independent families
triadic_structured_discussion,social_judgment,immediate,paired,p_absolute,equal_family_event,8,1,0.5,0.5,1,NA,NA,NA,NA,fewer than two independent families
triadic_unstructured_discussion,policy,immediate,available,d_combined,pairs,0,0,NA,NA,NA,NA,NA,NA,NA,no eligible pairs
triadic_unstructured_discussion,policy,immediate,available,d_combined,equal_family_event,0,0,NA,NA,NA,NA,NA,NA,NA,no eligible pairs
triadic_unstructured_discussion,policy,immediate,available,d_education,pairs,0,0,NA,NA,NA,NA,NA,NA,NA,no eligible pairs
triadic_unstructured_discussion,policy,immediate,available,d_education,equal_family_event,0,0,NA,NA,NA,NA,NA,NA,NA,no eligible pairs
triadic_unstructured_discussion,policy,immediate,available,d_gender,pairs,17,1,0.11764705882352941,0.11764705882352941,1,NA,NA,NA,NA,fewer than two independent families
triadic_unstructured_discussion,policy,immediate,available,d_gender,equal_family_event,17,1,0.11764705882352941,0.11764705882352941,1,NA,NA,NA,NA,fewer than two independent families
triadic_unstructured_discussion,policy,immediate,available,d_income,pairs,0,0,NA,NA,NA,NA,NA,NA,NA,no eligible pairs
triadic_unstructured_discussion,policy,immediate,available,d_income,equal_family_event,0,0,NA,NA,NA,NA,NA,NA,NA,no eligible pairs
triadic_unstructured_discussion,policy,immediate,available,h,pairs,28,1,0.5714285714285714,0.5714285714285714,1,NA,NA,NA,NA,fewer than two independent families
triadic_unstructured_discussion,policy,immediate,available,h,equal_family_event,28,1,0.5714285714285715,0.5714285714285715,1,NA,NA,NA,NA,fewer than two independent families
triadic_unstructured_discussion,policy,immediate,available,p,pairs,22,1,0.4090909090909091,0.4090909090909091,1,NA,NA,NA,NA,fewer than two independent families
triadic_unstructured_discussion,policy,immediate,available,p,equal_family_event,22,1,0.4090909090909093,0.4090909090909093,1,NA,NA,NA,NA,fewer than two independent families
triadic_unstructured_discussion,policy,immediate,available,p_absolute,pairs,28,1,0.5357142857142857,0.5357142857142857,1,NA,NA,NA,NA,fewer than two independent families
triadic_unstructured_discussion,policy,immediate,available,p_absolute,equal_family_event,28,1,0.5357142857142858,0.5357142857142858,1,NA,NA,NA,NA,fewer than two independent families
triadic_unstructured_discussion,policy,immediate,paired,d_combined,pairs,0,0,NA,NA,NA,NA,NA,NA,NA,no eligible pairs
triadic_unstructured_discussion,policy,immediate,paired,d_combined,equal_family_event,0,0,NA,NA,NA,NA,NA,NA,NA,no eligible pairs
triadic_unstructured_discussion,policy,immediate,paired,d_education,pairs,0,0,NA,NA,NA,NA,NA,NA,NA,no eligible pairs
triadic_unstructured_discussion,policy,immediate,paired,d_education,equal_family_event,0,0,NA,NA,NA,NA,NA,NA,NA,no eligible pairs
triadic_unstructured_discussion,policy,immediate,paired,d_gender,pairs,17,1,0.11764705882352941,0.11764705882352941,1,NA,NA,NA,NA,fewer than two independent families
triadic_unstructured_discussion,policy,immediate,paired,d_gender,equal_family_event,17,1,0.11764705882352941,0.11764705882352941,1,NA,NA,NA,NA,fewer than two independent families
triadic_unstructured_discussion,policy,immediate,paired,d_income,pairs,0,0,NA,NA,NA,NA,NA,NA,NA,no eligible pairs
triadic_unstructured_discussion,policy,immediate,paired,d_income,equal_family_event,0,0,NA,NA,NA,NA,NA,NA,NA,no eligible pairs
triadic_unstructured_discussion,policy,immediate,paired,h,pairs,28,1,0.5714285714285714,0.5714285714285714,1,NA,NA,NA,NA,fewer than two independent families
triadic_unstructured_discussion,policy,immediate,paired,h,equal_family_event,28,1,0.5714285714285715,0.5714285714285715,1,NA,NA,NA,NA,fewer than two independent families
triadic_unstructured_discussion,policy,immediate,paired,p,pairs,22,1,0.4090909090909091,0.4090909090909091,1,NA,NA,NA,NA,fewer than two independent families
triadic_unstructured_discussion,policy,immediate,paired,p,equal_family_event,22,1,0.4090909090909093,0.4090909090909093,1,NA,NA,NA,NA,fewer than two independent families
triadic_unstructured_discussion,policy,immediate,paired,p_absolute,pairs,28,1,0.5357142857142857,0.5357142857142857,1,NA,NA,NA,NA,fewer than two independent families
triadic_unstructured_discussion,policy,immediate,paired,p_absolute,equal_family_event,28,1,0.5357142857142858,0.5357142857142858,1,NA,NA,NA,NA,fewer than two independent families
triadic_unstructured_discussion,social_judgment,immediate,available,d_combined,pairs,0,0,NA,NA,NA,NA,NA,NA,NA,no eligible pairs
triadic_unstructured_discussion,social_judgment,immediate,available,d_combined,equal_family_event,0,0,NA,NA,NA,NA,NA,NA,NA,no eligible pairs
triadic_unstructured_discussion,social_judgment,immediate,available,d_education,pairs,0,0,NA,NA,NA,NA,NA,NA,NA,no eligible pairs
triadic_unstructured_discussion,social_judgment,immediate,available,d_education,equal_family_event,0,0,NA,NA,NA,NA,NA,NA,NA,no eligible pairs
triadic_unstructured_discussion,social_judgment,immediate,available,d_gender,pairs,3,1,0.3333333333333333,0.3333333333333333,1,NA,NA,NA,NA,fewer than two independent families
triadic_unstructured_discussion,social_judgment,immediate,available,d_gender,equal_family_event,3,1,0.3333333333333333,0.3333333333333333,1,NA,NA,NA,NA,fewer than two independent families
triadic_unstructured_discussion,social_judgment,immediate,available,d_income,pairs,0,0,NA,NA,NA,NA,NA,NA,NA,no eligible pairs
triadic_unstructured_discussion,social_judgment,immediate,available,d_income,equal_family_event,0,0,NA,NA,NA,NA,NA,NA,NA,no eligible pairs
triadic_unstructured_discussion,social_judgment,immediate,available,h,pairs,7,1,0.42857142857142855,0.42857142857142855,1,NA,NA,NA,NA,fewer than two independent families
triadic_unstructured_discussion,social_judgment,immediate,available,h,equal_family_event,7,1,0.42857142857142866,0.42857142857142866,1,NA,NA,NA,NA,fewer than two independent families
triadic_unstructured_discussion,social_judgment,immediate,available,p,pairs,4,1,0.25,0.25,1,NA,NA,NA,NA,fewer than two independent families
triadic_unstructured_discussion,social_judgment,immediate,available,p,equal_family_event,4,1,0.25,0.25,1,NA,NA,NA,NA,fewer than two independent families
triadic_unstructured_discussion,social_judgment,immediate,available,p_absolute,pairs,7,1,0.42857142857142855,0.42857142857142855,1,NA,NA,NA,NA,fewer than two independent families
triadic_unstructured_discussion,social_judgment,immediate,available,p_absolute,equal_family_event,7,1,0.42857142857142866,0.42857142857142866,1,NA,NA,NA,NA,fewer than two independent families
triadic_unstructured_discussion,social_judgment,immediate,paired,d_combined,pairs,0,0,NA,NA,NA,NA,NA,NA,NA,no eligible pairs
triadic_unstructured_discussion,social_judgment,immediate,paired,d_combined,equal_family_event,0,0,NA,NA,NA,NA,NA,NA,NA,no eligible pairs
triadic_unstructured_discussion,social_judgment,immediate,paired,d_education,pairs,0,0,NA,NA,NA,NA,NA,NA,NA,no eligible pairs
triadic_unstructured_discussion,social_judgment,immediate,paired,d_education,equal_family_event,0,0,NA,NA,NA,NA,NA,NA,NA,no eligible pairs
triadic_unstructured_discussion,social_judgment,immediate,paired,d_gender,pairs,3,1,0.3333333333333333,0.3333333333333333,1,NA,NA,NA,NA,fewer than two independent families
triadic_unstructured_discussion,social_judgment,immediate,paired,d_gender,equal_family_event,3,1,0.3333333333333333,0.3333333333333333,1,NA,NA,NA,NA,fewer than two independent families
triadic_unstructured_discussion,social_judgment,immediate,paired,d_income,pairs,0,0,NA,NA,NA,NA,NA,NA,NA,no eligible pairs
triadic_unstructured_discussion,social_judgment,immediate,paired,d_income,equal_family_event,0,0,NA,NA,NA,NA,NA,NA,NA,no eligible pairs
triadic_unstructured_discussion,social_judgment,immediate,paired,h,pairs,7,1,0.42857142857142855,0.42857142857142855,1,NA,NA,NA,NA,fewer than two independent families
triadic_unstructured_discussion,social_judgment,immediate,paired,h,equal_family_event,7,1,0.42857142857142866,0.42857142857142866,1,NA,NA,NA,NA,fewer than two independent families
triadic_unstructured_discussion,social_judgment,immediate,paired,p,pairs,4,1,0.25,0.25,1,NA,NA,NA,NA,fewer than two independent families
triadic_unstructured_discussion,social_judgment,immediate,paired,p,equal_family_event,4,1,0.25,0.25,1,NA,NA,NA,NA,fewer than two independent families
triadic_unstructured_discussion,social_judgment,immediate,paired,p_absolute,pairs,7,1,0.42857142857142855,0.42857142857142855,1,NA,NA,NA,NA,fewer than two independent families
triadic_unstructured_discussion,social_judgment,immediate,paired,p_absolute,equal_family_event,7,1,0.42857142857142866,0.42857142857142866,1,NA,NA,NA,NA,fewer than two independent families
