"poll_id","source_poll_id","poll_name","issue_id","pair_id","group_id","group_key","net_change","gross_change","n_complete"
12,91,"New Haven","nh.t1manvol","12:9101::nh.t1manvol","9101","12:9101",0.15625,0.21875,6
12,91,"New Haven","nh.t1manvol","12:9102::nh.t1manvol","9102","12:9102",0.205357142857143,0.223214285714286,7
12,91,"New Haven","nh.t1manvol","12:9103::nh.t1manvol","9103","12:9103",0.232142857142857,0.232142857142857,7
12,91,"New Haven","nh.t1manvol","12:9104::nh.t1manvol","9104","12:9104",0.078125,0.0989583333333333,12
12,91,"New Haven","nh.t1manvol","12:9105::nh.t1manvol","9105","12:9105",0.11875,0.14375,10
12,91,"New Haven","nh.t1manvol","12:9106::nh.t1manvol","9106","12:9106",0.0625,0.125,4
12,91,"New Haven","nh.t1manvol","12:9107::nh.t1manvol","9107","12:9107",0.15625,0.21875,10
12,91,"New Haven","nh.t1manvol","12:9108::nh.t1manvol","9108","12:9108",0.046875,0.0625,8
12,91,"New Haven","nh.t1manvol","12:9109::nh.t1manvol","9109","12:9109",0.138888888888889,0.236111111111111,9
12,91,"New Haven","nh.t1manvol","12:9110::nh.t1manvol","9110","12:9110",0.140625,0.1875,8
12,91,"New Haven","nh.t1manvol","12:9111::nh.t1manvol","9111","12:9111",0.153409090909091,0.210227272727273,11
12,91,"New Haven","nh.t1manvol","12:9112::nh.t1manvol","9112","12:9112",0.125,0.125,8
12,91,"New Haven","nh.t1manvol","12:9113::nh.t1manvol","9113","12:9113",0.135416666666667,0.15625,6
12,91,"New Haven","nh.t1manvol","12:9114::nh.t1manvol","9114","12:9114",0.00892857142857143,0.151785714285714,7
12,91,"New Haven","nh.t1manvol","12:9115::nh.t1manvol","9115","12:9115",0.0576923076923077,0.134615384615385,13
12,91,"New Haven","nh.t1manvol","12:9116::nh.t1manvol","9116","12:9116",0.0625,0.145833333333333,6
12,91,"New Haven","nh.t1endexp","12:9101::nh.t1endexp","9101","12:9101",0.0291666686534882,0.195833335320155,6
12,91,"New Haven","nh.t1endexp","12:9102::nh.t1endexp","9102","12:9102",0.0714285714285715,0.142857142857143,7
12,91,"New Haven","nh.t1endexp","12:9103::nh.t1endexp","9103","12:9103",0.0749999965940203,0.110714282308306,7
12,91,"New Haven","nh.t1endexp","12:9104::nh.t1endexp","9104","12:9104",0.104166666666667,0.25,12
12,91,"New Haven","nh.t1endexp","12:9105::nh.t1endexp","9105","12:9105",0.0125,0.1625,10
12,91,"New Haven","nh.t1endexp","12:9106::nh.t1endexp","9106","12:9106",0.15625,0.21875,4
12,91,"New Haven","nh.t1endexp","12:9107::nh.t1endexp","9107","12:9107",0.302499997615814,0.4625,10
12,91,"New Haven","nh.t1endexp","12:9108::nh.t1endexp","9108","12:9108",0.146875001490116,0.146875001490116,8
12,91,"New Haven","nh.t1endexp","12:9109::nh.t1endexp","9109","12:9109",0.0277777777777778,0.277777777777778,9
12,91,"New Haven","nh.t1endexp","12:9110::nh.t1endexp","9110","12:9110",0.046875,0.190624997019768,8
12,91,"New Haven","nh.t1endexp","12:9111::nh.t1endexp","9111","12:9111",0.0295454534617337,0.220454546538266,11
12,91,"New Haven","nh.t1endexp","12:9112::nh.t1endexp","9112","12:9112",0.015625,0.121875002980232,8
12,91,"New Haven","nh.t1endexp","12:9113::nh.t1endexp","9113","12:9113",0.0749999980131785,0.116666664679845,6
12,91,"New Haven","nh.t1endexp","12:9114::nh.t1endexp","9114","12:9114",0.285714285714286,0.285714285714286,7
12,91,"New Haven","nh.t1endexp","12:9115::nh.t1endexp","9115","12:9115",0.138461539378533,0.203846156597137,13
12,91,"New Haven","nh.t1endexp","12:9116::nh.t1endexp","9116","12:9116",0.087499996026357,0.129166662693024,6
13,92,"National Issues Convention 2","nic2.t1envir","13:9201::nic2.t1envir","9201","13:9201",0.0661111036936442,0.102777783075968,15
13,92,"National Issues Convention 2","nic2.t1envir","13:9202::nic2.t1envir","9202","13:9202",0.0761111120382945,0.0961111088593802,15
13,92,"National Issues Convention 2","nic2.t1envir","13:9203::nic2.t1envir","9203","13:9203",0.00937499827705324,0.0687499938067049,16
13,92,"National Issues Convention 2","nic2.t1envir","13:9204::nic2.t1envir","9204","13:9204",0.0388888895511627,0.0888888895511627,15
13,92,"National Issues Convention 2","nic2.t1envir","13:9205::nic2.t1envir","9205","13:9205",0.0190476184444769,0.0773809472365039,14
13,92,"National Issues Convention 2","nic2.t1envir","13:9206::nic2.t1envir","9206","13:9206",0.0153846184794719,0.0538461523560378,13
13,92,"National Issues Convention 2","nic2.t1envir","13:9207::nic2.t1envir","9207","13:9207",0.0505208317190409,0.124479157850146,16
13,92,"National Issues Convention 2","nic2.t1envir","13:9208::nic2.t1envir","9208","13:9208",0.0576923157160099,0.180769233749463,13
13,92,"National Issues Convention 2","nic2.t1envir","13:9209::nic2.t1envir","9209","13:9209",0.0529761931725911,0.125595231141363,14
13,92,"National Issues Convention 2","nic2.t1envir","13:9210::nic2.t1envir","9210","13:9210",0.00297618763787409,0.0791666678019932,14
13,92,"National Issues Convention 2","nic2.t1envir","13:9211::nic2.t1envir","9211","13:9211",0.00952380576304027,0.135714285075664,14
13,92,"National Issues Convention 2","nic2.t1envir","13:9212::nic2.t1envir","9212","13:9212",0.0297619072454318,0.154761902987957,14
13,92,"National Issues Convention 2","nic2.t1envir","13:9213::nic2.t1envir","9213","13:9213",0.0338888863722483,0.141666672627131,15
13,92,"National Issues Convention 2","nic2.t1envir","13:9214::nic2.t1envir","9214","13:9214",0.00333333412806201,0.15888888835907,15
13,92,"National Issues Convention 2","nic2.t1envir","13:9215::nic2.t1envir","9215","13:9215",0.0285714375121253,0.117857160312789,14
13,92,"National Issues Convention 2","nic2.t1envir","13:9216::nic2.t1envir","9216","13:9216",0.0130952319928578,0.0738095279250826,14
13,92,"National Issues Convention 2","nic2.t1envir","13:9217::nic2.t1envir","9217","13:9217",0.0423076932246868,0.107692301273346,13
13,92,"National Issues Convention 2","nic2.t1envir","13:9218::nic2.t1envir","9218","13:9218",0.00512820539566184,0.157692308036181,13
13,92,"National Issues Convention 2","nic2.t1envir","13:9219::nic2.t1envir","9219","13:9219",0.0182291697710753,0.0723958294838667,16
13,92,"National Issues Convention 2","nic2.t1envir","13:9220::nic2.t1envir","9220","13:9220",0.073809523667608,0.080952382513455,14
13,92,"National Issues Convention 2","nic2.t1envir","13:9221::nic2.t1envir","9221","13:9221",0.0283333291610082,0.0883333295583725,15
13,92,"National Issues Convention 2","nic2.t1envir","13:9222::nic2.t1envir","9222","13:9222",0.0083333303531011,0.0958333263794581,12
13,92,"National Issues Convention 2","nic2.t1envir","13:9223::nic2.t1envir","9223","13:9223",0.0148809467043195,0.111309515578406,14
13,92,"National Issues Convention 2","nic2.t1envir","13:9224::nic2.t1envir","9224","13:9224",0.109027774383624,0.168749994287888,12
13,92,"National Issues Convention 2","nic2.t1usseca","13:9201::nic2.t1usseca","9201","13:9201",0.0118333359559378,0.0811666746934254,15
13,92,"National Issues Convention 2","nic2.t1usseca","13:9202::nic2.t1usseca","9202","13:9202",0.0183333297570546,0.0743333319822947,15
13,92,"National Issues Convention 2","nic2.t1usseca","13:9203::nic2.t1usseca","9203","13:9203",0.0403124913573264,0.08781249076128,16
13,92,"National Issues Convention 2","nic2.t1usseca","13:9204::nic2.t1usseca","9204","13:9204",0.0193333347638448,0.0840000033378601,15
13,92,"National Issues Convention 2","nic2.t1usseca","13:9205::nic2.t1usseca","9205","13:9205",0.0610714278050832,0.131071420652526,14
13,92,"National Issues Convention 2","nic2.t1usseca","13:9206::nic2.t1usseca","9206","13:9206",0.000769230035635227,0.0338461490777821,13
13,92,"National Issues Convention 2","nic2.t1usseca","13:9207::nic2.t1usseca","9207","13:9207",0.0300781223922968,0.102578135207295,16
13,92,"National Issues Convention 2","nic2.t1usseca","13:9208::nic2.t1usseca","9208","13:9208",0.0392307673509303,0.0800000050893199,13
13,92,"National Issues Convention 2","nic2.t1usseca","13:9209::nic2.t1usseca","9209","13:9209",0.00178571684019914,0.0910714311259134,14
13,92,"National Issues Convention 2","nic2.t1usseca","13:9210::nic2.t1usseca","9210","13:9210",0.00785713962146205,0.115714290312358,14
13,92,"National Issues Convention 2","nic2.t1usseca","13:9211::nic2.t1usseca","9211","13:9211",0.0560714176722935,0.121071432318006,14
13,92,"National Issues Convention 2","nic2.t1usseca","13:9212::nic2.t1usseca","9212","13:9212",0.0442857146263122,0.0664285676819936,14
13,92,"National Issues Convention 2","nic2.t1usseca","13:9213::nic2.t1usseca","9213","13:9213",0.0126666665077209,0.161999992529551,15
13,92,"National Issues Convention 2","nic2.t1usseca","13:9214::nic2.t1usseca","9214","13:9214",0.0473333319028219,0.0720000068346659,15
13,92,"National Issues Convention 2","nic2.t1usseca","13:9215::nic2.t1usseca","9215","13:9215",0.0264285675116949,0.0550000028950829,14
13,92,"National Issues Convention 2","nic2.t1usseca","13:9216::nic2.t1usseca","9216","13:9216",0.00892857355730884,0.112500005534717,14
13,92,"National Issues Convention 2","nic2.t1usseca","13:9217::nic2.t1usseca","9217","13:9217",0.0246153886501607,0.0584615285579976,13
13,92,"National Issues Convention 2","nic2.t1usseca","13:9218::nic2.t1usseca","9218","13:9218",0.0165384595210737,0.101923076006082,13
13,92,"National Issues Convention 2","nic2.t1usseca","13:9219::nic2.t1usseca","9219","13:9219",0.0444791708141564,0.0794791709631682,16
13,92,"National Issues Convention 2","nic2.t1usseca","13:9220::nic2.t1usseca","9220","13:9220",0.0407142894608633,0.089285705770765,14
13,92,"National Issues Convention 2","nic2.t1usseca","13:9221::nic2.t1usseca","9221","13:9221",0.0668333331743875,0.0984999934832253,15
13,92,"National Issues Convention 2","nic2.t1usseca","13:9222::nic2.t1usseca","9222","13:9222",0.0195833444595337,0.0720833440621694,12
13,92,"National Issues Convention 2","nic2.t1usseca","13:9223::nic2.t1usseca","9223","13:9223",0.0505357044083731,0.0883928452219281,14
13,92,"National Issues Convention 2","nic2.t1usseca","13:9224::nic2.t1usseca","9224","13:9224",0.000833322604497352,0.080833335717519,12
13,92,"National Issues Convention 2","nic2.t1humrh2","13:9201::nic2.t1humrh2","9201","13:9201",0.0266666730244955,0.133333341280619,15
13,92,"National Issues Convention 2","nic2.t1humrh2","13:9202::nic2.t1humrh2","9202","13:9202",1.98682146383226e-09,0.213333338499069,15
13,92,"National Issues Convention 2","nic2.t1humrh2","13:9203::nic2.t1humrh2","9203","13:9203",0.0250000022351742,0.12500000372529,16
13,92,"National Issues Convention 2","nic2.t1humrh2","13:9204::nic2.t1humrh2","9204","13:9204",5.9604644659434e-09,0.133333335320155,15
13,92,"National Issues Convention 2","nic2.t1humrh2","13:9205::nic2.t1humrh2","9205","13:9205",0.121428572705814,0.149999999574253,14
13,92,"National Issues Convention 2","nic2.t1humrh2","13:9206::nic2.t1humrh2","9206","13:9206",0.0230769171164586,0.0999999940395355,13
13,92,"National Issues Convention 2","nic2.t1humrh2","13:9207::nic2.t1humrh2","9207","13:9207",4.6566128661385e-09,0.149999995715916,16
13,92,"National Issues Convention 2","nic2.t1humrh2","13:9208::nic2.t1humrh2","9208","13:9208",0.076923074057469,0.153846150980546,13
13,92,"National Issues Convention 2","nic2.t1humrh2","13:9209::nic2.t1humrh2","9209","13:9209",3.19310593003456e-09,0.0857142816696848,14
13,92,"National Issues Convention 2","nic2.t1humrh2","13:9210::nic2.t1humrh2","9210","13:9210",0.0214285701513291,0.178571413670267,14
13,92,"National Issues Convention 2","nic2.t1humrh2","13:9211::nic2.t1humrh2","9211","13:9211",0.0285714311259134,0.100000006811959,14
13,92,"National Issues Convention 2","nic2.t1humrh2","13:9212::nic2.t1humrh2","9212","13:9212",1.17080552544668e-08,0.17142857078995,14
13,92,"National Issues Convention 2","nic2.t1humrh2","13:9213::nic2.t1humrh2","9213","13:9213",0.0866666714350382,0.219999996821086,15
13,92,"National Issues Convention 2","nic2.t1humrh2","13:9214::nic2.t1humrh2","9214","13:9214",0.0933333237965901,0.159999998410543,15
13,92,"National Issues Convention 2","nic2.t1humrh2","13:9215::nic2.t1humrh2","9215","13:9215",0.0857142901846341,0.199999997658389,14
13,92,"National Issues Convention 2","nic2.t1humrh2","13:9216::nic2.t1humrh2","9216","13:9216",0.0714285799435208,0.19999999659402,14
13,92,"National Issues Convention 2","nic2.t1humrh2","13:9217::nic2.t1humrh2","9217","13:9217",0.0461538342329171,0.18461537361145,13
13,92,"National Issues Convention 2","nic2.t1humrh2","13:9218::nic2.t1humrh2","9218","13:9218",0.0769230746305906,0.123076922618426,13
13,92,"National Issues Convention 2","nic2.t1humrh2","13:9219::nic2.t1humrh2","9219","13:9219",1.86264510933232e-09,0.112499995157123,16
13,92,"National Issues Convention 2","nic2.t1humrh2","13:9220::nic2.t1humrh2","9220","13:9220",0.0714285671710968,0.128571437937873,14
13,92,"National Issues Convention 2","nic2.t1humrh2","13:9221::nic2.t1humrh2","9221","13:9221",0.0333333318432172,0.166666668156783,15
13,92,"National Issues Convention 2","nic2.t1humrh2","13:9222::nic2.t1humrh2","9222","13:9222",0.0749999955296517,0.191666670143604,12
13,92,"National Issues Convention 2","nic2.t1humrh2","13:9223::nic2.t1humrh2","9223","13:9223",0.0500000012772424,0.149999999574253,14
13,92,"National Issues Convention 2","nic2.t1humrh2","13:9224::nic2.t1humrh2","9224","13:9224",0.00833332786957424,0.0916666512688001,12
13,92,"National Issues Convention 2","nic2.t1multi","13:9201::nic2.t1multi","9201","13:9201",0.0619080781936647,0.081967600186666,15
13,92,"National Issues Convention 2","nic2.t1multi","13:9202::nic2.t1multi","9202","13:9202",0.0536904851595564,0.0640277822812399,15
13,92,"National Issues Convention 2","nic2.t1multi","13:9203::nic2.t1multi","9203","13:9203",0.0871961805969478,0.110689477995038,16
13,92,"National Issues Convention 2","nic2.t1multi","13:9204::nic2.t1multi","9204","13:9204",0.0646494805812835,0.0789550324281056,15
13,92,"National Issues Convention 2","nic2.t1multi","13:9205::nic2.t1multi","9205","13:9205",0.0404166664396014,0.114940473011562,14
13,92,"National Issues Convention 2","nic2.t1multi","13:9206::nic2.t1multi","9206","13:9206",0.00418956004656302,0.115956962108612,13
13,92,"National Issues Convention 2","nic2.t1multi","13:9207::nic2.t1multi","9207","13:9207",0.0543433874845508,0.113718383014202,16
13,92,"National Issues Convention 2","nic2.t1multi","13:9208::nic2.t1multi","9208","13:9208",0.0614736011395089,0.104582577943802,13
13,92,"National Issues Convention 2","nic2.t1multi","13:9209::nic2.t1multi","9209","13:9209",0.0524872413703374,0.0759141147136688,14
13,92,"National Issues Convention 2","nic2.t1multi","13:9210::nic2.t1multi","9210","13:9210",0.0538407010691507,0.0892148571355004,14
13,92,"National Issues Convention 2","nic2.t1multi","13:9211::nic2.t1multi","9211","13:9211",0.074804425239563,0.104396266596658,14
13,92,"National Issues Convention 2","nic2.t1multi","13:9212::nic2.t1multi","9212","13:9212",0.0275276345866067,0.0514264489923204,14
13,92,"National Issues Convention 2","nic2.t1multi","13:9213::nic2.t1multi","9213","13:9213",0.0391567428906761,0.0986805558204653,15
13,92,"National Issues Convention 2","nic2.t1multi","13:9214::nic2.t1multi","9214","13:9214",0.0508961598078411,0.107331347465515,15
13,92,"National Issues Convention 2","nic2.t1multi","13:9215::nic2.t1multi","9215","13:9215",0.00592049317700514,0.0739689618349074,14
13,92,"National Issues Convention 2","nic2.t1multi","13:9216::nic2.t1multi","9216","13:9216",0.0744154027530127,0.107791244983673,14
13,92,"National Issues Convention 2","nic2.t1multi","13:9217::nic2.t1multi","9217","13:9217",0.0711653049175558,0.0841002831092249,13
13,92,"National Issues Convention 2","nic2.t1multi","13:9218::nic2.t1multi","9218","13:9218",0.0226381237690266,0.0720047354698183,13
13,92,"National Issues Convention 2","nic2.t1multi","13:9219::nic2.t1multi","9219","13:9219",0.0493830684572461,0.0923518110066653,16
13,92,"National Issues Convention 2","nic2.t1multi","13:9220::nic2.t1multi","9220","13:9220",0.0731753025736127,0.133641575063978,14
13,92,"National Issues Convention 2","nic2.t1multi","13:9221::nic2.t1multi","9221","13:9221",0.0811541095376016,0.111848554511865,15
13,92,"National Issues Convention 2","nic2.t1multi","13:9222::nic2.t1multi","9222","13:9222",0.0513186256090802,0.12138311068217,12
13,92,"National Issues Convention 2","nic2.t1multi","13:9223::nic2.t1multi","9223","13:9223",0.0939944812229703,0.130197712353298,14
13,92,"National Issues Convention 2","nic2.t1multi","13:9224::nic2.t1multi","9224","13:9224",0.0549842889110248,0.0766030227144561,12
13,92,"National Issues Convention 2","nic2.t1inter","13:9201::nic2.t1inter","9201","13:9201",0.233333333333333,0.233333333333333,15
13,92,"National Issues Convention 2","nic2.t1inter","13:9202::nic2.t1inter","9202","13:9202",0.107142857142857,0.25,14
13,92,"National Issues Convention 2","nic2.t1inter","13:9203::nic2.t1inter","9203","13:9203",0.046875,0.109375,16
13,92,"National Issues Convention 2","nic2.t1inter","13:9204::nic2.t1inter","9204","13:9204",0.142857142857143,0.214285714285714,14
13,92,"National Issues Convention 2","nic2.t1inter","13:9205::nic2.t1inter","9205","13:9205",0.196428571428571,0.232142857142857,14
13,92,"National Issues Convention 2","nic2.t1inter","13:9206::nic2.t1inter","9206","13:9206",0.0208333333333333,0.354166666666667,12
13,92,"National Issues Convention 2","nic2.t1inter","13:9207::nic2.t1inter","9207","13:9207",0.171875,0.203125,16
13,92,"National Issues Convention 2","nic2.t1inter","13:9208::nic2.t1inter","9208","13:9208",0.115384615384615,0.153846153846154,13
13,92,"National Issues Convention 2","nic2.t1inter","13:9209::nic2.t1inter","9209","13:9209",0.0178571428571429,0.232142857142857,14
13,92,"National Issues Convention 2","nic2.t1inter","13:9210::nic2.t1inter","9210","13:9210",0.214285714285714,0.25,14
13,92,"National Issues Convention 2","nic2.t1inter","13:9211::nic2.t1inter","9211","13:9211",0.125,0.267857142857143,14
13,92,"National Issues Convention 2","nic2.t1inter","13:9212::nic2.t1inter","9212","13:9212",0.160714285714286,0.196428571428571,14
13,92,"National Issues Convention 2","nic2.t1inter","13:9213::nic2.t1inter","9213","13:9213",0.2,0.266666666666667,15
13,92,"National Issues Convention 2","nic2.t1inter","13:9214::nic2.t1inter","9214","13:9214",0.0892857142857143,0.196428571428571,14
13,92,"National Issues Convention 2","nic2.t1inter","13:9215::nic2.t1inter","9215","13:9215",0.0357142857142857,0.178571428571429,14
13,92,"National Issues Convention 2","nic2.t1inter","13:9216::nic2.t1inter","9216","13:9216",0.107142857142857,0.178571428571429,14
13,92,"National Issues Convention 2","nic2.t1inter","13:9217::nic2.t1inter","9217","13:9217",0.192307692307692,0.269230769230769,13
13,92,"National Issues Convention 2","nic2.t1inter","13:9218::nic2.t1inter","9218","13:9218",0,0.192307692307692,13
13,92,"National Issues Convention 2","nic2.t1inter","13:9219::nic2.t1inter","9219","13:9219",0.046875,0.234375,16
13,92,"National Issues Convention 2","nic2.t1inter","13:9220::nic2.t1inter","9220","13:9220",0.0961538461538462,0.25,13
13,92,"National Issues Convention 2","nic2.t1inter","13:9221::nic2.t1inter","9221","13:9221",0.15,0.15,15
13,92,"National Issues Convention 2","nic2.t1inter","13:9222::nic2.t1inter","9222","13:9222",0.145833333333333,0.1875,12
13,92,"National Issues Convention 2","nic2.t1inter","13:9223::nic2.t1inter","9223","13:9223",0.125,0.196428571428571,14
13,92,"National Issues Convention 2","nic2.t1inter","13:9224::nic2.t1inter","9224","13:9224",0.0227272727272727,0.159090909090909,11
13,92,"National Issues Convention 2","nic2.t1global","13:9201::nic2.t1global","9201","13:9201",0.148148143291473,0.184814814726512,15
13,92,"National Issues Convention 2","nic2.t1global","13:9202::nic2.t1global","9202","13:9202",0.0479444364706676,0.100907399257024,15
13,92,"National Issues Convention 2","nic2.t1global","13:9203::nic2.t1global","9203","13:9203",0.0521527845412495,0.0928472224622965,16
13,92,"National Issues Convention 2","nic2.t1global","13:9204::nic2.t1global","9204","13:9204",0.0738888839880625,0.133888886372248,15
13,92,"National Issues Convention 2","nic2.t1global","13:9205::nic2.t1global","9205","13:9205",0.128273812787873,0.133035721523421,14
13,92,"National Issues Convention 2","nic2.t1global","13:9206::nic2.t1global","9206","13:9206",0.131047010421753,0.143440164052523,13
13,92,"National Issues Convention 2","nic2.t1global","13:9207::nic2.t1global","9207","13:9207",0.0966145759448408,0.174739587120712,16
13,92,"National Issues Convention 2","nic2.t1global","13:9208::nic2.t1global","9208","13:9208",0.0910256367463332,0.0948717960944543,13
13,92,"National Issues Convention 2","nic2.t1global","13:9209::nic2.t1global","9209","13:9209",0.0832738120641027,0.169107135917459,14
13,92,"National Issues Convention 2","nic2.t1global","13:9210::nic2.t1global","9210","13:9210",0.089246030364718,0.174166662352426,14
13,92,"National Issues Convention 2","nic2.t1global","13:9211::nic2.t1global","9211","13:9211",0.142956352659634,0.16557539999485,14
13,92,"National Issues Convention 2","nic2.t1global","13:9212::nic2.t1global","9212","13:9212",0.100476196834019,0.108809530735016,14
13,92,"National Issues Convention 2","nic2.t1global","13:9213::nic2.t1global","9213","13:9213",0.151370360329747,0.151370360329747,15
13,92,"National Issues Convention 2","nic2.t1global","13:9214::nic2.t1global","9214","13:9214",0.148129634062449,0.167388888200124,15
13,92,"National Issues Convention 2","nic2.t1global","13:9215::nic2.t1global","9215","13:9215",0.0638888925313948,0.114682548812457,14
13,92,"National Issues Convention 2","nic2.t1global","13:9216::nic2.t1global","9216","13:9216",0.0482142865657806,0.0898809560707636,14
13,92,"National Issues Convention 2","nic2.t1global","13:9217::nic2.t1global","9217","13:9217",0.0730341764596793,0.107905970169948,13
13,92,"National Issues Convention 2","nic2.t1global","13:9218::nic2.t1global","9218","13:9218",0.0210042687562796,0.156346156046941,13
13,92,"National Issues Convention 2","nic2.t1global","13:9219::nic2.t1global","9219","13:9219",0.0660590194165705,0.102864570915699,16
13,92,"National Issues Convention 2","nic2.t1global","13:9220::nic2.t1global","9220","13:9220",0.140476190618106,0.190476202539035,14
13,92,"National Issues Convention 2","nic2.t1global","13:9221::nic2.t1global","9221","13:9221",0.0931481550137202,0.139740748206774,15
13,92,"National Issues Convention 2","nic2.t1global","13:9222::nic2.t1global","9222","13:9222",0.175486102079352,0.179837956403692,12
13,92,"National Issues Convention 2","nic2.t1global","13:9223::nic2.t1global","9223","13:9223",0.0702380921159471,0.146230159061295,14
13,92,"National Issues Convention 2","nic2.t1global","13:9224::nic2.t1global","9224","13:9224",0.0152777805924414,0.0861111059784891,12
13,92,"National Issues Convention 2","nic2.t1demo","13:9201::nic2.t1demo","9201","13:9201",0.0258518517017364,0.145111113786697,15
13,92,"National Issues Convention 2","nic2.t1demo","13:9202::nic2.t1demo","9202","13:9202",0.0675925960143405,0.136111115415891,15
13,92,"National Issues Convention 2","nic2.t1demo","13:9203::nic2.t1demo","9203","13:9203",0.0520138889551164,0.131736107170582,16
13,92,"National Issues Convention 2","nic2.t1demo","13:9204::nic2.t1demo","9204","13:9204",0.0267407457033793,0.159925921758016,15
13,92,"National Issues Convention 2","nic2.t1demo","13:9205::nic2.t1demo","9205","13:9205",0.0575396801744187,0.146428563765117,14
13,92,"National Issues Convention 2","nic2.t1demo","13:9206::nic2.t1demo","9206","13:9206",0.0536324771550987,0.156196578190877,13
13,92,"National Issues Convention 2","nic2.t1demo","13:9207::nic2.t1demo","9207","13:9207",0.115625001490116,0.144444447010756,16
13,92,"National Issues Convention 2","nic2.t1demo","13:9208::nic2.t1demo","9208","13:9208",0.109700845984312,0.14730768593458,13
13,92,"National Issues Convention 2","nic2.t1demo","13:9209::nic2.t1demo","9209","13:9209",0.0309523854936872,0.0944444494588036,14
13,92,"National Issues Convention 2","nic2.t1demo","13:9210::nic2.t1demo","9210","13:9210",0.0287698427481311,0.108928569193397,14
13,92,"National Issues Convention 2","nic2.t1demo","13:9211::nic2.t1demo","9211","13:9211",0.0731746022190367,0.157698407769203,14
13,92,"National Issues Convention 2","nic2.t1demo","13:9212::nic2.t1demo","9212","13:9212",0.028611108660698,0.122579372354916,14
13,92,"National Issues Convention 2","nic2.t1demo","13:9213::nic2.t1demo","9213","13:9213",0.103518512845039,0.182037030657132,15
13,92,"National Issues Convention 2","nic2.t1demo","13:9214::nic2.t1demo","9214","13:9214",0.111481476823489,0.204518509904544,15
13,92,"National Issues Convention 2","nic2.t1demo","13:9215::nic2.t1demo","9215","13:9215",0.0413888841867446,0.116150785769735,14
13,92,"National Issues Convention 2","nic2.t1demo","13:9216::nic2.t1demo","9216","13:9216",0.0158730106694359,0.105158733470099,14
13,92,"National Issues Convention 2","nic2.t1demo","13:9217::nic2.t1demo","9217","13:9217",0.0497863200994638,0.128846150178176,13
13,92,"National Issues Convention 2","nic2.t1demo","13:9218::nic2.t1demo","9218","13:9218",0.0651709506144891,0.192948715044902,13
13,92,"National Issues Convention 2","nic2.t1demo","13:9219::nic2.t1demo","9219","13:9219",0.112291648983955,0.118194431066513,16
13,92,"National Issues Convention 2","nic2.t1demo","13:9220::nic2.t1demo","9220","13:9220",0.106746032834053,0.159523817045348,14
13,92,"National Issues Convention 2","nic2.t1demo","13:9221::nic2.t1demo","9221","13:9221",0.0867407480875652,0.155259251594543,15
13,92,"National Issues Convention 2","nic2.t1demo","13:9222::nic2.t1demo","9222","13:9222",0.123194433748722,0.157083330055078,12
13,92,"National Issues Convention 2","nic2.t1demo","13:9223::nic2.t1demo","9223","13:9223",0.0450992158481053,0.160575406891959,14
13,92,"National Issues Convention 2","nic2.t1demo","13:9224::nic2.t1demo","9224","13:9224",0.0171296298503876,0.102314814925194,12
13,92,"National Issues Convention 2","nic2.t1forai1","13:9201::nic2.t1forai1","9201","13:9201",0.392857142857143,0.464285714285714,14
13,92,"National Issues Convention 2","nic2.t1forai1","13:9202::nic2.t1forai1","9202","13:9202",0.142857142857143,0.142857142857143,14
13,92,"National Issues Convention 2","nic2.t1forai1","13:9203::nic2.t1forai1","9203","13:9203",0.3,0.366666666666667,15
13,92,"National Issues Convention 2","nic2.t1forai1","13:9204::nic2.t1forai1","9204","13:9204",0.321428571428571,0.321428571428571,14
13,92,"National Issues Convention 2","nic2.t1forai1","13:9205::nic2.t1forai1","9205","13:9205",0.363636363636364,0.363636363636364,11
13,92,"National Issues Convention 2","nic2.t1forai1","13:9206::nic2.t1forai1","9206","13:9206",0.375,0.375,12
13,92,"National Issues Convention 2","nic2.t1forai1","13:9207::nic2.t1forai1","9207","13:9207",0.15625,0.15625,16
13,92,"National Issues Convention 2","nic2.t1forai1","13:9208::nic2.t1forai1","9208","13:9208",0.307692307692308,0.307692307692308,13
13,92,"National Issues Convention 2","nic2.t1forai1","13:9209::nic2.t1forai1","9209","13:9209",0.153846153846154,0.153846153846154,13
13,92,"National Issues Convention 2","nic2.t1forai1","13:9210::nic2.t1forai1","9210","13:9210",0.307692307692308,0.307692307692308,13
13,92,"National Issues Convention 2","nic2.t1forai1","13:9211::nic2.t1forai1","9211","13:9211",0.25,0.25,14
13,92,"National Issues Convention 2","nic2.t1forai1","13:9212::nic2.t1forai1","9212","13:9212",0.346153846153846,0.346153846153846,13
13,92,"National Issues Convention 2","nic2.t1forai1","13:9213::nic2.t1forai1","9213","13:9213",0.133333333333333,0.133333333333333,15
13,92,"National Issues Convention 2","nic2.t1forai1","13:9214::nic2.t1forai1","9214","13:9214",0.291666666666667,0.291666666666667,12
13,92,"National Issues Convention 2","nic2.t1forai1","13:9215::nic2.t1forai1","9215","13:9215",0.291666666666667,0.375,12
13,92,"National Issues Convention 2","nic2.t1forai1","13:9216::nic2.t1forai1","9216","13:9216",0.285714285714286,0.285714285714286,14
13,92,"National Issues Convention 2","nic2.t1forai1","13:9217::nic2.t1forai1","9217","13:9217",0.208333333333333,0.291666666666667,12
13,92,"National Issues Convention 2","nic2.t1forai1","13:9218::nic2.t1forai1","9218","13:9218",0.1,0.1,10
13,92,"National Issues Convention 2","nic2.t1forai1","13:9219::nic2.t1forai1","9219","13:9219",0.178571428571429,0.25,14
13,92,"National Issues Convention 2","nic2.t1forai1","13:9220::nic2.t1forai1","9220","13:9220",0.192307692307692,0.269230769230769,13
13,92,"National Issues Convention 2","nic2.t1forai1","13:9221::nic2.t1forai1","9221","13:9221",0.178571428571429,0.25,14
13,92,"National Issues Convention 2","nic2.t1forai1","13:9222::nic2.t1forai1","9222","13:9222",0.25,0.333333333333333,12
13,92,"National Issues Convention 2","nic2.t1forai1","13:9223::nic2.t1forai1","9223","13:9223",0.291666666666667,0.291666666666667,12
13,92,"National Issues Convention 2","nic2.t1forai1","13:9224::nic2.t1forai1","9224","13:9224",0.272727272727273,0.272727272727273,11
13,92,"National Issues Convention 2","nic2.t1trade_b","13:9201::nic2.t1trade_b","9201","13:9201",0.0909090909090909,0.363636363636364,11
13,92,"National Issues Convention 2","nic2.t1trade_b","13:9202::nic2.t1trade_b","9202","13:9202",0,0.285714285714286,14
13,92,"National Issues Convention 2","nic2.t1trade_b","13:9203::nic2.t1trade_b","9203","13:9203",0.166666666666667,0.233333333333333,15
13,92,"National Issues Convention 2","nic2.t1trade_b","13:9204::nic2.t1trade_b","9204","13:9204",0.0714285714285715,0.428571428571429,14
13,92,"National Issues Convention 2","nic2.t1trade_b","13:9205::nic2.t1trade_b","9205","13:9205",0.1,0.4,10
13,92,"National Issues Convention 2","nic2.t1trade_b","13:9206::nic2.t1trade_b","9206","13:9206",0.181818181818182,0.454545454545455,11
13,92,"National Issues Convention 2","nic2.t1trade_b","13:9207::nic2.t1trade_b","9207","13:9207",0.208333333333333,0.291666666666667,12
13,92,"National Issues Convention 2","nic2.t1trade_b","13:9208::nic2.t1trade_b","9208","13:9208",0.125,0.25,8
13,92,"National Issues Convention 2","nic2.t1trade_b","13:9209::nic2.t1trade_b","9209","13:9209",0.125,0.125,12
13,92,"National Issues Convention 2","nic2.t1trade_b","13:9210::nic2.t1trade_b","9210","13:9210",0.384615384615385,0.384615384615385,13
13,92,"National Issues Convention 2","nic2.t1trade_b","13:9211::nic2.t1trade_b","9211","13:9211",0.0909090909090909,0.272727272727273,11
13,92,"National Issues Convention 2","nic2.t1trade_b","13:9212::nic2.t1trade_b","9212","13:9212",0.227272727272727,0.318181818181818,11
13,92,"National Issues Convention 2","nic2.t1trade_b","13:9213::nic2.t1trade_b","9213","13:9213",0.125,0.375,12
13,92,"National Issues Convention 2","nic2.t1trade_b","13:9214::nic2.t1trade_b","9214","13:9214",0.181818181818182,0.363636363636364,11
13,92,"National Issues Convention 2","nic2.t1trade_b","13:9215::nic2.t1trade_b","9215","13:9215",0.0454545454545455,0.136363636363636,11
13,92,"National Issues Convention 2","nic2.t1trade_b","13:9216::nic2.t1trade_b","9216","13:9216",0.25,0.25,10
13,92,"National Issues Convention 2","nic2.t1trade_b","13:9217::nic2.t1trade_b","9217","13:9217",0.25,0.35,10
13,92,"National Issues Convention 2","nic2.t1trade_b","13:9218::nic2.t1trade_b","9218","13:9218",0.0454545454545455,0.318181818181818,11
13,92,"National Issues Convention 2","nic2.t1trade_b","13:9219::nic2.t1trade_b","9219","13:9219",0.192307692307692,0.269230769230769,13
13,92,"National Issues Convention 2","nic2.t1trade_b","13:9220::nic2.t1trade_b","9220","13:9220",0.125,0.291666666666667,12
13,92,"National Issues Convention 2","nic2.t1trade_b","13:9221::nic2.t1trade_b","9221","13:9221",0.1,0.1,10
13,92,"National Issues Convention 2","nic2.t1trade_b","13:9222::nic2.t1trade_b","9222","13:9222",0.0454545454545455,0.227272727272727,11
13,92,"National Issues Convention 2","nic2.t1trade_b","13:9223::nic2.t1trade_b","9223","13:9223",0,0.4,10
13,92,"National Issues Convention 2","nic2.t1trade_b","13:9224::nic2.t1trade_b","9224","13:9224",0.15,0.45,10
20,1001,"National Issues Convention","nic1.t1att1","20:9544520::nic1.t1att1","9544520","20:9544520",0.250000000001787,0.250000000001787,14
20,1001,"National Issues Convention","nic1.t1att1","20:9544514::nic1.t1att1","9544514","20:9544514",0.09375,0.218750000000625,16
20,1001,"National Issues Convention","nic1.t1att1","20:9544524::nic1.t1att1","9544524","20:9544524",0.0588235294123534,0.235294117647648,17
20,1001,"National Issues Convention","nic1.t1att1","20:9544518::nic1.t1att1","9544518","20:9544518",0.147058823530295,0.264705882352647,17
20,1001,"National Issues Convention","nic1.t1att1","20:9544512::nic1.t1att1","9544512","20:9544512",0.0555555555561115,0.166666666667223,18
20,1001,"National Issues Convention","nic1.t1att1","20:9544506::nic1.t1att1","9544506","20:9544506",0.0833333333344453,0.305555555556668,18
20,1001,"National Issues Convention","nic1.t1att1","20:9544515::nic1.t1att1","9544515","20:9544515",0.0769230769234618,0.230769230769616,13
20,1001,"National Issues Convention","nic1.t1att1","20:9544511::nic1.t1att1","9544511","20:9544511",0.0625000000006255,0.125000000000625,16
20,1001,"National Issues Convention","nic1.t1att1","20:9544517::nic1.t1att1","9544517","20:9544517",0.0357142857146431,0.178571428571786,14
20,1001,"National Issues Convention","nic1.t1att1","20:9544519::nic1.t1att1","9544519","20:9544519",0.088235294116764,0.264705882354413,17
20,1001,"National Issues Convention","nic1.t1att1","20:9544516::nic1.t1att1","9544516","20:9544516",6.67176684269558e-13,0.133333333334668,15
20,1001,"National Issues Convention","nic1.t1att1","20:9544505::nic1.t1att1","9544505","20:9544505",0,0.200000000001334,15
20,1001,"National Issues Convention","nic1.t1att1","20:9544501::nic1.t1att1","9544501","20:9544501",0.0624999999993745,0.25,16
20,1001,"National Issues Convention","nic1.t1att1","20:9544521::nic1.t1att1","9544521","20:9544521",0.125000000000625,0.125000000000625,16
20,1001,"National Issues Convention","nic1.t1att1","20:9544522::nic1.t1att1","9544522","20:9544522",0.115384615385,0.192307692308077,13
20,1001,"National Issues Convention","nic1.t1att1","20:9544523::nic1.t1att1","9544523","20:9544523",0.0833333333333333,0.166666666666667,12
20,1001,"National Issues Convention","nic1.t1att1","20:9544502::nic1.t1att1","9544502","20:9544502",0.133333333333667,0.266666666667667,15
20,1001,"National Issues Convention","nic1.t1att1","20:9544508::nic1.t1att1","9544508","20:9544508",0.0277777777777778,0.0833333333338893,18
20,1001,"National Issues Convention","nic1.t1att1","20:9544525::nic1.t1att1","9544525","20:9544525",0.133333333334001,0.133333333334001,15
20,1001,"National Issues Convention","nic1.t1att1","20:9544526::nic1.t1att1","9544526","20:9544526",0.0833333333344453,0.250000000001112,18
20,1001,"National Issues Convention","nic1.t1att1","20:9544527::nic1.t1att1","9544527","20:9544527",4.16999768049209e-13,0.166666666667918,12
20,1001,"National Issues Convention","nic1.t1att1","20:9544529::nic1.t1att1","9544529","20:9544529",0.107142857141785,0.178571428572501,14
20,1001,"National Issues Convention","nic1.t1att1","20:9544503::nic1.t1att1","9544503","20:9544503",0.176470588235588,0.235294117648531,17
20,1001,"National Issues Convention","nic1.t1att1","20:9544530::nic1.t1att1","9544530","20:9544530",0.0666666666670002,0.133333333334334,15
20,1001,"National Issues Convention","nic1.t1att1","20:9544504::nic1.t1att1","9544504","20:9544504",0.111111111110555,0.166666666666667,18
20,1001,"National Issues Convention","nic1.t1att1","20:9544507::nic1.t1att1","9544507","20:9544507",0.100000000002002,0.300000000001334,15
20,1001,"National Issues Convention","nic1.t1att1","20:9544509::nic1.t1att1","9544509","20:9544509",0.0555555555561115,0.333333333335001,18
20,1001,"National Issues Convention","nic1.t1att1","20:9544510::nic1.t1att1","9544510","20:9544510",0.153846153846539,0.230769230770386,13
20,1001,"National Issues Convention","nic1.t1att1","20:9544513::nic1.t1att1","9544513","20:9544513",3.12742887143003e-13,0.250000000000938,16
20,1001,"National Issues Convention","nic1.t1att1","20:9544528::nic1.t1att1","9544528","20:9544528",0.0666666666656658,0.133333333334334,15
20,1001,"National Issues Convention","nic1.t1att2","20:9544520::nic1.t1att2","9544520","20:9544520",0.107142857141427,0.250000000000715,14
20,1001,"National Issues Convention","nic1.t1att2","20:9544514::nic1.t1att2","9544514","20:9544514",0.0625000000003128,0.250000000000938,16
20,1001,"National Issues Convention","nic1.t1att2","20:9544524::nic1.t1att2","9544524","20:9544524",0.14705882353,0.26470588235353,17
20,1001,"National Issues Convention","nic1.t1att2","20:9544518::nic1.t1att2","9544518","20:9544518",0.058823529411176,0.176470588235883,17
20,1001,"National Issues Convention","nic1.t1att2","20:9544512::nic1.t1att2","9544512","20:9544512",0.0555555555563895,0.2222222222225,18
20,1001,"National Issues Convention","nic1.t1att2","20:9544506::nic1.t1att2","9544506","20:9544506",0.138888888890001,0.194444444445556,18
20,1001,"National Issues Convention","nic1.t1att2","20:9544515::nic1.t1att2","9544515","20:9544515",0.115384615383846,0.115384615384615,13
20,1001,"National Issues Convention","nic1.t1att2","20:9544511::nic1.t1att2","9544511","20:9544511",0.0937500000006255,0.218750000000625,16
20,1001,"National Issues Convention","nic1.t1att2","20:9544517::nic1.t1att2","9544517","20:9544517",0.1071428571425,0.464285714286072,14
20,1001,"National Issues Convention","nic1.t1att2","20:9544519::nic1.t1att2","9544519","20:9544519",0.0882352941164696,0.264705882354119,17
20,1001,"National Issues Convention","nic1.t1att2","20:9544516::nic1.t1att2","9544516","20:9544516",0.0333333333340005,0.233333333334668,15
20,1001,"National Issues Convention","nic1.t1att2","20:9544505::nic1.t1att2","9544505","20:9544505",6.67172983526143e-13,0.200000000001334,15
20,1001,"National Issues Convention","nic1.t1att2","20:9544501::nic1.t1att2","9544501","20:9544501",0.125000000000938,0.187500000000313,16
20,1001,"National Issues Convention","nic1.t1att2","20:9544521::nic1.t1att2","9544521","20:9544521",0.0625,0.312500000000625,16
20,1001,"National Issues Convention","nic1.t1att2","20:9544522::nic1.t1att2","9544522","20:9544522",0.153846153846539,0.307692307692693,13
20,1001,"National Issues Convention","nic1.t1att2","20:9544523::nic1.t1att2","9544523","20:9544523",0.0416666666658327,0.0416666666675007,12
20,1001,"National Issues Convention","nic1.t1att2","20:9544502::nic1.t1att2","9544502","20:9544502",0.0999999999996664,0.233333333333667,15
20,1001,"National Issues Convention","nic1.t1att2","20:9544508::nic1.t1att2","9544508","20:9544508",0.0555555555558335,0.333333333333055,18
20,1001,"National Issues Convention","nic1.t1att2","20:9544525::nic1.t1att2","9544525","20:9544525",0.166666666667,0.233333333333667,15
20,1001,"National Issues Convention","nic1.t1att2","20:9544526::nic1.t1att2","9544526","20:9544526",0.0277777777788898,0.250000000000556,18
20,1001,"National Issues Convention","nic1.t1att2","20:9544527::nic1.t1att2","9544527","20:9544527",0.0833333333341674,0.250000000000834,12
20,1001,"National Issues Convention","nic1.t1att2","20:9544529::nic1.t1att2","9544529","20:9544529",0.0357142857139283,0.321428571429644,14
20,1001,"National Issues Convention","nic1.t1att2","20:9544503::nic1.t1att2","9544503","20:9544503",0.117647058823824,0.294117647060884,17
20,1001,"National Issues Convention","nic1.t1att2","20:9544530::nic1.t1att2","9544530","20:9544530",0.0666666666663331,0.333333333333667,15
20,1001,"National Issues Convention","nic1.t1att2","20:9544504::nic1.t1att2","9544504","20:9544504",0.0833333333330553,0.250000000000278,18
20,1001,"National Issues Convention","nic1.t1att2","20:9544507::nic1.t1att2","9544507","20:9544507",0.0666666666683347,0.266666666667,15
20,1001,"National Issues Convention","nic1.t1att2","20:9544509::nic1.t1att2","9544509","20:9544509",0.166666666667223,0.222222222223334,18
20,1001,"National Issues Convention","nic1.t1att2","20:9544510::nic1.t1att2","9544510","20:9544510",7.6986017823673e-13,0.153846153846154,13
20,1001,"National Issues Convention","nic1.t1att2","20:9544513::nic1.t1att2","9544513","20:9544513",0.187500000000625,0.312500000000625,16
20,1001,"National Issues Convention","nic1.t1att2","20:9544528::nic1.t1att2","9544528","20:9544528",0.100000000000334,0.233333333333667,15
20,1001,"National Issues Convention","nic1.t1att3","20:9544520::nic1.t1att3","9544520","20:9544520",1.07227718767636e-12,0.285714285713213,14
20,1001,"National Issues Convention","nic1.t1att3","20:9544514::nic1.t1att3","9544514","20:9544514",0.0312500000003127,0.218750000000938,16
20,1001,"National Issues Convention","nic1.t1att3","20:9544524::nic1.t1att3","9544524","20:9544524",0.117647058823529,0.176470588236472,17
20,1001,"National Issues Convention","nic1.t1att3","20:9544518::nic1.t1att3","9544518","20:9544518",0.0882352941185301,0.147058823530295,17
20,1001,"National Issues Convention","nic1.t1att3","20:9544512::nic1.t1att3","9544512","20:9544512",8.33999536098418e-13,0.2222222222225,18
20,1001,"National Issues Convention","nic1.t1att3","20:9544506::nic1.t1att3","9544506","20:9544506",5.55999690732278e-13,0.166666666668335,18
20,1001,"National Issues Convention","nic1.t1att3","20:9544515::nic1.t1att3","9544515","20:9544515",0.0384615384619234,0.269230769231154,13
20,1001,"National Issues Convention","nic1.t1att3","20:9544511::nic1.t1att3","9544511","20:9544511",0.0937500000006255,0.156250000000625,16
20,1001,"National Issues Convention","nic1.t1att3","20:9544517::nic1.t1att3","9544517","20:9544517",0.0714285714289288,0.142857142858215,14
20,1001,"National Issues Convention","nic1.t1att3","20:9544519::nic1.t1att3","9544519","20:9544519",0.0294117647049993,0.323529411765589,17
20,1001,"National Issues Convention","nic1.t1att3","20:9544516::nic1.t1att3","9544516","20:9544516",0.166666666667667,0.233333333334334,15
20,1001,"National Issues Convention","nic1.t1att3","20:9544505::nic1.t1att3","9544505","20:9544505",0.0666666666659995,0.333333333333333,15
20,1001,"National Issues Convention","nic1.t1att3","20:9544501::nic1.t1att3","9544501","20:9544501",0.156250000000313,0.156250000000313,16
20,1001,"National Issues Convention","nic1.t1att3","20:9544521::nic1.t1att3","9544521","20:9544521",0.0312500000003128,0.156250000000313,16
20,1001,"National Issues Convention","nic1.t1att3","20:9544522::nic1.t1att3","9544522","20:9544522",0.0384615384619234,0.192307692308077,13
20,1001,"National Issues Convention","nic1.t1att3","20:9544523::nic1.t1att3","9544523","20:9544523",0.0416666666670837,0.20833333333375,12
20,1001,"National Issues Convention","nic1.t1att3","20:9544502::nic1.t1att3","9544502","20:9544502",0.0666666666656658,0.266666666667667,15
20,1001,"National Issues Convention","nic1.t1att3","20:9544508::nic1.t1att3","9544508","20:9544508",0.0555555555552775,0.166666666667501,18
20,1001,"National Issues Convention","nic1.t1att3","20:9544525::nic1.t1att3","9544525","20:9544525",0.0666666666673338,0.266666666667334,15
20,1001,"National Issues Convention","nic1.t1att3","20:9544526::nic1.t1att3","9544526","20:9544526",0.0833333333344453,0.305555555556668,18
20,1001,"National Issues Convention","nic1.t1att3","20:9544527::nic1.t1att3","9544527","20:9544527",0.125000000000834,0.375000000001668,12
20,1001,"National Issues Convention","nic1.t1att3","20:9544529::nic1.t1att3","9544529","20:9544529",0.178571428571786,0.250000000001072,14
20,1001,"National Issues Convention","nic1.t1att3","20:9544503::nic1.t1att3","9544503","20:9544503",5.88682697360141e-13,0.352941176471766,17
20,1001,"National Issues Convention","nic1.t1att3","20:9544530::nic1.t1att3","9544530","20:9544530",0.100000000000667,0.100000000000667,15
20,1001,"National Issues Convention","nic1.t1att3","20:9544504::nic1.t1att3","9544504","20:9544504",0,0.111111111111667,18
20,1001,"National Issues Convention","nic1.t1att3","20:9544507::nic1.t1att3","9544507","20:9544507",0.133333333335335,0.333333333334001,15
20,1001,"National Issues Convention","nic1.t1att3","20:9544509::nic1.t1att3","9544509","20:9544509",0.0833333333327773,0.138888888889445,18
20,1001,"National Issues Convention","nic1.t1att3","20:9544510::nic1.t1att3","9544510","20:9544510",0.0769230769234618,0.230769230770386,13
20,1001,"National Issues Convention","nic1.t1att3","20:9544513::nic1.t1att3","9544513","20:9544513",0.124999999999687,0.125000000000313,16
20,1001,"National Issues Convention","nic1.t1att3","20:9544528::nic1.t1att3","9544528","20:9544528",0.0999999999996664,0.166666666667667,15
20,1001,"National Issues Convention","nic1.t1att4","20:9544520::nic1.t1att4","9544520","20:9544520",1.07229078224401e-12,0.285714285715358,14
20,1001,"National Issues Convention","nic1.t1att4","20:9544514::nic1.t1att4","9544514","20:9544514",0.0625000000006255,0.250000000000625,16
20,1001,"National Issues Convention","nic1.t1att4","20:9544524::nic1.t1att4","9544524","20:9544524",0.0294117647058823,0.205882352942354,17
20,1001,"National Issues Convention","nic1.t1att4","20:9544518::nic1.t1att4","9544518","20:9544518",0.147058823530295,0.323529411765,17
20,1001,"National Issues Convention","nic1.t1att4","20:9544512::nic1.t1att4","9544512","20:9544512",0.0555555555561115,0.222222222223334,18
20,1001,"National Issues Convention","nic1.t1att4","20:9544506::nic1.t1att4","9544506","20:9544506",5.55999690732278e-13,0.22222222222389,18
20,1001,"National Issues Convention","nic1.t1att4","20:9544515::nic1.t1att4","9544515","20:9544515",0.115384615384615,0.269230769230769,13
20,1001,"National Issues Convention","nic1.t1att4","20:9544511::nic1.t1att4","9544511","20:9544511",3.1279145940033e-13,0.250000000001564,16
20,1001,"National Issues Convention","nic1.t1att4","20:9544517::nic1.t1att4","9544517","20:9544517",0,0.214285714286429,14
20,1001,"National Issues Convention","nic1.t1att4","20:9544519::nic1.t1att4","9544519","20:9544519",0.0588235294108816,0.117647058824412,17
20,1001,"National Issues Convention","nic1.t1att4","20:9544516::nic1.t1att4","9544516","20:9544516",3.33592412952536e-13,0.400000000001668,15
20,1001,"National Issues Convention","nic1.t1att4","20:9544505::nic1.t1att4","9544505","20:9544505",0.0666666666670003,0.200000000001001,15
20,1001,"National Issues Convention","nic1.t1att4","20:9544501::nic1.t1att4","9544501","20:9544501",0.0312500000006255,0.218750000000625,16
20,1001,"National Issues Convention","nic1.t1att4","20:9544521::nic1.t1att4","9544521","20:9544521",0.125,0.187500000000625,16
20,1001,"National Issues Convention","nic1.t1att4","20:9544522::nic1.t1att4","9544522","20:9544522",0.0769230769230769,0.153846153846154,13
20,1001,"National Issues Convention","nic1.t1att4","20:9544523::nic1.t1att4","9544523","20:9544523",4.16999768049209e-13,4.16999768049209e-13,12
20,1001,"National Issues Convention","nic1.t1att4","20:9544502::nic1.t1att4","9544502","20:9544502",0.200000000001334,0.266666666668001,15
20,1001,"National Issues Convention","nic1.t1att4","20:9544508::nic1.t1att4","9544508","20:9544508",0.111111111110555,0.277777777779446,18
20,1001,"National Issues Convention","nic1.t1att4","20:9544525::nic1.t1att4","9544525","20:9544525",0.199999999999666,0.400000000000334,15
20,1001,"National Issues Convention","nic1.t1att4","20:9544526::nic1.t1att4","9544526","20:9544526",0.0833333333347233,0.250000000000834,18
20,1001,"National Issues Convention","nic1.t1att4","20:9544527::nic1.t1att4","9544527","20:9544527",4.16999768049209e-13,0.250000000001251,12
20,1001,"National Issues Convention","nic1.t1att4","20:9544529::nic1.t1att4","9544529","20:9544529",0.107142857142857,0.250000000000715,14
20,1001,"National Issues Convention","nic1.t1att4","20:9544503::nic1.t1att4","9544503","20:9544503",0.0294117647049993,0.264705882353824,17
20,1001,"National Issues Convention","nic1.t1att4","20:9544530::nic1.t1att4","9544530","20:9544530",0.0333333333329998,0.233333333334334,15
20,1001,"National Issues Convention","nic1.t1att4","20:9544504::nic1.t1att4","9544504","20:9544504",0.0277777777777778,0.194444444445,18
20,1001,"National Issues Convention","nic1.t1att4","20:9544507::nic1.t1att4","9544507","20:9544507",0.0666666666686683,0.200000000001334,15
20,1001,"National Issues Convention","nic1.t1att4","20:9544509::nic1.t1att4","9544509","20:9544509",0.0833333333336113,0.361111111112501,18
20,1001,"National Issues Convention","nic1.t1att4","20:9544510::nic1.t1att4","9544510","20:9544510",3.84930746055066e-13,0.230769230769616,13
20,1001,"National Issues Convention","nic1.t1att4","20:9544513::nic1.t1att4","9544513","20:9544513",0.03125,0.093750000001251,16
20,1001,"National Issues Convention","nic1.t1att4","20:9544528::nic1.t1att4","9544528","20:9544528",0.0666666666676675,0.200000000001001,15
20,1001,"National Issues Convention","nic1.t1att5","20:9544520::nic1.t1att5","9544520","20:9544520",0.0714285714303586,0.0714285714303586,14
20,1001,"National Issues Convention","nic1.t1att5","20:9544514::nic1.t1att5","9544514","20:9544514",0.0625000000006255,0.250000000000625,16
20,1001,"National Issues Convention","nic1.t1att5","20:9544524::nic1.t1att5","9544524","20:9544524",0.0588235294123534,0.176470588235883,17
20,1001,"National Issues Convention","nic1.t1att5","20:9544518::nic1.t1att5","9544518","20:9544518",0.0588235294126477,0.235294117647942,17
20,1001,"National Issues Convention","nic1.t1att5","20:9544512::nic1.t1att5","9544512","20:9544512",0.0555555555558335,0.166666666667501,18
20,1001,"National Issues Convention","nic1.t1att5","20:9544506::nic1.t1att5","9544506","20:9544506",0.194444444445278,0.25000000000139,18
20,1001,"National Issues Convention","nic1.t1att5","20:9544515::nic1.t1att5","9544515","20:9544515",0.076923076922692,0.0769230769234618,13
20,1001,"National Issues Convention","nic1.t1att5","20:9544511::nic1.t1att5","9544511","20:9544511",0.0312500000006255,0.156250000000625,16
20,1001,"National Issues Convention","nic1.t1att5","20:9544517::nic1.t1att5","9544517","20:9544517",0.0357142857146431,0.178571428571786,14
20,1001,"National Issues Convention","nic1.t1att5","20:9544519::nic1.t1att5","9544519","20:9544519",0.147058823530884,0.205882352942648,17
20,1001,"National Issues Convention","nic1.t1att5","20:9544516::nic1.t1att5","9544516","20:9544516",0.0666666666676675,0.266666666667667,15
20,1001,"National Issues Convention","nic1.t1att5","20:9544505::nic1.t1att5","9544505","20:9544505",0.133333333334001,0.200000000000667,15
20,1001,"National Issues Convention","nic1.t1att5","20:9544501::nic1.t1att5","9544501","20:9544501",0.0312500000009382,0.218750000000938,16
20,1001,"National Issues Convention","nic1.t1att5","20:9544521::nic1.t1att5","9544521","20:9544521",0.0312499999996873,0.218750000000313,16
20,1001,"National Issues Convention","nic1.t1att5","20:9544522::nic1.t1att5","9544522","20:9544522",0.076923076922692,0.153846153846539,13
20,1001,"National Issues Convention","nic1.t1att5","20:9544523::nic1.t1att5","9544523","20:9544523",0.125000000000834,0.208333333334167,12
20,1001,"National Issues Convention","nic1.t1att5","20:9544502::nic1.t1att5","9544502","20:9544502",0.0666666666666667,0.200000000000667,15
20,1001,"National Issues Convention","nic1.t1att5","20:9544508::nic1.t1att5","9544508","20:9544508",0.0555555555558335,0.166666666667501,18
20,1001,"National Issues Convention","nic1.t1att5","20:9544525::nic1.t1att5","9544525","20:9544525",0.100000000000667,0.100000000001334,15
20,1001,"National Issues Convention","nic1.t1att5","20:9544526::nic1.t1att5","9544526","20:9544526",0.138888888890279,0.305555555556946,18
20,1001,"National Issues Convention","nic1.t1att5","20:9544527::nic1.t1att5","9544527","20:9544527",0.0416666666658327,0.125000000000834,12
20,1001,"National Issues Convention","nic1.t1att5","20:9544529::nic1.t1att5","9544529","20:9544529",0.0357142857150006,0.178571428572858,14
20,1001,"National Issues Convention","nic1.t1att5","20:9544503::nic1.t1att5","9544503","20:9544503",0.0882352941185301,0.205882352942648,17
20,1001,"National Issues Convention","nic1.t1att5","20:9544530::nic1.t1att5","9544530","20:9544530",0.0333333333336669,0.166666666667,15
20,1001,"National Issues Convention","nic1.t1att5","20:9544504::nic1.t1att5","9544504","20:9544504",0.166666666666945,0.166666666667501,18
20,1001,"National Issues Convention","nic1.t1att5","20:9544507::nic1.t1att5","9544507","20:9544507",0.266666666668668,0.333333333335335,15
20,1001,"National Issues Convention","nic1.t1att5","20:9544509::nic1.t1att5","9544509","20:9544509",0.111111111111389,0.166666666667501,18
20,1001,"National Issues Convention","nic1.t1att5","20:9544510::nic1.t1att5","9544510","20:9544510",7.69858864363328e-13,0.153846153846924,13
20,1001,"National Issues Convention","nic1.t1att5","20:9544513::nic1.t1att5","9544513","20:9544513",0.0625000000006255,0.125000000000625,16
20,1001,"National Issues Convention","nic1.t1att5","20:9544528::nic1.t1att5","9544528","20:9544528",3.33592412952536e-13,0.133333333334334,15
20,1001,"National Issues Convention","nic1.t1att6","20:9544520::nic1.t1att6","9544520","20:9544520",0.178571428569641,0.249999999998928,14
20,1001,"National Issues Convention","nic1.t1att6","20:9544514::nic1.t1att6","9544514","20:9544514",0.0624999999993745,0.25,16
20,1001,"National Issues Convention","nic1.t1att6","20:9544524::nic1.t1att6","9544524","20:9544524",0.0294117647052937,0.264705882352941,17
20,1001,"National Issues Convention","nic1.t1att6","20:9544518::nic1.t1att6","9544518","20:9544518",0.029411764706471,0.205882352941765,17
20,1001,"National Issues Convention","nic1.t1att6","20:9544512::nic1.t1att6","9544512","20:9544512",2.77999845366139e-13,0.111111111112501,18
20,1001,"National Issues Convention","nic1.t1att6","20:9544506::nic1.t1att6","9544506","20:9544506",0.0277777777769438,0.30555555555639,18
20,1001,"National Issues Convention","nic1.t1att6","20:9544515::nic1.t1att6","9544515","20:9544515",0.0769230769223071,0.384615384615385,13
20,1001,"National Issues Convention","nic1.t1att6","20:9544511::nic1.t1att6","9544511","20:9544511",0.0312500000006255,0.281250000000625,16
20,1001,"National Issues Convention","nic1.t1att6","20:9544517::nic1.t1att6","9544517","20:9544517",0.0357142857142857,0.107142857142857,14
20,1001,"National Issues Convention","nic1.t1att6","20:9544519::nic1.t1att6","9544519","20:9544519",0.0294117647049993,0.147058823529706,17
20,1001,"National Issues Convention","nic1.t1att6","20:9544516::nic1.t1att6","9544516","20:9544516",0.266666666665666,0.266666666666333,15
20,1001,"National Issues Convention","nic1.t1att6","20:9544505::nic1.t1att6","9544505","20:9544505",0.0999999999993328,0.3,15
20,1001,"National Issues Convention","nic1.t1att6","20:9544501::nic1.t1att6","9544501","20:9544501",0.0312499999993745,0.0937500000006255,16
20,1001,"National Issues Convention","nic1.t1att6","20:9544521::nic1.t1att6","9544521","20:9544521",0.0624999999993745,0.187500000000625,16
20,1001,"National Issues Convention","nic1.t1att6","20:9544522::nic1.t1att6","9544522","20:9544522",0.0384615384619234,0.192307692307307,13
20,1001,"National Issues Convention","nic1.t1att6","20:9544523::nic1.t1att6","9544523","20:9544523",0.0416666666666667,0.125,12
20,1001,"National Issues Convention","nic1.t1att6","20:9544502::nic1.t1att6","9544502","20:9544502",0.0333333333340005,0.366666666667334,15
20,1001,"National Issues Convention","nic1.t1att6","20:9544508::nic1.t1att6","9544508","20:9544508",0,0.166666666666667,18
20,1001,"National Issues Convention","nic1.t1att6","20:9544525::nic1.t1att6","9544525","20:9544525",6.67192227391903e-13,0.2,15
20,1001,"National Issues Convention","nic1.t1att6","20:9544526::nic1.t1att6","9544526","20:9544526",0.111111111110277,0.222222222221388,18
20,1001,"National Issues Convention","nic1.t1att6","20:9544527::nic1.t1att6","9544527","20:9544527",0.0833333333324993,0.166666666666667,12
20,1001,"National Issues Convention","nic1.t1att6","20:9544529::nic1.t1att6","9544529","20:9544529",0.0714285714289288,0.14285714285893,14
20,1001,"National Issues Convention","nic1.t1att6","20:9544503::nic1.t1att6","9544503","20:9544503",0.117647058822646,0.235294117646765,17
20,1001,"National Issues Convention","nic1.t1att6","20:9544530::nic1.t1att6","9544530","20:9544530",0.233333333333333,0.3,15
20,1001,"National Issues Convention","nic1.t1att6","20:9544504::nic1.t1att6","9544504","20:9544504",0.138888888888889,0.25,18
20,1001,"National Issues Convention","nic1.t1att6","20:9544507::nic1.t1att6","9544507","20:9544507",0.0666666666649987,0.133333333334334,15
20,1001,"National Issues Convention","nic1.t1att6","20:9544509::nic1.t1att6","9544509","20:9544509",0.0277777777772218,0.194444444444444,18
20,1001,"National Issues Convention","nic1.t1att6","20:9544510::nic1.t1att6","9544510","20:9544510",0.0769230769223071,0.230769230769231,13
20,1001,"National Issues Convention","nic1.t1att6","20:9544513::nic1.t1att6","9544513","20:9544513",0.0312500000003127,0.218749999999687,16
20,1001,"National Issues Convention","nic1.t1att6","20:9544528::nic1.t1att6","9544528","20:9544528",0.233333333334001,0.300000000001334,15
20,1001,"National Issues Convention","nic1.t1att7","20:9544520::nic1.t1att7","9544520","20:9544520",0.0714285714267843,0.285714285713213,14
20,1001,"National Issues Convention","nic1.t1att7","20:9544514::nic1.t1att7","9544514","20:9544514",0.218750000000313,0.218750000000313,16
20,1001,"National Issues Convention","nic1.t1att7","20:9544524::nic1.t1att7","9544524","20:9544524",5.88702289531164e-13,0.176470588235294,17
20,1001,"National Issues Convention","nic1.t1att7","20:9544518::nic1.t1att7","9544518","20:9544518",0.176470588234411,0.294117647059118,17
20,1001,"National Issues Convention","nic1.t1att7","20:9544512::nic1.t1att7","9544512","20:9544512",0.111111111110555,0.277777777777778,18
20,1001,"National Issues Convention","nic1.t1att7","20:9544506::nic1.t1att7","9544506","20:9544506",0.111111111110555,0.222222222222222,18
20,1001,"National Issues Convention","nic1.t1att7","20:9544515::nic1.t1att7","9544515","20:9544515",0.0384615384607686,0.346153846153846,13
20,1001,"National Issues Convention","nic1.t1att7","20:9544511::nic1.t1att7","9544511","20:9544511",0.0624999999996873,0.250000000000938,16
20,1001,"National Issues Convention","nic1.t1att7","20:9544517::nic1.t1att7","9544517","20:9544517",0.0357142857142857,0.178571428572143,14
20,1001,"National Issues Convention","nic1.t1att7","20:9544519::nic1.t1att7","9544519","20:9544519",0.088235294116764,0.147058823529117,17
20,1001,"National Issues Convention","nic1.t1att7","20:9544516::nic1.t1att7","9544516","20:9544516",0.199999999999666,0.333333333332333,15
20,1001,"National Issues Convention","nic1.t1att7","20:9544505::nic1.t1att7","9544505","20:9544505",0.133333333332666,0.199999999999333,15
20,1001,"National Issues Convention","nic1.t1att7","20:9544501::nic1.t1att7","9544501","20:9544501",0.0624999999993745,0.1875,16
20,1001,"National Issues Convention","nic1.t1att7","20:9544521::nic1.t1att7","9544521","20:9544521",0.1875,0.25,16
20,1001,"National Issues Convention","nic1.t1att7","20:9544522::nic1.t1att7","9544522","20:9544522",0.11538461538423,0.192307692307307,13
20,1001,"National Issues Convention","nic1.t1att7","20:9544523::nic1.t1att7","9544523","20:9544523",8.33999536098418e-13,0.0833333333333333,12
20,1001,"National Issues Convention","nic1.t1att7","20:9544502::nic1.t1att7","9544502","20:9544502",0.0333333333350013,0.299999999999666,15
20,1001,"National Issues Convention","nic1.t1att7","20:9544508::nic1.t1att7","9544508","20:9544508",2.77999845366139e-13,0.222222222221944,18
20,1001,"National Issues Convention","nic1.t1att7","20:9544525::nic1.t1att7","9544525","20:9544525",0.0999999999996664,0.233333333332333,15
20,1001,"National Issues Convention","nic1.t1att7","20:9544526::nic1.t1att7","9544526","20:9544526",0.138888888887777,0.194444444443888,18
20,1001,"National Issues Convention","nic1.t1att7","20:9544527::nic1.t1att7","9544527","20:9544527",0.20833333333375,0.291666666667084,12
20,1001,"National Issues Convention","nic1.t1att7","20:9544529::nic1.t1att7","9544529","20:9544529",0.214285714285357,0.285714285713928,14
20,1001,"National Issues Convention","nic1.t1att7","20:9544503::nic1.t1att7","9544503","20:9544503",0.117647058823235,0.235294117646764,17
20,1001,"National Issues Convention","nic1.t1att7","20:9544530::nic1.t1att7","9544530","20:9544530",0.3,0.366666666666667,15
20,1001,"National Issues Convention","nic1.t1att7","20:9544504::nic1.t1att7","9544504","20:9544504",8.33999536098418e-13,0.277777777776944,18
20,1001,"National Issues Convention","nic1.t1att7","20:9544507::nic1.t1att7","9544507","20:9544507",0.0999999999986656,0.233333333333333,15
20,1001,"National Issues Convention","nic1.t1att7","20:9544509::nic1.t1att7","9544509","20:9544509",0.138888888888333,0.194444444445,18
20,1001,"National Issues Convention","nic1.t1att7","20:9544510::nic1.t1att7","9544510","20:9544510",0.192307692306922,0.346153846153846,13
20,1001,"National Issues Convention","nic1.t1att7","20:9544513::nic1.t1att7","9544513","20:9544513",0.0624999999996873,0.187499999999687,16
20,1001,"National Issues Convention","nic1.t1att7","20:9544528::nic1.t1att7","9544528","20:9544528",0.0999999999996664,0.233333333333,15
20,1001,"National Issues Convention","nic1.t1att8","20:9544520::nic1.t1att8","9544520","20:9544520",1.7871407301874e-12,0.285714285714643,14
20,1001,"National Issues Convention","nic1.t1att8","20:9544514::nic1.t1att8","9544514","20:9544514",0.218749999999687,0.218750000000313,16
20,1001,"National Issues Convention","nic1.t1att8","20:9544524::nic1.t1att8","9544524","20:9544524",0.0294117647067654,0.205882352941471,17
20,1001,"National Issues Convention","nic1.t1att8","20:9544518::nic1.t1att8","9544518","20:9544518",0.0294117647049993,0.205882352941471,17
20,1001,"National Issues Convention","nic1.t1att8","20:9544512::nic1.t1att8","9544512","20:9544512",0.111111111110277,0.277777777776944,18
20,1001,"National Issues Convention","nic1.t1att8","20:9544506::nic1.t1att8","9544506","20:9544506",0.0833333333327773,0.250000000000556,18
20,1001,"National Issues Convention","nic1.t1att8","20:9544515::nic1.t1att8","9544515","20:9544515",0.0384615384611535,0.192307692307307,13
20,1001,"National Issues Convention","nic1.t1att8","20:9544511::nic1.t1att8","9544511","20:9544511",6.25499652073813e-13,0.250000000000625,16
20,1001,"National Issues Convention","nic1.t1att8","20:9544517::nic1.t1att8","9544517","20:9544517",0.0357142857132134,0.250000000001072,14
20,1001,"National Issues Convention","nic1.t1att8","20:9544519::nic1.t1att8","9544519","20:9544519",0.147058823528234,0.264705882352941,17
20,1001,"National Issues Convention","nic1.t1att8","20:9544516::nic1.t1att8","9544516","20:9544516",0.233333333332666,0.233333333332666,15
20,1001,"National Issues Convention","nic1.t1att8","20:9544505::nic1.t1att8","9544505","20:9544505",0.0999999999993328,0.166666666665999,15
20,1001,"National Issues Convention","nic1.t1att8","20:9544501::nic1.t1att8","9544501","20:9544501",0.0624999999993745,0.187500000000625,16
20,1001,"National Issues Convention","nic1.t1att8","20:9544521::nic1.t1att8","9544521","20:9544521",0,0.249999999999375,16
20,1001,"National Issues Convention","nic1.t1att8","20:9544522::nic1.t1att8","9544522","20:9544522",0.0384615384619234,0.269230769231154,13
20,1001,"National Issues Convention","nic1.t1att8","20:9544523::nic1.t1att8","9544523","20:9544523",0.166666666667084,0.250000000000417,12
20,1001,"National Issues Convention","nic1.t1att8","20:9544502::nic1.t1att8","9544502","20:9544502",0.1,0.233333333333333,15
20,1001,"National Issues Convention","nic1.t1att8","20:9544508::nic1.t1att8","9544508","20:9544508",5.55999690732278e-13,0.166666666666111,18
20,1001,"National Issues Convention","nic1.t1att8","20:9544525::nic1.t1att8","9544525","20:9544525",0.0666666666673338,0.266666666666667,15
20,1001,"National Issues Convention","nic1.t1att8","20:9544526::nic1.t1att8","9544526","20:9544526",0.111111111109443,0.166666666666111,18
20,1001,"National Issues Convention","nic1.t1att8","20:9544527::nic1.t1att8","9544527","20:9544527",0.0416666666670837,0.125000000000417,12
20,1001,"National Issues Convention","nic1.t1att8","20:9544529::nic1.t1att8","9544529","20:9544529",0.0714285714278566,0.142857142857143,14
20,1001,"National Issues Convention","nic1.t1att8","20:9544503::nic1.t1att8","9544503","20:9544503",0.117647058822352,0.235294117647648,17
20,1001,"National Issues Convention","nic1.t1att8","20:9544530::nic1.t1att8","9544530","20:9544530",0.0333333333329998,0.166666666667667,15
20,1001,"National Issues Convention","nic1.t1att8","20:9544504::nic1.t1att8","9544504","20:9544504",0.0277777777780558,0.19444444444361,18
20,1001,"National Issues Convention","nic1.t1att8","20:9544507::nic1.t1att8","9544507","20:9544507",0.266666666664665,0.333333333331999,15
20,1001,"National Issues Convention","nic1.t1att8","20:9544509::nic1.t1att8","9544509","20:9544509",0.0555555555547215,0.333333333333611,18
20,1001,"National Issues Convention","nic1.t1att8","20:9544510::nic1.t1att8","9544510","20:9544510",0.153846153845384,0.230769230769231,13
20,1001,"National Issues Convention","nic1.t1att8","20:9544513::nic1.t1att8","9544513","20:9544513",0.0937499999993745,0.218749999999375,16
20,1001,"National Issues Convention","nic1.t1att8","20:9544528::nic1.t1att8","9544528","20:9544528",0.0333333333336669,0.299999999998999,15
20,1001,"National Issues Convention","nic1.t1att9","20:9544520::nic1.t1att9","9544520","20:9544520",1.78713053426166e-12,0.214285714286072,14
20,1001,"National Issues Convention","nic1.t1att9","20:9544514::nic1.t1att9","9544514","20:9544514",3.12749826036907e-13,0.250000000000938,16
20,1001,"National Issues Convention","nic1.t1att9","20:9544524::nic1.t1att9","9544524","20:9544524",0,0.176470588236472,17
20,1001,"National Issues Convention","nic1.t1att9","20:9544518::nic1.t1att9","9544518","20:9544518",0.0882352941185301,0.147058823530295,17
20,1001,"National Issues Convention","nic1.t1att9","20:9544512::nic1.t1att9","9544512","20:9544512",0.138888888889723,0.305555555555834,18
20,1001,"National Issues Convention","nic1.t1att9","20:9544506::nic1.t1att9","9544506","20:9544506",0.0833333333341673,0.138888888890279,18
20,1001,"National Issues Convention","nic1.t1att9","20:9544515::nic1.t1att9","9544515","20:9544515",3.8492713290321e-13,0.076923076922692,13
20,1001,"National Issues Convention","nic1.t1att9","20:9544511::nic1.t1att9","9544511","20:9544511",0.0625000000003127,0.250000000001564,16
20,1001,"National Issues Convention","nic1.t1att9","20:9544517::nic1.t1att9","9544517","20:9544517",0.0357142857135709,0.321428571429286,14
20,1001,"National Issues Convention","nic1.t1att9","20:9544519::nic1.t1att9","9544519","20:9544519",0.0588235294099986,0.176470588235883,17
20,1001,"National Issues Convention","nic1.t1att9","20:9544516::nic1.t1att9","9544516","20:9544516",6.67170022931411e-13,0.200000000000667,15
20,1001,"National Issues Convention","nic1.t1att9","20:9544505::nic1.t1att9","9544505","20:9544505",0.100000000001001,0.166666666667667,15
20,1001,"National Issues Convention","nic1.t1att9","20:9544501::nic1.t1att9","9544501","20:9544501",0.0625,0.125000000000625,16
20,1001,"National Issues Convention","nic1.t1att9","20:9544521::nic1.t1att9","9544521","20:9544521",0.03125,0.218750000000625,16
20,1001,"National Issues Convention","nic1.t1att9","20:9544522::nic1.t1att9","9544522","20:9544522",0.153846153846539,0.230769230769616,13
20,1001,"National Issues Convention","nic1.t1att9","20:9544523::nic1.t1att9","9544523","20:9544523",0.0416666666670837,0.20833333333375,12
20,1001,"National Issues Convention","nic1.t1att9","20:9544502::nic1.t1att9","9544502","20:9544502",0.133333333334001,0.200000000000667,15
20,1001,"National Issues Convention","nic1.t1att9","20:9544508::nic1.t1att9","9544508","20:9544508",8.33999536098418e-13,0.166666666667501,18
20,1001,"National Issues Convention","nic1.t1att9","20:9544525::nic1.t1att9","9544525","20:9544525",0.166666666667334,0.233333333334668,15
20,1001,"National Issues Convention","nic1.t1att9","20:9544526::nic1.t1att9","9544526","20:9544526",0.0833333333344453,0.138888888890001,18
20,1001,"National Issues Convention","nic1.t1att9","20:9544527::nic1.t1att9","9544527","20:9544527",0.0416666666666667,0.208333333335001,12
20,1001,"National Issues Convention","nic1.t1att9","20:9544529::nic1.t1att9","9544529","20:9544529",0.1428571428575,0.214285714286787,14
20,1001,"National Issues Convention","nic1.t1att9","20:9544503::nic1.t1att9","9544503","20:9544503",0.0882352941179414,0.264705882355002,17
20,1001,"National Issues Convention","nic1.t1att9","20:9544530::nic1.t1att9","9544530","20:9544530",0.1,0.166666666667334,15
20,1001,"National Issues Convention","nic1.t1att9","20:9544504::nic1.t1att9","9544504","20:9544504",0.111111111111111,0.111111111111667,18
20,1001,"National Issues Convention","nic1.t1att9","20:9544507::nic1.t1att9","9544507","20:9544507",0.0666666666686683,0.266666666668001,15
20,1001,"National Issues Convention","nic1.t1att9","20:9544509::nic1.t1att9","9544509","20:9544509",5.55999690732278e-13,0.166666666668335,18
20,1001,"National Issues Convention","nic1.t1att9","20:9544510::nic1.t1att9","9544510","20:9544510",7.69862805983533e-13,0.307692307692308,13
20,1001,"National Issues Convention","nic1.t1att9","20:9544513::nic1.t1att9","9544513","20:9544513",0.0312499999996873,0.218750000000938,16
20,1001,"National Issues Convention","nic1.t1att9","20:9544528::nic1.t1att9","9544528","20:9544528",0.0666666666663331,0.133333333333667,15
15,94,"By The People 2004 US General Election","btp04.w4b42","15:9401::btp04.w4b42","9401","15:9401",0.00833249539136886,0.125000502169132,20
15,94,"By The People 2004 US General Election","btp04.w4b42","15:9402::btp04.w4b42","9402","15:9402",0.00694500034054125,0.104164998978376,24
15,94,"By The People 2004 US General Election","btp04.w4b42","15:9403::btp04.w4b42","9403","15:9403",0.0499994978308678,0.133334504067898,20
15,94,"By The People 2004 US General Election","btp04.w4b42","15:9404::btp04.w4b42","9404","15:9404",0.0392147057196672,0.117645288214964,17
15,94,"By The People 2004 US General Election","btp04.w4b42","15:9405::btp04.w4b42","9405","15:9405",0.0138883280257384,0.152777494241794,24
15,94,"By The People 2004 US General Election","btp04.w4b42","15:9406::btp04.w4b42","9406","15:9406",0.00833299905061721,0.174999995529652,20
15,94,"By The People 2004 US General Election","btp04.w4b42","15:9407::btp04.w4b42","9407","15:9407",0.0317461916378566,0.0952376212392534,21
15,94,"By The People 2004 US General Election","btp04.w4b42","15:9408::btp04.w4b42","9408","15:9408",0.166668009757996,0.233336007595062,5
15,94,"By The People 2004 US General Election","btp04.w4b42","15:9409::btp04.w4b42","9409","15:9409",0.0357150009700231,0.130952141114644,14
15,94,"By The People 2004 US General Election","btp04.w4b42","15:9410::btp04.w4b42","9410","15:9410",0.0128192190940564,0.166665377525183,13
15,94,"By The People 2004 US General Election","btp04.w4b42","15:9411::btp04.w4b42","9411","15:9411",5.87281058870131e-07,0.0784299917080823,17
15,94,"By The People 2004 US General Election","btp04.w4b42","15:9412::btp04.w4b42","9412","15:9412",0,0,7
15,94,"By The People 2004 US General Election","btp04.w4b42","15:9413::btp04.w4b42","9413","15:9413",0.138890003164609,0.138890003164609,6
15,94,"By The People 2004 US General Election","btp04.w4b42","15:9414::btp04.w4b42","9414","15:9414",0.128206156767332,0.282052319783431,13
15,94,"By The People 2004 US General Election","btp04.w4b42","15:9415::btp04.w4b42","9415","15:9415",0.0606063712726939,0.090908180583607,11
15,94,"By The People 2004 US General Election","btp04.w4b45","15:9401::btp04.w4b45","9401","15:9401",0.0158728531428746,0.0793652364185879,21
15,94,"By The People 2004 US General Election","btp04.w4b45","15:9402::btp04.w4b45","9402","15:9402",0.0144930481910705,0.144927823025247,23
15,94,"By The People 2004 US General Election","btp04.w4b45","15:9403::btp04.w4b45","9403","15:9403",0.055555553899871,0.0925933370987574,18
15,94,"By The People 2004 US General Election","btp04.w4b45","15:9404::btp04.w4b45","9404","15:9404",0.0595235654285976,0.130952141114644,14
15,94,"By The People 2004 US General Election","btp04.w4b45","15:9405::btp04.w4b45","9405","15:9405",0.0454540889371525,0.136364095590331,22
15,94,"By The People 2004 US General Election","btp04.w4b45","15:9406::btp04.w4b45","9406","15:9406",0.0416675031185151,0.17499748468399,20
15,94,"By The People 2004 US General Election","btp04.w4b45","15:9407::btp04.w4b45","9407","15:9407",4.59226694960957e-07,0.166666823354634,22
15,94,"By The People 2004 US General Election","btp04.w4b45","15:9408::btp04.w4b45","9408","15:9408",0.0833324939012527,0.0833324939012527,4
15,94,"By The People 2004 US General Election","btp04.w4b45","15:9409::btp04.w4b45","9409","15:9409",0.0222219963868459,0.111108662684758,15
15,94,"By The People 2004 US General Election","btp04.w4b45","15:9410::btp04.w4b45","9410","15:9410",0.0357150009700231,0.178570709058217,14
15,94,"By The People 2004 US General Election","btp04.w4b45","15:9411::btp04.w4b45","9411","15:9411",0.0555553257465363,0.144444662332535,15
15,94,"By The People 2004 US General Election","btp04.w4b45","15:9412::btp04.w4b45","9412","15:9412",0.0624999925494195,0.145832493901253,8
15,94,"By The People 2004 US General Election","btp04.w4b45","15:9413::btp04.w4b45","9413","15:9413",4.9670536757714e-09,0.111109986901283,6
15,94,"By The People 2004 US General Election","btp04.w4b45","15:9414::btp04.w4b45","9414","15:9414",0.0384615453389974,0.089743075462488,13
15,94,"By The People 2004 US General Election","btp04.w4b45","15:9415::btp04.w4b45","9415","15:9415",0.0666680037975312,0.100002002716065,10
15,94,"By The People 2004 US General Election","btp04.w4b48","15:9401::btp04.w4b48","9401","15:9401",0.00877210811564796,0.114034205675125,19
15,94,"By The People 2004 US General Election","btp04.w4b48","15:9402::btp04.w4b48","9402","15:9402",0.0763883342345555,0.173609999318917,24
15,94,"By The People 2004 US General Election","btp04.w4b48","15:9403::btp04.w4b48","9403","15:9403",0.0614036854944731,0.149122630295001,19
15,94,"By The People 2004 US General Election","btp04.w4b48","15:9404::btp04.w4b48","9404","15:9404",0.0208331197500229,0.12500062584877,16
15,94,"By The People 2004 US General Election","btp04.w4b48","15:9405::btp04.w4b48","9405","15:9405",0.0757581848989834,0.136364550753073,22
15,94,"By The People 2004 US General Election","btp04.w4b48","15:9406::btp04.w4b48","9406","15:9406",0.0634914253439222,0.111109510773704,21
15,94,"By The People 2004 US General Election","btp04.w4b48","15:9407::btp04.w4b48","9407","15:9407",0.0833331793546677,0.143939545208758,22
15,94,"By The People 2004 US General Election","btp04.w4b48","15:9408::btp04.w4b48","9408","15:9408",0.133336007595062,0.199999988079071,5
15,94,"By The People 2004 US General Election","btp04.w4b48","15:9409::btp04.w4b48","9409","15:9409",0.0666673362255097,0.155555333693822,15
15,94,"By The People 2004 US General Election","btp04.w4b48","15:9410::btp04.w4b48","9410","15:9410",0.0277766585350037,0.166668345530828,12
15,94,"By The People 2004 US General Election","btp04.w4b48","15:9411::btp04.w4b48","9411","15:9411",0.0777766585350037,0.122220659255981,15
15,94,"By The People 2004 US General Election","btp04.w4b48","15:9412::btp04.w4b48","9412","15:9412",0.119048574141094,0.214285718543189,7
15,94,"By The People 2004 US General Election","btp04.w4b48","15:9413::btp04.w4b48","9413","15:9413",0.0277783324321112,0.0833316693703332,6
15,94,"By The People 2004 US General Election","btp04.w4b48","15:9414::btp04.w4b48","9414","15:9414",0.0256399947863359,0.102564621430177,13
15,94,"By The People 2004 US General Election","btp04.w4b48","15:9415::btp04.w4b48","9415","15:9415",0.099997991323471,0.166666001081467,10
15,94,"By The People 2004 US General Election","btp04.w4b51","15:9401::btp04.w4b51","9401","15:9401",0.0476190490382058,0.142857147114617,21
15,94,"By The People 2004 US General Election","btp04.w4b51","15:9402::btp04.w4b51","9402","15:9402",0.057971741842187,0.173912608105203,23
15,94,"By The People 2004 US General Election","btp04.w4b51","15:9403::btp04.w4b51","9403","15:9403",0.05,0.0833340018987656,20
15,94,"By The People 2004 US General Election","btp04.w4b51","15:9404::btp04.w4b51","9404","15:9404",0.0312500037252902,0.15624999627471,16
15,94,"By The People 2004 US General Election","btp04.w4b51","15:9405::btp04.w4b51","9405","15:9405",0.0289847773054372,0.231883038645205,23
15,94,"By The People 2004 US General Election","btp04.w4b51","15:9406::btp04.w4b51","9406","15:9406",0.0555566705408551,0.1825395212287,21
15,94,"By The People 2004 US General Election","btp04.w4b51","15:9407::btp04.w4b51","9407","15:9407",0.00793666499001642,0.103175719579061,21
15,94,"By The People 2004 US General Election","btp04.w4b51","15:9408::btp04.w4b51","9408","15:9408",0.0333319902420044,0.0333319902420044,5
15,94,"By The People 2004 US General Election","btp04.w4b51","15:9409::btp04.w4b51","9409","15:9409",0.1,0.166668009757996,15
15,94,"By The People 2004 US General Election","btp04.w4b51","15:9410::btp04.w4b51","9410","15:9410",0.115384613092129,0.32051385136751,13
15,94,"By The People 2004 US General Election","btp04.w4b51","15:9411::btp04.w4b51","9411","15:9411",0.0520837530493736,0.15624875202775,16
15,94,"By The People 2004 US General Election","btp04.w4b51","15:9412::btp04.w4b51","9412","15:9412",0.119050004652568,0.119050004652568,7
15,94,"By The People 2004 US General Election","btp04.w4b51","15:9413::btp04.w4b51","9413","15:9413",0.266668021678924,0.266668021678924,5
15,94,"By The People 2004 US General Election","btp04.w4b51","15:9414::btp04.w4b51","9414","15:9414",0.0512823003989001,0.102563844277309,13
15,94,"By The People 2004 US General Election","btp04.w4b51","15:9415::btp04.w4b51","9415","15:9415",0.0666659981012344,0.233334001898766,10
15,94,"By The People 2004 US General Election","btp04.w4b54","15:9401::btp04.w4b54","9401","15:9401",0.131579472830421,0.27192894251723,19
15,94,"By The People 2004 US General Election","btp04.w4b54","15:9402::btp04.w4b54","9402","15:9402",0.0466663992404938,0.206665593385696,25
15,94,"By The People 2004 US General Election","btp04.w4b54","15:9403::btp04.w4b54","9403","15:9403",0.039682381209873,0.134920470771335,21
15,94,"By The People 2004 US General Election","btp04.w4b54","15:9404::btp04.w4b54","9404","15:9404",0.0104162525385618,0.156249998137355,16
15,94,"By The People 2004 US General Election","btp04.w4b54","15:9405::btp04.w4b54","9405","15:9405",0.101449564747188,0.144927823025247,23
15,94,"By The People 2004 US General Election","btp04.w4b54","15:9406::btp04.w4b54","9406","15:9406",2.98023220407506e-09,0.0666669994592667,20
15,94,"By The People 2004 US General Election","btp04.w4b54","15:9407::btp04.w4b54","9407","15:9407",0.0166669994592667,0.15,20
15,94,"By The People 2004 US General Election","btp04.w4b54","15:9408::btp04.w4b54","9408","15:9408",0.0416649878025055,0.125,4
15,94,"By The People 2004 US General Election","btp04.w4b54","15:9409::btp04.w4b54","9409","15:9409",0.166664994188717,0.261903573359762,14
15,94,"By The People 2004 US General Election","btp04.w4b54","15:9410::btp04.w4b54","9410","15:9410",0.0256423147825095,0.179486923492872,13
15,94,"By The People 2004 US General Election","btp04.w4b54","15:9411::btp04.w4b54","9411","15:9411",0.104166876524687,0.166666876524687,16
15,94,"By The People 2004 US General Election","btp04.w4b54","15:9412::btp04.w4b54","9412","15:9412",0.0625012554228306,0.0625012554228306,8
15,94,"By The People 2004 US General Election","btp04.w4b54","15:9413::btp04.w4b54","9413","15:9413",0.0952385749135699,0.142858573368618,7
15,94,"By The People 2004 US General Election","btp04.w4b54","15:9414::btp04.w4b54","9414","15:9414",0.0555541639526684,0.166664160788059,12
15,94,"By The People 2004 US General Election","btp04.w4b54","15:9415::btp04.w4b54","9415","15:9415",0.0757563493468545,0.106059990145943,11
15,94,"By The People 2004 US General Election","btp04.w4b57","15:9401::btp04.w4b57","9401","15:9401",0.035087365853159,0.0526315789473684,19
15,94,"By The People 2004 US General Election","btp04.w4b57","15:9402::btp04.w4b57","9402","15:9402",0.0763883292675018,0.118054998417695,24
15,94,"By The People 2004 US General Election","btp04.w4b57","15:9403::btp04.w4b57","9403","15:9403",1.00284814839036e-06,0.133333002030849,20
15,94,"By The People 2004 US General Election","btp04.w4b57","15:9404::btp04.w4b57","9404","15:9404",0.0208324957638979,0.0624999981373549,16
15,94,"By The People 2004 US General Election","btp04.w4b57","15:9405::btp04.w4b57","9405","15:9405",0.0724639166956362,0.115942177565201,23
15,94,"By The People 2004 US General Election","btp04.w4b57","15:9406::btp04.w4b57","9406","15:9406",0.0333340048789978,0.05,20
15,94,"By The People 2004 US General Election","btp04.w4b57","15:9407::btp04.w4b57","9407","15:9407",0.0793642813251132,0.111110952638444,21
15,94,"By The People 2004 US General Election","btp04.w4b57","15:9408::btp04.w4b57","9408","15:9408",0.0833324939012527,0.0833324939012527,4
15,94,"By The People 2004 US General Election","btp04.w4b57","15:9409::btp04.w4b57","9409","15:9409",0.0119042822292873,0.0357142857142857,14
15,94,"By The People 2004 US General Election","btp04.w4b57","15:9410::btp04.w4b57","9410","15:9410",0.0256407742316905,0.0512823118613316,13
15,94,"By The People 2004 US General Election","btp04.w4b57","15:9411::btp04.w4b57","9411","15:9411",0.0416668765246868,0.104166872799397,16
15,94,"By The People 2004 US General Election","btp04.w4b57","15:9412::btp04.w4b57","9412","15:9412",0.142857142857143,0.142857142857143,7
15,94,"By The People 2004 US General Election","btp04.w4b57","15:9413::btp04.w4b57","9413","15:9413",0,0,6
15,94,"By The People 2004 US General Election","btp04.w4b57","15:9414::btp04.w4b57","9414","15:9414",0.069443330168724,0.0972216675678888,12
15,94,"By The People 2004 US General Election","btp04.w4b57","15:9415::btp04.w4b57","9415","15:9415",0.151513633402911,0.151513633402911,11
17,96,"San Mateo","sm.t1more","17:9604::sm.t1more","9604","17:9604",0.055555562178294,0.222222228844961,6
17,96,"San Mateo","sm.t1more","17:9623::sm.t1more","9623","17:9623",0.333333320915699,0.333333320915699,6
17,96,"San Mateo","sm.t1more","17:9622::sm.t1more","9622","17:9622",0.152777769913276,0.236111113180717,12
17,96,"San Mateo","sm.t1more","17:9618::sm.t1more","9618","17:9618",0.111111102832688,0.18518518573708,9
17,96,"San Mateo","sm.t1more","17:9617::sm.t1more","9617","17:9617",0.119047603436879,0.166666660990034,7
17,96,"San Mateo","sm.t1more","17:9611::sm.t1more","9611","17:9611",0.0499999940395354,0.283333331346512,10
17,96,"San Mateo","sm.t1more","17:9609::sm.t1more","9609","17:9609",0.357142857142857,0.357142857142857,7
17,96,"San Mateo","sm.t1more","17:9624::sm.t1more","9624","17:9624",0.166666676600774,0.277777781089147,6
17,96,"San Mateo","sm.t1more","17:9605::sm.t1more","9605","17:9605",0.0757575766606765,0.378787872466174,11
17,96,"San Mateo","sm.t1more","17:9614::sm.t1more","9614","17:9614",0.166666654869914,0.291666654869914,8
17,96,"San Mateo","sm.t1more","17:9619::sm.t1more","9619","17:9619",0.129629616936048,0.314814810951551,9
17,96,"San Mateo","sm.t1more","17:9621::sm.t1more","9621","17:9621",0.233333340287209,0.233333340287209,5
17,96,"San Mateo","sm.t1more","17:9610::sm.t1more","9610","17:9610",0.0333333387970925,0.133333338797092,10
17,96,"San Mateo","sm.t1more","17:9615::sm.t1more","9615","17:9615",0.0416666790843013,0.208333350718022,8
17,96,"San Mateo","sm.t1more","17:9606::sm.t1more","9606","17:9606",0.378787877884778,0.439393934878436,11
17,96,"San Mateo","sm.t1more","17:9620::sm.t1more","9620","17:9620",0.333333335139535,0.333333335139535,11
17,96,"San Mateo","sm.t1more","17:9613::sm.t1more","9613","17:9613",0.0138888855775198,0.263888890544573,12
17,96,"San Mateo","sm.t1more","17:9607::sm.t1more","9607","17:9607",0.291666657974323,0.347222210218509,12
17,96,"San Mateo","sm.t1more","17:9625::sm.t1more","9625","17:9625",0.166666662320495,0.291666662320495,8
17,96,"San Mateo","sm.t1more","17:9612::sm.t1more","9612","17:9612",0.133333332836628,0.433333329856396,10
17,96,"San Mateo","sm.t1more","17:9603::sm.t1more","9603","17:9603",0.375000014901162,0.375000014901162,8
17,96,"San Mateo","sm.t1more","17:9626::sm.t1more","9626","17:9626",0.16666667163372,0.41666667163372,4
17,96,"San Mateo","sm.t1more","17:9608::sm.t1more","9608","17:9608",0.199999992549419,0.233333329856396,10
17,96,"San Mateo","sm.t1more","17:9601::sm.t1more","9601","17:9601",0.305555552244186,0.472222218910853,6
17,96,"San Mateo","sm.t1more","17:9616::sm.t1more","9616","17:9616",0.285714281456811,0.380952396563121,7
17,96,"San Mateo","sm.t1more","17:9602::sm.t1more","9602","17:9602",0.0416666691501935,0.319444447755814,12
17,96,"San Mateo","sm.t1belowmrkt","17:9604::sm.t1belowmrkt","9604","17:9604",0.111111102004846,0.33333333581686,6
17,96,"San Mateo","sm.t1belowmrkt","17:9623::sm.t1belowmrkt","9623","17:9623",0.0277777686715125,0.361111102004846,6
17,96,"San Mateo","sm.t1belowmrkt","17:9622::sm.t1belowmrkt","9622","17:9622",0.106060602448203,0.166666659441861,11
17,96,"San Mateo","sm.t1belowmrkt","17:9618::sm.t1belowmrkt","9618","17:9618",0.0714285714285715,0.261904767581395,7
17,96,"San Mateo","sm.t1belowmrkt","17:9617::sm.t1belowmrkt","9617","17:9617",0.119047616209303,0.119047616209303,7
17,96,"San Mateo","sm.t1belowmrkt","17:9611::sm.t1belowmrkt","9611","17:9611",0.0606060569936578,0.333333329720931,11
17,96,"San Mateo","sm.t1belowmrkt","17:9609::sm.t1belowmrkt","9609","17:9609",0.0625,0.0625,8
17,96,"San Mateo","sm.t1belowmrkt","17:9624::sm.t1belowmrkt","9624","17:9624",0.20833333581686,0.20833333581686,8
17,96,"San Mateo","sm.t1belowmrkt","17:9605::sm.t1belowmrkt","9605","17:9605",0.0166666761040689,0.0833333387970925,10
17,96,"San Mateo","sm.t1belowmrkt","17:9614::sm.t1belowmrkt","9614","17:9614",0.312499998137355,0.354166669771075,8
17,96,"San Mateo","sm.t1belowmrkt","17:9619::sm.t1belowmrkt","9619","17:9619",0.0185185223817825,0.16666667494509,9
17,96,"San Mateo","sm.t1belowmrkt","17:9621::sm.t1belowmrkt","9621","17:9621",0.208333343267441,0.375,4
17,96,"San Mateo","sm.t1belowmrkt","17:9610::sm.t1belowmrkt","9610","17:9610",0.0555555555555555,0.0555555555555555,9
17,96,"San Mateo","sm.t1belowmrkt","17:9615::sm.t1belowmrkt","9615","17:9615",0.0952380980764117,0.190476187637874,7
17,96,"San Mateo","sm.t1belowmrkt","17:9606::sm.t1belowmrkt","9606","17:9606",0.0757575793699786,0.227272724563425,11
17,96,"San Mateo","sm.t1belowmrkt","17:9620::sm.t1belowmrkt","9620","17:9620",0.287878789684989,0.287878789684989,11
17,96,"San Mateo","sm.t1belowmrkt","17:9613::sm.t1belowmrkt","9613","17:9613",0.152777777363857,0.291666672875484,12
17,96,"San Mateo","sm.t1belowmrkt","17:9607::sm.t1belowmrkt","9607","17:9607",0.089743591271914,0.14102563720483,13
17,96,"San Mateo","sm.t1belowmrkt","17:9625::sm.t1belowmrkt","9625","17:9625",0.148148144284884,0.259259255395995,9
17,96,"San Mateo","sm.t1belowmrkt","17:9612::sm.t1belowmrkt","9612","17:9612",0.22222221766909,0.388888884335756,12
17,96,"San Mateo","sm.t1belowmrkt","17:9603::sm.t1belowmrkt","9603","17:9603",0.0625000074505807,0.312500007450581,8
17,96,"San Mateo","sm.t1belowmrkt","17:9626::sm.t1belowmrkt","9626","17:9626",0.250000014901162,0.33333332836628,4
17,96,"San Mateo","sm.t1belowmrkt","17:9608::sm.t1belowmrkt","9608","17:9608",0.0499999985098839,0.283333338797092,10
17,96,"San Mateo","sm.t1belowmrkt","17:9601::sm.t1belowmrkt","9601","17:9601",0.166666666666667,0.333333333333333,6
17,96,"San Mateo","sm.t1belowmrkt","17:9616::sm.t1belowmrkt","9616","17:9616",0.027777781089147,0.194444427887598,6
17,96,"San Mateo","sm.t1belowmrkt","17:9602::sm.t1belowmrkt","9602","17:9602",0.243589739386852,0.371794864535332,13
17,96,"San Mateo","sm.t1openspace","17:9604::sm.t1openspace","9604","17:9604",0.0277777686715125,0.138888902962208,6
17,96,"San Mateo","sm.t1openspace","17:9623::sm.t1openspace","9623","17:9623",0.0555555646618208,0.166666669150194,6
17,96,"San Mateo","sm.t1openspace","17:9622::sm.t1openspace","9622","17:9622",0.0694444415469964,0.291666648040215,12
17,96,"San Mateo","sm.t1openspace","17:9618::sm.t1openspace","9618","17:9618",0.129629641771317,0.166666666666667,9
17,96,"San Mateo","sm.t1openspace","17:9617::sm.t1openspace","9617","17:9617",0.142857166273254,0.285714262298175,7
17,96,"San Mateo","sm.t1openspace","17:9611::sm.t1openspace","9611","17:9611",0.0925925903850131,0.166666676600774,9
17,96,"San Mateo","sm.t1openspace","17:9609::sm.t1openspace","9609","17:9609",0.0208333395421505,0.187500011175871,8
17,96,"San Mateo","sm.t1openspace","17:9624::sm.t1openspace","9624","17:9624",0.249999986961484,0.291666662320495,8
17,96,"San Mateo","sm.t1openspace","17:9605::sm.t1openspace","9605","17:9605",0.166666661202907,0.166666661202907,10
17,96,"San Mateo","sm.t1openspace","17:9614::sm.t1openspace","9614","17:9614",0.145833324640989,0.229166675359011,8
17,96,"San Mateo","sm.t1openspace","17:9619::sm.t1openspace","9619","17:9619",0.238095238804817,0.285714270813124,7
17,96,"San Mateo","sm.t1openspace","17:9621::sm.t1openspace","9621","17:9621",0.0833333246409892,0.333333324640989,4
17,96,"San Mateo","sm.t1openspace","17:9610::sm.t1openspace","9610","17:9610",0.0833333283662796,0.283333313465118,10
17,96,"San Mateo","sm.t1openspace","17:9615::sm.t1openspace","9615","17:9615",0.10416666418314,0.10416666418314,8
17,96,"San Mateo","sm.t1openspace","17:9606::sm.t1openspace","9606","17:9606",0.0277777848144373,0.138888886819283,12
17,96,"San Mateo","sm.t1openspace","17:9620::sm.t1openspace","9620","17:9620",0.0909090841358357,0.242424259131605,11
17,96,"San Mateo","sm.t1openspace","17:9613::sm.t1openspace","9613","17:9613",0.166666674117247,0.250000007450581,12
17,96,"San Mateo","sm.t1openspace","17:9607::sm.t1openspace","9607","17:9607",0.0166666701436043,0.316666670143604,10
17,96,"San Mateo","sm.t1openspace","17:9625::sm.t1openspace","9625","17:9625",0.0500000014901161,0.149999998509884,10
17,96,"San Mateo","sm.t1openspace","17:9612::sm.t1openspace","9612","17:9612",0.0972222263614337,0.124999995032946,12
17,96,"San Mateo","sm.t1openspace","17:9603::sm.t1openspace","9603","17:9603",0.0476190511669433,0.0952381087200984,7
17,96,"San Mateo","sm.t1openspace","17:9626::sm.t1openspace","9626","17:9626",0.0416666716337205,0.29166667163372,4
17,96,"San Mateo","sm.t1openspace","17:9608::sm.t1openspace","9608","17:9608",0.149999992549419,0.216666670143604,10
17,96,"San Mateo","sm.t1openspace","17:9601::sm.t1openspace","9601","17:9601",0.027777781089147,0.472222218910853,6
17,96,"San Mateo","sm.t1openspace","17:9616::sm.t1openspace","9616","17:9616",0.095238087432725,0.190476198281561,7
17,96,"San Mateo","sm.t1openspace","17:9602::sm.t1openspace","9602","17:9602",0.294871793343471,0.294871793343471,13
17,96,"San Mateo","sm.t1countyl","17:9604::sm.t1countyl","9604","17:9604",0.361111102004846,0.361111102004846,6
17,96,"San Mateo","sm.t1countyl","17:9623::sm.t1countyl","9623","17:9623",0.214285722800664,0.309523812362126,7
17,96,"San Mateo","sm.t1countyl","17:9622::sm.t1countyl","9622","17:9622",0.083333340783914,0.388888890544573,12
17,96,"San Mateo","sm.t1countyl","17:9618::sm.t1countyl","9618","17:9618",0.0416666753590108,0.20833332836628,8
17,96,"San Mateo","sm.t1countyl","17:9617::sm.t1countyl","9617","17:9617",0.0476190532956806,0.285714285714286,7
17,96,"San Mateo","sm.t1countyl","17:9611::sm.t1countyl","9611","17:9611",0.0666666686534882,0.266666668653488,10
17,96,"San Mateo","sm.t1countyl","17:9609::sm.t1countyl","9609","17:9609",0.208333345130086,0.541666673496366,8
17,96,"San Mateo","sm.t1countyl","17:9624::sm.t1countyl","9624","17:9624",0.190476196152823,0.190476196152823,7
17,96,"San Mateo","sm.t1countyl","17:9605::sm.t1countyl","9605","17:9605",0.150000001490116,0.31666666418314,10
17,96,"San Mateo","sm.t1countyl","17:9614::sm.t1countyl","9614","17:9614",0.145833322778344,0.479166651144624,8
17,96,"San Mateo","sm.t1countyl","17:9619::sm.t1countyl","9619","17:9619",0.0833333395421505,0.375000007450581,8
17,96,"San Mateo","sm.t1countyl","17:9621::sm.t1countyl","9621","17:9621",0.266666677594185,0.266666677594185,5
17,96,"San Mateo","sm.t1countyl","17:9610::sm.t1countyl","9610","17:9610",0.183333322405815,0.35,10
17,96,"San Mateo","sm.t1countyl","17:9615::sm.t1countyl","9615","17:9615",0.0833333227783441,0.416666651144624,8
17,96,"San Mateo","sm.t1countyl","17:9606::sm.t1countyl","9606","17:9606",0.0833333209156989,0.283333320915699,10
17,96,"San Mateo","sm.t1countyl","17:9620::sm.t1countyl","9620","17:9620",0.212121210315011,0.272727264599367,11
17,96,"San Mateo","sm.t1countyl","17:9613::sm.t1countyl","9613","17:9613",0.196969685229388,0.257575753060254,11
17,96,"San Mateo","sm.t1countyl","17:9607::sm.t1countyl","9607","17:9607",0.102564107913237,0.282051288164579,13
17,96,"San Mateo","sm.t1countyl","17:9625::sm.t1countyl","9625","17:9625",0.277777777777778,0.425925930341085,9
17,96,"San Mateo","sm.t1countyl","17:9612::sm.t1countyl","9612","17:9612",0.0833333387970925,0.349999983608723,10
17,96,"San Mateo","sm.t1countyl","17:9603::sm.t1countyl","9603","17:9603",0.0416666716337205,0.29166667163372,8
17,96,"San Mateo","sm.t1countyl","17:9626::sm.t1countyl","9626","17:9626",0.125,0.625,4
17,96,"San Mateo","sm.t1countyl","17:9608::sm.t1countyl","9608","17:9608",0.060606063766913,0.393939393487844,11
17,96,"San Mateo","sm.t1countyl","17:9601::sm.t1countyl","9601","17:9601",0.2,0.4,5
17,96,"San Mateo","sm.t1countyl","17:9616::sm.t1countyl","9616","17:9616",0.190476196152823,0.285714285714286,7
17,96,"San Mateo","sm.t1countyl","17:9602::sm.t1countyl","9602","17:9602",0.111111108213663,0.38888888930281,12
18,97,"BTP 2005 Health Education","btp05.t1reform","18:9701::btp05.t1reform","9701","18:9701",0,0,12
18,97,"BTP 2005 Health Education","btp05.t1reform","18:9702::btp05.t1reform","9702","18:9702",0.0833333333333333,0.0833333333333333,12
18,97,"BTP 2005 Health Education","btp05.t1reform","18:9703::btp05.t1reform","9703","18:9703",0.1,0.2,20
18,97,"BTP 2005 Health Education","btp05.t1reform","18:9704::btp05.t1reform","9704","18:9704",0.0833333333333333,0.0833333333333333,12
18,97,"BTP 2005 Health Education","btp05.t1reform","18:9705::btp05.t1reform","9705","18:9705",0,0.142857142857143,14
18,97,"BTP 2005 Health Education","btp05.t1reform","18:9706::btp05.t1reform","9706","18:9706",0,0,11
18,97,"BTP 2005 Health Education","btp05.t1reform","18:9707::btp05.t1reform","9707","18:9707",0.0588235294117647,0.0588235294117647,17
18,97,"BTP 2005 Health Education","btp05.t1reform","18:9708::btp05.t1reform","9708","18:9708",0.0588235294117647,0.176470588235294,17
18,97,"BTP 2005 Health Education","btp05.t1reform","18:9709::btp05.t1reform","9709","18:9709",0.0666666666666667,0.0666666666666667,15
18,97,"BTP 2005 Health Education","btp05.t1reform","18:9710::btp05.t1reform","9710","18:9710",0.0666666666666667,0.0666666666666667,15
18,97,"BTP 2005 Health Education","btp05.t1reform","18:9711::btp05.t1reform","9711","18:9711",0,0,13
18,97,"BTP 2005 Health Education","btp05.t1reform","18:9712::btp05.t1reform","9712","18:9712",0,0.133333333333333,15
18,97,"BTP 2005 Health Education","btp05.t1reform","18:9713::btp05.t1reform","9713","18:9713",0.181818181818182,0.181818181818182,11
18,97,"BTP 2005 Health Education","btp05.t1reform","18:9714::btp05.t1reform","9714","18:9714",0.0588235294117647,0.294117647058824,17
18,97,"BTP 2005 Health Education","btp05.t1reform","18:9715::btp05.t1reform","9715","18:9715",0.222222222222222,0.222222222222222,9
18,97,"BTP 2005 Health Education","btp05.t1reform","18:9716::btp05.t1reform","9716","18:9716",0.1,0.1,10
18,97,"BTP 2005 Health Education","btp05.t1reform","18:9717::btp05.t1reform","9717","18:9717",0,0.142857142857143,14
18,97,"BTP 2005 Health Education","btp05.t1reform","18:9718::btp05.t1reform","9718","18:9718",0.0909090909090909,0.0909090909090909,11
18,97,"BTP 2005 Health Education","btp05.t1reform","18:9719::btp05.t1reform","9719","18:9719",0.0909090909090909,0.0909090909090909,11
18,97,"BTP 2005 Health Education","btp05.t1reform","18:9720::btp05.t1reform","9720","18:9720",0.166666666666667,0.166666666666667,6
18,97,"BTP 2005 Health Education","btp05.t1reform","18:9721::btp05.t1reform","9721","18:9721",0.142857142857143,0.142857142857143,14
18,97,"BTP 2005 Health Education","btp05.t1reform","18:9722::btp05.t1reform","9722","18:9722",0.0769230769230769,0.230769230769231,13
18,97,"BTP 2005 Health Education","btp05.t1reform","18:9723::btp05.t1reform","9723","18:9723",0.0555555555555556,0.388888888888889,18
18,97,"BTP 2005 Health Education","btp05.t1reform","18:9724::btp05.t1reform","9724","18:9724",0.0588235294117647,0.176470588235294,17
18,97,"BTP 2005 Health Education","btp05.t1reform","18:9725::btp05.t1reform","9725","18:9725",0.0555555555555556,0.0555555555555556,18
18,97,"BTP 2005 Health Education","btp05.t1reform","18:9726::btp05.t1reform","9726","18:9726",0,0.142857142857143,14
18,97,"BTP 2005 Health Education","btp05.t1reform","18:9727::btp05.t1reform","9727","18:9727",0.0625,0.1875,16
18,97,"BTP 2005 Health Education","btp05.t1reform","18:9728::btp05.t1reform","9728","18:9728",0.0769230769230769,0.0769230769230769,13
18,97,"BTP 2005 Health Education","btp05.t1reform","18:9729::btp05.t1reform","9729","18:9729",0.111111111111111,0.222222222222222,18
18,97,"BTP 2005 Health Education","btp05.t1reform","18:9730::btp05.t1reform","9730","18:9730",0,0,15
18,97,"BTP 2005 Health Education","btp05.t1fcvsch","18:9701::btp05.t1fcvsch","9701","18:9701",0.046153839964133,0.123076926057155,13
18,97,"BTP 2005 Health Education","btp05.t1fcvsch","18:9702::btp05.t1fcvsch","9702","18:9702",7.98276589672068e-10,0.0571428571960756,14
18,97,"BTP 2005 Health Education","btp05.t1fcvsch","18:9703::btp05.t1fcvsch","9703","18:9703",0.00476190146236194,0.0952380996729647,21
18,97,"BTP 2005 Health Education","btp05.t1fcvsch","18:9704::btp05.t1fcvsch","9704","18:9704",0.0576923053998214,0.21923077163788,13
18,97,"BTP 2005 Health Education","btp05.t1fcvsch","18:9705::btp05.t1fcvsch","9705","18:9705",0.081249998882413,0.162499999627471,16
18,97,"BTP 2005 Health Education","btp05.t1fcvsch","18:9706::btp05.t1fcvsch","9706","18:9706",0.0423076966634163,0.096153846153846,13
18,97,"BTP 2005 Health Education","btp05.t1fcvsch","18:9707::btp05.t1fcvsch","9707","18:9707",0.0105263171227355,0.147368424817135,19
18,97,"BTP 2005 Health Education","btp05.t1fcvsch","18:9708::btp05.t1fcvsch","9708","18:9708",0.0138888876471254,0.186111116988791,18
18,97,"BTP 2005 Health Education","btp05.t1fcvsch","18:9709::btp05.t1fcvsch","9709","18:9709",0.0500000040320789,0.0794117652318057,17
18,97,"BTP 2005 Health Education","btp05.t1fcvsch","18:9710::btp05.t1fcvsch","9710","18:9710",0.0166666686534881,0.0699999968210857,15
18,97,"BTP 2005 Health Education","btp05.t1fcvsch","18:9711::btp05.t1fcvsch","9711","18:9711",2.29248615390122e-09,0.215384614009124,13
18,97,"BTP 2005 Health Education","btp05.t1fcvsch","18:9712::btp05.t1fcvsch","9712","18:9712",0.023529411677052,0.135294113527326,17
18,97,"BTP 2005 Health Education","btp05.t1fcvsch","18:9713::btp05.t1fcvsch","9713","18:9713",0.0181818255646663,0.0636363744058392,11
18,97,"BTP 2005 Health Education","btp05.t1fcvsch","18:9714::btp05.t1fcvsch","9714","18:9714",0.0617647074601229,0.197058823617066,17
18,97,"BTP 2005 Health Education","btp05.t1fcvsch","18:9715::btp05.t1fcvsch","9715","18:9715",0.0444444417953492,0.111111107799742,9
18,97,"BTP 2005 Health Education","btp05.t1fcvsch","18:9716::btp05.t1fcvsch","9716","18:9716",0.137499997702738,0.154166668343047,12
18,97,"BTP 2005 Health Education","btp05.t1fcvsch","18:9717::btp05.t1fcvsch","9717","18:9717",0.0566666642824809,0.143333331743876,15
18,97,"BTP 2005 Health Education","btp05.t1fcvsch","18:9718::btp05.t1fcvsch","9718","18:9718",0.00454545698382637,0.10454544831406,11
18,97,"BTP 2005 Health Education","btp05.t1fcvsch","18:9719::btp05.t1fcvsch","9719","18:9719",0.0321428584200996,0.146428574408804,14
18,97,"BTP 2005 Health Education","btp05.t1fcvsch","18:9720::btp05.t1fcvsch","9720","18:9720",0.0437499932013453,0.156249996740371,8
18,97,"BTP 2005 Health Education","btp05.t1fcvsch","18:9721::btp05.t1fcvsch","9721","18:9721",0.109375002095476,0.146875002188608,16
18,97,"BTP 2005 Health Education","btp05.t1fcvsch","18:9722::btp05.t1fcvsch","9722","18:9722",0.0535714325628111,0.160714291834405,14
18,97,"BTP 2005 Health Education","btp05.t1fcvsch","18:9723::btp05.t1fcvsch","9723","18:9723",0.0263157849641222,0.0789473670485773,19
18,97,"BTP 2005 Health Education","btp05.t1fcvsch","18:9724::btp05.t1fcvsch","9724","18:9724",0.0558823526782148,0.114705883404788,17
18,97,"BTP 2005 Health Education","btp05.t1fcvsch","18:9725::btp05.t1fcvsch","9725","18:9725",0.00789474048896838,0.092105260216876,19
18,97,"BTP 2005 Health Education","btp05.t1fcvsch","18:9726::btp05.t1fcvsch","9726","18:9726",0.0531250000931323,0.184374996926636,16
18,97,"BTP 2005 Health Education","btp05.t1fcvsch","18:9727::btp05.t1fcvsch","9727","18:9727",0.0531249966006726,0.165624995948747,16
18,97,"BTP 2005 Health Education","btp05.t1fcvsch","18:9728::btp05.t1fcvsch","9728","18:9728",0.00357143155166077,0.0821428575686046,14
18,97,"BTP 2005 Health Education","btp05.t1fcvsch","18:9729::btp05.t1fcvsch","9729","18:9729",0.0710526279320843,0.118421046553474,19
18,97,"BTP 2005 Health Education","btp05.t1fcvsch","18:9730::btp05.t1fcvsch","9730","18:9730",0.0823529421844903,0.194117648855728,17
18,97,"BTP 2005 Health Education","btp05.t1mmtaxe","18:9701::btp05.t1mmtaxe","9701","18:9701",0.0542857231838363,0.174285710922309,14
18,97,"BTP 2005 Health Education","btp05.t1mmtaxe","18:9702::btp05.t1mmtaxe","9702","18:9702",0.0260714343083757,0.148214289918542,14
18,97,"BTP 2005 Health Education","btp05.t1mmtaxe","18:9703::btp05.t1mmtaxe","9703","18:9703",0.000476190022059804,0.113809520999591,21
18,97,"BTP 2005 Health Education","btp05.t1mmtaxe","18:9704::btp05.t1mmtaxe","9704","18:9704",0.0184615460725931,0.0923076936831842,13
18,97,"BTP 2005 Health Education","btp05.t1mmtaxe","18:9705::btp05.t1mmtaxe","9705","18:9705",0.00343749206513169,0.170937495306134,16
18,97,"BTP 2005 Health Education","btp05.t1mmtaxe","18:9706::btp05.t1mmtaxe","9706","18:9706",0.061538462455456,0.08000000165059,13
18,97,"BTP 2005 Health Education","btp05.t1mmtaxe","18:9707::btp05.t1mmtaxe","9707","18:9707",0.0171052660596999,0.158684207028464,19
18,97,"BTP 2005 Health Education","btp05.t1mmtaxe","18:9708::btp05.t1mmtaxe","9708","18:9708",0.00777778132922118,0.116666669026017,18
18,97,"BTP 2005 Health Education","btp05.t1mmtaxe","18:9709::btp05.t1mmtaxe","9709","18:9709",0.0341176513363334,0.104705883299603,17
18,97,"BTP 2005 Health Education","btp05.t1mmtaxe","18:9710::btp05.t1mmtaxe","9710","18:9710",0.0293333341677982,0.085333334406217,15
18,97,"BTP 2005 Health Education","btp05.t1mmtaxe","18:9711::btp05.t1mmtaxe","9711","18:9711",0.0369230692203229,0.0738461613655091,13
18,97,"BTP 2005 Health Education","btp05.t1mmtaxe","18:9712::btp05.t1mmtaxe","9712","18:9712",0.0219607848454924,0.174901956582771,17
18,97,"BTP 2005 Health Education","btp05.t1mmtaxe","18:9713::btp05.t1mmtaxe","9713","18:9713",0.068181815472516,0.115454551848498,11
18,97,"BTP 2005 Health Education","btp05.t1mmtaxe","18:9714::btp05.t1mmtaxe","9714","18:9714",0.0101960739668676,0.144313719342737,17
18,97,"BTP 2005 Health Education","btp05.t1mmtaxe","18:9715::btp05.t1mmtaxe","9715","18:9715",0.0111111071374681,0.117777778042687,9
18,97,"BTP 2005 Health Education","btp05.t1mmtaxe","18:9716::btp05.t1mmtaxe","9716","18:9716",0.0311111140375335,0.132222218128542,12
18,97,"BTP 2005 Health Education","btp05.t1mmtaxe","18:9717::btp05.t1mmtaxe","9717","18:9717",0.0371111045281091,0.127333332101504,15
18,97,"BTP 2005 Health Education","btp05.t1mmtaxe","18:9718::btp05.t1mmtaxe","9718","18:9718",0.00499998710372234,0.135909094051881,11
18,97,"BTP 2005 Health Education","btp05.t1mmtaxe","18:9719::btp05.t1mmtaxe","9719","18:9719",0.0175641018610734,0.12294871875873,13
18,97,"BTP 2005 Health Education","btp05.t1mmtaxe","18:9720::btp05.t1mmtaxe","9720","18:9720",0.0600000079721212,0.089999994263053,8
18,97,"BTP 2005 Health Education","btp05.t1mmtaxe","18:9721::btp05.t1mmtaxe","9721","18:9721",0.0372916669584811,0.112291672732681,16
18,97,"BTP 2005 Health Education","btp05.t1mmtaxe","18:9722::btp05.t1mmtaxe","9722","18:9722",0.0642857141792774,0.112857140068497,14
18,97,"BTP 2005 Health Education","btp05.t1mmtaxe","18:9723::btp05.t1mmtaxe","9723","18:9723",0.0877192967424268,0.136140356918699,19
18,97,"BTP 2005 Health Education","btp05.t1mmtaxe","18:9724::btp05.t1mmtaxe","9724","18:9724",0.0511764621033388,0.121176468975404,17
18,97,"BTP 2005 Health Education","btp05.t1mmtaxe","18:9725::btp05.t1mmtaxe","9725","18:9725",0.0431578825963172,0.135263152028385,19
18,97,"BTP 2005 Health Education","btp05.t1mmtaxe","18:9726::btp05.t1mmtaxe","9726","18:9726",0.028124999254942,0.103125005960465,16
18,97,"BTP 2005 Health Education","btp05.t1mmtaxe","18:9727::btp05.t1mmtaxe","9727","18:9727",0.0124999987892807,0.147500003222376,16
18,97,"BTP 2005 Health Education","btp05.t1mmtaxe","18:9728::btp05.t1mmtaxe","9728","18:9728",0.00428571126290733,0.115714292441096,14
18,97,"BTP 2005 Health Education","btp05.t1mmtaxe","18:9729::btp05.t1mmtaxe","9729","18:9729",0.0539473714797119,0.139736840207326,19
18,97,"BTP 2005 Health Education","btp05.t1mmtaxe","18:9730::btp05.t1mmtaxe","9730","18:9730",0.0220588265972978,0.0832353019539049,17
18,97,"BTP 2005 Health Education","btp05.t1stest","18:9701::btp05.t1stest","9701","18:9701",0.0035714209079742,0.10357142239809,14
18,97,"BTP 2005 Health Education","btp05.t1stest","18:9702::btp05.t1stest","9702","18:9702",0.0750000021819558,0.189285718702844,14
18,97,"BTP 2005 Health Education","btp05.t1stest","18:9703::btp05.t1stest","9703","18:9703",0.0857142839758169,0.20000000102889,21
18,97,"BTP 2005 Health Education","btp05.t1stest","18:9704::btp05.t1stest","9704","18:9704",0.019230768084526,0.13461538289602,13
18,97,"BTP 2005 Health Education","btp05.t1stest","18:9705::btp05.t1stest","9705","18:9705",0.00624999753199533,0.0812499995809048,16
18,97,"BTP 2005 Health Education","btp05.t1stest","18:9706::btp05.t1stest","9706","18:9706",0.0807692299668605,0.142307696434168,13
18,97,"BTP 2005 Health Education","btp05.t1stest","18:9707::btp05.t1stest","9707","18:9707",0.00526315836529986,0.0999999967844864,19
18,97,"BTP 2005 Health Education","btp05.t1stest","18:9708::btp05.t1stest","9708","18:9708",0.0166666671219799,0.161111109579603,18
18,97,"BTP 2005 Health Education","btp05.t1stest","18:9709::btp05.t1stest","9709","18:9709",0.0264705938889699,0.14999999741421,17
18,97,"BTP 2005 Health Education","btp05.t1stest","18:9710::btp05.t1stest","9710","18:9710",0.0233333299557369,0.0966666678587595,15
18,97,"BTP 2005 Health Education","btp05.t1stest","18:9711::btp05.t1stest","9711","18:9711",0.100000003209481,0.15384615613864,13
18,97,"BTP 2005 Health Education","btp05.t1stest","18:9712::btp05.t1stest","9712","18:9712",0.0558823528973496,0.161764703471871,17
18,97,"BTP 2005 Health Education","btp05.t1stest","18:9713::btp05.t1stest","9713","18:9713",0.0454545485025103,0.109090915796432,11
18,97,"BTP 2005 Health Education","btp05.t1stest","18:9714::btp05.t1stest","9714","18:9714",0.117647061234011,0.223529412685072,17
18,97,"BTP 2005 Health Education","btp05.t1stest","18:9715::btp05.t1stest","9715","18:9715",0.0555555534859498,0.0555555534859498,9
18,97,"BTP 2005 Health Education","btp05.t1stest","18:9716::btp05.t1stest","9716","18:9716",0.0166666706403097,0.0999999990065893,12
18,97,"BTP 2005 Health Education","btp05.t1stest","18:9717::btp05.t1stest","9717","18:9717",0.05333333487312,0.193333329508702,15
18,97,"BTP 2005 Health Education","btp05.t1stest","18:9718::btp05.t1stest","9718","18:9718",0.0545454580675471,0.190909092399207,11
18,97,"BTP 2005 Health Education","btp05.t1stest","18:9719::btp05.t1stest","9719","18:9719",8.11316825687614e-17,0.0999999986245082,13
18,97,"BTP 2005 Health Education","btp05.t1stest","18:9720::btp05.t1stest","9720","18:9720",0.0187500100582839,0.156249995343387,8
18,97,"BTP 2005 Health Education","btp05.t1stest","18:9721::btp05.t1stest","9721","18:9721",0.0300000006953876,0.129999997715155,15
18,97,"BTP 2005 Health Education","btp05.t1stest","18:9722::btp05.t1stest","9722","18:9722",0.117857140621969,0.160714284117733,14
18,97,"BTP 2005 Health Education","btp05.t1stest","18:9723::btp05.t1stest","9723","18:9723",0.0473684237191551,0.168421053180569,19
18,97,"BTP 2005 Health Education","btp05.t1stest","18:9724::btp05.t1stest","9724","18:9724",0.0676470589550102,0.144117647891535,17
18,97,"BTP 2005 Health Education","btp05.t1stest","18:9725::btp05.t1stest","9725","18:9725",0.0305555572526323,0.0805555596533749,18
18,97,"BTP 2005 Health Education","btp05.t1stest","18:9726::btp05.t1stest","9726","18:9726",0.0437499983236194,0.199999991804361,16
18,97,"BTP 2005 Health Education","btp05.t1stest","18:9727::btp05.t1stest","9727","18:9727",0.0687499975319952,0.181250002468005,16
18,97,"BTP 2005 Health Education","btp05.t1stest","18:9728::btp05.t1stest","9728","18:9728",0.0178571439215115,0.0821428591651577,14
18,97,"BTP 2005 Health Education","btp05.t1stest","18:9729::btp05.t1stest","9729","18:9729",0.0447368406151471,0.15526315726732,19
18,97,"BTP 2005 Health Education","btp05.t1stest","18:9730::btp05.t1stest","9730","18:9730",0.0117647054002566,0.135294119882233,17
18,97,"BTP 2005 Health Education","btp05.t1testsl","18:9701::btp05.t1testsl","9701","18:9701",0.428571428571429,0.428571428571429,14
18,97,"BTP 2005 Health Education","btp05.t1testsl","18:9702::btp05.t1testsl","9702","18:9702",0.0833333333333333,0.25,12
18,97,"BTP 2005 Health Education","btp05.t1testsl","18:9703::btp05.t1testsl","9703","18:9703",0.0526315789473684,0.263157894736842,19
18,97,"BTP 2005 Health Education","btp05.t1testsl","18:9704::btp05.t1testsl","9704","18:9704",0.0833333333333333,0.0833333333333333,12
18,97,"BTP 2005 Health Education","btp05.t1testsl","18:9705::btp05.t1testsl","9705","18:9705",0,0.133333333333333,15
18,97,"BTP 2005 Health Education","btp05.t1testsl","18:9706::btp05.t1testsl","9706","18:9706",0.0769230769230769,0.230769230769231,13
18,97,"BTP 2005 Health Education","btp05.t1testsl","18:9707::btp05.t1testsl","9707","18:9707",0.0555555555555556,0.166666666666667,18
18,97,"BTP 2005 Health Education","btp05.t1testsl","18:9708::btp05.t1testsl","9708","18:9708",0.25,0.5,16
18,97,"BTP 2005 Health Education","btp05.t1testsl","18:9709::btp05.t1testsl","9709","18:9709",0,0.142857142857143,14
18,97,"BTP 2005 Health Education","btp05.t1testsl","18:9710::btp05.t1testsl","9710","18:9710",0.214285714285714,0.357142857142857,14
18,97,"BTP 2005 Health Education","btp05.t1testsl","18:9711::btp05.t1testsl","9711","18:9711",0.181818181818182,0.181818181818182,11
18,97,"BTP 2005 Health Education","btp05.t1testsl","18:9712::btp05.t1testsl","9712","18:9712",0.133333333333333,0.133333333333333,15
18,97,"BTP 2005 Health Education","btp05.t1testsl","18:9713::btp05.t1testsl","9713","18:9713",0.0909090909090909,0.0909090909090909,11
18,97,"BTP 2005 Health Education","btp05.t1testsl","18:9714::btp05.t1testsl","9714","18:9714",0,0.461538461538462,13
18,97,"BTP 2005 Health Education","btp05.t1testsl","18:9715::btp05.t1testsl","9715","18:9715",0,0.222222222222222,9
18,97,"BTP 2005 Health Education","btp05.t1testsl","18:9716::btp05.t1testsl","9716","18:9716",0.0833333333333333,0.0833333333333333,12
18,97,"BTP 2005 Health Education","btp05.t1testsl","18:9717::btp05.t1testsl","9717","18:9717",0,0.153846153846154,13
18,97,"BTP 2005 Health Education","btp05.t1testsl","18:9718::btp05.t1testsl","9718","18:9718",0,0.25,8
18,97,"BTP 2005 Health Education","btp05.t1testsl","18:9719::btp05.t1testsl","9719","18:9719",0.0769230769230769,0.0769230769230769,13
18,97,"BTP 2005 Health Education","btp05.t1testsl","18:9720::btp05.t1testsl","9720","18:9720",0,0,6
18,97,"BTP 2005 Health Education","btp05.t1testsl","18:9721::btp05.t1testsl","9721","18:9721",0.266666666666667,0.266666666666667,15
18,97,"BTP 2005 Health Education","btp05.t1testsl","18:9722::btp05.t1testsl","9722","18:9722",0,0.142857142857143,14
18,97,"BTP 2005 Health Education","btp05.t1testsl","18:9723::btp05.t1testsl","9723","18:9723",0.111111111111111,0.111111111111111,18
18,97,"BTP 2005 Health Education","btp05.t1testsl","18:9724::btp05.t1testsl","9724","18:9724",0.1875,0.1875,16
18,97,"BTP 2005 Health Education","btp05.t1testsl","18:9725::btp05.t1testsl","9725","18:9725",0.111111111111111,0.222222222222222,18
18,97,"BTP 2005 Health Education","btp05.t1testsl","18:9726::btp05.t1testsl","9726","18:9726",0.0714285714285714,0.214285714285714,14
18,97,"BTP 2005 Health Education","btp05.t1testsl","18:9727::btp05.t1testsl","9727","18:9727",0.0666666666666667,0.2,15
18,97,"BTP 2005 Health Education","btp05.t1testsl","18:9728::btp05.t1testsl","9728","18:9728",0.0833333333333333,0.416666666666667,12
18,97,"BTP 2005 Health Education","btp05.t1testsl","18:9729::btp05.t1testsl","9729","18:9729",0.277777777777778,0.388888888888889,18
18,97,"BTP 2005 Health Education","btp05.t1testsl","18:9730::btp05.t1testsl","9730","18:9730",0.125,0.25,16
18,97,"BTP 2005 Health Education","btp05.t1nclb","18:9701::btp05.t1nclb","9701","18:9701",0.0384615384615385,0.115384615384615,13
18,97,"BTP 2005 Health Education","btp05.t1nclb","18:9702::btp05.t1nclb","9702","18:9702",0.0357142857142857,0.0714285714285714,14
18,97,"BTP 2005 Health Education","btp05.t1nclb","18:9703::btp05.t1nclb","9703","18:9703",0,0.125,20
18,97,"BTP 2005 Health Education","btp05.t1nclb","18:9704::btp05.t1nclb","9704","18:9704",0,0,8
18,97,"BTP 2005 Health Education","btp05.t1nclb","18:9705::btp05.t1nclb","9705","18:9705",0.0576923076923077,0.134615384615385,13
18,97,"BTP 2005 Health Education","btp05.t1nclb","18:9706::btp05.t1nclb","9706","18:9706",0.0384615384615385,0.0769230769230769,13
18,97,"BTP 2005 Health Education","btp05.t1nclb","18:9707::btp05.t1nclb","9707","18:9707",0.078125,0.109375,16
18,97,"BTP 2005 Health Education","btp05.t1nclb","18:9708::btp05.t1nclb","9708","18:9708",0.0735294117647059,0.132352941176471,17
18,97,"BTP 2005 Health Education","btp05.t1nclb","18:9709::btp05.t1nclb","9709","18:9709",0.0294117647058823,0.147058823529412,17
18,97,"BTP 2005 Health Education","btp05.t1nclb","18:9710::btp05.t1nclb","9710","18:9710",0,0.0357142857142857,14
18,97,"BTP 2005 Health Education","btp05.t1nclb","18:9711::btp05.t1nclb","9711","18:9711",0.0416666666666667,0.125,12
18,97,"BTP 2005 Health Education","btp05.t1nclb","18:9712::btp05.t1nclb","9712","18:9712",0.05,0.0833333333333333,15
18,97,"BTP 2005 Health Education","btp05.t1nclb","18:9713::btp05.t1nclb","9713","18:9713",0,0.136363636363636,11
18,97,"BTP 2005 Health Education","btp05.t1nclb","18:9714::btp05.t1nclb","9714","18:9714",0.0294117647058823,0.0588235294117647,17
18,97,"BTP 2005 Health Education","btp05.t1nclb","18:9715::btp05.t1nclb","9715","18:9715",0.0833333333333333,0.25,9
18,97,"BTP 2005 Health Education","btp05.t1nclb","18:9716::btp05.t1nclb","9716","18:9716",0.0208333333333333,0.145833333333333,12
18,97,"BTP 2005 Health Education","btp05.t1nclb","18:9717::btp05.t1nclb","9717","18:9717",0,0.0769230769230769,13
18,97,"BTP 2005 Health Education","btp05.t1nclb","18:9718::btp05.t1nclb","9718","18:9718",0.05,0.15,10
18,97,"BTP 2005 Health Education","btp05.t1nclb","18:9719::btp05.t1nclb","9719","18:9719",0.0357142857142857,0.178571428571429,14
18,97,"BTP 2005 Health Education","btp05.t1nclb","18:9720::btp05.t1nclb","9720","18:9720",0.03125,0.15625,8
18,97,"BTP 2005 Health Education","btp05.t1nclb","18:9721::btp05.t1nclb","9721","18:9721",0.0178571428571428,0.196428571428571,14
18,97,"BTP 2005 Health Education","btp05.t1nclb","18:9722::btp05.t1nclb","9722","18:9722",0.0535714285714286,0.125,14
18,97,"BTP 2005 Health Education","btp05.t1nclb","18:9723::btp05.t1nclb","9723","18:9723",0.0131578947368421,0.144736842105263,19
18,97,"BTP 2005 Health Education","btp05.t1nclb","18:9724::btp05.t1nclb","9724","18:9724",0.0294117647058823,0.0588235294117647,17
18,97,"BTP 2005 Health Education","btp05.t1nclb","18:9725::btp05.t1nclb","9725","18:9725",0,0.117647058823529,17
18,97,"BTP 2005 Health Education","btp05.t1nclb","18:9726::btp05.t1nclb","9726","18:9726",0.0333333333333333,0.2,15
18,97,"BTP 2005 Health Education","btp05.t1nclb","18:9727::btp05.t1nclb","9727","18:9727",0.0666666666666667,0.1,15
18,97,"BTP 2005 Health Education","btp05.t1nclb","18:9728::btp05.t1nclb","9728","18:9728",0,0.107142857142857,14
18,97,"BTP 2005 Health Education","btp05.t1nclb","18:9729::btp05.t1nclb","9729","18:9729",0.0555555555555555,0.0833333333333333,18
18,97,"BTP 2005 Health Education","btp05.t1nclb","18:9730::btp05.t1nclb","9730","18:9730",0.0735294117647059,0.132352941176471,17
18,97,"BTP 2005 Health Education","btp05.t1costcov","18:9701::btp05.t1costcov","9701","18:9701",0.0392857172659466,0.0785714366606304,14
18,97,"BTP 2005 Health Education","btp05.t1costcov","18:9702::btp05.t1costcov","9702","18:9702",0.00833333390099657,0.104761907032558,14
18,97,"BTP 2005 Health Education","btp05.t1costcov","18:9703::btp05.t1costcov","9703","18:9703",0.0123015869231451,0.076587302344186,21
18,97,"BTP 2005 Health Education","btp05.t1costcov","18:9704::btp05.t1costcov","9704","18:9704",0.00897436187817508,0.0705128197486585,13
18,97,"BTP 2005 Health Education","btp05.t1costcov","18:9705::btp05.t1costcov","9705","18:9705",0.0822916682809591,0.144791664555669,16
18,97,"BTP 2005 Health Education","btp05.t1costcov","18:9706::btp05.t1costcov","9706","18:9706",0.0173076964341678,0.0980769189504476,13
18,97,"BTP 2005 Health Education","btp05.t1costcov","18:9707::btp05.t1costcov","9707","18:9707",0.030263165110036,0.0916666655164016,19
18,97,"BTP 2005 Health Education","btp05.t1costcov","18:9708::btp05.t1costcov","9708","18:9708",0.00833333532015491,0.105555557542377,18
18,97,"BTP 2005 Health Education","btp05.t1costcov","18:9709::btp05.t1costcov","9709","18:9709",0.0078431280220256,0.0715686205555411,17
18,97,"BTP 2005 Health Education","btp05.t1costcov","18:9710::btp05.t1costcov","9710","18:9710",0.0166666666666667,0.0766666650772095,15
18,97,"BTP 2005 Health Education","btp05.t1costcov","18:9711::btp05.t1costcov","9711","18:9711",0.00384615017817569,0.0576922985223623,13
18,97,"BTP 2005 Health Education","btp05.t1costcov","18:9712::btp05.t1costcov","9712","18:9712",0.00294117541874152,0.0794117678614224,17
18,97,"BTP 2005 Health Education","btp05.t1costcov","18:9713::btp05.t1costcov","9713","18:9713",0.0128787891431288,0.053787884387103,11
18,97,"BTP 2005 Health Education","btp05.t1costcov","18:9714::btp05.t1costcov","9714","18:9714",0.00196078069069805,0.0970588238800274,17
18,97,"BTP 2005 Health Education","btp05.t1costcov","18:9715::btp05.t1costcov","9715","18:9715",0.0324074228604636,0.0324074228604636,9
18,97,"BTP 2005 Health Education","btp05.t1costcov","18:9716::btp05.t1costcov","9716","18:9716",1.24176349989661e-09,0.0583333286146323,12
18,97,"BTP 2005 Health Education","btp05.t1costcov","18:9717::btp05.t1costcov","9717","18:9717",0.0444444537162781,0.0777777791023255,15
18,97,"BTP 2005 Health Education","btp05.t1costcov","18:9718::btp05.t1costcov","9718","18:9718",0.0272727337750522,0.0636363571340387,11
18,97,"BTP 2005 Health Education","btp05.t1costcov","18:9719::btp05.t1costcov","9719","18:9719",0.0184523846421924,0.0755952298641205,14
18,97,"BTP 2005 Health Education","btp05.t1costcov","18:9720::btp05.t1costcov","9720","18:9720",0.0322916731238365,0.088541679084301,8
18,97,"BTP 2005 Health Education","btp05.t1costcov","18:9721::btp05.t1costcov","9721","18:9721",0.00885416939854624,0.0651041753590108,16
18,97,"BTP 2005 Health Education","btp05.t1costcov","18:9722::btp05.t1costcov","9722","18:9722",0.0660714294229235,0.0946428562913622,14
18,97,"BTP 2005 Health Education","btp05.t1costcov","18:9723::btp05.t1costcov","9723","18:9723",0.00526315758102822,0.0973684176018363,19
18,97,"BTP 2005 Health Education","btp05.t1costcov","18:9724::btp05.t1costcov","9724","18:9724",0.0102941201013678,0.0838235248537625,17
18,97,"BTP 2005 Health Education","btp05.t1costcov","18:9725::btp05.t1costcov","9725","18:9725",0.0162280703845776,0.0811403519228886,19
18,97,"BTP 2005 Health Education","btp05.t1costcov","18:9726::btp05.t1costcov","9726","18:9726",0.0302083380520344,0.0708333291113376,16
18,97,"BTP 2005 Health Education","btp05.t1costcov","18:9727::btp05.t1costcov","9727","18:9727",0.0197916664183141,0.0697916671633721,16
18,97,"BTP 2005 Health Education","btp05.t1costcov","18:9728::btp05.t1costcov","9728","18:9728",0.0119047590664455,0.0761904716491699,14
18,97,"BTP 2005 Health Education","btp05.t1costcov","18:9729::btp05.t1costcov","9729","18:9729",0.0460526274615213,0.14605263248086,19
18,97,"BTP 2005 Health Education","btp05.t1costcov","18:9730::btp05.t1costcov","9730","18:9730",0.0328431339824901,0.142647063030916,17
18,97,"BTP 2005 Health Education","btp05.t1govinv","18:9701::btp05.t1govinv","9701","18:9701",0.0267857142857143,0.0803571428571429,14
18,97,"BTP 2005 Health Education","btp05.t1govinv","18:9702::btp05.t1govinv","9702","18:9702",0.0535714285714286,0.125,14
18,97,"BTP 2005 Health Education","btp05.t1govinv","18:9703::btp05.t1govinv","9703","18:9703",0.0238095238095238,0.107142857142857,21
18,97,"BTP 2005 Health Education","btp05.t1govinv","18:9704::btp05.t1govinv","9704","18:9704",0.144230769230769,0.221153846153846,13
18,97,"BTP 2005 Health Education","btp05.t1govinv","18:9705::btp05.t1govinv","9705","18:9705",0.0078125,0.1484375,16
18,97,"BTP 2005 Health Education","btp05.t1govinv","18:9706::btp05.t1govinv","9706","18:9706",0.0192307692307692,0.0961538461538462,13
18,97,"BTP 2005 Health Education","btp05.t1govinv","18:9707::btp05.t1govinv","9707","18:9707",0.0526315789473684,0.144736842105263,19
18,97,"BTP 2005 Health Education","btp05.t1govinv","18:9708::btp05.t1govinv","9708","18:9708",0.0208333333333333,0.0902777777777778,18
18,97,"BTP 2005 Health Education","btp05.t1govinv","18:9709::btp05.t1govinv","9709","18:9709",0.0588235294117647,0.0735294117647059,17
18,97,"BTP 2005 Health Education","btp05.t1govinv","18:9710::btp05.t1govinv","9710","18:9710",0.0416666666666667,0.125,15
18,97,"BTP 2005 Health Education","btp05.t1govinv","18:9711::btp05.t1govinv","9711","18:9711",0.0673076923076923,0.182692307692308,13
18,97,"BTP 2005 Health Education","btp05.t1govinv","18:9712::btp05.t1govinv","9712","18:9712",0.0073529411764706,0.0955882352941176,17
18,97,"BTP 2005 Health Education","btp05.t1govinv","18:9713::btp05.t1govinv","9713","18:9713",0.0227272727272727,0.159090909090909,11
18,97,"BTP 2005 Health Education","btp05.t1govinv","18:9714::btp05.t1govinv","9714","18:9714",0.0294117647058823,0.132352941176471,17
18,97,"BTP 2005 Health Education","btp05.t1govinv","18:9715::btp05.t1govinv","9715","18:9715",0.0277777777777778,0.0833333333333333,9
18,97,"BTP 2005 Health Education","btp05.t1govinv","18:9716::btp05.t1govinv","9716","18:9716",0.03125,0.0729166666666667,12
18,97,"BTP 2005 Health Education","btp05.t1govinv","18:9717::btp05.t1govinv","9717","18:9717",0.025,0.0916666666666667,15
18,97,"BTP 2005 Health Education","btp05.t1govinv","18:9718::btp05.t1govinv","9718","18:9718",0.0113636363636364,0.0113636363636364,11
18,97,"BTP 2005 Health Education","btp05.t1govinv","18:9719::btp05.t1govinv","9719","18:9719",0.0446428571428571,0.133928571428571,14
18,97,"BTP 2005 Health Education","btp05.t1govinv","18:9720::btp05.t1govinv","9720","18:9720",0.0357142857142857,0.107142857142857,7
18,97,"BTP 2005 Health Education","btp05.t1govinv","18:9721::btp05.t1govinv","9721","18:9721",0,0.109375,16
18,97,"BTP 2005 Health Education","btp05.t1govinv","18:9722::btp05.t1govinv","9722","18:9722",0.0714285714285714,0.107142857142857,14
18,97,"BTP 2005 Health Education","btp05.t1govinv","18:9723::btp05.t1govinv","9723","18:9723",0,0.111111111111111,18
18,97,"BTP 2005 Health Education","btp05.t1govinv","18:9724::btp05.t1govinv","9724","18:9724",0,0.132352941176471,17
18,97,"BTP 2005 Health Education","btp05.t1govinv","18:9725::btp05.t1govinv","9725","18:9725",0.00657894736842106,0.111842105263158,19
18,97,"BTP 2005 Health Education","btp05.t1govinv","18:9726::btp05.t1govinv","9726","18:9726",0.046875,0.109375,16
18,97,"BTP 2005 Health Education","btp05.t1govinv","18:9727::btp05.t1govinv","9727","18:9727",0.0390625,0.1171875,16
18,97,"BTP 2005 Health Education","btp05.t1govinv","18:9728::btp05.t1govinv","9728","18:9728",0.0357142857142857,0.196428571428571,14
18,97,"BTP 2005 Health Education","btp05.t1govinv","18:9729::btp05.t1govinv","9729","18:9729",0.0526315789473684,0.118421052631579,19
18,97,"BTP 2005 Health Education","btp05.t1govinv","18:9730::btp05.t1govinv","9730","18:9730",0.0661764705882353,0.0955882352941176,17
18,97,"BTP 2005 Health Education","btp05.t1medqual","18:9701::btp05.t1medqual","9701","18:9701",0.0794871724568881,0.115384610799643,13
18,97,"BTP 2005 Health Education","btp05.t1medqual","18:9702::btp05.t1medqual","9702","18:9702",0.0880952371018274,0.140476199133056,14
18,97,"BTP 2005 Health Education","btp05.t1medqual","18:9703::btp05.t1medqual","9703","18:9703",0.00158730716932381,0.107936497245516,21
18,97,"BTP 2005 Health Education","btp05.t1medqual","18:9704::btp05.t1medqual","9704","18:9704",0.0179487054164592,0.176923068670126,13
18,97,"BTP 2005 Health Education","btp05.t1medqual","18:9705::btp05.t1medqual","9705","18:9705",0.0249999873340129,0.133333336561918,16
18,97,"BTP 2005 Health Education","btp05.t1medqual","18:9706::btp05.t1medqual","9706","18:9706",0.0692307662505369,0.115384611945886,13
18,97,"BTP 2005 Health Education","btp05.t1medqual","18:9707::btp05.t1medqual","9707","18:9707",0.0701754297080794,0.157894725862302,19
18,97,"BTP 2005 Health Education","btp05.t1medqual","18:9708::btp05.t1medqual","9708","18:9708",0.0740740787651803,0.17037036932177,18
18,97,"BTP 2005 Health Education","btp05.t1medqual","18:9709::btp05.t1medqual","9709","18:9709",0.0196078419685364,0.105882357148563,17
18,97,"BTP 2005 Health Education","btp05.t1medqual","18:9710::btp05.t1medqual","9710","18:9710",0.100000008940697,0.100000008940697,14
18,97,"BTP 2005 Health Education","btp05.t1medqual","18:9711::btp05.t1medqual","9711","18:9711",0.0282051334014306,0.0897436004418591,13
18,97,"BTP 2005 Health Education","btp05.t1medqual","18:9712::btp05.t1medqual","9712","18:9712",0.00392156751716835,0.135294122730984,17
18,97,"BTP 2005 Health Education","btp05.t1medqual","18:9713::btp05.t1medqual","9713","18:9713",0.0878787907687101,0.130303025245666,11
18,97,"BTP 2005 Health Education","btp05.t1medqual","18:9714::btp05.t1medqual","9714","18:9714",0.0352941335124128,0.0941176480230162,17
18,97,"BTP 2005 Health Education","btp05.t1medqual","18:9715::btp05.t1medqual","9715","18:9715",0.062962942653232,0.107407397694058,9
18,97,"BTP 2005 Health Education","btp05.t1medqual","18:9716::btp05.t1medqual","9716","18:9716",0.154166668653488,0.187500004967054,12
18,97,"BTP 2005 Health Education","btp05.t1medqual","18:9717::btp05.t1medqual","9717","18:9717",0.0755555485685665,0.12444444646438,15
18,97,"BTP 2005 Health Education","btp05.t1medqual","18:9718::btp05.t1medqual","9718","18:9718",0.0484848455949264,0.0909091017462992,11
18,97,"BTP 2005 Health Education","btp05.t1medqual","18:9719::btp05.t1medqual","9719","18:9719",0.11190476162093,0.164285710879735,14
18,97,"BTP 2005 Health Education","btp05.t1medqual","18:9720::btp05.t1medqual","9720","18:9720",0.0333333238959312,0.116666667163372,8
18,97,"BTP 2005 Health Education","btp05.t1medqual","18:9721::btp05.t1medqual","9721","18:9721",0.110416661947965,0.17708332836628,16
18,97,"BTP 2005 Health Education","btp05.t1medqual","18:9722::btp05.t1medqual","9722","18:9722",0.0333333249602998,0.100000000425747,14
18,97,"BTP 2005 Health Education","btp05.t1medqual","18:9723::btp05.t1medqual","9723","18:9723",0.0464912276518972,0.179824568723377,19
18,97,"BTP 2005 Health Education","btp05.t1medqual","18:9724::btp05.t1medqual","9724","18:9724",0.0156862726982902,0.174509803161902,17
18,97,"BTP 2005 Health Education","btp05.t1medqual","18:9725::btp05.t1medqual","9725","18:9725",0.0307017486346395,0.137719287684089,19
18,97,"BTP 2005 Health Education","btp05.t1medqual","18:9726::btp05.t1medqual","9726","18:9726",0.0208333246409892,0.158333335071802,16
18,97,"BTP 2005 Health Education","btp05.t1medqual","18:9727::btp05.t1medqual","9727","18:9727",0.0604166761040686,0.11458333581686,16
18,97,"BTP 2005 Health Education","btp05.t1medqual","18:9728::btp05.t1medqual","9728","18:9728",0.00714286523205884,0.0833333283662796,14
18,97,"BTP 2005 Health Education","btp05.t1medqual","18:9729::btp05.t1medqual","9729","18:9729",0.00877193243880037,0.142105260961934,19
18,97,"BTP 2005 Health Education","btp05.t1medqual","18:9730::btp05.t1medqual","9730","18:9730",0.0960784295902531,0.182352941264124,17
18,97,"BTP 2005 Health Education","btp05.t1emplypay","18:9701::btp05.t1emplypay","9701","18:9701",0.214285714285714,0.214285714285714,14
18,97,"BTP 2005 Health Education","btp05.t1emplypay","18:9702::btp05.t1emplypay","9702","18:9702",0,0.0909090909090909,11
18,97,"BTP 2005 Health Education","btp05.t1emplypay","18:9703::btp05.t1emplypay","9703","18:9703",0.0125,0.1875,20
18,97,"BTP 2005 Health Education","btp05.t1emplypay","18:9704::btp05.t1emplypay","9704","18:9704",0.125,0.166666666666667,12
18,97,"BTP 2005 Health Education","btp05.t1emplypay","18:9705::btp05.t1emplypay","9705","18:9705",0.0166666666666666,0.183333333333333,15
18,97,"BTP 2005 Health Education","btp05.t1emplypay","18:9706::btp05.t1emplypay","9706","18:9706",0.227272727272727,0.272727272727273,11
18,97,"BTP 2005 Health Education","btp05.t1emplypay","18:9707::btp05.t1emplypay","9707","18:9707",0.0416666666666667,0.180555555555556,18
18,97,"BTP 2005 Health Education","btp05.t1emplypay","18:9708::btp05.t1emplypay","9708","18:9708",0.0588235294117647,0.117647058823529,17
18,97,"BTP 2005 Health Education","btp05.t1emplypay","18:9709::btp05.t1emplypay","9709","18:9709",0.132352941176471,0.191176470588235,17
18,97,"BTP 2005 Health Education","btp05.t1emplypay","18:9710::btp05.t1emplypay","9710","18:9710",0.2,0.3,15
18,97,"BTP 2005 Health Education","btp05.t1emplypay","18:9711::btp05.t1emplypay","9711","18:9711",0.0227272727272727,0.159090909090909,11
18,97,"BTP 2005 Health Education","btp05.t1emplypay","18:9712::btp05.t1emplypay","9712","18:9712",0.0147058823529412,0.161764705882353,17
18,97,"BTP 2005 Health Education","btp05.t1emplypay","18:9713::btp05.t1emplypay","9713","18:9713",0.0909090909090909,0.272727272727273,11
18,97,"BTP 2005 Health Education","btp05.t1emplypay","18:9714::btp05.t1emplypay","9714","18:9714",0.235294117647059,0.294117647058824,17
18,97,"BTP 2005 Health Education","btp05.t1emplypay","18:9715::btp05.t1emplypay","9715","18:9715",0.138888888888889,0.138888888888889,9
18,97,"BTP 2005 Health Education","btp05.t1emplypay","18:9716::btp05.t1emplypay","9716","18:9716",0.0833333333333333,0.291666666666667,12
18,97,"BTP 2005 Health Education","btp05.t1emplypay","18:9717::btp05.t1emplypay","9717","18:9717",0.0833333333333333,0.25,15
18,97,"BTP 2005 Health Education","btp05.t1emplypay","18:9718::btp05.t1emplypay","9718","18:9718",0.113636363636364,0.159090909090909,11
18,97,"BTP 2005 Health Education","btp05.t1emplypay","18:9719::btp05.t1emplypay","9719","18:9719",0.125,0.125,14
18,97,"BTP 2005 Health Education","btp05.t1emplypay","18:9720::btp05.t1emplypay","9720","18:9720",0,0.214285714285714,7
18,97,"BTP 2005 Health Education","btp05.t1emplypay","18:9721::btp05.t1emplypay","9721","18:9721",0.109375,0.171875,16
18,97,"BTP 2005 Health Education","btp05.t1emplypay","18:9722::btp05.t1emplypay","9722","18:9722",0.0535714285714286,0.267857142857143,14
18,97,"BTP 2005 Health Education","btp05.t1emplypay","18:9723::btp05.t1emplypay","9723","18:9723",0.132352941176471,0.220588235294118,17
18,97,"BTP 2005 Health Education","btp05.t1emplypay","18:9724::btp05.t1emplypay","9724","18:9724",0.102941176470588,0.132352941176471,17
18,97,"BTP 2005 Health Education","btp05.t1emplypay","18:9725::btp05.t1emplypay","9725","18:9725",0.180555555555556,0.236111111111111,18
18,97,"BTP 2005 Health Education","btp05.t1emplypay","18:9726::btp05.t1emplypay","9726","18:9726",0.0666666666666667,0.233333333333333,15
18,97,"BTP 2005 Health Education","btp05.t1emplypay","18:9727::btp05.t1emplypay","9727","18:9727",0.0666666666666667,0.166666666666667,15
18,97,"BTP 2005 Health Education","btp05.t1emplypay","18:9728::btp05.t1emplypay","9728","18:9728",0.0892857142857143,0.160714285714286,14
18,97,"BTP 2005 Health Education","btp05.t1emplypay","18:9729::btp05.t1emplypay","9729","18:9729",0.0657894736842105,0.197368421052632,19
18,97,"BTP 2005 Health Education","btp05.t1emplypay","18:9730::btp05.t1emplypay","9730","18:9730",0.03125,0.25,16
18,97,"BTP 2005 Health Education","btp05.t1indivpay","18:9701::btp05.t1indivpay","9701","18:9701",0.107142857142857,0.25,14
18,97,"BTP 2005 Health Education","btp05.t1indivpay","18:9702::btp05.t1indivpay","9702","18:9702",0.0192307692307692,0.211538461538462,13
18,97,"BTP 2005 Health Education","btp05.t1indivpay","18:9703::btp05.t1indivpay","9703","18:9703",0.0625,0.2125,20
18,97,"BTP 2005 Health Education","btp05.t1indivpay","18:9704::btp05.t1indivpay","9704","18:9704",0.153846153846154,0.269230769230769,13
18,97,"BTP 2005 Health Education","btp05.t1indivpay","18:9705::btp05.t1indivpay","9705","18:9705",0.140625,0.140625,16
18,97,"BTP 2005 Health Education","btp05.t1indivpay","18:9706::btp05.t1indivpay","9706","18:9706",0.0384615384615385,0.384615384615385,13
18,97,"BTP 2005 Health Education","btp05.t1indivpay","18:9707::btp05.t1indivpay","9707","18:9707",0.0131578947368421,0.25,19
18,97,"BTP 2005 Health Education","btp05.t1indivpay","18:9708::btp05.t1indivpay","9708","18:9708",0.0294117647058823,0.088235294117647,17
18,97,"BTP 2005 Health Education","btp05.t1indivpay","18:9709::btp05.t1indivpay","9709","18:9709",0.088235294117647,0.264705882352941,17
18,97,"BTP 2005 Health Education","btp05.t1indivpay","18:9710::btp05.t1indivpay","9710","18:9710",0.0178571428571429,0.0892857142857143,14
18,97,"BTP 2005 Health Education","btp05.t1indivpay","18:9711::btp05.t1indivpay","9711","18:9711",0.125,0.166666666666667,12
18,97,"BTP 2005 Health Education","btp05.t1indivpay","18:9712::btp05.t1indivpay","9712","18:9712",0.09375,0.1875,16
18,97,"BTP 2005 Health Education","btp05.t1indivpay","18:9713::btp05.t1indivpay","9713","18:9713",0.295454545454545,0.340909090909091,11
18,97,"BTP 2005 Health Education","btp05.t1indivpay","18:9714::btp05.t1indivpay","9714","18:9714",0.171875,0.328125,16
18,97,"BTP 2005 Health Education","btp05.t1indivpay","18:9715::btp05.t1indivpay","9715","18:9715",0.0277777777777778,0.305555555555556,9
18,97,"BTP 2005 Health Education","btp05.t1indivpay","18:9716::btp05.t1indivpay","9716","18:9716",0.136363636363636,0.363636363636364,11
18,97,"BTP 2005 Health Education","btp05.t1indivpay","18:9717::btp05.t1indivpay","9717","18:9717",0.166666666666667,0.2,15
18,97,"BTP 2005 Health Education","btp05.t1indivpay","18:9718::btp05.t1indivpay","9718","18:9718",0.136363636363636,0.318181818181818,11
18,97,"BTP 2005 Health Education","btp05.t1indivpay","18:9719::btp05.t1indivpay","9719","18:9719",0.0535714285714286,0.303571428571429,14
18,97,"BTP 2005 Health Education","btp05.t1indivpay","18:9720::btp05.t1indivpay","9720","18:9720",0.178571428571429,0.25,7
18,97,"BTP 2005 Health Education","btp05.t1indivpay","18:9721::btp05.t1indivpay","9721","18:9721",0.0357142857142857,0.178571428571429,14
18,97,"BTP 2005 Health Education","btp05.t1indivpay","18:9722::btp05.t1indivpay","9722","18:9722",0.0576923076923077,0.134615384615385,13
18,97,"BTP 2005 Health Education","btp05.t1indivpay","18:9723::btp05.t1indivpay","9723","18:9723",0.138888888888889,0.25,18
18,97,"BTP 2005 Health Education","btp05.t1indivpay","18:9724::btp05.t1indivpay","9724","18:9724",0.0294117647058824,0.264705882352941,17
18,97,"BTP 2005 Health Education","btp05.t1indivpay","18:9725::btp05.t1indivpay","9725","18:9725",0.0277777777777778,0.222222222222222,18
18,97,"BTP 2005 Health Education","btp05.t1indivpay","18:9726::btp05.t1indivpay","9726","18:9726",0.125,0.267857142857143,14
18,97,"BTP 2005 Health Education","btp05.t1indivpay","18:9727::btp05.t1indivpay","9727","18:9727",0.109375,0.171875,16
18,97,"BTP 2005 Health Education","btp05.t1indivpay","18:9728::btp05.t1indivpay","9728","18:9728",0.0892857142857143,0.339285714285714,14
18,97,"BTP 2005 Health Education","btp05.t1indivpay","18:9729::btp05.t1indivpay","9729","18:9729",0.0394736842105263,0.144736842105263,19
18,97,"BTP 2005 Health Education","btp05.t1indivpay","18:9730::btp05.t1indivpay","9730","18:9730",0.046875,0.234375,16
1,20,"UK EU","ukeu.eurelat1g","1:2015::ukeu.eurelat1g","2015","1:2015",0.0685185185185185,0.303703703703704,18
1,20,"UK EU","ukeu.eurelat1g","1:2007::ukeu.eurelat1g","2007","1:2007",0.063235294117647,0.254411764705882,17
1,20,"UK EU","ukeu.eurelat1g","1:2014::ukeu.eurelat1g","2014","1:2014",0.0160714285714285,0.158928571428572,14
1,20,"UK EU","ukeu.eurelat1g","1:2004::ukeu.eurelat1g","2004","1:2004",0.0565476190476193,0.136309523809524,14
1,20,"UK EU","ukeu.eurelat1g","1:2012::ukeu.eurelat1g","2012","1:2012",0.0492424242424242,0.214393939393939,11
1,20,"UK EU","ukeu.eurelat1g","1:2002::ukeu.eurelat1g","2002","1:2002",0.0966666666666668,0.21,20
1,20,"UK EU","ukeu.eurelat1g","1:2011::ukeu.eurelat1g","2011","1:2011",0.0493589743589743,0.157051282051282,13
1,20,"UK EU","ukeu.eurelat1g","1:2013::ukeu.eurelat1g","2013","1:2013",0.0715686274509806,0.169607843137255,17
1,20,"UK EU","ukeu.eurelat1g","1:2008::ukeu.eurelat1g","2008","1:2008",0.125757575757576,0.190909090909091,11
1,20,"UK EU","ukeu.eurelat1g","1:2003::ukeu.eurelat1g","2003","1:2003",0.0878205128205126,0.298076923076923,13
1,20,"UK EU","ukeu.eurelat1g","1:2010::ukeu.eurelat1g","2010","1:2010",0.0661111111111112,0.172777777777778,15
1,20,"UK EU","ukeu.eurelat1g","1:2001::ukeu.eurelat1g","2001","1:2001",0.0294444444444445,0.103888888888889,15
1,20,"UK EU","ukeu.eurelat1g","1:2005::ukeu.eurelat1g","2005","1:2005",0.0398809523809524,0.148214285714286,14
1,20,"UK EU","ukeu.eurelat1g","1:2006::ukeu.eurelat1g","2006","1:2006",0.0194444444444446,0.210555555555556,15
1,20,"UK EU","ukeu.eurelat1g","1:2009::ukeu.eurelat1g","2009","1:2009",0.241025641025641,0.28974358974359,13
1,20,"UK EU","ukeu.eurelat1g","1:2099::ukeu.eurelat1g","2099","1:2099",0.408333333333333,0.408333333333333,4
1,20,"UK EU","ukeu.euscope1g","1:2015::ukeu.euscope1g","2015","1:2015",0.114583333333333,0.252083333333333,20
1,20,"UK EU","ukeu.euscope1g","1:2007::ukeu.euscope1g","2007","1:2007",0.0902777777777778,0.196759259259259,18
1,20,"UK EU","ukeu.euscope1g","1:2014::ukeu.euscope1g","2014","1:2014",0.108333333333333,0.180555555555556,15
1,20,"UK EU","ukeu.euscope1g","1:2004::ukeu.euscope1g","2004","1:2004",0.1484375,0.2421875,16
1,20,"UK EU","ukeu.euscope1g","1:2012::ukeu.euscope1g","2012","1:2012",0.234848484848485,0.242424242424243,11
1,20,"UK EU","ukeu.euscope1g","1:2002::ukeu.euscope1g","2002","1:2002",0.2125,0.225,20
1,20,"UK EU","ukeu.euscope1g","1:2011::ukeu.euscope1g","2011","1:2011",0.011111111111111,0.138888888888889,15
1,20,"UK EU","ukeu.euscope1g","1:2013::ukeu.euscope1g","2013","1:2013",0.149509803921569,0.198529411764706,17
1,20,"UK EU","ukeu.euscope1g","1:2008::ukeu.euscope1g","2008","1:2008",0.272727272727273,0.287878787878788,11
1,20,"UK EU","ukeu.euscope1g","1:2003::ukeu.euscope1g","2003","1:2003",0.208333333333333,0.30952380952381,14
1,20,"UK EU","ukeu.euscope1g","1:2010::ukeu.euscope1g","2010","1:2010",0.15625,0.317708333333333,16
1,20,"UK EU","ukeu.euscope1g","1:2001::ukeu.euscope1g","2001","1:2001",0.236111111111111,0.258333333333333,15
1,20,"UK EU","ukeu.euscope1g","1:2005::ukeu.euscope1g","2005","1:2005",0.119444444444445,0.275,15
1,20,"UK EU","ukeu.euscope1g","1:2006::ukeu.euscope1g","2006","1:2006",0.166666666666667,0.265625,16
1,20,"UK EU","ukeu.euscope1g","1:2009::ukeu.euscope1g","2009","1:2009",0.110119047619048,0.193452380952381,14
1,20,"UK EU","ukeu.euscope1g","1:2099::ukeu.euscope1g","2099","1:2099",0.104166666666667,0.104166666666667,4
1,20,"UK EU","ukeu.commies1r","1:2015::ukeu.commies1r","2015","1:2015",0.227941176470588,0.316176470588235,17
1,20,"UK EU","ukeu.commies1r","1:2007::ukeu.commies1r","2007","1:2007",0.1953125,0.2265625,16
1,20,"UK EU","ukeu.commies1r","1:2014::ukeu.commies1r","2014","1:2014",0.303571428571429,0.321428571428571,14
1,20,"UK EU","ukeu.commies1r","1:2004::ukeu.commies1r","2004","1:2004",0.294642857142857,0.330357142857143,14
1,20,"UK EU","ukeu.commies1r","1:2012::ukeu.commies1r","2012","1:2012",0.181818181818182,0.204545454545455,11
1,20,"UK EU","ukeu.commies1r","1:2002::ukeu.commies1r","2002","1:2002",0.3,0.3125,20
1,20,"UK EU","ukeu.commies1r","1:2011::ukeu.commies1r","2011","1:2011",0.346153846153846,0.346153846153846,13
1,20,"UK EU","ukeu.commies1r","1:2013::ukeu.commies1r","2013","1:2013",0.286764705882353,0.301470588235294,17
1,20,"UK EU","ukeu.commies1r","1:2008::ukeu.commies1r","2008","1:2008",0.306818181818182,0.306818181818182,11
1,20,"UK EU","ukeu.commies1r","1:2003::ukeu.commies1r","2003","1:2003",0.326923076923077,0.346153846153846,13
1,20,"UK EU","ukeu.commies1r","1:2010::ukeu.commies1r","2010","1:2010",0.316666666666667,0.333333333333333,15
1,20,"UK EU","ukeu.commies1r","1:2001::ukeu.commies1r","2001","1:2001",0.258333333333333,0.258333333333333,15
1,20,"UK EU","ukeu.commies1r","1:2005::ukeu.commies1r","2005","1:2005",0.241071428571429,0.258928571428571,14
1,20,"UK EU","ukeu.commies1r","1:2006::ukeu.commies1r","2006","1:2006",0.225,0.258333333333333,15
1,20,"UK EU","ukeu.commies1r","1:2009::ukeu.commies1r","2009","1:2009",0.229166666666667,0.25,12
1,20,"UK EU","ukeu.commies1r","1:2099::ukeu.commies1r","2099","1:2099",0.1875,0.1875,4
1,20,"UK EU","ukeu.favref1r","1:2015::ukeu.favref1r","2015","1:2015",0.458333333333333,0.472222222222222,18
1,20,"UK EU","ukeu.favref1r","1:2007::ukeu.favref1r","2007","1:2007",0.433823529411765,0.477941176470588,17
1,20,"UK EU","ukeu.favref1r","1:2014::ukeu.favref1r","2014","1:2014",0.4375,0.455357142857143,14
1,20,"UK EU","ukeu.favref1r","1:2004::ukeu.favref1r","2004","1:2004",0.339285714285714,0.357142857142857,14
1,20,"UK EU","ukeu.favref1r","1:2012::ukeu.favref1r","2012","1:2012",0.431818181818182,0.454545454545455,11
1,20,"UK EU","ukeu.favref1r","1:2002::ukeu.favref1r","2002","1:2002",0.45,0.5,20
1,20,"UK EU","ukeu.favref1r","1:2011::ukeu.favref1r","2011","1:2011",0.461538461538462,0.461538461538462,13
1,20,"UK EU","ukeu.favref1r","1:2013::ukeu.favref1r","2013","1:2013",0.477941176470588,0.477941176470588,17
1,20,"UK EU","ukeu.favref1r","1:2008::ukeu.favref1r","2008","1:2008",0.363636363636364,0.454545454545455,11
1,20,"UK EU","ukeu.favref1r","1:2003::ukeu.favref1r","2003","1:2003",0.384615384615385,0.423076923076923,13
1,20,"UK EU","ukeu.favref1r","1:2010::ukeu.favref1r","2010","1:2010",0.483333333333333,0.483333333333333,15
1,20,"UK EU","ukeu.favref1r","1:2001::ukeu.favref1r","2001","1:2001",0.4,0.433333333333333,15
1,20,"UK EU","ukeu.favref1r","1:2005::ukeu.favref1r","2005","1:2005",0.410714285714286,0.410714285714286,14
1,20,"UK EU","ukeu.favref1r","1:2006::ukeu.favref1r","2006","1:2006",0.433333333333333,0.433333333333333,15
1,20,"UK EU","ukeu.favref1r","1:2009::ukeu.favref1r","2009","1:2009",0.567307692307692,0.567307692307692,13
1,20,"UK EU","ukeu.favref1r","1:2099::ukeu.favref1r","2099","1:2099",0.375,0.375,4
2,22,"UK Health","ukhealth.t1payhlt","2:2208::ukhealth.t1payhlt","2208","2:2208",0.0714285714285714,0.142857142857143,14
2,22,"UK Health","ukhealth.t1payhlt","2:2203::ukhealth.t1payhlt","2203","2:2203",0.153846153846154,0.230769230769231,13
2,22,"UK Health","ukhealth.t1payhlt","2:2212::ukhealth.t1payhlt","2212","2:2212",0.0833333333333333,0.0833333333333333,12
2,22,"UK Health","ukhealth.t1payhlt","2:2211::ukhealth.t1payhlt","2211","2:2211",0.0333333333333333,0.1,15
2,22,"UK Health","ukhealth.t1payhlt","2:2215::ukhealth.t1payhlt","2215","2:2215",0,0.0769230769230769,13
2,22,"UK Health","ukhealth.t1payhlt","2:2207::ukhealth.t1payhlt","2207","2:2207",0.166666666666667,0.166666666666667,12
2,22,"UK Health","ukhealth.t1payhlt","2:2214::ukhealth.t1payhlt","2214","2:2214",0.147058823529412,0.205882352941176,17
2,22,"UK Health","ukhealth.t1payhlt","2:2209::ukhealth.t1payhlt","2209","2:2209",0.133333333333333,0.133333333333333,15
2,22,"UK Health","ukhealth.t1payhlt","2:2213::ukhealth.t1payhlt","2213","2:2213",0.0454545454545455,0.136363636363636,11
2,22,"UK Health","ukhealth.t1payhlt","2:2205::ukhealth.t1payhlt","2205","2:2205",0.0833333333333333,0.166666666666667,12
2,22,"UK Health","ukhealth.t1payhlt","2:2204::ukhealth.t1payhlt","2204","2:2204",0.0833333333333333,0.166666666666667,12
2,22,"UK Health","ukhealth.t1payhlt","2:2206::ukhealth.t1payhlt","2206","2:2206",0.0384615384615385,0.115384615384615,13
2,22,"UK Health","ukhealth.t1payhlt","2:2210::ukhealth.t1payhlt","2210","2:2210",0.05,0.05,10
2,22,"UK Health","ukhealth.t1payhlt","2:2202::ukhealth.t1payhlt","2202","2:2202",0.0416666666666667,0.125,12
2,22,"UK Health","ukhealth.t1payhlt","2:2201::ukhealth.t1payhlt","2201","2:2201",0.125,0.125,12
2,22,"UK Health","ukhealth.t1poora","2:2208::ukhealth.t1poora","2208","2:2208",0.109375,0.171875,16
2,22,"UK Health","ukhealth.t1poora","2:2203::ukhealth.t1poora","2203","2:2203",0.0666666666666667,0.133333333333333,15
2,22,"UK Health","ukhealth.t1poora","2:2212::ukhealth.t1poora","2212","2:2212",0.046875,0.140625,16
2,22,"UK Health","ukhealth.t1poora","2:2211::ukhealth.t1poora","2211","2:2211",0.046875,0.265625,16
2,22,"UK Health","ukhealth.t1poora","2:2215::ukhealth.t1poora","2215","2:2215",0.134615384615385,0.25,13
2,22,"UK Health","ukhealth.t1poora","2:2207::ukhealth.t1poora","2207","2:2207",0.229166666666667,0.395833333333333,12
2,22,"UK Health","ukhealth.t1poora","2:2214::ukhealth.t1poora","2214","2:2214",0.117647058823529,0.441176470588235,17
2,22,"UK Health","ukhealth.t1poora","2:2209::ukhealth.t1poora","2209","2:2209",0.234375,0.359375,16
2,22,"UK Health","ukhealth.t1poora","2:2213::ukhealth.t1poora","2213","2:2213",0.0178571428571428,0.232142857142857,14
2,22,"UK Health","ukhealth.t1poora","2:2205::ukhealth.t1poora","2205","2:2205",0.115384615384615,0.307692307692308,13
2,22,"UK Health","ukhealth.t1poora","2:2204::ukhealth.t1poora","2204","2:2204",0,0.192307692307692,13
2,22,"UK Health","ukhealth.t1poora","2:2206::ukhealth.t1poora","2206","2:2206",0.0892857142857143,0.232142857142857,14
2,22,"UK Health","ukhealth.t1poora","2:2210::ukhealth.t1poora","2210","2:2210",0.134615384615385,0.173076923076923,13
2,22,"UK Health","ukhealth.t1poora","2:2202::ukhealth.t1poora","2202","2:2202",0.0208333333333333,0.270833333333333,12
2,22,"UK Health","ukhealth.t1poora","2:2201::ukhealth.t1poora","2201","2:2201",0.0576923076923077,0.0961538461538462,13
2,22,"UK Health","ukhealth.t1option","2:2208::ukhealth.t1option","2208","2:2208",0.03125,0.15625,16
2,22,"UK Health","ukhealth.t1option","2:2203::ukhealth.t1option","2203","2:2203",0.15625,0.21875,16
2,22,"UK Health","ukhealth.t1option","2:2212::ukhealth.t1option","2212","2:2212",0.09375,0.15625,16
2,22,"UK Health","ukhealth.t1option","2:2211::ukhealth.t1option","2211","2:2211",0,0.0666666666666667,15
2,22,"UK Health","ukhealth.t1option","2:2215::ukhealth.t1option","2215","2:2215",0,0.142857142857143,14
2,22,"UK Health","ukhealth.t1option","2:2207::ukhealth.t1option","2207","2:2207",0.0416666666666667,0.125,12
2,22,"UK Health","ukhealth.t1option","2:2214::ukhealth.t1option","2214","2:2214",0,0.125,16
2,22,"UK Health","ukhealth.t1option","2:2209::ukhealth.t1option","2209","2:2209",0.0666666666666667,0.2,15
2,22,"UK Health","ukhealth.t1option","2:2213::ukhealth.t1option","2213","2:2213",0.0769230769230769,0.307692307692308,13
2,22,"UK Health","ukhealth.t1option","2:2205::ukhealth.t1option","2205","2:2205",0.0416666666666667,0.125,12
2,22,"UK Health","ukhealth.t1option","2:2204::ukhealth.t1option","2204","2:2204",0.0666666666666667,0.2,15
2,22,"UK Health","ukhealth.t1option","2:2206::ukhealth.t1option","2206","2:2206",0.03125,0.15625,16
2,22,"UK Health","ukhealth.t1option","2:2210::ukhealth.t1option","2210","2:2210",0.136363636363636,0.136363636363636,11
2,22,"UK Health","ukhealth.t1option","2:2202::ukhealth.t1option","2202","2:2202",0.0416666666666667,0.208333333333333,12
2,22,"UK Health","ukhealth.t1option","2:2201::ukhealth.t1option","2201","2:2201",0.0384615384615385,0.115384615384615,13
2,22,"UK Health","ukhealth.t1hlthfu","2:2208::ukhealth.t1hlthfu","2208","2:2208",0.1078125,0.1640625,16
2,22,"UK Health","ukhealth.t1hlthfu","2:2203::ukhealth.t1hlthfu","2203","2:2203",0.0223958333333333,0.177604166666667,16
2,22,"UK Health","ukhealth.t1hlthfu","2:2212::ukhealth.t1hlthfu","2212","2:2212",0.0267156862745098,0.138480392156863,17
2,22,"UK Health","ukhealth.t1hlthfu","2:2211::ukhealth.t1hlthfu","2211","2:2211",0.12,0.12,15
2,22,"UK Health","ukhealth.t1hlthfu","2:2215::ukhealth.t1hlthfu","2215","2:2215",0.0442307692307692,0.136538461538462,13
2,22,"UK Health","ukhealth.t1hlthfu","2:2207::ukhealth.t1hlthfu","2207","2:2207",0.0464285714285714,0.146428571428571,14
2,22,"UK Health","ukhealth.t1hlthfu","2:2214::ukhealth.t1hlthfu","2214","2:2214",0.0036764705882353,0.136029411764706,17
2,22,"UK Health","ukhealth.t1hlthfu","2:2209::ukhealth.t1hlthfu","2209","2:2209",0.14140625,0.16484375,16
2,22,"UK Health","ukhealth.t1hlthfu","2:2213::ukhealth.t1hlthfu","2213","2:2213",0.207291666666667,0.307291666666667,12
2,22,"UK Health","ukhealth.t1hlthfu","2:2205::ukhealth.t1hlthfu","2205","2:2205",0.107692307692308,0.238461538461538,13
2,22,"UK Health","ukhealth.t1hlthfu","2:2204::ukhealth.t1hlthfu","2204","2:2204",0.0322222222222222,0.174444444444444,15
2,22,"UK Health","ukhealth.t1hlthfu","2:2206::ukhealth.t1hlthfu","2206","2:2206",0.0723958333333333,0.206770833333333,16
2,22,"UK Health","ukhealth.t1hlthfu","2:2210::ukhealth.t1hlthfu","2210","2:2210",0.0769230769230769,0.161538461538462,13
2,22,"UK Health","ukhealth.t1hlthfu","2:2202::ukhealth.t1hlthfu","2202","2:2202",0.0238636363636364,0.130681818181818,11
2,22,"UK Health","ukhealth.t1hlthfu","2:2201::ukhealth.t1hlthfu","2201","2:2201",0.0679487179487179,0.0987179487179487,13
2,22,"UK Health","ukhealth.t1ctexpt","2:2208::ukhealth.t1ctexpt","2208","2:2208",0.03515625,0.09765625,16
2,22,"UK Health","ukhealth.t1ctexpt","2:2203::ukhealth.t1ctexpt","2203","2:2203",0.0208333333333333,0.126388888888889,15
2,22,"UK Health","ukhealth.t1ctexpt","2:2212::ukhealth.t1ctexpt","2212","2:2212",0.0638888888888889,0.172222222222222,15
2,22,"UK Health","ukhealth.t1ctexpt","2:2211::ukhealth.t1ctexpt","2211","2:2211",0.09375,0.1484375,16
2,22,"UK Health","ukhealth.t1ctexpt","2:2215::ukhealth.t1ctexpt","2215","2:2215",0.076923076923077,0.211538461538462,13
2,22,"UK Health","ukhealth.t1ctexpt","2:2207::ukhealth.t1ctexpt","2207","2:2207",0.0496794871794871,0.165064102564103,13
2,22,"UK Health","ukhealth.t1ctexpt","2:2214::ukhealth.t1ctexpt","2214","2:2214",0.126225490196078,0.204656862745098,17
2,22,"UK Health","ukhealth.t1ctexpt","2:2209::ukhealth.t1ctexpt","2209","2:2209",0.0277777777777778,0.0694444444444445,15
2,22,"UK Health","ukhealth.t1ctexpt","2:2213::ukhealth.t1ctexpt","2213","2:2213",0.0364583333333334,0.213541666666667,12
2,22,"UK Health","ukhealth.t1ctexpt","2:2205::ukhealth.t1ctexpt","2205","2:2205",0.0125,0.1625,15
2,22,"UK Health","ukhealth.t1ctexpt","2:2204::ukhealth.t1ctexpt","2204","2:2204",0.0805555555555555,0.238888888888889,15
2,22,"UK Health","ukhealth.t1ctexpt","2:2206::ukhealth.t1ctexpt","2206","2:2206",0.00520833333333332,0.138020833333333,16
2,22,"UK Health","ukhealth.t1ctexpt","2:2210::ukhealth.t1ctexpt","2210","2:2210",0.0865384615384615,0.182692307692308,13
2,22,"UK Health","ukhealth.t1ctexpt","2:2202::ukhealth.t1ctexpt","2202","2:2202",0.0486111111111111,0.149305555555556,12
2,22,"UK Health","ukhealth.t1ctexpt","2:2201::ukhealth.t1ctexpt","2201","2:2201",0.0639880952380952,0.162202380952381,14
2,22,"UK Health","ukhealth.t1pritre","2:2208::ukhealth.t1pritre","2208","2:2208",0.0260416666666666,0.130208333333333,16
2,22,"UK Health","ukhealth.t1pritre","2:2203::ukhealth.t1pritre","2203","2:2203",0.0260416666666667,0.203125,16
2,22,"UK Health","ukhealth.t1pritre","2:2212::ukhealth.t1pritre","2212","2:2212",0.122222222222222,0.194444444444444,15
2,22,"UK Health","ukhealth.t1pritre","2:2211::ukhealth.t1pritre","2211","2:2211",0.0444444444444445,0.122222222222222,15
2,22,"UK Health","ukhealth.t1pritre","2:2215::ukhealth.t1pritre","2215","2:2215",0.0451388888888891,0.197916666666667,12
2,22,"UK Health","ukhealth.t1pritre","2:2207::ukhealth.t1pritre","2207","2:2207",0.0641025641025642,0.153846153846154,13
2,22,"UK Health","ukhealth.t1pritre","2:2214::ukhealth.t1pritre","2214","2:2214",0.0520833333333334,0.197916666666667,16
2,22,"UK Health","ukhealth.t1pritre","2:2209::ukhealth.t1pritre","2209","2:2209",0.05,0.138888888888889,15
2,22,"UK Health","ukhealth.t1pritre","2:2213::ukhealth.t1pritre","2213","2:2213",0.0256410256410256,0.320512820512821,13
2,22,"UK Health","ukhealth.t1pritre","2:2205::ukhealth.t1pritre","2205","2:2205",0.159722222222222,0.1875,12
2,22,"UK Health","ukhealth.t1pritre","2:2204::ukhealth.t1pritre","2204","2:2204",0.111111111111111,0.266666666666667,15
2,22,"UK Health","ukhealth.t1pritre","2:2206::ukhealth.t1pritre","2206","2:2206",0.163888888888889,0.275,15
2,22,"UK Health","ukhealth.t1pritre","2:2210::ukhealth.t1pritre","2210","2:2210",0.0544871794871794,0.169871794871795,13
2,22,"UK Health","ukhealth.t1pritre","2:2202::ukhealth.t1pritre","2202","2:2202",0.0208333333333335,0.173611111111111,12
2,22,"UK Health","ukhealth.t1pritre","2:2201::ukhealth.t1pritre","2201","2:2201",0.176282051282051,0.189102564102564,13
2,22,"UK Health","ukhealth.t1severi","2:2208::ukhealth.t1severi","2208","2:2208",0.0544871794871796,0.221153846153846,13
2,22,"UK Health","ukhealth.t1severi","2:2203::ukhealth.t1severi","2203","2:2203",0.141666666666667,0.266666666666667,10
2,22,"UK Health","ukhealth.t1severi","2:2212::ukhealth.t1severi","2212","2:2212",0.00555555555555565,0.222222222222222,15
2,22,"UK Health","ukhealth.t1severi","2:2211::ukhealth.t1severi","2211","2:2211",0.116666666666667,0.211111111111111,15
2,22,"UK Health","ukhealth.t1severi","2:2215::ukhealth.t1severi","2215","2:2215",0.121527777777778,0.211805555555556,12
2,22,"UK Health","ukhealth.t1severi","2:2207::ukhealth.t1severi","2207","2:2207",0.0961538461538463,0.166666666666667,13
2,22,"UK Health","ukhealth.t1severi","2:2214::ukhealth.t1severi","2214","2:2214",0.147222222222222,0.225,15
2,22,"UK Health","ukhealth.t1severi","2:2209::ukhealth.t1severi","2209","2:2209",0.0194444444444444,0.269444444444445,15
2,22,"UK Health","ukhealth.t1severi","2:2213::ukhealth.t1severi","2213","2:2213",0.0885416666666667,0.255208333333333,8
2,22,"UK Health","ukhealth.t1severi","2:2205::ukhealth.t1severi","2205","2:2205",0.141025641025641,0.185897435897436,13
2,22,"UK Health","ukhealth.t1severi","2:2204::ukhealth.t1severi","2204","2:2204",0.1125,0.229166666666667,10
2,22,"UK Health","ukhealth.t1severi","2:2206::ukhealth.t1severi","2206","2:2206",0.157738095238095,0.282738095238095,14
2,22,"UK Health","ukhealth.t1severi","2:2210::ukhealth.t1severi","2210","2:2210",0.0468750000000001,0.234375,8
2,22,"UK Health","ukhealth.t1severi","2:2202::ukhealth.t1severi","2202","2:2202",0.0555555555555556,0.148148148148148,9
2,22,"UK Health","ukhealth.t1severi","2:2201::ukhealth.t1severi","2201","2:2201",0.266025641025641,0.266025641025641,13
2,22,"UK Health","ukhealth.t1preven","2:2208::ukhealth.t1preven","2208","2:2208",0.107142857142857,0.321428571428571,14
2,22,"UK Health","ukhealth.t1preven","2:2203::ukhealth.t1preven","2203","2:2203",0.0166666666666667,0.183333333333333,15
2,22,"UK Health","ukhealth.t1preven","2:2212::ukhealth.t1preven","2212","2:2212",0.115384615384615,0.192307692307692,13
2,22,"UK Health","ukhealth.t1preven","2:2211::ukhealth.t1preven","2211","2:2211",0.303571428571429,0.339285714285714,14
2,22,"UK Health","ukhealth.t1preven","2:2215::ukhealth.t1preven","2215","2:2215",0.0192307692307692,0.25,13
2,22,"UK Health","ukhealth.t1preven","2:2207::ukhealth.t1preven","2207","2:2207",0.0625,0.104166666666667,12
2,22,"UK Health","ukhealth.t1preven","2:2214::ukhealth.t1preven","2214","2:2214",0.05,0.35,15
2,22,"UK Health","ukhealth.t1preven","2:2209::ukhealth.t1preven","2209","2:2209",0.09375,0.3125,16
2,22,"UK Health","ukhealth.t1preven","2:2213::ukhealth.t1preven","2213","2:2213",0.136363636363636,0.272727272727273,11
2,22,"UK Health","ukhealth.t1preven","2:2205::ukhealth.t1preven","2205","2:2205",0.0769230769230769,0.230769230769231,13
2,22,"UK Health","ukhealth.t1preven","2:2204::ukhealth.t1preven","2204","2:2204",0.0714285714285715,0.321428571428571,14
2,22,"UK Health","ukhealth.t1preven","2:2206::ukhealth.t1preven","2206","2:2206",0.116666666666667,0.35,15
2,22,"UK Health","ukhealth.t1preven","2:2210::ukhealth.t1preven","2210","2:2210",0.0909090909090909,0.318181818181818,11
2,22,"UK Health","ukhealth.t1preven","2:2202::ukhealth.t1preven","2202","2:2202",0,0.136363636363636,11
2,22,"UK Health","ukhealth.t1preven","2:2201::ukhealth.t1preven","2201","2:2201",0.125,0.232142857142857,14
2,22,"UK Health","ukhealth.t1dispub","2:2208::ukhealth.t1dispub","2208","2:2208",0.0833333333333333,0.116666666666667,15
2,22,"UK Health","ukhealth.t1dispub","2:2203::ukhealth.t1dispub","2203","2:2203",0.0227272727272727,0.159090909090909,11
2,22,"UK Health","ukhealth.t1dispub","2:2212::ukhealth.t1dispub","2212","2:2212",0.116666666666667,0.15,15
2,22,"UK Health","ukhealth.t1dispub","2:2211::ukhealth.t1dispub","2211","2:2211",0.1,0.166666666666667,15
2,22,"UK Health","ukhealth.t1dispub","2:2215::ukhealth.t1dispub","2215","2:2215",0.0576923076923077,0.25,13
2,22,"UK Health","ukhealth.t1dispub","2:2207::ukhealth.t1dispub","2207","2:2207",0.076923076923077,0.192307692307692,13
2,22,"UK Health","ukhealth.t1dispub","2:2214::ukhealth.t1dispub","2214","2:2214",0.0961538461538462,0.134615384615385,13
2,22,"UK Health","ukhealth.t1dispub","2:2209::ukhealth.t1dispub","2209","2:2209",0.0833333333333333,0.15,15
2,22,"UK Health","ukhealth.t1dispub","2:2213::ukhealth.t1dispub","2213","2:2213",0.03125,0.28125,8
2,22,"UK Health","ukhealth.t1dispub","2:2205::ukhealth.t1dispub","2205","2:2205",0.0454545454545455,0.136363636363636,11
2,22,"UK Health","ukhealth.t1dispub","2:2204::ukhealth.t1dispub","2204","2:2204",0,0.178571428571429,14
2,22,"UK Health","ukhealth.t1dispub","2:2206::ukhealth.t1dispub","2206","2:2206",0.181818181818182,0.181818181818182,11
2,22,"UK Health","ukhealth.t1dispub","2:2210::ukhealth.t1dispub","2210","2:2210",0.134615384615385,0.211538461538462,13
2,22,"UK Health","ukhealth.t1dispub","2:2202::ukhealth.t1dispub","2202","2:2202",0.0909090909090909,0.0909090909090909,11
2,22,"UK Health","ukhealth.t1dispub","2:2201::ukhealth.t1dispub","2201","2:2201",0.0384615384615385,0.192307692307692,13
3,23,"UK Monarchy","ukmonarchy.t1supmon","3:2303::ukmonarchy.t1supmon","2303","3:2303",0.114851845635308,0.162351850006315,18
3,23,"UK Monarchy","ukmonarchy.t1supmon","3:2309::ukmonarchy.t1supmon","2309","3:2309",0.0793947295138711,0.216807021906501,19
3,23,"UK Monarchy","ukmonarchy.t1supmon","3:2310::ukmonarchy.t1supmon","2310","3:2310",0.0956607149647814,0.202803572107639,14
3,23,"UK Monarchy","ukmonarchy.t1supmon","3:2307::ukmonarchy.t1supmon","2307","3:2307",0.0225735333035975,0.119308823171784,17
3,23,"UK Monarchy","ukmonarchy.t1supmon","3:2315::ukmonarchy.t1supmon","2315","3:2315",0.0927833368380864,0.180538887778918,15
3,23,"UK Monarchy","ukmonarchy.t1supmon","3:2314::ukmonarchy.t1supmon","2314","3:2314",0.128870363036792,0.159444446365039,18
3,23,"UK Monarchy","ukmonarchy.t1supmon","3:2308::ukmonarchy.t1supmon","2308","3:2308",0.0771805617130466,0.171004633729657,18
3,23,"UK Monarchy","ukmonarchy.t1supmon","3:2311::ukmonarchy.t1supmon","2311","3:2311",0.06402631711803,0.191824562259411,19
3,23,"UK Monarchy","ukmonarchy.t1supmon","3:2305::ukmonarchy.t1supmon","2305","3:2305",0.148737184130229,0.188903846419775,13
3,23,"UK Monarchy","ukmonarchy.t1supmon","3:2306::ukmonarchy.t1supmon","2306","3:2306",0.130273148417473,0.147856482201152,18
3,23,"UK Monarchy","ukmonarchy.t1supmon","3:2302::ukmonarchy.t1supmon","2302","3:2302",0.103444437185923,0.2540462911129,18
3,23,"UK Monarchy","ukmonarchy.t1supmon","3:2312::ukmonarchy.t1supmon","2312","3:2312",0.137192704714835,0.212536456994712,16
3,23,"UK Monarchy","ukmonarchy.t1supmon","3:2313::ukmonarchy.t1supmon","2313","3:2313",0.124656251631677,0.148937500081956,16
3,23,"UK Monarchy","ukmonarchy.t1supmon","3:2316::ukmonarchy.t1supmon","2316","3:2316",0.107197374889725,0.168320179769868,19
3,23,"UK Monarchy","ukmonarchy.t1supmon","3:2304::ukmonarchy.t1supmon","2304","3:2304",0.0209313718711629,0.09771568459623,17
3,23,"UK Monarchy","ukmonarchy.t1mpop","3:2303::ukmonarchy.t1mpop","2303","3:2303",0.0972222139437992,0.143518512447675,18
3,23,"UK Monarchy","ukmonarchy.t1mpop","3:2309::ukmonarchy.t1mpop","2309","3:2309",0.0307017596144427,0.0964912332986532,19
3,23,"UK Monarchy","ukmonarchy.t1mpop","3:2310::ukmonarchy.t1mpop","2310","3:2310",0.05,0.105555562178294,15
3,23,"UK Monarchy","ukmonarchy.t1mpop","3:2307::ukmonarchy.t1mpop","2307","3:2307",0.0245098015841315,0.117647069341996,17
3,23,"UK Monarchy","ukmonarchy.t1mpop","3:2315::ukmonarchy.t1mpop","2315","3:2315",0.0972222258647283,0.136111117402713,15
3,23,"UK Monarchy","ukmonarchy.t1mpop","3:2314::ukmonarchy.t1mpop","2314","3:2314",0.0370370381408268,0.0740740762816536,18
3,23,"UK Monarchy","ukmonarchy.t1mpop","3:2308::ukmonarchy.t1mpop","2308","3:2308",0.0138888855775197,0.0740740663475459,18
3,23,"UK Monarchy","ukmonarchy.t1mpop","3:2311::ukmonarchy.t1mpop","2311","3:2311",0.00219298271756426,0.103070178314259,19
3,23,"UK Monarchy","ukmonarchy.t1mpop","3:2305::ukmonarchy.t1mpop","2305","3:2305",0.0352564110205724,0.0673076991851515,13
3,23,"UK Monarchy","ukmonarchy.t1mpop","3:2306::ukmonarchy.t1mpop","2306","3:2306",0.0528508769838434,0.151535078098899,19
3,23,"UK Monarchy","ukmonarchy.t1mpop","3:2302::ukmonarchy.t1mpop","2302","3:2302",0.000925920075840272,0.128703698515892,18
3,23,"UK Monarchy","ukmonarchy.t1mpop","3:2312::ukmonarchy.t1mpop","2312","3:2312",0.0794117608491112,0.100980392273735,17
3,23,"UK Monarchy","ukmonarchy.t1mpop","3:2313::ukmonarchy.t1mpop","2313","3:2313",0.0494791669771075,0.174479163251817,16
3,23,"UK Monarchy","ukmonarchy.t1mpop","3:2316::ukmonarchy.t1mpop","2316","3:2316",0.0745613998488375,0.140350876670135,19
3,23,"UK Monarchy","ukmonarchy.t1mpop","3:2304::ukmonarchy.t1mpop","2304","3:2304",0.0117647069341996,0.115686278132831,17
3,23,"UK Monarchy","ukmonarchy.t1pwrm","3:2303::ukmonarchy.t1pwrm","2303","3:2303",0.131944444444444,0.256944444444444,18
3,23,"UK Monarchy","ukmonarchy.t1pwrm","3:2309::ukmonarchy.t1pwrm","2309","3:2309",0.0763888888888889,0.270833333333333,18
3,23,"UK Monarchy","ukmonarchy.t1pwrm","3:2310::ukmonarchy.t1pwrm","2310","3:2310",0.158333333333333,0.241666666666667,15
3,23,"UK Monarchy","ukmonarchy.t1pwrm","3:2307::ukmonarchy.t1pwrm","2307","3:2307",0.0546875,0.2109375,16
3,23,"UK Monarchy","ukmonarchy.t1pwrm","3:2315::ukmonarchy.t1pwrm","2315","3:2315",0.00892857142857144,0.276785714285714,14
3,23,"UK Monarchy","ukmonarchy.t1pwrm","3:2314::ukmonarchy.t1pwrm","2314","3:2314",0.152777777777778,0.236111111111111,18
3,23,"UK Monarchy","ukmonarchy.t1pwrm","3:2308::ukmonarchy.t1pwrm","2308","3:2308",0.118055555555556,0.270833333333333,18
3,23,"UK Monarchy","ukmonarchy.t1pwrm","3:2311::ukmonarchy.t1pwrm","2311","3:2311",0.177631578947368,0.282894736842105,19
3,23,"UK Monarchy","ukmonarchy.t1pwrm","3:2305::ukmonarchy.t1pwrm","2305","3:2305",0.0288461538461538,0.163461538461538,13
3,23,"UK Monarchy","ukmonarchy.t1pwrm","3:2306::ukmonarchy.t1pwrm","2306","3:2306",0.0902777777777778,0.215277777777778,18
3,23,"UK Monarchy","ukmonarchy.t1pwrm","3:2302::ukmonarchy.t1pwrm","2302","3:2302",0.0625,0.145833333333333,18
3,23,"UK Monarchy","ukmonarchy.t1pwrm","3:2312::ukmonarchy.t1pwrm","2312","3:2312",0.015625,0.171875,16
3,23,"UK Monarchy","ukmonarchy.t1pwrm","3:2313::ukmonarchy.t1pwrm","2313","3:2313",0.075,0.225,15
3,23,"UK Monarchy","ukmonarchy.t1pwrm","3:2316::ukmonarchy.t1pwrm","2316","3:2316",0.0328947368421053,0.138157894736842,19
3,23,"UK Monarchy","ukmonarchy.t1pwrm","3:2304::ukmonarchy.t1pwrm","2304","3:2304",0.025,0.158333333333333,15
3,23,"UK Monarchy","ukmonarchy.t1reflor","3:2303::ukmonarchy.t1reflor","2303","3:2303",0.0294117655824212,0.254901958739056,17
3,23,"UK Monarchy","ukmonarchy.t1reflor","3:2309::ukmonarchy.t1reflor","2309","3:2309",0.0147058867356358,0.181372545221273,17
3,23,"UK Monarchy","ukmonarchy.t1reflor","3:2310::ukmonarchy.t1reflor","2310","3:2310",4.9670538719108e-09,0.344444438815117,15
3,23,"UK Monarchy","ukmonarchy.t1reflor","3:2307::ukmonarchy.t1reflor","2307","3:2307",0.0588235259056091,0.215686268666211,17
3,23,"UK Monarchy","ukmonarchy.t1reflor","3:2315::ukmonarchy.t1reflor","2315","3:2315",0.108974351332738,0.339743591271914,13
3,23,"UK Monarchy","ukmonarchy.t1reflor","3:2314::ukmonarchy.t1reflor","2314","3:2314",0.0468749962747095,0.38020833209157,16
3,23,"UK Monarchy","ukmonarchy.t1reflor","3:2308::ukmonarchy.t1reflor","2308","3:2308",0.104166668839753,0.187499999068677,16
3,23,"UK Monarchy","ukmonarchy.t1reflor","3:2311::ukmonarchy.t1reflor","2311","3:2311",0.115740739636951,0.171296288569768,18
3,23,"UK Monarchy","ukmonarchy.t1reflor","3:2305::ukmonarchy.t1reflor","2305","3:2305",0.00641024800447298,0.173076920784437,13
3,23,"UK Monarchy","ukmonarchy.t1reflor","3:2306::ukmonarchy.t1reflor","2306","3:2306",0.0784313669976065,0.196078425821136,17
3,23,"UK Monarchy","ukmonarchy.t1reflor","3:2302::ukmonarchy.t1reflor","2302","3:2302",0.00925925374031053,0.138888892200258,18
3,23,"UK Monarchy","ukmonarchy.t1reflor","3:2312::ukmonarchy.t1reflor","2312","3:2312",0.155555551250776,0.24444444278876,15
3,23,"UK Monarchy","ukmonarchy.t1reflor","3:2313::ukmonarchy.t1reflor","2313","3:2313",0.161458330228925,0.265624994412064,16
3,23,"UK Monarchy","ukmonarchy.t1reflor","3:2316::ukmonarchy.t1reflor","2316","3:2316",0.00877193322307198,0.254385963082314,19
3,23,"UK Monarchy","ukmonarchy.t1reflor","3:2304::ukmonarchy.t1reflor","2304","3:2304",0.0388888875643412,0.105555554231008,15
4,25,"UK General Election","ukbge.t1redist","4:2501::ukbge.t1redist","2501","4:2501",0.0555555572112402,0.222222220566538,18
4,25,"UK General Election","ukbge.t1redist","4:2502::ukbge.t1redist","2502","4:2502",0.055238093648638,0.198095233667464,21
4,25,"UK General Election","ukbge.t1redist","4:2503::ukbge.t1redist","2503","4:2503",0.0100000027348014,0.148823532988044,17
4,25,"UK General Election","ukbge.t1redist","4:2504::ukbge.t1redist","2504","4:2504",0.130769236729695,0.256923072613203,13
4,25,"UK General Election","ukbge.t1redist","4:2505::ukbge.t1redist","2505","4:2505",0.0336842034992417,0.175789469166806,19
4,25,"UK General Election","ukbge.t1redist","4:2506::ukbge.t1redist","2506","4:2506",0.0644444450736046,0.15666666544146,18
4,25,"UK General Election","ukbge.t1redist","4:2507::ukbge.t1redist","2507","4:2507",0.147058826159029,0.22588235753424,17
4,25,"UK General Election","ukbge.t1redist","4:2508::ukbge.t1redist","2508","4:2508",0.065999998152256,0.182999996840954,20
4,25,"UK General Election","ukbge.t1redist","4:2509::ukbge.t1redist","2509","4:2509",0.041874997317791,0.166875002905727,16
4,25,"UK General Election","ukbge.t1redist","4:2510::ukbge.t1redist","2510","4:2510",0.0582352920490152,0.11705882146078,17
4,25,"UK General Election","ukbge.t1redist","4:2511::ukbge.t1redist","2511","4:2511",0.0531250024214388,0.196874991990626,16
4,25,"UK General Election","ukbge.t1redist","4:2512::ukbge.t1redist","2512","4:2512",0.0483333377374544,0.194999998642339,18
4,25,"UK General Election","ukbge.t1redist","4:2513::ukbge.t1redist","2513","4:2513",0.138888887233204,0.176666668719716,18
4,25,"UK General Election","ukbge.t1redist","4:2514::ukbge.t1redist","2514","4:2514",0.0409999974071979,0.139999993890524,20
4,25,"UK General Election","ukbge.t1redist","4:2515::ukbge.t1redist","2515","4:2515",0.133333331346512,0.222666670878728,15
4,25,"UK General Election","ukbge.t1tax","4:2501::ukbge.t1tax","2501","4:2501",0.12888888683584,0.295555550191137,18
4,25,"UK General Election","ukbge.t1tax","4:2502::ukbge.t1tax","2502","4:2502",0.027619046824319,0.130476188092005,21
4,25,"UK General Election","ukbge.t1tax","4:2503::ukbge.t1tax","2503","4:2503",0.0724999979138374,0.197499997913837,16
4,25,"UK General Election","ukbge.t1tax","4:2504::ukbge.t1tax","2504","4:2504",0.0840000033378602,0.1599999944369,15
4,25,"UK General Election","ukbge.t1tax","4:2505::ukbge.t1tax","2505","4:2505",0.133333328697416,0.226666665739483,18
4,25,"UK General Election","ukbge.t1tax","4:2506::ukbge.t1tax","2506","4:2506",0.00437499396502957,0.171874998137355,16
4,25,"UK General Election","ukbge.t1tax","4:2507::ukbge.t1tax","2507","4:2507",0.131764702937182,0.219999997054829,17
4,25,"UK General Election","ukbge.t1tax","4:2508::ukbge.t1tax","2508","4:2508",0.115555554628372,0.207777774996228,18
4,25,"UK General Election","ukbge.t1tax","4:2509::ukbge.t1tax","2509","4:2509",0.286875002086163,0.338124997913837,16
4,25,"UK General Election","ukbge.t1tax","4:2510::ukbge.t1tax","2510","4:2510",0.102941176470588,0.20058823333067,17
4,25,"UK General Election","ukbge.t1tax","4:2511::ukbge.t1tax","2511","4:2511",0.0518749980255961,0.208124999888241,16
4,25,"UK General Election","ukbge.t1tax","4:2512::ukbge.t1tax","2512","4:2512",0.0347368403484946,0.271578945611653,19
4,25,"UK General Election","ukbge.t1tax","4:2513::ukbge.t1tax","2513","4:2513",0.150588228422053,0.239999999018276,17
4,25,"UK General Election","ukbge.t1tax","4:2514::ukbge.t1tax","2514","4:2514",0.133333328697416,0.272222217586305,18
4,25,"UK General Election","ukbge.t1tax","4:2515::ukbge.t1tax","2515","4:2515",0.0835714318922589,0.202142853822027,14
4,25,"UK General Election","ukbge.t1wage","4:2501::ukbge.t1wage","2501","4:2501",0.0106249991804361,0.198124999180436,16
4,25,"UK General Election","ukbge.t1wage","4:2502::ukbge.t1wage","2502","4:2502",0.158095236335482,0.206666669675282,21
4,25,"UK General Election","ukbge.t1wage","4:2503::ukbge.t1wage","2503","4:2503",0.0779999981323877,0.189999998609225,15
4,25,"UK General Election","ukbge.t1wage","4:2504::ukbge.t1wage","2504","4:2504",0.0294117655824213,0.264705881476402,17
4,25,"UK General Election","ukbge.t1wage","4:2505::ukbge.t1wage","2505","4:2505",0.121111114819845,0.177777783738242,18
4,25,"UK General Election","ukbge.t1wage","4:2506::ukbge.t1wage","2506","4:2506",0.0970588186207938,0.117058820584241,17
4,25,"UK General Election","ukbge.t1wage","4:2507::ukbge.t1wage","2507","4:2507",0.0106250001117587,0.135625001974404,16
4,25,"UK General Election","ukbge.t1wage","4:2508::ukbge.t1wage","2508","4:2508",0.0988235350917369,0.176470589988372,17
4,25,"UK General Election","ukbge.t1wage","4:2509::ukbge.t1wage","2509","4:2509",0.0666666616996128,0.177333332101504,15
4,25,"UK General Election","ukbge.t1wage","4:2510::ukbge.t1wage","2510","4:2510",0.0288235229604382,0.282941169598523,17
4,25,"UK General Election","ukbge.t1wage","4:2511::ukbge.t1wage","2511","4:2511",0.0446666677792867,0.13400000333786,15
4,25,"UK General Election","ukbge.t1wage","4:2512::ukbge.t1wage","2512","4:2512",0.000588239992366235,0.293529410572613,17
4,25,"UK General Election","ukbge.t1wage","4:2513::ukbge.t1wage","2513","4:2513",8.27842319386621e-10,0.16666666418314,18
4,25,"UK General Election","ukbge.t1wage","4:2514::ukbge.t1wage","2514","4:2514",0.0963157885953,0.148947367542668,19
4,25,"UK General Election","ukbge.t1wage","4:2515::ukbge.t1wage","2515","4:2515",0.0113333374261857,0.234000004331271,15
4,25,"UK General Election","ukbge.t1eu","4:2501::ukbge.t1eu","2501","4:2501",0.0133333293100197,0.1233333311975,12
4,25,"UK General Election","ukbge.t1eu","4:2502::ukbge.t1eu","2502","4:2502",0.140555558933152,0.250555555025737,18
4,25,"UK General Election","ukbge.t1eu","4:2503::ukbge.t1eu","2503","4:2503",0.07166667158405,0.210000002135833,12
4,25,"UK General Election","ukbge.t1eu","4:2504::ukbge.t1eu","2504","4:2504",0.132142860974584,0.250714291419302,14
4,25,"UK General Election","ukbge.t1eu","4:2505::ukbge.t1eu","2505","4:2505",0.14647058791974,0.204117640852928,17
4,25,"UK General Election","ukbge.t1eu","4:2506::ukbge.t1eu","2506","4:2506",0.130555556880103,0.185000000728501,18
4,25,"UK General Election","ukbge.t1eu","4:2507::ukbge.t1eu","2507","4:2507",0.24399999777476,0.333333335320155,15
4,25,"UK General Election","ukbge.t1eu","4:2508::ukbge.t1eu","2508","4:2508",0.14705882528249,0.167058827245937,17
4,25,"UK General Election","ukbge.t1eu","4:2509::ukbge.t1eu","2509","4:2509",0.176666659116745,0.221999996900558,15
4,25,"UK General Election","ukbge.t1eu","4:2510::ukbge.t1eu","2510","4:2510",0.0988235272028866,0.314117646392654,17
4,25,"UK General Election","ukbge.t1eu","4:2511::ukbge.t1eu","2511","4:2511",0.11615384885898,0.168461544009356,13
4,25,"UK General Election","ukbge.t1eu","4:2512::ukbge.t1eu","2512","4:2512",0.0205882402027355,0.254705883124295,17
4,25,"UK General Election","ukbge.t1eu","4:2513::ukbge.t1eu","2513","4:2513",0.153846158431127,0.30769231227728,13
4,25,"UK General Election","ukbge.t1eu","4:2514::ukbge.t1eu","2514","4:2514",0.231111106773217,0.249999997516473,18
4,25,"UK General Election","ukbge.t1eu","4:2515::ukbge.t1eu","2515","4:2515",0.0124999942878882,0.152499994883935,12
5,26,"Australia Republic Referendum","aus.republican1","5:2610::aus.republican1","2610","5:2610",0.00595238095238106,0.172619047619048,14
5,26,"Australia Republic Referendum","aus.republican1","5:2617::aus.republican1","2617","5:2617",0.0238095238095239,0.202380952380952,14
5,26,"Australia Republic Referendum","aus.republican1","5:2601::aus.republican1","2601","5:2601",0.114583333333333,0.15625,16
5,26,"Australia Republic Referendum","aus.republican1","5:2615::aus.republican1","2615","5:2615",0.0505952380952381,0.276785714285714,14
5,26,"Australia Republic Referendum","aus.republican1","5:2623::aus.republican1","2623","5:2623",0.121794871794872,0.173076923076923,13
5,26,"Australia Republic Referendum","aus.republican1","5:2620::aus.republican1","2620","5:2620",0.0572916666666668,0.171875,16
5,26,"Australia Republic Referendum","aus.republican1","5:2622::aus.republican1","2622","5:2622",0.122222222222222,0.144444444444445,15
5,26,"Australia Republic Referendum","aus.republican1","5:2618::aus.republican1","2618","5:2618",0.111111111111111,0.152777777777778,12
5,26,"Australia Republic Referendum","aus.republican1","5:2619::aus.republican1","2619","5:2619",0.1,0.211111111111111,15
5,26,"Australia Republic Referendum","aus.republican1","5:2604::aus.republican1","2604","5:2604",0.0156249999999999,0.161458333333333,16
5,26,"Australia Republic Referendum","aus.republican1","5:2616::aus.republican1","2616","5:2616",0.166666666666667,0.222222222222222,15
5,26,"Australia Republic Referendum","aus.republican1","5:2613::aus.republican1","2613","5:2613",0.109375,0.234375,16
5,26,"Australia Republic Referendum","aus.republican1","5:2621::aus.republican1","2621","5:2621",0.147435897435897,0.237179487179487,13
5,26,"Australia Republic Referendum","aus.republican1","5:2603::aus.republican1","2603","5:2603",0.154761904761905,0.19047619047619,14
5,26,"Australia Republic Referendum","aus.republican1","5:2602::aus.republican1","2602","5:2602",0.0392156862745097,0.254901960784314,17
5,26,"Australia Republic Referendum","aus.republican1","5:2614::aus.republican1","2614","5:2614",0.0714285714285716,0.130952380952381,14
5,26,"Australia Republic Referendum","aus.republican1","5:2607::aus.republican1","2607","5:2607",0.0555555555555555,0.255555555555556,15
5,26,"Australia Republic Referendum","aus.republican1","5:2608::aus.republican1","2608","5:2608",0.0347222222222222,0.159722222222222,12
5,26,"Australia Republic Referendum","aus.republican1","5:2612::aus.republican1","2612","5:2612",0.130952380952381,0.142857142857143,14
5,26,"Australia Republic Referendum","aus.republican1","5:2606::aus.republican1","2606","5:2606",0.0703124999999999,0.1953125,16
5,26,"Australia Republic Referendum","aus.republican1","5:2611::aus.republican1","2611","5:2611",0.0654761904761903,0.172619047619048,14
5,26,"Australia Republic Referendum","aus.republican1","5:2609::aus.republican1","2609","5:2609",0.09375,0.166666666666667,16
5,26,"Australia Republic Referendum","aus.republican1","5:2624::aus.republican1","2624","5:2624",0.0576923076923076,0.198717948717949,13
5,26,"Australia Republic Referendum","aus.republican1","5:2605::aus.republican1","2605","5:2605",0.237179487179487,0.25,13
5,26,"Australia Republic Referendum","aus.popparl1","5:2610::aus.popparl1","2610","5:2610",0.0833333333333333,0.375,12
5,26,"Australia Republic Referendum","aus.popparl1","5:2617::aus.popparl1","2617","5:2617",0.288461538461538,0.365384615384615,13
5,26,"Australia Republic Referendum","aus.popparl1","5:2601::aus.popparl1","2601","5:2601",0.227272727272727,0.318181818181818,11
5,26,"Australia Republic Referendum","aus.popparl1","5:2615::aus.popparl1","2615","5:2615",0.192307692307692,0.307692307692308,13
5,26,"Australia Republic Referendum","aus.popparl1","5:2623::aus.popparl1","2623","5:2623",0.479166666666667,0.479166666666667,12
5,26,"Australia Republic Referendum","aus.popparl1","5:2620::aus.popparl1","2620","5:2620",0.0769230769230769,0.230769230769231,13
5,26,"Australia Republic Referendum","aus.popparl1","5:2622::aus.popparl1","2622","5:2622",0.230769230769231,0.423076923076923,13
5,26,"Australia Republic Referendum","aus.popparl1","5:2618::aus.popparl1","2618","5:2618",0.464285714285714,0.464285714285714,7
5,26,"Australia Republic Referendum","aus.popparl1","5:2619::aus.popparl1","2619","5:2619",0.214285714285714,0.285714285714286,14
5,26,"Australia Republic Referendum","aus.popparl1","5:2604::aus.popparl1","2604","5:2604",0.25,0.333333333333333,12
5,26,"Australia Republic Referendum","aus.popparl1","5:2616::aus.popparl1","2616","5:2616",0.517857142857143,0.553571428571429,14
5,26,"Australia Republic Referendum","aus.popparl1","5:2613::aus.popparl1","2613","5:2613",0.318181818181818,0.409090909090909,11
5,26,"Australia Republic Referendum","aus.popparl1","5:2621::aus.popparl1","2621","5:2621",0.522727272727273,0.522727272727273,11
5,26,"Australia Republic Referendum","aus.popparl1","5:2603::aus.popparl1","2603","5:2603",0.1875,0.1875,8
5,26,"Australia Republic Referendum","aus.popparl1","5:2602::aus.popparl1","2602","5:2602",0.409090909090909,0.409090909090909,11
5,26,"Australia Republic Referendum","aus.popparl1","5:2614::aus.popparl1","2614","5:2614",0.333333333333333,0.388888888888889,9
5,26,"Australia Republic Referendum","aus.popparl1","5:2607::aus.popparl1","2607","5:2607",0.230769230769231,0.269230769230769,13
5,26,"Australia Republic Referendum","aus.popparl1","5:2608::aus.popparl1","2608","5:2608",0.291666666666667,0.333333333333333,12
5,26,"Australia Republic Referendum","aus.popparl1","5:2612::aus.popparl1","2612","5:2612",0.388888888888889,0.388888888888889,9
5,26,"Australia Republic Referendum","aus.popparl1","5:2606::aus.popparl1","2606","5:2606",0.2,0.3,10
5,26,"Australia Republic Referendum","aus.popparl1","5:2611::aus.popparl1","2611","5:2611",0.454545454545455,0.454545454545455,11
5,26,"Australia Republic Referendum","aus.popparl1","5:2609::aus.popparl1","2609","5:2609",0.410714285714286,0.410714285714286,14
5,26,"Australia Republic Referendum","aus.popparl1","5:2624::aus.popparl1","2624","5:2624",0.1875,0.3125,12
5,26,"Australia Republic Referendum","aus.popparl1","5:2605::aus.popparl1","2605","5:2605",0.431818181818182,0.477272727272727,11
6,27,"UK Crime","ukcrime.rootcauset1","6:2702::ukcrime.rootcauset1","2702","6:2702",0.0245098039215686,0.122549019607843,17
6,27,"UK Crime","ukcrime.rootcauset1","6:2703::ukcrime.rootcauset1","2703","6:2703",0.0343137254901961,0.122549019607843,17
6,27,"UK Crime","ukcrime.rootcauset1","6:2713::ukcrime.rootcauset1","2713","6:2713",0.0069444444444445,0.0902777777777777,12
6,27,"UK Crime","ukcrime.rootcauset1","6:2711::ukcrime.rootcauset1","2711","6:2711",0.0277777777777778,0.0925925925925928,18
6,27,"UK Crime","ukcrime.rootcauset1","6:2709::ukcrime.rootcauset1","2709","6:2709",0.0416666666666667,0.0833333333333333,16
6,27,"UK Crime","ukcrime.rootcauset1","6:2704::ukcrime.rootcauset1","2704","6:2704",0.0777777777777778,0.111111111111111,15
6,27,"UK Crime","ukcrime.rootcauset1","6:2710::ukcrime.rootcauset1","2710","6:2710",0.0111111111111112,0.0888888888888889,15
6,27,"UK Crime","ukcrime.rootcauset1","6:2714::ukcrime.rootcauset1","2714","6:2714",0.0138888888888888,0.115740740740741,18
6,27,"UK Crime","ukcrime.rootcauset1","6:2707::ukcrime.rootcauset1","2707","6:2707",0.113636363636364,0.159090909090909,11
6,27,"UK Crime","ukcrime.rootcauset1","6:2717::ukcrime.rootcauset1","2717","6:2717",0,0.102564102564103,13
6,27,"UK Crime","ukcrime.rootcauset1","6:2706::ukcrime.rootcauset1","2706","6:2706",0.0535714285714285,0.0654761904761904,14
6,27,"UK Crime","ukcrime.rootcauset1","6:2705::ukcrime.rootcauset1","2705","6:2705",0.0156250000000001,0.119791666666667,16
6,27,"UK Crime","ukcrime.rootcauset1","6:2701::ukcrime.rootcauset1","2701","6:2701",0.0637254901960785,0.0931372549019608,17
6,27,"UK Crime","ukcrime.rootcauset1","6:2718::ukcrime.rootcauset1","2718","6:2718",0.0171568627450981,0.0857843137254902,17
6,27,"UK Crime","ukcrime.rootcauset1","6:2708::ukcrime.rootcauset1","2708","6:2708",0.064102564102564,0.141025641025641,13
6,27,"UK Crime","ukcrime.rootcauset1","6:2720::ukcrime.rootcauset1","2720","6:2720",0.0119047619047619,0.119047619047619,14
6,27,"UK Crime","ukcrime.rootcauset1","6:2715::ukcrime.rootcauset1","2715","6:2715",0.0312499999999999,0.0833333333333332,16
6,27,"UK Crime","ukcrime.rootcauset1","6:2719::ukcrime.rootcauset1","2719","6:2719",0.0705128205128205,0.108974358974359,13
6,27,"UK Crime","ukcrime.rootcauset1","6:2716::ukcrime.rootcauset1","2716","6:2716",0.111111111111111,0.111111111111111,12
6,27,"UK Crime","ukcrime.rootcauset1","6:2712::ukcrime.rootcauset1","2712","6:2712",0.0277777777777778,0.0722222222222221,15
6,27,"UK Crime","ukcrime.policet1","6:2702::ukcrime.policet1","2702","6:2702",0.117647058823529,0.132352941176471,17
6,27,"UK Crime","ukcrime.policet1","6:2703::ukcrime.policet1","2703","6:2703",0.0735294117647059,0.161764705882353,17
6,27,"UK Crime","ukcrime.policet1","6:2713::ukcrime.policet1","2713","6:2713",0.0208333333333333,0.125,12
6,27,"UK Crime","ukcrime.policet1","6:2711::ukcrime.policet1","2711","6:2711",0.152777777777778,0.180555555555556,18
6,27,"UK Crime","ukcrime.policet1","6:2709::ukcrime.policet1","2709","6:2709",0.0703125,0.1171875,16
6,27,"UK Crime","ukcrime.policet1","6:2704::ukcrime.policet1","2704","6:2704",0.0833333333333333,0.1,15
6,27,"UK Crime","ukcrime.policet1","6:2710::ukcrime.policet1","2710","6:2710",0.0583333333333333,0.125,15
6,27,"UK Crime","ukcrime.policet1","6:2714::ukcrime.policet1","2714","6:2714",0.0555555555555555,0.111111111111111,18
6,27,"UK Crime","ukcrime.policet1","6:2707::ukcrime.policet1","2707","6:2707",0.0113636363636364,0.0795454545454545,11
6,27,"UK Crime","ukcrime.policet1","6:2717::ukcrime.policet1","2717","6:2717",0.0673076923076923,0.105769230769231,13
6,27,"UK Crime","ukcrime.policet1","6:2706::ukcrime.policet1","2706","6:2706",0.0357142857142857,0.0714285714285714,14
6,27,"UK Crime","ukcrime.policet1","6:2705::ukcrime.policet1","2705","6:2705",0.0625,0.140625,16
6,27,"UK Crime","ukcrime.policet1","6:2701::ukcrime.policet1","2701","6:2701",0.0955882352941176,0.169117647058824,17
6,27,"UK Crime","ukcrime.policet1","6:2718::ukcrime.policet1","2718","6:2718",0.0220588235294118,0.0955882352941176,17
6,27,"UK Crime","ukcrime.policet1","6:2708::ukcrime.policet1","2708","6:2708",0.0576923076923077,0.0961538461538462,13
6,27,"UK Crime","ukcrime.policet1","6:2720::ukcrime.policet1","2720","6:2720",0.00892857142857142,0.0803571428571429,14
6,27,"UK Crime","ukcrime.policet1","6:2715::ukcrime.policet1","2715","6:2715",0.0390625,0.0859375,16
6,27,"UK Crime","ukcrime.policet1","6:2719::ukcrime.policet1","2719","6:2719",0.0480769230769231,0.221153846153846,13
6,27,"UK Crime","ukcrime.policet1","6:2716::ukcrime.policet1","2716","6:2716",0,0.0625,12
6,27,"UK Crime","ukcrime.policet1","6:2712::ukcrime.policet1","2712","6:2712",0.1,0.133333333333333,15
6,27,"UK Crime","ukcrime.punisht1","6:2702::ukcrime.punisht1","2702","6:2702",0.134441049146931,0.142284186401833,17
6,27,"UK Crime","ukcrime.punisht1","6:2703::ukcrime.punisht1","2703","6:2703",0.10063025210084,0.145728291316527,17
6,27,"UK Crime","ukcrime.punisht1","6:2713::ukcrime.punisht1","2713","6:2713",0.0147997835497836,0.0872204184704184,12
6,27,"UK Crime","ukcrime.punisht1","6:2711::ukcrime.punisht1","2711","6:2711",0.0659095534095535,0.130724368224368,18
6,27,"UK Crime","ukcrime.punisht1","6:2709::ukcrime.punisht1","2709","6:2709",0.0573288690476191,0.103162202380953,16
6,27,"UK Crime","ukcrime.punisht1","6:2704::ukcrime.punisht1","2704","6:2704",0.0776862026862027,0.0926068376068376,15
6,27,"UK Crime","ukcrime.punisht1","6:2710::ukcrime.punisht1","2710","6:2710",0.0863888888888889,0.132579365079365,15
6,27,"UK Crime","ukcrime.punisht1","6:2714::ukcrime.punisht1","2714","6:2714",0.071759259259259,0.0828703703703703,18
6,27,"UK Crime","ukcrime.punisht1","6:2707::ukcrime.punisht1","2707","6:2707",0.0633116883116885,0.128030303030303,11
6,27,"UK Crime","ukcrime.punisht1","6:2717::ukcrime.punisht1","2717","6:2717",0.0493589743589743,0.107051282051282,13
6,27,"UK Crime","ukcrime.punisht1","6:2706::ukcrime.punisht1","2706","6:2706",0.133928571428571,0.136309523809524,14
6,27,"UK Crime","ukcrime.punisht1","6:2705::ukcrime.punisht1","2705","6:2705",0.0215029761904763,0.0871279761904761,16
6,27,"UK Crime","ukcrime.punisht1","6:2701::ukcrime.punisht1","2701","6:2701",0.0175420168067228,0.0925420168067228,17
6,27,"UK Crime","ukcrime.punisht1","6:2718::ukcrime.punisht1","2718","6:2718",0.0710784313725489,0.0901260504201681,17
6,27,"UK Crime","ukcrime.punisht1","6:2708::ukcrime.punisht1","2708","6:2708",0.0512820512820513,0.1,13
6,27,"UK Crime","ukcrime.punisht1","6:2720::ukcrime.punisht1","2720","6:2720",0.0206011250654107,0.0845467032967033,14
6,27,"UK Crime","ukcrime.punisht1","6:2715::ukcrime.punisht1","2715","6:2715",0.0761160714285714,0.128348214285714,16
6,27,"UK Crime","ukcrime.punisht1","6:2719::ukcrime.punisht1","2719","6:2719",0.0661172161172161,0.118498168498168,13
6,27,"UK Crime","ukcrime.punisht1","6:2716::ukcrime.punisht1","2716","6:2716",0.0354166666666666,0.135416666666667,12
6,27,"UK Crime","ukcrime.punisht1","6:2712::ukcrime.punisht1","2712","6:2712",0.0326617826617827,0.0837728937728937,15
6,27,"UK Crime","ukcrime.procrightst1","6:2702::ukcrime.procrightst1","2702","6:2702",0.0404411764705882,0.0882352941176471,17
6,27,"UK Crime","ukcrime.procrightst1","6:2703::ukcrime.procrightst1","2703","6:2703",0.0414390756302521,0.100262605042017,17
6,27,"UK Crime","ukcrime.procrightst1","6:2713::ukcrime.procrightst1","2713","6:2713",0.0305059523809524,0.0840773809523809,12
6,27,"UK Crime","ukcrime.procrightst1","6:2711::ukcrime.procrightst1","2711","6:2711",0.0470734126984127,0.108184523809524,18
6,27,"UK Crime","ukcrime.procrightst1","6:2709::ukcrime.procrightst1","2709","6:2709",0.0653831845238095,0.14350818452381,16
6,27,"UK Crime","ukcrime.procrightst1","6:2704::ukcrime.procrightst1","2704","6:2704",0.05,0.0875,15
6,27,"UK Crime","ukcrime.procrightst1","6:2710::ukcrime.procrightst1","2710","6:2710",0.0024404761904762,0.107202380952381,15
6,27,"UK Crime","ukcrime.procrightst1","6:2714::ukcrime.procrightst1","2714","6:2714",0.116071428571429,0.143849206349206,18
6,27,"UK Crime","ukcrime.procrightst1","6:2707::ukcrime.procrightst1","2707","6:2707",0.0478896103896104,0.0771103896103896,11
6,27,"UK Crime","ukcrime.procrightst1","6:2717::ukcrime.procrightst1","2717","6:2717",0.0192307692307692,0.149038461538462,13
6,27,"UK Crime","ukcrime.procrightst1","6:2706::ukcrime.procrightst1","2706","6:2706",0.084375,0.0977678571428571,14
6,27,"UK Crime","ukcrime.procrightst1","6:2705::ukcrime.procrightst1","2705","6:2705",0.0305059523809524,0.124255952380952,16
6,27,"UK Crime","ukcrime.procrightst1","6:2701::ukcrime.procrightst1","2701","6:2701",0.0716911764705882,0.163602941176471,17
6,27,"UK Crime","ukcrime.procrightst1","6:2718::ukcrime.procrightst1","2718","6:2718",0.0502450980392157,0.102591036414566,17
6,27,"UK Crime","ukcrime.procrightst1","6:2708::ukcrime.procrightst1","2708","6:2708",0.0432692307692308,0.129807692307692,13
6,27,"UK Crime","ukcrime.procrightst1","6:2720::ukcrime.procrightst1","2720","6:2720",0.0567602040816327,0.13265306122449,14
6,27,"UK Crime","ukcrime.procrightst1","6:2715::ukcrime.procrightst1","2715","6:2715",0.0686383928571429,0.0920758928571429,16
6,27,"UK Crime","ukcrime.procrightst1","6:2719::ukcrime.procrightst1","2719","6:2719",0.03125,0.15625,13
6,27,"UK Crime","ukcrime.procrightst1","6:2716::ukcrime.procrightst1","2716","6:2716",0.0340909090909091,0.136363636363636,11
6,27,"UK Crime","ukcrime.procrightst1","6:2712::ukcrime.procrightst1","2712","6:2712",0.09375,0.152083333333333,15
6,27,"UK Crime","ukcrime.selfprotectt1","6:2702::ukcrime.selfprotectt1","2702","6:2702",0.0539215686274509,0.13235294117647,17
6,27,"UK Crime","ukcrime.selfprotectt1","6:2703::ukcrime.selfprotectt1","2703","6:2703",0.0294117647058822,0.117647058823529,17
6,27,"UK Crime","ukcrime.selfprotectt1","6:2713::ukcrime.selfprotectt1","2713","6:2713",0.0277777777777777,0.166666666666667,12
6,27,"UK Crime","ukcrime.selfprotectt1","6:2711::ukcrime.selfprotectt1","2711","6:2711",0.050925925925926,0.143518518518518,18
6,27,"UK Crime","ukcrime.selfprotectt1","6:2709::ukcrime.selfprotectt1","2709","6:2709",0.0520833333333333,0.125,16
6,27,"UK Crime","ukcrime.selfprotectt1","6:2704::ukcrime.selfprotectt1","2704","6:2704",0.0388888888888889,0.0944444444444445,15
6,27,"UK Crime","ukcrime.selfprotectt1","6:2710::ukcrime.selfprotectt1","2710","6:2710",0.0472222222222222,0.191666666666667,15
6,27,"UK Crime","ukcrime.selfprotectt1","6:2714::ukcrime.selfprotectt1","2714","6:2714",0.0601851851851852,0.134259259259259,18
6,27,"UK Crime","ukcrime.selfprotectt1","6:2707::ukcrime.selfprotectt1","2707","6:2707",0.0151515151515152,0.0757575757575757,11
6,27,"UK Crime","ukcrime.selfprotectt1","6:2717::ukcrime.selfprotectt1","2717","6:2717",0.0192307692307692,0.121794871794872,13
6,27,"UK Crime","ukcrime.selfprotectt1","6:2706::ukcrime.selfprotectt1","2706","6:2706",0.0654761904761904,0.113095238095238,14
6,27,"UK Crime","ukcrime.selfprotectt1","6:2705::ukcrime.selfprotectt1","2705","6:2705",0.0338541666666667,0.122395833333333,16
6,27,"UK Crime","ukcrime.selfprotectt1","6:2701::ukcrime.selfprotectt1","2701","6:2701",0.149509803921569,0.198529411764706,17
6,27,"UK Crime","ukcrime.selfprotectt1","6:2718::ukcrime.selfprotectt1","2718","6:2718",4.24497038827266e-17,0.156862745098039,17
6,27,"UK Crime","ukcrime.selfprotectt1","6:2708::ukcrime.selfprotectt1","2708","6:2708",0.0192307692307692,0.0833333333333334,13
6,27,"UK Crime","ukcrime.selfprotectt1","6:2720::ukcrime.selfprotectt1","2720","6:2720",0.0238095238095237,0.154761904761905,14
6,27,"UK Crime","ukcrime.selfprotectt1","6:2715::ukcrime.selfprotectt1","2715","6:2715",0.00520833333333343,0.0989583333333333,16
6,27,"UK Crime","ukcrime.selfprotectt1","6:2719::ukcrime.selfprotectt1","2719","6:2719",0.0512820512820512,0.153846153846154,13
6,27,"UK Crime","ukcrime.selfprotectt1","6:2716::ukcrime.selfprotectt1","2716","6:2716",0.0694444444444443,0.125,12
6,27,"UK Crime","ukcrime.selfprotectt1","6:2712::ukcrime.selfprotectt1","2712","6:2712",0.0111111111111111,0.122222222222222,15
7,28,"Tomorrow's Europe (EU)","eu.support_eu_membership_t1","7:2801::eu.support_eu_membership_t1","2801","7:2801",0.11,0.2,20
7,28,"Tomorrow's Europe (EU)","eu.support_eu_membership_t1","7:2802::eu.support_eu_membership_t1","2802","7:2802",0.05,0.16,20
7,28,"Tomorrow's Europe (EU)","eu.support_eu_membership_t1","7:2815::eu.support_eu_membership_t1","2815","7:2815",0.05,0.17,20
7,28,"Tomorrow's Europe (EU)","eu.support_eu_membership_t1","7:2803::eu.support_eu_membership_t1","2803","7:2803",0.1,0.14,20
7,28,"Tomorrow's Europe (EU)","eu.support_eu_membership_t1","7:2804::eu.support_eu_membership_t1","2804","7:2804",0.0647058823529412,0.123529411764706,17
7,28,"Tomorrow's Europe (EU)","eu.support_eu_membership_t1","7:2805::eu.support_eu_membership_t1","2805","7:2805",0.09375,0.18125,16
7,28,"Tomorrow's Europe (EU)","eu.support_eu_membership_t1","7:2807::eu.support_eu_membership_t1","2807","7:2807",0.0388888888888889,0.15,18
7,28,"Tomorrow's Europe (EU)","eu.support_eu_membership_t1","7:2810::eu.support_eu_membership_t1","2810","7:2810",0.035,0.115,20
7,28,"Tomorrow's Europe (EU)","eu.support_eu_membership_t1","7:2811::eu.support_eu_membership_t1","2811","7:2811",0.0882352941176471,0.194117647058824,17
7,28,"Tomorrow's Europe (EU)","eu.support_eu_membership_t1","7:2813::eu.support_eu_membership_t1","2813","7:2813",0.019047619047619,0.133333333333333,21
7,28,"Tomorrow's Europe (EU)","eu.support_eu_membership_t1","7:2814::eu.support_eu_membership_t1","2814","7:2814",0.0411764705882353,0.158823529411765,17
7,28,"Tomorrow's Europe (EU)","eu.support_eu_membership_t1","7:2816::eu.support_eu_membership_t1","2816","7:2816",0.0533333333333333,0.106666666666667,15
7,28,"Tomorrow's Europe (EU)","eu.support_eu_membership_t1","7:2818::eu.support_eu_membership_t1","2818","7:2818",0.0333333333333333,0.0833333333333333,12
7,28,"Tomorrow's Europe (EU)","eu.support_eu_membership_t1","7:2808::eu.support_eu_membership_t1","2808","7:2808",0.03,0.18,20
7,28,"Tomorrow's Europe (EU)","eu.support_eu_membership_t1","7:2806::eu.support_eu_membership_t1","2806","7:2806",0.0105263157894737,0.0947368421052631,19
7,28,"Tomorrow's Europe (EU)","eu.support_eu_membership_t1","7:2809::eu.support_eu_membership_t1","2809","7:2809",0.0538461538461538,0.176923076923077,13
7,28,"Tomorrow's Europe (EU)","eu.support_eu_membership_t1","7:2812::eu.support_eu_membership_t1","2812","7:2812",0.04,0.14,20
7,28,"Tomorrow's Europe (EU)","eu.support_eu_membership_t1","7:2817::eu.support_eu_membership_t1","2817","7:2817",0.075,0.165,20
7,28,"Tomorrow's Europe (EU)","eu.att_towards_privatization_t1","7:2801::eu.att_towards_privatization_t1","2801","7:2801",0.068421052631579,0.205263157894737,19
7,28,"Tomorrow's Europe (EU)","eu.att_towards_privatization_t1","7:2802::eu.att_towards_privatization_t1","2802","7:2802",0.0421052631578947,0.231578947368421,19
7,28,"Tomorrow's Europe (EU)","eu.att_towards_privatization_t1","7:2815::eu.att_towards_privatization_t1","2815","7:2815",0.131578947368421,0.289473684210526,19
7,28,"Tomorrow's Europe (EU)","eu.att_towards_privatization_t1","7:2803::eu.att_towards_privatization_t1","2803","7:2803",0.1,0.236842105263158,19
7,28,"Tomorrow's Europe (EU)","eu.att_towards_privatization_t1","7:2804::eu.att_towards_privatization_t1","2804","7:2804",0.04375,0.29375,16
7,28,"Tomorrow's Europe (EU)","eu.att_towards_privatization_t1","7:2805::eu.att_towards_privatization_t1","2805","7:2805",0.01875,0.15625,16
7,28,"Tomorrow's Europe (EU)","eu.att_towards_privatization_t1","7:2807::eu.att_towards_privatization_t1","2807","7:2807",0.080952380952381,0.271428571428571,21
7,28,"Tomorrow's Europe (EU)","eu.att_towards_privatization_t1","7:2810::eu.att_towards_privatization_t1","2810","7:2810",0.155,0.245,20
7,28,"Tomorrow's Europe (EU)","eu.att_towards_privatization_t1","7:2811::eu.att_towards_privatization_t1","2811","7:2811",0.04375,0.15625,16
7,28,"Tomorrow's Europe (EU)","eu.att_towards_privatization_t1","7:2813::eu.att_towards_privatization_t1","2813","7:2813",0.115,0.185,20
7,28,"Tomorrow's Europe (EU)","eu.att_towards_privatization_t1","7:2814::eu.att_towards_privatization_t1","2814","7:2814",0.276470588235294,0.311764705882353,17
7,28,"Tomorrow's Europe (EU)","eu.att_towards_privatization_t1","7:2816::eu.att_towards_privatization_t1","2816","7:2816",0.1,0.22,15
7,28,"Tomorrow's Europe (EU)","eu.att_towards_privatization_t1","7:2818::eu.att_towards_privatization_t1","2818","7:2818",0.284615384615385,0.361538461538462,13
7,28,"Tomorrow's Europe (EU)","eu.att_towards_privatization_t1","7:2808::eu.att_towards_privatization_t1","2808","7:2808",0.0555555555555555,0.177777777777778,18
7,28,"Tomorrow's Europe (EU)","eu.att_towards_privatization_t1","7:2806::eu.att_towards_privatization_t1","2806","7:2806",0.21578947368421,0.289473684210526,19
7,28,"Tomorrow's Europe (EU)","eu.att_towards_privatization_t1","7:2809::eu.att_towards_privatization_t1","2809","7:2809",0.153846153846154,0.323076923076923,13
7,28,"Tomorrow's Europe (EU)","eu.att_towards_privatization_t1","7:2812::eu.att_towards_privatization_t1","2812","7:2812",0.265,0.345,20
7,28,"Tomorrow's Europe (EU)","eu.att_towards_privatization_t1","7:2817::eu.att_towards_privatization_t1","2817","7:2817",0.322222222222222,0.366666666666667,18
7,28,"Tomorrow's Europe (EU)","eu.attitude_towards_migration_t1","7:2801::eu.attitude_towards_migration_t1","2801","7:2801",0.0657894736842105,0.144736842105263,19
7,28,"Tomorrow's Europe (EU)","eu.attitude_towards_migration_t1","7:2802::eu.attitude_towards_migration_t1","2802","7:2802",0.2,0.425,20
7,28,"Tomorrow's Europe (EU)","eu.attitude_towards_migration_t1","7:2815::eu.attitude_towards_migration_t1","2815","7:2815",0.35,0.375,20
7,28,"Tomorrow's Europe (EU)","eu.attitude_towards_migration_t1","7:2803::eu.attitude_towards_migration_t1","2803","7:2803",0.0131578947368421,0.223684210526316,19
7,28,"Tomorrow's Europe (EU)","eu.attitude_towards_migration_t1","7:2804::eu.attitude_towards_migration_t1","2804","7:2804",0.0147058823529412,0.220588235294118,17
7,28,"Tomorrow's Europe (EU)","eu.attitude_towards_migration_t1","7:2805::eu.attitude_towards_migration_t1","2805","7:2805",0.0147058823529412,0.191176470588235,17
7,28,"Tomorrow's Europe (EU)","eu.attitude_towards_migration_t1","7:2807::eu.attitude_towards_migration_t1","2807","7:2807",0.0625,0.2125,20
7,28,"Tomorrow's Europe (EU)","eu.attitude_towards_migration_t1","7:2810::eu.attitude_towards_migration_t1","2810","7:2810",0.407894736842105,0.460526315789474,19
7,28,"Tomorrow's Europe (EU)","eu.attitude_towards_migration_t1","7:2811::eu.attitude_towards_migration_t1","2811","7:2811",0.205882352941177,0.352941176470588,17
7,28,"Tomorrow's Europe (EU)","eu.attitude_towards_migration_t1","7:2813::eu.attitude_towards_migration_t1","2813","7:2813",0.0526315789473685,0.210526315789474,19
7,28,"Tomorrow's Europe (EU)","eu.attitude_towards_migration_t1","7:2814::eu.attitude_towards_migration_t1","2814","7:2814",0.0735294117647059,0.132352941176471,17
7,28,"Tomorrow's Europe (EU)","eu.attitude_towards_migration_t1","7:2816::eu.attitude_towards_migration_t1","2816","7:2816",0.45,0.45,15
7,28,"Tomorrow's Europe (EU)","eu.attitude_towards_migration_t1","7:2818::eu.attitude_towards_migration_t1","2818","7:2818",0.0357142857142857,0.142857142857143,14
7,28,"Tomorrow's Europe (EU)","eu.attitude_towards_migration_t1","7:2808::eu.attitude_towards_migration_t1","2808","7:2808",0.075,0.2,20
7,28,"Tomorrow's Europe (EU)","eu.attitude_towards_migration_t1","7:2806::eu.attitude_towards_migration_t1","2806","7:2806",0.0921052631578947,0.197368421052632,19
7,28,"Tomorrow's Europe (EU)","eu.attitude_towards_migration_t1","7:2809::eu.attitude_towards_migration_t1","2809","7:2809",0.0192307692307692,0.0576923076923077,13
7,28,"Tomorrow's Europe (EU)","eu.attitude_towards_migration_t1","7:2812::eu.attitude_towards_migration_t1","2812","7:2812",0.0119047619047619,0.0833333333333333,21
7,28,"Tomorrow's Europe (EU)","eu.attitude_towards_migration_t1","7:2817::eu.attitude_towards_migration_t1","2817","7:2817",0.0375,0.1375,20
7,28,"Tomorrow's Europe (EU)","eu.mil_att_11_12_t1","7:2801::eu.mil_att_11_12_t1","2801","7:2801",0.0696428571428571,0.17202380952381,21
7,28,"Tomorrow's Europe (EU)","eu.mil_att_11_12_t1","7:2802::eu.mil_att_11_12_t1","2802","7:2802",0.00770833333333335,0.103541666666667,20
7,28,"Tomorrow's Europe (EU)","eu.mil_att_11_12_t1","7:2815::eu.mil_att_11_12_t1","2815","7:2815",0.0202380952380952,0.139285714285714,21
7,28,"Tomorrow's Europe (EU)","eu.mil_att_11_12_t1","7:2803::eu.mil_att_11_12_t1","2803","7:2803",0.0307017543859649,0.16359649122807,19
7,28,"Tomorrow's Europe (EU)","eu.mil_att_11_12_t1","7:2804::eu.mil_att_11_12_t1","2804","7:2804",0.0147058823529412,0.108823529411765,17
7,28,"Tomorrow's Europe (EU)","eu.mil_att_11_12_t1","7:2805::eu.mil_att_11_12_t1","2805","7:2805",0.0551470588235294,0.156617647058824,17
7,28,"Tomorrow's Europe (EU)","eu.mil_att_11_12_t1","7:2807::eu.mil_att_11_12_t1","2807","7:2807",0.021031746031746,0.148809523809524,21
7,28,"Tomorrow's Europe (EU)","eu.mil_att_11_12_t1","7:2810::eu.mil_att_11_12_t1","2810","7:2810",0.0405701754385965,0.169517543859649,19
7,28,"Tomorrow's Europe (EU)","eu.mil_att_11_12_t1","7:2811::eu.mil_att_11_12_t1","2811","7:2811",0.0877604166666667,0.141927083333333,16
7,28,"Tomorrow's Europe (EU)","eu.mil_att_11_12_t1","7:2813::eu.mil_att_11_12_t1","2813","7:2813",0.00749999999999999,0.132083333333333,20
7,28,"Tomorrow's Europe (EU)","eu.mil_att_11_12_t1","7:2814::eu.mil_att_11_12_t1","2814","7:2814",0.0495098039215686,0.192156862745098,17
7,28,"Tomorrow's Europe (EU)","eu.mil_att_11_12_t1","7:2816::eu.mil_att_11_12_t1","2816","7:2816",0.0275,0.115833333333333,15
7,28,"Tomorrow's Europe (EU)","eu.mil_att_11_12_t1","7:2818::eu.mil_att_11_12_t1","2818","7:2818",0.0398809523809524,0.148809523809524,14
7,28,"Tomorrow's Europe (EU)","eu.mil_att_11_12_t1","7:2808::eu.mil_att_11_12_t1","2808","7:2808",0.0178571428571429,0.117857142857143,21
7,28,"Tomorrow's Europe (EU)","eu.mil_att_11_12_t1","7:2806::eu.mil_att_11_12_t1","2806","7:2806",0.00877192982456142,0.109649122807018,19
7,28,"Tomorrow's Europe (EU)","eu.mil_att_11_12_t1","7:2809::eu.mil_att_11_12_t1","2809","7:2809",0.0346153846153846,0.121153846153846,13
7,28,"Tomorrow's Europe (EU)","eu.mil_att_11_12_t1","7:2812::eu.mil_att_11_12_t1","2812","7:2812",0.0304924242424242,0.161174242424242,22
7,28,"Tomorrow's Europe (EU)","eu.mil_att_11_12_t1","7:2817::eu.mil_att_11_12_t1","2817","7:2817",0.0589583333333333,0.141041666666667,20
7,28,"Tomorrow's Europe (EU)","eu.t1q11b","7:2801::eu.t1q11b","2801","7:2801",0.0595238095238095,0.154761904761905,21
7,28,"Tomorrow's Europe (EU)","eu.t1q11b","7:2802::eu.t1q11b","2802","7:2802",0.0921052631578947,0.25,19
7,28,"Tomorrow's Europe (EU)","eu.t1q11b","7:2815::eu.t1q11b","2815","7:2815",0.0333333333333334,0.333333333333333,15
7,28,"Tomorrow's Europe (EU)","eu.t1q11b","7:2803::eu.t1q11b","2803","7:2803",0.0555555555555555,0.277777777777778,18
7,28,"Tomorrow's Europe (EU)","eu.t1q11b","7:2804::eu.t1q11b","2804","7:2804",0.211538461538462,0.25,13
7,28,"Tomorrow's Europe (EU)","eu.t1q11b","7:2805::eu.t1q11b","2805","7:2805",0.0294117647058824,0.294117647058824,17
7,28,"Tomorrow's Europe (EU)","eu.t1q11b","7:2807::eu.t1q11b","2807","7:2807",0.102941176470588,0.308823529411765,17
7,28,"Tomorrow's Europe (EU)","eu.t1q11b","7:2810::eu.t1q11b","2810","7:2810",0.166666666666667,0.277777777777778,18
7,28,"Tomorrow's Europe (EU)","eu.t1q11b","7:2811::eu.t1q11b","2811","7:2811",0.05,0.183333333333333,15
7,28,"Tomorrow's Europe (EU)","eu.t1q11b","7:2813::eu.t1q11b","2813","7:2813",0.0555555555555555,0.277777777777778,18
7,28,"Tomorrow's Europe (EU)","eu.t1q11b","7:2814::eu.t1q11b","2814","7:2814",0.09375,0.25,16
7,28,"Tomorrow's Europe (EU)","eu.t1q11b","7:2816::eu.t1q11b","2816","7:2816",0.0681818181818182,0.340909090909091,11
7,28,"Tomorrow's Europe (EU)","eu.t1q11b","7:2818::eu.t1q11b","2818","7:2818",0.138888888888889,0.25,9
7,28,"Tomorrow's Europe (EU)","eu.t1q11b","7:2808::eu.t1q11b","2808","7:2808",0.277777777777778,0.333333333333333,18
7,28,"Tomorrow's Europe (EU)","eu.t1q11b","7:2806::eu.t1q11b","2806","7:2806",0.0131578947368421,0.302631578947368,19
7,28,"Tomorrow's Europe (EU)","eu.t1q11b","7:2809::eu.t1q11b","2809","7:2809",0.159090909090909,0.295454545454545,11
7,28,"Tomorrow's Europe (EU)","eu.t1q11b","7:2812::eu.t1q11b","2812","7:2812",0.0526315789473684,0.236842105263158,19
7,28,"Tomorrow's Europe (EU)","eu.t1q11b","7:2817::eu.t1q11b","2817","7:2817",0.0789473684210526,0.342105263157895,19
7,28,"Tomorrow's Europe (EU)","eu.turkey_enlargement_att_t1","7:2801::eu.turkey_enlargement_att_t1","2801","7:2801",0.0476190476190476,0.476190476190476,21
7,28,"Tomorrow's Europe (EU)","eu.turkey_enlargement_att_t1","7:2802::eu.turkey_enlargement_att_t1","2802","7:2802",0.0625,0.5125,20
7,28,"Tomorrow's Europe (EU)","eu.turkey_enlargement_att_t1","7:2815::eu.turkey_enlargement_att_t1","2815","7:2815",0.171052631578947,0.328947368421053,19
7,28,"Tomorrow's Europe (EU)","eu.turkey_enlargement_att_t1","7:2803::eu.turkey_enlargement_att_t1","2803","7:2803",0.138888888888889,0.555555555555556,18
7,28,"Tomorrow's Europe (EU)","eu.turkey_enlargement_att_t1","7:2804::eu.turkey_enlargement_att_t1","2804","7:2804",0.0441176470588235,0.161764705882353,17
7,28,"Tomorrow's Europe (EU)","eu.turkey_enlargement_att_t1","7:2805::eu.turkey_enlargement_att_t1","2805","7:2805",0.03125,0.125,16
7,28,"Tomorrow's Europe (EU)","eu.turkey_enlargement_att_t1","7:2807::eu.turkey_enlargement_att_t1","2807","7:2807",0.025,0.25,20
7,28,"Tomorrow's Europe (EU)","eu.turkey_enlargement_att_t1","7:2810::eu.turkey_enlargement_att_t1","2810","7:2810",0.0921052631578947,0.276315789473684,19
7,28,"Tomorrow's Europe (EU)","eu.turkey_enlargement_att_t1","7:2811::eu.turkey_enlargement_att_t1","2811","7:2811",0.183333333333333,0.183333333333333,15
7,28,"Tomorrow's Europe (EU)","eu.turkey_enlargement_att_t1","7:2813::eu.turkey_enlargement_att_t1","2813","7:2813",0.0657894736842105,0.197368421052632,19
7,28,"Tomorrow's Europe (EU)","eu.turkey_enlargement_att_t1","7:2814::eu.turkey_enlargement_att_t1","2814","7:2814",0.0441176470588235,0.132352941176471,17
7,28,"Tomorrow's Europe (EU)","eu.turkey_enlargement_att_t1","7:2816::eu.turkey_enlargement_att_t1","2816","7:2816",0.0625,0.34375,16
7,28,"Tomorrow's Europe (EU)","eu.turkey_enlargement_att_t1","7:2818::eu.turkey_enlargement_att_t1","2818","7:2818",0.107142857142857,0.607142857142857,14
7,28,"Tomorrow's Europe (EU)","eu.turkey_enlargement_att_t1","7:2808::eu.turkey_enlargement_att_t1","2808","7:2808",0.118421052631579,0.171052631578947,19
7,28,"Tomorrow's Europe (EU)","eu.turkey_enlargement_att_t1","7:2806::eu.turkey_enlargement_att_t1","2806","7:2806",0.0921052631578948,0.197368421052632,19
7,28,"Tomorrow's Europe (EU)","eu.turkey_enlargement_att_t1","7:2809::eu.turkey_enlargement_att_t1","2809","7:2809",0.204545454545455,0.431818181818182,11
7,28,"Tomorrow's Europe (EU)","eu.turkey_enlargement_att_t1","7:2812::eu.turkey_enlargement_att_t1","2812","7:2812",0.0119047619047619,0.202380952380952,21
7,28,"Tomorrow's Europe (EU)","eu.turkey_enlargement_att_t1","7:2817::eu.turkey_enlargement_att_t1","2817","7:2817",0.075,0.225,20
7,28,"Tomorrow's Europe (EU)","eu.eu_veto_support_t1","7:2801::eu.eu_veto_support_t1","2801","7:2801",0.00119047619047621,0.310714285714286,21
7,28,"Tomorrow's Europe (EU)","eu.eu_veto_support_t1","7:2802::eu.eu_veto_support_t1","2802","7:2802",0.142916666666667,0.272083333333333,20
7,28,"Tomorrow's Europe (EU)","eu.eu_veto_support_t1","7:2815::eu.eu_veto_support_t1","2815","7:2815",0.0380952380952381,0.230952380952381,21
7,28,"Tomorrow's Europe (EU)","eu.eu_veto_support_t1","7:2803::eu.eu_veto_support_t1","2803","7:2803",0.156578947368421,0.272368421052632,19
7,28,"Tomorrow's Europe (EU)","eu.eu_veto_support_t1","7:2804::eu.eu_veto_support_t1","2804","7:2804",0.0441176470588235,0.232352941176471,17
7,28,"Tomorrow's Europe (EU)","eu.eu_veto_support_t1","7:2805::eu.eu_veto_support_t1","2805","7:2805",0.0772222222222223,0.285,15
7,28,"Tomorrow's Europe (EU)","eu.eu_veto_support_t1","7:2807::eu.eu_veto_support_t1","2807","7:2807",0.0969298245614035,0.377631578947368,19
7,28,"Tomorrow's Europe (EU)","eu.eu_veto_support_t1","7:2810::eu.eu_veto_support_t1","2810","7:2810",0.0228070175438596,0.237719298245614,19
7,28,"Tomorrow's Europe (EU)","eu.eu_veto_support_t1","7:2811::eu.eu_veto_support_t1","2811","7:2811",0.0366666666666667,0.163333333333333,15
7,28,"Tomorrow's Europe (EU)","eu.eu_veto_support_t1","7:2813::eu.eu_veto_support_t1","2813","7:2813",0.193859649122807,0.404385964912281,19
7,28,"Tomorrow's Europe (EU)","eu.eu_veto_support_t1","7:2814::eu.eu_veto_support_t1","2814","7:2814",0.2046875,0.4640625,16
7,28,"Tomorrow's Europe (EU)","eu.eu_veto_support_t1","7:2816::eu.eu_veto_support_t1","2816","7:2816",0.0333333333333333,0.377083333333333,16
7,28,"Tomorrow's Europe (EU)","eu.eu_veto_support_t1","7:2818::eu.eu_veto_support_t1","2818","7:2818",0.0513888888888889,0.290277777777778,12
7,28,"Tomorrow's Europe (EU)","eu.eu_veto_support_t1","7:2808::eu.eu_veto_support_t1","2808","7:2808",0.0199074074074074,0.259722222222222,18
7,28,"Tomorrow's Europe (EU)","eu.eu_veto_support_t1","7:2806::eu.eu_veto_support_t1","2806","7:2806",0.138157894736842,0.222368421052632,19
7,28,"Tomorrow's Europe (EU)","eu.eu_veto_support_t1","7:2809::eu.eu_veto_support_t1","2809","7:2809",0.0333333333333334,0.2875,12
7,28,"Tomorrow's Europe (EU)","eu.eu_veto_support_t1","7:2812::eu.eu_veto_support_t1","2812","7:2812",0.0409090909090909,0.163636363636364,22
7,28,"Tomorrow's Europe (EU)","eu.eu_veto_support_t1","7:2817::eu.eu_veto_support_t1","2817","7:2817",0.0232456140350877,0.237280701754386,19
8,29,"Central Power & Light","cpl.t1res","8:29101::cpl.t1res","29101","8:29101",0.0961538461538462,0.311538461538462,13
8,29,"Central Power & Light","cpl.t1res","8:29112::cpl.t1res","29112","8:29112",0.25,0.263333333333333,15
8,29,"Central Power & Light","cpl.t1res","8:29114::cpl.t1res","29114","8:29114",0.053125,0.109375,16
8,29,"Central Power & Light","cpl.t1res","8:29109::cpl.t1res","29109","8:29109",0.0846153846153846,0.153846153846154,13
8,29,"Central Power & Light","cpl.t1res","8:29108::cpl.t1res","29108","8:29108",0.103333333333333,0.17,15
8,29,"Central Power & Light","cpl.t1res","8:29102::cpl.t1res","29102","8:29102",0.0458333333333333,0.0708333333333333,12
8,29,"Central Power & Light","cpl.t1res","8:29115::cpl.t1res","29115","8:29115",0.0633333333333333,0.136666666666667,15
8,29,"Central Power & Light","cpl.t1res","8:29106::cpl.t1res","29106","8:29106",0.0678571428571429,0.210714285714286,14
8,29,"Central Power & Light","cpl.t1res","8:29116::cpl.t1res","29116","8:29116",0.142307692307692,0.211538461538462,13
8,29,"Central Power & Light","cpl.t1res","8:29107::cpl.t1res","29107","8:29107",0.0958333333333333,0.179166666666667,12
8,29,"Central Power & Light","cpl.t1res","8:29110::cpl.t1res","29110","8:29110",0.0307692307692308,0.146153846153846,13
8,29,"Central Power & Light","cpl.t1res","8:29111::cpl.t1res","29111","8:29111",0.1125,0.179166666666667,12
8,29,"Central Power & Light","cpl.t1res","8:29103::cpl.t1res","29103","8:29103",0.2,0.272727272727273,11
8,29,"Central Power & Light","cpl.t1res","8:29104::cpl.t1res","29104","8:29104",0.123076923076923,0.169230769230769,13
8,29,"Central Power & Light","cpl.t1res","8:29105::cpl.t1res","29105","8:29105",0.172727272727273,0.245454545454545,11
8,29,"Central Power & Light","cpl.t1res","8:29113::cpl.t1res","29113","8:29113",0.153125,0.234375,16
8,29,"Central Power & Light","cpl.t1cons","8:29101::cpl.t1cons","29101","8:29101",0.0617408906882591,0.0973684210526316,13
8,29,"Central Power & Light","cpl.t1cons","8:29112::cpl.t1cons","29112","8:29112",0.0314035087719298,0.204736842105263,15
8,29,"Central Power & Light","cpl.t1cons","8:29114::cpl.t1cons","29114","8:29114",0.00246710526315791,0.130098684210526,16
8,29,"Central Power & Light","cpl.t1cons","8:29109::cpl.t1cons","29109","8:29109",0.0546558704453441,0.119433198380567,13
8,29,"Central Power & Light","cpl.t1cons","8:29108::cpl.t1cons","29108","8:29108",0.0128070175438596,0.115614035087719,15
8,29,"Central Power & Light","cpl.t1cons","8:29102::cpl.t1cons","29102","8:29102",0.0208133971291866,0.105980861244019,11
8,29,"Central Power & Light","cpl.t1cons","8:29115::cpl.t1cons","29115","8:29115",0.0552631578947369,0.127302631578947,16
8,29,"Central Power & Light","cpl.t1cons","8:29106::cpl.t1cons","29106","8:29106",0.0911654135338347,0.13890977443609,14
8,29,"Central Power & Light","cpl.t1cons","8:29116::cpl.t1cons","29116","8:29116",0.0799595141700404,0.145951417004049,13
8,29,"Central Power & Light","cpl.t1cons","8:29107::cpl.t1cons","29107","8:29107",0.0381578947368422,0.213157894736842,12
8,29,"Central Power & Light","cpl.t1cons","8:29110::cpl.t1cons","29110","8:29110",0.0188259109311741,0.113562753036437,13
8,29,"Central Power & Light","cpl.t1cons","8:29111::cpl.t1cons","29111","8:29111",0.133552631578947,0.177412280701754,12
8,29,"Central Power & Light","cpl.t1cons","8:29103::cpl.t1cons","29103","8:29103",0.100657894736842,0.199780701754386,12
8,29,"Central Power & Light","cpl.t1cons","8:29104::cpl.t1cons","29104","8:29104",0.0955465587044534,0.231174089068826,13
8,29,"Central Power & Light","cpl.t1cons","8:29105::cpl.t1cons","29105","8:29105",0.0937799043062201,0.136842105263158,11
8,29,"Central Power & Light","cpl.t1cons","8:29113::cpl.t1cons","29113","8:29113",0.0324561403508772,0.149649122807017,15
8,29,"Central Power & Light","cpl.t1poor","8:29101::cpl.t1poor","29101","8:29101",0.130769230769231,0.323076923076923,13
8,29,"Central Power & Light","cpl.t1poor","8:29112::cpl.t1poor","29112","8:29112",0.0533333333333333,0.14,15
8,29,"Central Power & Light","cpl.t1poor","8:29114::cpl.t1poor","29114","8:29114",0.0765625,0.2390625,16
8,29,"Central Power & Light","cpl.t1poor","8:29109::cpl.t1poor","29109","8:29109",0.0173076923076923,0.155769230769231,13
8,29,"Central Power & Light","cpl.t1poor","8:29108::cpl.t1poor","29108","8:29108",0.0633333333333333,0.196666666666667,15
8,29,"Central Power & Light","cpl.t1poor","8:29102::cpl.t1poor","29102","8:29102",0.143181818181818,0.265909090909091,11
8,29,"Central Power & Light","cpl.t1poor","8:29115::cpl.t1poor","29115","8:29115",0.065625,0.1625,16
8,29,"Central Power & Light","cpl.t1poor","8:29106::cpl.t1poor","29106","8:29106",0.0857142857142857,0.225,14
8,29,"Central Power & Light","cpl.t1poor","8:29116::cpl.t1poor","29116","8:29116",0.0384615384615385,0.157692307692308,13
8,29,"Central Power & Light","cpl.t1poor","8:29107::cpl.t1poor","29107","8:29107",0.0604166666666666,0.185416666666667,12
8,29,"Central Power & Light","cpl.t1poor","8:29110::cpl.t1poor","29110","8:29110",0.0269230769230769,0.184615384615385,13
8,29,"Central Power & Light","cpl.t1poor","8:29111::cpl.t1poor","29111","8:29111",0.122916666666667,0.164583333333333,12
8,29,"Central Power & Light","cpl.t1poor","8:29103::cpl.t1poor","29103","8:29103",0.0958333333333333,0.245833333333333,12
8,29,"Central Power & Light","cpl.t1poor","8:29104::cpl.t1poor","29104","8:29104",0.075,0.248076923076923,13
8,29,"Central Power & Light","cpl.t1poor","8:29105::cpl.t1poor","29105","8:29105",0,0.177272727272727,11
8,29,"Central Power & Light","cpl.t1poor","8:29113::cpl.t1poor","29113","8:29113",0.0732142857142857,0.230357142857143,14
8,29,"Central Power & Light","cpl.t1renew","8:29101::cpl.t1renew","29101","8:29101",0.123076923076923,0.176923076923077,13
8,29,"Central Power & Light","cpl.t1renew","8:29112::cpl.t1renew","29112","8:29112",0.00333333333333333,0.143333333333333,15
8,29,"Central Power & Light","cpl.t1renew","8:29114::cpl.t1renew","29114","8:29114",1.25767452008319e-17,0.13125,16
8,29,"Central Power & Light","cpl.t1renew","8:29109::cpl.t1renew","29109","8:29109",0.0115384615384615,0.0961538461538462,13
8,29,"Central Power & Light","cpl.t1renew","8:29108::cpl.t1renew","29108","8:29108",0.0266666666666667,0.1,15
8,29,"Central Power & Light","cpl.t1renew","8:29102::cpl.t1renew","29102","8:29102",0.0772727272727273,0.195454545454545,11
8,29,"Central Power & Light","cpl.t1renew","8:29115::cpl.t1renew","29115","8:29115",0.0375,0.10625,16
8,29,"Central Power & Light","cpl.t1renew","8:29106::cpl.t1renew","29106","8:29106",0.075,0.203571428571429,14
8,29,"Central Power & Light","cpl.t1renew","8:29116::cpl.t1renew","29116","8:29116",0.0625,0.129166666666667,12
8,29,"Central Power & Light","cpl.t1renew","8:29107::cpl.t1renew","29107","8:29107",0.0333333333333333,0.0833333333333333,12
8,29,"Central Power & Light","cpl.t1renew","8:29110::cpl.t1renew","29110","8:29110",0.0153846153846154,0.130769230769231,13
8,29,"Central Power & Light","cpl.t1renew","8:29111::cpl.t1renew","29111","8:29111",0.00833333333333333,0.0916666666666667,12
8,29,"Central Power & Light","cpl.t1renew","8:29103::cpl.t1renew","29103","8:29103",0.0125,0.120833333333333,12
8,29,"Central Power & Light","cpl.t1renew","8:29104::cpl.t1renew","29104","8:29104",0.0769230769230769,0.146153846153846,13
8,29,"Central Power & Light","cpl.t1renew","8:29105::cpl.t1renew","29105","8:29105",0.0136363636363637,0.131818181818182,11
8,29,"Central Power & Light","cpl.t1renew","8:29113::cpl.t1renew","29113","8:29113",0.078125,0.078125,16
8,29,"Central Power & Light","cpl.t1fossil","8:29101::cpl.t1fossil","29101","8:29101",0.094949494949495,0.305050505050505,11
8,29,"Central Power & Light","cpl.t1fossil","8:29112::cpl.t1fossil","29112","8:29112",0.177037037037037,0.240740740740741,15
8,29,"Central Power & Light","cpl.t1fossil","8:29114::cpl.t1fossil","29114","8:29114",0.0555555555555555,0.202564102564103,13
8,29,"Central Power & Light","cpl.t1fossil","8:29109::cpl.t1fossil","29109","8:29109",0.174074074074074,0.242592592592593,12
8,29,"Central Power & Light","cpl.t1fossil","8:29108::cpl.t1fossil","29108","8:29108",0.0162962962962963,0.192592592592593,15
8,29,"Central Power & Light","cpl.t1fossil","8:29102::cpl.t1fossil","29102","8:29102",0.202222222222222,0.288888888888889,10
8,29,"Central Power & Light","cpl.t1fossil","8:29115::cpl.t1fossil","29115","8:29115",0.118055555555556,0.266666666666667,16
8,29,"Central Power & Light","cpl.t1fossil","8:29106::cpl.t1fossil","29106","8:29106",0.202777777777778,0.271296296296296,12
8,29,"Central Power & Light","cpl.t1fossil","8:29116::cpl.t1fossil","29116","8:29116",0.0255555555555556,0.163333333333333,10
8,29,"Central Power & Light","cpl.t1fossil","8:29107::cpl.t1fossil","29107","8:29107",0.0120370370370372,0.19537037037037,12
8,29,"Central Power & Light","cpl.t1fossil","8:29110::cpl.t1fossil","29110","8:29110",0.114529914529915,0.273504273504274,13
8,29,"Central Power & Light","cpl.t1fossil","8:29111::cpl.t1fossil","29111","8:29111",0.00370370370370373,0.2,12
8,29,"Central Power & Light","cpl.t1fossil","8:29103::cpl.t1fossil","29103","8:29103",0.148148148148148,0.27962962962963,12
8,29,"Central Power & Light","cpl.t1fossil","8:29104::cpl.t1fossil","29104","8:29104",0.10940170940171,0.206837606837607,13
8,29,"Central Power & Light","cpl.t1fossil","8:29105::cpl.t1fossil","29105","8:29105",0.0474747474747475,0.263636363636364,11
8,29,"Central Power & Light","cpl.t1fossil","8:29113::cpl.t1fossil","29113","8:29113",0.0212121212121212,0.338383838383838,11
8,29,"Central Power & Light","cpl.t1buypwr","8:29101::cpl.t1buypwr","29101","8:29101",0.04,0.2,10
8,29,"Central Power & Light","cpl.t1buypwr","8:29112::cpl.t1buypwr","29112","8:29112",0.0466666666666667,0.233333333333333,15
8,29,"Central Power & Light","cpl.t1buypwr","8:29114::cpl.t1buypwr","29114","8:29114",0.11875,0.33125,16
8,29,"Central Power & Light","cpl.t1buypwr","8:29109::cpl.t1buypwr","29109","8:29109",0.183333333333333,0.3,12
8,29,"Central Power & Light","cpl.t1buypwr","8:29108::cpl.t1buypwr","29108","8:29108",0.213333333333333,0.226666666666667,15
8,29,"Central Power & Light","cpl.t1buypwr","8:29102::cpl.t1buypwr","29102","8:29102",0.0181818181818182,0.145454545454545,11
8,29,"Central Power & Light","cpl.t1buypwr","8:29115::cpl.t1buypwr","29115","8:29115",0.114285714285714,0.3,14
8,29,"Central Power & Light","cpl.t1buypwr","8:29106::cpl.t1buypwr","29106","8:29106",0.258333333333333,0.341666666666667,12
8,29,"Central Power & Light","cpl.t1buypwr","8:29116::cpl.t1buypwr","29116","8:29116",0.0454545454545455,0.336363636363636,11
8,29,"Central Power & Light","cpl.t1buypwr","8:29107::cpl.t1buypwr","29107","8:29107",0.00833333333333333,0.308333333333333,12
8,29,"Central Power & Light","cpl.t1buypwr","8:29110::cpl.t1buypwr","29110","8:29110",0.00833333333333334,0.241666666666667,12
8,29,"Central Power & Light","cpl.t1buypwr","8:29111::cpl.t1buypwr","29111","8:29111",0.0166666666666667,0.3,12
8,29,"Central Power & Light","cpl.t1buypwr","8:29103::cpl.t1buypwr","29103","8:29103",0.0454545454545455,0.390909090909091,11
8,29,"Central Power & Light","cpl.t1buypwr","8:29104::cpl.t1buypwr","29104","8:29104",0.108333333333333,0.541666666666667,12
8,29,"Central Power & Light","cpl.t1buypwr","8:29105::cpl.t1buypwr","29105","8:29105",0.154545454545455,0.354545454545455,11
8,29,"Central Power & Light","cpl.t1buypwr","8:29113::cpl.t1buypwr","29113","8:29113",0.13,0.29,10
19,986,"West Texas Utilities","wtu.t1att1","19:986208::wtu.t1att1","986208","19:986208",0.142857142857143,0.352380952380952,21
19,986,"West Texas Utilities","wtu.t1att1","19:986203::wtu.t1att1","986203","19:986203",0.321052631578947,0.363157894736842,19
19,986,"West Texas Utilities","wtu.t1att1","19:986206::wtu.t1att1","986206","19:986206",0.325,0.375,20
19,986,"West Texas Utilities","wtu.t1att1","19:986211::wtu.t1att1","986211","19:986211",0.177777777777778,0.244444444444444,9
19,986,"West Texas Utilities","wtu.t1att1","19:986210::wtu.t1att1","986210","19:986210",0.211764705882353,0.329411764705882,17
19,986,"West Texas Utilities","wtu.t1att1","19:986205::wtu.t1att1","986205","19:986205",0.178947368421053,0.31578947368421,19
19,986,"West Texas Utilities","wtu.t1att1","19:986204::wtu.t1att1","986204","19:986204",0.252631578947368,0.315789473684211,19
19,986,"West Texas Utilities","wtu.t1att1","19:986209::wtu.t1att1","986209","19:986209",0.217647058823529,0.288235294117647,17
19,986,"West Texas Utilities","wtu.t1att1","19:986202::wtu.t1att1","986202","19:986202",0.12,0.3,20
19,986,"West Texas Utilities","wtu.t1att1","19:986212::wtu.t1att1","986212","19:986212",0.0222222222222222,0.311111111111111,9
19,986,"West Texas Utilities","wtu.t1att1","19:986213::wtu.t1att1","986213","19:986213",0.0555555555555556,0.188888888888889,9
19,986,"West Texas Utilities","wtu.t1att1","19:986214::wtu.t1att1","986214","19:986214",0.227272727272727,0.263636363636364,11
19,986,"West Texas Utilities","wtu.t1att1","19:986201::wtu.t1att1","986201","19:986201",0.29047619047619,0.376190476190476,21
19,986,"West Texas Utilities","wtu.t1att1","19:986207::wtu.t1att1","986207","19:986207",0.194736842105263,0.3,19
19,986,"West Texas Utilities","wtu.t1att3","19:986208::wtu.t1att3","986208","19:986208",0.00935374149659868,0.211734693877551,21
19,986,"West Texas Utilities","wtu.t1att3","19:986203::wtu.t1att3","986203","19:986203",0.0108082706766917,0.232612781954887,19
19,986,"West Texas Utilities","wtu.t1att3","19:986206::wtu.t1att3","986206","19:986206",0.0558035714285715,0.245089285714286,20
19,986,"West Texas Utilities","wtu.t1att3","19:986211::wtu.t1att3","986211","19:986211",0.0277777777777776,0.160714285714286,9
19,986,"West Texas Utilities","wtu.t1att3","19:986210::wtu.t1att3","986210","19:986210",0.0194327731092436,0.210609243697479,17
19,986,"West Texas Utilities","wtu.t1att3","19:986205::wtu.t1att3","986205","19:986205",0.111842105263158,0.206766917293233,19
19,986,"West Texas Utilities","wtu.t1att3","19:986204::wtu.t1att3","986204","19:986204",0.0305451127819548,0.196898496240601,19
19,986,"West Texas Utilities","wtu.t1att3","19:986209::wtu.t1att3","986209","19:986209",0.0341386554621847,0.214810924369748,17
19,986,"West Texas Utilities","wtu.t1att3","19:986202::wtu.t1att3","986202","19:986202",0.0330357142857144,0.1625,20
19,986,"West Texas Utilities","wtu.t1att3","19:986212::wtu.t1att3","986212","19:986212",0.201388888888889,0.387896825396825,9
19,986,"West Texas Utilities","wtu.t1att3","19:986213::wtu.t1att3","986213","19:986213",0.118055555555555,0.139880952380952,9
19,986,"West Texas Utilities","wtu.t1att3","19:986214::wtu.t1att3","986214","19:986214",0.193993506493506,0.315746753246753,11
19,986,"West Texas Utilities","wtu.t1att3","19:986201::wtu.t1att3","986201","19:986201",0.0982142857142856,0.270833333333333,21
19,986,"West Texas Utilities","wtu.t1att3","19:986207::wtu.t1att3","986207","19:986207",0.00798872180451138,0.12734962406015,19
19,986,"West Texas Utilities","wtu.t1att4","19:986208::wtu.t1att4","986208","19:986208",0.080952380952381,0.138095238095238,21
19,986,"West Texas Utilities","wtu.t1att4","19:986203::wtu.t1att4","986203","19:986203",0.0736842105263158,0.2,19
19,986,"West Texas Utilities","wtu.t1att4","19:986206::wtu.t1att4","986206","19:986206",0.13,0.23,20
19,986,"West Texas Utilities","wtu.t1att4","19:986211::wtu.t1att4","986211","19:986211",0.0666666666666667,0.133333333333333,9
19,986,"West Texas Utilities","wtu.t1att4","19:986210::wtu.t1att4","986210","19:986210",0.0235294117647059,0.152941176470588,17
19,986,"West Texas Utilities","wtu.t1att4","19:986205::wtu.t1att4","986205","19:986205",0.0578947368421053,0.257894736842105,19
19,986,"West Texas Utilities","wtu.t1att4","19:986204::wtu.t1att4","986204","19:986204",0.0315789473684211,0.126315789473684,19
19,986,"West Texas Utilities","wtu.t1att4","19:986209::wtu.t1att4","986209","19:986209",0.141176470588235,0.247058823529412,17
19,986,"West Texas Utilities","wtu.t1att4","19:986202::wtu.t1att4","986202","19:986202",0.085,0.175,20
19,986,"West Texas Utilities","wtu.t1att4","19:986212::wtu.t1att4","986212","19:986212",0.177777777777778,0.2,9
19,986,"West Texas Utilities","wtu.t1att4","19:986213::wtu.t1att4","986213","19:986213",0.0888888888888889,0.133333333333333,9
19,986,"West Texas Utilities","wtu.t1att4","19:986214::wtu.t1att4","986214","19:986214",0.0727272727272727,0.163636363636364,11
19,986,"West Texas Utilities","wtu.t1att4","19:986201::wtu.t1att4","986201","19:986201",0.147619047619048,0.233333333333333,21
19,986,"West Texas Utilities","wtu.t1att4","19:986207::wtu.t1att4","986207","19:986207",0.068421052631579,0.215789473684211,19
19,986,"West Texas Utilities","wtu.t1att5","19:986208::wtu.t1att5","986208","19:986208",0.0095238095238097,0.155555555555556,21
19,986,"West Texas Utilities","wtu.t1att5","19:986203::wtu.t1att5","986203","19:986203",0.0491228070175439,0.133333333333333,19
19,986,"West Texas Utilities","wtu.t1att5","19:986206::wtu.t1att5","986206","19:986206",0.106666666666667,0.146666666666667,20
19,986,"West Texas Utilities","wtu.t1att5","19:986211::wtu.t1att5","986211","19:986211",0.037037037037037,0.037037037037037,9
19,986,"West Texas Utilities","wtu.t1att5","19:986210::wtu.t1att5","986210","19:986210",0.0470588235294118,0.0784313725490196,17
19,986,"West Texas Utilities","wtu.t1att5","19:986205::wtu.t1att5","986205","19:986205",0.0140350877192983,0.126315789473684,19
19,986,"West Texas Utilities","wtu.t1att5","19:986204::wtu.t1att5","986204","19:986204",0.0947368421052632,0.12280701754386,19
19,986,"West Texas Utilities","wtu.t1att5","19:986209::wtu.t1att5","986209","19:986209",0.003921568627451,0.113725490196078,17
19,986,"West Texas Utilities","wtu.t1att5","19:986202::wtu.t1att5","986202","19:986202",0.0433333333333334,0.17,20
19,986,"West Texas Utilities","wtu.t1att5","19:986212::wtu.t1att5","986212","19:986212",0.0666666666666666,0.0962962962962961,9
19,986,"West Texas Utilities","wtu.t1att5","19:986213::wtu.t1att5","986213","19:986213",0.00740740740740721,0.111111111111111,9
19,986,"West Texas Utilities","wtu.t1att5","19:986214::wtu.t1att5","986214","19:986214",0.115151515151515,0.260606060606061,11
19,986,"West Texas Utilities","wtu.t1att5","19:986201::wtu.t1att5","986201","19:986201",0.0380952380952382,0.120634920634921,21
19,986,"West Texas Utilities","wtu.t1att5","19:986207::wtu.t1att5","986207","19:986207",0.0140350877192983,0.0280701754385965,19
19,986,"West Texas Utilities","wtu.t1att6","19:986208::wtu.t1att6","986208","19:986208",0.110582010582011,0.203703703703704,21
19,986,"West Texas Utilities","wtu.t1att6","19:986203::wtu.t1att6","986203","19:986203",0.080701754385965,0.316959064327485,19
19,986,"West Texas Utilities","wtu.t1att6","19:986206::wtu.t1att6","986206","19:986206",0.208888888888889,0.305555555555556,20
19,986,"West Texas Utilities","wtu.t1att6","19:986211::wtu.t1att6","986211","19:986211",0.0901234567901234,0.169135802469136,9
19,986,"West Texas Utilities","wtu.t1att6","19:986210::wtu.t1att6","986210","19:986210",0.187581699346405,0.319607843137255,17
19,986,"West Texas Utilities","wtu.t1att6","19:986205::wtu.t1att6","986205","19:986205",0.318713450292398,0.324561403508772,19
19,986,"West Texas Utilities","wtu.t1att6","19:986204::wtu.t1att6","986204","19:986204",0.0678362573099415,0.180116959064328,19
19,986,"West Texas Utilities","wtu.t1att6","19:986209::wtu.t1att6","986209","19:986209",0.22483660130719,0.354248366013072,17
19,986,"West Texas Utilities","wtu.t1att6","19:986202::wtu.t1att6","986202","19:986202",0.0133333333333334,0.215555555555556,20
19,986,"West Texas Utilities","wtu.t1att6","19:986212::wtu.t1att6","986212","19:986212",0.0950617283950618,0.233333333333333,9
19,986,"West Texas Utilities","wtu.t1att6","19:986213::wtu.t1att6","986213","19:986213",0.176543209876543,0.193827160493827,9
19,986,"West Texas Utilities","wtu.t1att6","19:986214::wtu.t1att6","986214","19:986214",0.00909090909090926,0.126262626262626,11
19,986,"West Texas Utilities","wtu.t1att6","19:986201::wtu.t1att6","986201","19:986201",0.0555555555555555,0.253439153439154,21
19,986,"West Texas Utilities","wtu.t1att6","19:986207::wtu.t1att6","986207","19:986207",0.148538011695906,0.35672514619883,19
19,986,"West Texas Utilities","wtu.t1att7","19:986208::wtu.t1att7","986208","19:986208",0.0476190476190476,0.161904761904762,21
19,986,"West Texas Utilities","wtu.t1att7","19:986203::wtu.t1att7","986203","19:986203",0.0736842105263158,0.189473684210526,19
19,986,"West Texas Utilities","wtu.t1att7","19:986206::wtu.t1att7","986206","19:986206",0.105,0.215,20
19,986,"West Texas Utilities","wtu.t1att7","19:986211::wtu.t1att7","986211","19:986211",0.0444444444444444,0.2,9
19,986,"West Texas Utilities","wtu.t1att7","19:986210::wtu.t1att7","986210","19:986210",0.111764705882353,0.252941176470588,17
19,986,"West Texas Utilities","wtu.t1att7","19:986205::wtu.t1att7","986205","19:986205",0.0526315789473684,0.210526315789474,19
19,986,"West Texas Utilities","wtu.t1att7","19:986204::wtu.t1att7","986204","19:986204",0.0894736842105263,0.226315789473684,19
19,986,"West Texas Utilities","wtu.t1att7","19:986209::wtu.t1att7","986209","19:986209",0.0470588235294118,0.2,17
19,986,"West Texas Utilities","wtu.t1att7","19:986202::wtu.t1att7","986202","19:986202",0.07,0.24,20
19,986,"West Texas Utilities","wtu.t1att7","19:986212::wtu.t1att7","986212","19:986212",2.46716227694479e-17,0.266666666666667,9
19,986,"West Texas Utilities","wtu.t1att7","19:986213::wtu.t1att7","986213","19:986213",0.0111111111111111,0.188888888888889,9
19,986,"West Texas Utilities","wtu.t1att7","19:986214::wtu.t1att7","986214","19:986214",0.0545454545454545,0.163636363636364,11
19,986,"West Texas Utilities","wtu.t1att7","19:986201::wtu.t1att7","986201","19:986201",0.152380952380952,0.228571428571429,21
19,986,"West Texas Utilities","wtu.t1att7","19:986207::wtu.t1att7","986207","19:986207",0.0526315789473685,0.347368421052632,19
21,3000,"Southwestern Electric Power","swp.t1att1","21:3000304::swp.t1att1","3000304","21:3000304",0.0722222222222222,0.294444444444444,18
21,3000,"Southwestern Electric Power","swp.t1att1","21:3000312::swp.t1att1","3000312","21:3000312",0.1,0.3,17
21,3000,"Southwestern Electric Power","swp.t1att1","21:3000315::swp.t1att1","3000315","21:3000315",0.272222222222222,0.283333333333333,18
21,3000,"Southwestern Electric Power","swp.t1att1","21:3000309::swp.t1att1","3000309","21:3000309",0.38125,0.38125,16
21,3000,"Southwestern Electric Power","swp.t1att1","21:3000307::swp.t1att1","3000307","21:3000307",0.1625,0.2375,16
21,3000,"Southwestern Electric Power","swp.t1att1","21:3000303::swp.t1att1","3000303","21:3000303",0.0235294117647059,0.294117647058824,17
21,3000,"Southwestern Electric Power","swp.t1att1","21:3000308::swp.t1att1","3000308","21:3000308",0.05,0.316666666666667,18
21,3000,"Southwestern Electric Power","swp.t1att1","21:3000313::swp.t1att1","3000313","21:3000313",0.24375,0.28125,16
21,3000,"Southwestern Electric Power","swp.t1att1","21:3000310::swp.t1att1","3000310","21:3000310",0.0722222222222222,0.316666666666667,18
21,3000,"Southwestern Electric Power","swp.t1att1","21:3000302::swp.t1att1","3000302","21:3000302",0.12,0.32,15
21,3000,"Southwestern Electric Power","swp.t1att1","21:3000314::swp.t1att1","3000314","21:3000314",0.0764705882352941,0.252941176470588,17
21,3000,"Southwestern Electric Power","swp.t1att1","21:3000305::swp.t1att1","3000305","21:3000305",0.26875,0.38125,16
21,3000,"Southwestern Electric Power","swp.t1att1","21:3000311::swp.t1att1","3000311","21:3000311",0.075,0.2125,16
21,3000,"Southwestern Electric Power","swp.t1att1","21:3000301::swp.t1att1","3000301","21:3000301",0.0714285714285714,0.385714285714286,14
21,3000,"Southwestern Electric Power","swp.t1att3","21:3000304::swp.t1att3","3000304","21:3000304",0.0674603174603176,0.143650793650794,18
21,3000,"Southwestern Electric Power","swp.t1att3","21:3000312::swp.t1att3","3000312","21:3000312",0.00252100840336129,0.178991596638656,17
21,3000,"Southwestern Electric Power","swp.t1att3","21:3000315::swp.t1att3","3000315","21:3000315",0.271428571428571,0.338095238095238,18
21,3000,"Southwestern Electric Power","swp.t1att3","21:3000309::swp.t1att3","3000309","21:3000309",0.227678571428571,0.245535714285714,16
21,3000,"Southwestern Electric Power","swp.t1att3","21:3000307::swp.t1att3","3000307","21:3000307",0.145535714285714,0.204464285714286,16
21,3000,"Southwestern Electric Power","swp.t1att3","21:3000303::swp.t1att3","3000303","21:3000303",0.132773109243698,0.178151260504202,17
21,3000,"Southwestern Electric Power","swp.t1att3","21:3000308::swp.t1att3","3000308","21:3000308",0.0571428571428572,0.247619047619048,18
21,3000,"Southwestern Electric Power","swp.t1att3","21:3000313::swp.t1att3","3000313","21:3000313",0.163392857142857,0.220535714285714,16
21,3000,"Southwestern Electric Power","swp.t1att3","21:3000310::swp.t1att3","3000310","21:3000310",0.146031746031746,0.163492063492064,18
21,3000,"Southwestern Electric Power","swp.t1att3","21:3000302::swp.t1att3","3000302","21:3000302",0.138095238095238,0.191428571428571,15
21,3000,"Southwestern Electric Power","swp.t1att3","21:3000314::swp.t1att3","3000314","21:3000314",0.091596638655462,0.271428571428571,17
21,3000,"Southwestern Electric Power","swp.t1att3","21:3000305::swp.t1att3","3000305","21:3000305",0.0267857142857143,0.2,16
21,3000,"Southwestern Electric Power","swp.t1att3","21:3000311::swp.t1att3","3000311","21:3000311",0.157142857142857,0.203571428571429,16
21,3000,"Southwestern Electric Power","swp.t1att3","21:3000301::swp.t1att3","3000301","21:3000301",0.204081632653061,0.204081632653061,14
21,3000,"Southwestern Electric Power","swp.t1att4","21:3000304::swp.t1att4","3000304","21:3000304",0.0444444444444444,0.233333333333333,18
21,3000,"Southwestern Electric Power","swp.t1att4","21:3000312::swp.t1att4","3000312","21:3000312",0.117647058823529,0.247058823529412,17
21,3000,"Southwestern Electric Power","swp.t1att4","21:3000315::swp.t1att4","3000315","21:3000315",0.122222222222222,0.288888888888889,18
21,3000,"Southwestern Electric Power","swp.t1att4","21:3000309::swp.t1att4","3000309","21:3000309",0.1,0.2125,16
21,3000,"Southwestern Electric Power","swp.t1att4","21:3000307::swp.t1att4","3000307","21:3000307",0.1125,0.225,16
21,3000,"Southwestern Electric Power","swp.t1att4","21:3000303::swp.t1att4","3000303","21:3000303",0.2,0.305882352941176,17
21,3000,"Southwestern Electric Power","swp.t1att4","21:3000308::swp.t1att4","3000308","21:3000308",0.0166666666666667,0.272222222222222,18
21,3000,"Southwestern Electric Power","swp.t1att4","21:3000313::swp.t1att4","3000313","21:3000313",0.01875,0.18125,16
21,3000,"Southwestern Electric Power","swp.t1att4","21:3000310::swp.t1att4","3000310","21:3000310",0.0722222222222222,0.327777777777778,18
21,3000,"Southwestern Electric Power","swp.t1att4","21:3000302::swp.t1att4","3000302","21:3000302",0.0133333333333333,0.226666666666667,15
21,3000,"Southwestern Electric Power","swp.t1att4","21:3000314::swp.t1att4","3000314","21:3000314",0.0235294117647059,0.223529411764706,17
21,3000,"Southwestern Electric Power","swp.t1att4","21:3000305::swp.t1att4","3000305","21:3000305",0.03125,0.21875,16
21,3000,"Southwestern Electric Power","swp.t1att4","21:3000311::swp.t1att4","3000311","21:3000311",1.30104260698261e-17,0.225,16
21,3000,"Southwestern Electric Power","swp.t1att4","21:3000301::swp.t1att4","3000301","21:3000301",0.121428571428571,0.235714285714286,14
21,3000,"Southwestern Electric Power","swp.t1att5","21:3000304::swp.t1att5","3000304","21:3000304",0.00370370370370367,0.0574074074074074,18
21,3000,"Southwestern Electric Power","swp.t1att5","21:3000312::swp.t1att5","3000312","21:3000312",0.0382352941176471,0.120588235294118,17
21,3000,"Southwestern Electric Power","swp.t1att5","21:3000315::swp.t1att5","3000315","21:3000315",0.00648148148148151,0.246604938271605,18
21,3000,"Southwestern Electric Power","swp.t1att5","21:3000309::swp.t1att5","3000309","21:3000309",0.0427083333333333,0.127430555555556,16
21,3000,"Southwestern Electric Power","swp.t1att5","21:3000307::swp.t1att5","3000307","21:3000307",0.0993055555555555,0.213194444444444,16
21,3000,"Southwestern Electric Power","swp.t1att5","21:3000303::swp.t1att5","3000303","21:3000303",0.112418300653595,0.174509803921569,17
21,3000,"Southwestern Electric Power","swp.t1att5","21:3000308::swp.t1att5","3000308","21:3000308",0.0481481481481481,0.17037037037037,18
21,3000,"Southwestern Electric Power","swp.t1att5","21:3000313::swp.t1att5","3000313","21:3000313",0.0576388888888888,0.142361111111111,16
21,3000,"Southwestern Electric Power","swp.t1att5","21:3000310::swp.t1att5","3000310","21:3000310",0.0231481481481482,0.0904320987654322,18
21,3000,"Southwestern Electric Power","swp.t1att5","21:3000302::swp.t1att5","3000302","21:3000302",0.0025925925925926,0.0759259259259259,15
21,3000,"Southwestern Electric Power","swp.t1att5","21:3000314::swp.t1att5","3000314","21:3000314",0.170915032679738,0.202287581699346,17
21,3000,"Southwestern Electric Power","swp.t1att5","21:3000305::swp.t1att5","3000305","21:3000305",0.0944444444444444,0.184722222222222,16
21,3000,"Southwestern Electric Power","swp.t1att5","21:3000311::swp.t1att5","3000311","21:3000311",0.0885416666666666,0.182291666666667,16
21,3000,"Southwestern Electric Power","swp.t1att5","21:3000301::swp.t1att5","3000301","21:3000301",0.0305555555555555,0.0892857142857144,14
21,3000,"Southwestern Electric Power","swp.t1att6","21:3000304::swp.t1att6","3000304","21:3000304",0.0555555555555555,0.2,18
21,3000,"Southwestern Electric Power","swp.t1att6","21:3000312::swp.t1att6","3000312","21:3000312",0.182352941176471,0.241176470588235,17
21,3000,"Southwestern Electric Power","swp.t1att6","21:3000315::swp.t1att6","3000315","21:3000315",0.172222222222222,0.327777777777778,18
21,3000,"Southwestern Electric Power","swp.t1att6","21:3000309::swp.t1att6","3000309","21:3000309",0.23125,0.25625,16
21,3000,"Southwestern Electric Power","swp.t1att6","21:3000307::swp.t1att6","3000307","21:3000307",0.2,0.2125,16
21,3000,"Southwestern Electric Power","swp.t1att6","21:3000303::swp.t1att6","3000303","21:3000303",0.1,0.276470588235294,17
21,3000,"Southwestern Electric Power","swp.t1att6","21:3000308::swp.t1att6","3000308","21:3000308",0.0222222222222222,0.244444444444444,18
21,3000,"Southwestern Electric Power","swp.t1att6","21:3000313::swp.t1att6","3000313","21:3000313",0.1875,0.3125,16
21,3000,"Southwestern Electric Power","swp.t1att6","21:3000310::swp.t1att6","3000310","21:3000310",0.277777777777778,0.344444444444444,18
21,3000,"Southwestern Electric Power","swp.t1att6","21:3000302::swp.t1att6","3000302","21:3000302",0.0333333333333333,0.153333333333333,15
21,3000,"Southwestern Electric Power","swp.t1att6","21:3000314::swp.t1att6","3000314","21:3000314",0.182352941176471,0.252941176470588,17
21,3000,"Southwestern Electric Power","swp.t1att6","21:3000305::swp.t1att6","3000305","21:3000305",0.04375,0.14375,16
21,3000,"Southwestern Electric Power","swp.t1att6","21:3000311::swp.t1att6","3000311","21:3000311",0.11875,0.21875,16
21,3000,"Southwestern Electric Power","swp.t1att6","21:3000301::swp.t1att6","3000301","21:3000301",0.157142857142857,0.228571428571429,14
21,3000,"Southwestern Electric Power","swp.t1att7","21:3000304::swp.t1att7","3000304","21:3000304",0.161111111111111,0.238888888888889,18
21,3000,"Southwestern Electric Power","swp.t1att7","21:3000312::swp.t1att7","3000312","21:3000312",0.0470588235294117,0.317647058823529,17
21,3000,"Southwestern Electric Power","swp.t1att7","21:3000315::swp.t1att7","3000315","21:3000315",0.0722222222222222,0.272222222222222,18
21,3000,"Southwestern Electric Power","swp.t1att7","21:3000309::swp.t1att7","3000309","21:3000309",0.01875,0.26875,16
21,3000,"Southwestern Electric Power","swp.t1att7","21:3000307::swp.t1att7","3000307","21:3000307",0.1875,0.3125,16
21,3000,"Southwestern Electric Power","swp.t1att7","21:3000303::swp.t1att7","3000303","21:3000303",0.0529411764705882,0.205882352941176,17
21,3000,"Southwestern Electric Power","swp.t1att7","21:3000308::swp.t1att7","3000308","21:3000308",0.0944444444444445,0.238888888888889,18
21,3000,"Southwestern Electric Power","swp.t1att7","21:3000313::swp.t1att7","3000313","21:3000313",0.0375,0.2,16
21,3000,"Southwestern Electric Power","swp.t1att7","21:3000310::swp.t1att7","3000310","21:3000310",0.144444444444444,0.266666666666667,18
21,3000,"Southwestern Electric Power","swp.t1att7","21:3000302::swp.t1att7","3000302","21:3000302",0.1,0.18,15
21,3000,"Southwestern Electric Power","swp.t1att7","21:3000314::swp.t1att7","3000314","21:3000314",0.0294117647058823,0.229411764705882,17
21,3000,"Southwestern Electric Power","swp.t1att7","21:3000305::swp.t1att7","3000305","21:3000305",0.0375,0.2375,16
21,3000,"Southwestern Electric Power","swp.t1att7","21:3000311::swp.t1att7","3000311","21:3000311",0.1125,0.2,16
21,3000,"Southwestern Electric Power","swp.t1att7","21:3000301::swp.t1att7","3000301","21:3000301",0.1,0.242857142857143,14
10,53,"Bulgarian National","bulgaria.bulgaria.t1tghpc","10:5301::bulgaria.bulgaria.t1tghpc","5301","10:5301",0.00651041604578492,0.162760416045785,16
10,53,"Bulgarian National","bulgaria.bulgaria.t1tghpc","10:5311::bulgaria.bulgaria.t1tghpc","5311","10:5311",0.269607841091997,0.272058819146717,17
10,53,"Bulgarian National","bulgaria.bulgaria.t1tghpc","10:5310::bulgaria.bulgaria.t1tghpc","5310","10:5310",0.104166665497948,0.187500003506156,17
10,53,"Bulgarian National","bulgaria.bulgaria.t1tghpc","10:5302::bulgaria.bulgaria.t1tghpc","5302","10:5302",0.11328125,0.21484375,16
10,53,"Bulgarian National","bulgaria.bulgaria.t1tghpc","10:5313::bulgaria.bulgaria.t1tghpc","5313","10:5313",0.248842593696382,0.309027781089147,18
10,53,"Bulgarian National","bulgaria.bulgaria.t1tghpc","10:5309::bulgaria.bulgaria.t1tghpc","5309","10:5309",0.171568632125855,0.174019610180574,17
10,53,"Bulgarian National","bulgaria.bulgaria.t1tghpc","10:5308::bulgaria.bulgaria.t1tghpc","5308","10:5308",0.0416666672510259,0.144607843721614,17
10,53,"Bulgarian National","bulgaria.bulgaria.t1tghpc","10:5304::bulgaria.bulgaria.t1tghpc","5304","10:5304",0.151388887564341,0.234722220897675,15
10,53,"Bulgarian National","bulgaria.bulgaria.t1tghpc","10:5305::bulgaria.bulgaria.t1tghpc","5305","10:5305",0.00260416790843013,0.14322916790843,16
10,53,"Bulgarian National","bulgaria.bulgaria.t1tghpc","10:5307::bulgaria.bulgaria.t1tghpc","5307","10:5307",0.211111110448837,0.302777777115504,15
10,53,"Bulgarian National","bulgaria.bulgaria.t1tghpc","10:5316::bulgaria.bulgaria.t1tghpc","5316","10:5316",0.0490196101805744,0.193627448642955,17
10,53,"Bulgarian National","bulgaria.bulgaria.t1tghpc","10:5317::bulgaria.bulgaria.t1tghpc","5317","10:5317",0.209635416045785,0.225260416045785,16
10,53,"Bulgarian National","bulgaria.bulgaria.t1tghpc","10:5315::bulgaria.bulgaria.t1tghpc","5315","10:5315",0.0833333373069764,0.18333332935969,15
10,53,"Bulgarian National","bulgaria.bulgaria.t1tghpc","10:5312::bulgaria.bulgaria.t1tghpc","5312","10:5312",0.227777779102325,0.269444445768992,15
10,53,"Bulgarian National","bulgaria.bulgaria.t1tghpc","10:5306::bulgaria.bulgaria.t1tghpc","5306","10:5306",0.245098040384405,0.259803922737346,17
10,53,"Bulgarian National","bulgaria.bulgaria.t1tghpc","10:5303::bulgaria.bulgaria.t1tghpc","5303","10:5303",0.0104166666666667,0.239583333333333,12
10,53,"Bulgarian National","bulgaria.bulgaria.t1tghpc","10:5314::bulgaria.bulgaria.t1tghpc","5314","10:5314",0.0861111124356588,0.147222220897675,15
10,53,"Bulgarian National","bulgaria.bulgaria.t1clibe","10:5301::bulgaria.bulgaria.t1clibe","5301","10:5301",0.0429687493015081,0.354947919724509,16
10,53,"Bulgarian National","bulgaria.bulgaria.t1clibe","10:5311::bulgaria.bulgaria.t1clibe","5311","10:5311",0.069852939204258,0.206617639564416,17
10,53,"Bulgarian National","bulgaria.bulgaria.t1clibe","10:5310::bulgaria.bulgaria.t1clibe","5310","10:5310",0.173697917954996,0.279947913484648,16
10,53,"Bulgarian National","bulgaria.bulgaria.t1clibe","10:5302::bulgaria.bulgaria.t1clibe","5302","10:5302",0.0485294167609775,0.204411763916997,17
10,53,"Bulgarian National","bulgaria.bulgaria.t1clibe","10:5313::bulgaria.bulgaria.t1clibe","5313","10:5313",0.0583333329608043,0.26805555054711,18
10,53,"Bulgarian National","bulgaria.bulgaria.t1clibe","10:5309::bulgaria.bulgaria.t1clibe","5309","10:5309",0.0955882344175787,0.210294114316211,17
10,53,"Bulgarian National","bulgaria.bulgaria.t1clibe","10:5308::bulgaria.bulgaria.t1clibe","5308","10:5308",0.0732843183419284,0.21102941299186,17
10,53,"Bulgarian National","bulgaria.bulgaria.t1clibe","10:5304::bulgaria.bulgaria.t1clibe","5304","10:5304",0.0686110990742843,0.163611099372307,15
10,53,"Bulgarian National","bulgaria.bulgaria.t1clibe","10:5305::bulgaria.bulgaria.t1clibe","5305","10:5305",0.0985294078641079,0.24264705465997,17
10,53,"Bulgarian National","bulgaria.bulgaria.t1clibe","10:5307::bulgaria.bulgaria.t1clibe","5307","10:5307",0.121944440652927,0.280277781436841,15
10,53,"Bulgarian National","bulgaria.bulgaria.t1clibe","10:5316::bulgaria.bulgaria.t1clibe","5316","10:5316",0.0965686276116794,0.211274510578198,17
10,53,"Bulgarian National","bulgaria.bulgaria.t1clibe","10:5317::bulgaria.bulgaria.t1clibe","5317","10:5317",0.0343750016763806,0.209375000558794,16
10,53,"Bulgarian National","bulgaria.bulgaria.t1clibe","10:5315::bulgaria.bulgaria.t1clibe","5315","10:5315",0.00277777612209306,0.221111103892326,15
10,53,"Bulgarian National","bulgaria.bulgaria.t1clibe","10:5312::bulgaria.bulgaria.t1clibe","5312","10:5312",0.0625000019868215,0.284166669845581,15
10,53,"Bulgarian National","bulgaria.bulgaria.t1clibe","10:5306::bulgaria.bulgaria.t1clibe","5306","10:5306",0.0698529451208955,0.16985294792582,17
10,53,"Bulgarian National","bulgaria.bulgaria.t1clibe","10:5303::bulgaria.bulgaria.t1clibe","5303","10:5303",0.0279761869460344,0.185119053881083,14
10,53,"Bulgarian National","bulgaria.bulgaria.t1clibe","10:5314::bulgaria.bulgaria.t1clibe","5314","10:5314",0.0124999994877726,0.16406250349246,16
10,53,"Bulgarian National","bulgaria.bulgaria.t1q8_7","10:5301::bulgaria.bulgaria.t1q8_7","5301","10:5301",0,0.136363636363636,11
10,53,"Bulgarian National","bulgaria.bulgaria.t1q8_7","10:5311::bulgaria.bulgaria.t1q8_7","5311","10:5311",0.15,0.216666666666667,15
10,53,"Bulgarian National","bulgaria.bulgaria.t1q8_7","10:5310::bulgaria.bulgaria.t1q8_7","5310","10:5310",0.115384615384615,0.307692307692308,13
10,53,"Bulgarian National","bulgaria.bulgaria.t1q8_7","10:5302::bulgaria.bulgaria.t1q8_7","5302","10:5302",0.115384615384615,0.192307692307692,13
10,53,"Bulgarian National","bulgaria.bulgaria.t1q8_7","10:5313::bulgaria.bulgaria.t1q8_7","5313","10:5313",0.09375,0.3125,16
10,53,"Bulgarian National","bulgaria.bulgaria.t1q8_7","10:5309::bulgaria.bulgaria.t1q8_7","5309","10:5309",0.15625,0.25,16
10,53,"Bulgarian National","bulgaria.bulgaria.t1q8_7","10:5308::bulgaria.bulgaria.t1q8_7","5308","10:5308",0.0178571428571429,0.267857142857143,14
10,53,"Bulgarian National","bulgaria.bulgaria.t1q8_7","10:5304::bulgaria.bulgaria.t1q8_7","5304","10:5304",0.142857142857143,0.285714285714286,14
10,53,"Bulgarian National","bulgaria.bulgaria.t1q8_7","10:5305::bulgaria.bulgaria.t1q8_7","5305","10:5305",0,0.363636363636364,11
10,53,"Bulgarian National","bulgaria.bulgaria.t1q8_7","10:5307::bulgaria.bulgaria.t1q8_7","5307","10:5307",0.0961538461538462,0.442307692307692,13
10,53,"Bulgarian National","bulgaria.bulgaria.t1q8_7","10:5316::bulgaria.bulgaria.t1q8_7","5316","10:5316",0.116666666666667,0.25,15
10,53,"Bulgarian National","bulgaria.bulgaria.t1q8_7","10:5317::bulgaria.bulgaria.t1q8_7","5317","10:5317",0.192307692307692,0.423076923076923,13
10,53,"Bulgarian National","bulgaria.bulgaria.t1q8_7","10:5315::bulgaria.bulgaria.t1q8_7","5315","10:5315",0.0454545454545454,0.227272727272727,11
10,53,"Bulgarian National","bulgaria.bulgaria.t1q8_7","10:5312::bulgaria.bulgaria.t1q8_7","5312","10:5312",0.0178571428571429,0.267857142857143,14
10,53,"Bulgarian National","bulgaria.bulgaria.t1q8_7","10:5306::bulgaria.bulgaria.t1q8_7","5306","10:5306",0.1875,0.25,16
10,53,"Bulgarian National","bulgaria.bulgaria.t1q8_7","10:5303::bulgaria.bulgaria.t1q8_7","5303","10:5303",0.025,0.175,10
10,53,"Bulgarian National","bulgaria.bulgaria.t1q8_7","10:5314::bulgaria.bulgaria.t1q8_7","5314","10:5314",0.0576923076923077,0.211538461538462,13
10,53,"Bulgarian National","bulgaria.bulgaria.t1q8_1","10:5301::bulgaria.bulgaria.t1q8_1","5301","10:5301",0.0666666666666667,0.133333333333333,15
10,53,"Bulgarian National","bulgaria.bulgaria.t1q8_1","10:5311::bulgaria.bulgaria.t1q8_1","5311","10:5311",0.09375,0.125,16
10,53,"Bulgarian National","bulgaria.bulgaria.t1q8_1","10:5310::bulgaria.bulgaria.t1q8_1","5310","10:5310",0.046875,0.203125,16
10,53,"Bulgarian National","bulgaria.bulgaria.t1q8_1","10:5302::bulgaria.bulgaria.t1q8_1","5302","10:5302",0.09375,0.15625,16
10,53,"Bulgarian National","bulgaria.bulgaria.t1q8_1","10:5313::bulgaria.bulgaria.t1q8_1","5313","10:5313",0.0138888888888889,0.180555555555556,18
10,53,"Bulgarian National","bulgaria.bulgaria.t1q8_1","10:5309::bulgaria.bulgaria.t1q8_1","5309","10:5309",0.03125,0.125,16
10,53,"Bulgarian National","bulgaria.bulgaria.t1q8_1","10:5308::bulgaria.bulgaria.t1q8_1","5308","10:5308",0.0147058823529412,0.132352941176471,17
10,53,"Bulgarian National","bulgaria.bulgaria.t1q8_1","10:5304::bulgaria.bulgaria.t1q8_1","5304","10:5304",0.0166666666666667,0.15,15
10,53,"Bulgarian National","bulgaria.bulgaria.t1q8_1","10:5305::bulgaria.bulgaria.t1q8_1","5305","10:5305",0.0357142857142857,0.178571428571429,14
10,53,"Bulgarian National","bulgaria.bulgaria.t1q8_1","10:5307::bulgaria.bulgaria.t1q8_1","5307","10:5307",0.0892857142857143,0.0892857142857143,14
10,53,"Bulgarian National","bulgaria.bulgaria.t1q8_1","10:5316::bulgaria.bulgaria.t1q8_1","5316","10:5316",0.0166666666666667,0.183333333333333,15
10,53,"Bulgarian National","bulgaria.bulgaria.t1q8_1","10:5317::bulgaria.bulgaria.t1q8_1","5317","10:5317",0.046875,0.078125,16
10,53,"Bulgarian National","bulgaria.bulgaria.t1q8_1","10:5315::bulgaria.bulgaria.t1q8_1","5315","10:5315",0.0178571428571429,0.0535714285714286,14
10,53,"Bulgarian National","bulgaria.bulgaria.t1q8_1","10:5312::bulgaria.bulgaria.t1q8_1","5312","10:5312",0.0666666666666667,0.166666666666667,15
10,53,"Bulgarian National","bulgaria.bulgaria.t1q8_1","10:5306::bulgaria.bulgaria.t1q8_1","5306","10:5306",0,0.147058823529412,17
10,53,"Bulgarian National","bulgaria.bulgaria.t1q8_1","10:5303::bulgaria.bulgaria.t1q8_1","5303","10:5303",0.0192307692307692,0.0576923076923077,13
10,53,"Bulgarian National","bulgaria.bulgaria.t1q8_1","10:5314::bulgaria.bulgaria.t1q8_1","5314","10:5314",0,0.0625,16
10,53,"Bulgarian National","bulgaria.bulgaria.t1q8_8","10:5301::bulgaria.bulgaria.t1q8_8","5301","10:5301",0,0.214285714285714,14
10,53,"Bulgarian National","bulgaria.bulgaria.t1q8_8","10:5311::bulgaria.bulgaria.t1q8_8","5311","10:5311",0.0535714285714286,0.125,14
10,53,"Bulgarian National","bulgaria.bulgaria.t1q8_8","10:5310::bulgaria.bulgaria.t1q8_8","5310","10:5310",0.166666666666667,0.166666666666667,12
10,53,"Bulgarian National","bulgaria.bulgaria.t1q8_8","10:5302::bulgaria.bulgaria.t1q8_8","5302","10:5302",0.0681818181818182,0.204545454545455,11
10,53,"Bulgarian National","bulgaria.bulgaria.t1q8_8","10:5313::bulgaria.bulgaria.t1q8_8","5313","10:5313",0.0166666666666667,0.25,15
10,53,"Bulgarian National","bulgaria.bulgaria.t1q8_8","10:5309::bulgaria.bulgaria.t1q8_8","5309","10:5309",0.0192307692307692,0.0576923076923077,13
10,53,"Bulgarian National","bulgaria.bulgaria.t1q8_8","10:5308::bulgaria.bulgaria.t1q8_8","5308","10:5308",0.0208333333333333,0.1875,12
10,53,"Bulgarian National","bulgaria.bulgaria.t1q8_8","10:5304::bulgaria.bulgaria.t1q8_8","5304","10:5304",0.104166666666667,0.354166666666667,12
10,53,"Bulgarian National","bulgaria.bulgaria.t1q8_8","10:5305::bulgaria.bulgaria.t1q8_8","5305","10:5305",0.125,0.275,10
10,53,"Bulgarian National","bulgaria.bulgaria.t1q8_8","10:5307::bulgaria.bulgaria.t1q8_8","5307","10:5307",0.0769230769230769,0.192307692307692,13
10,53,"Bulgarian National","bulgaria.bulgaria.t1q8_8","10:5316::bulgaria.bulgaria.t1q8_8","5316","10:5316",0.0833333333333333,0.291666666666667,12
10,53,"Bulgarian National","bulgaria.bulgaria.t1q8_8","10:5317::bulgaria.bulgaria.t1q8_8","5317","10:5317",0.109375,0.265625,16
10,53,"Bulgarian National","bulgaria.bulgaria.t1q8_8","10:5315::bulgaria.bulgaria.t1q8_8","5315","10:5315",0.05,0.15,15
10,53,"Bulgarian National","bulgaria.bulgaria.t1q8_8","10:5312::bulgaria.bulgaria.t1q8_8","5312","10:5312",0.230769230769231,0.346153846153846,13
10,53,"Bulgarian National","bulgaria.bulgaria.t1q8_8","10:5306::bulgaria.bulgaria.t1q8_8","5306","10:5306",0.0892857142857143,0.160714285714286,14
10,53,"Bulgarian National","bulgaria.bulgaria.t1q8_8","10:5303::bulgaria.bulgaria.t1q8_8","5303","10:5303",0.0555555555555555,0.111111111111111,9
10,53,"Bulgarian National","bulgaria.bulgaria.t1q8_8","10:5314::bulgaria.bulgaria.t1q8_8","5314","10:5314",0.0769230769230769,0.153846153846154,13
10,53,"Bulgarian National","bulgaria.bulgaria.t1q8_11","10:5301::bulgaria.bulgaria.t1q8_11","5301","10:5301",0.291666666666667,0.375,12
10,53,"Bulgarian National","bulgaria.bulgaria.t1q8_11","10:5311::bulgaria.bulgaria.t1q8_11","5311","10:5311",0,0.3125,16
10,53,"Bulgarian National","bulgaria.bulgaria.t1q8_11","10:5310::bulgaria.bulgaria.t1q8_11","5310","10:5310",0.0192307692307693,0.288461538461538,13
10,53,"Bulgarian National","bulgaria.bulgaria.t1q8_11","10:5302::bulgaria.bulgaria.t1q8_11","5302","10:5302",0.0576923076923077,0.211538461538462,13
10,53,"Bulgarian National","bulgaria.bulgaria.t1q8_11","10:5313::bulgaria.bulgaria.t1q8_11","5313","10:5313",0.15,0.283333333333333,15
10,53,"Bulgarian National","bulgaria.bulgaria.t1q8_11","10:5309::bulgaria.bulgaria.t1q8_11","5309","10:5309",0.196428571428571,0.303571428571429,14
10,53,"Bulgarian National","bulgaria.bulgaria.t1q8_11","10:5308::bulgaria.bulgaria.t1q8_11","5308","10:5308",0.0357142857142857,0.25,14
10,53,"Bulgarian National","bulgaria.bulgaria.t1q8_11","10:5304::bulgaria.bulgaria.t1q8_11","5304","10:5304",0.3125,0.354166666666667,12
10,53,"Bulgarian National","bulgaria.bulgaria.t1q8_11","10:5305::bulgaria.bulgaria.t1q8_11","5305","10:5305",0.0208333333333333,0.479166666666667,12
10,53,"Bulgarian National","bulgaria.bulgaria.t1q8_11","10:5307::bulgaria.bulgaria.t1q8_11","5307","10:5307",0.288461538461538,0.442307692307692,13
10,53,"Bulgarian National","bulgaria.bulgaria.t1q8_11","10:5316::bulgaria.bulgaria.t1q8_11","5316","10:5316",0.0555555555555555,0.333333333333333,9
10,53,"Bulgarian National","bulgaria.bulgaria.t1q8_11","10:5317::bulgaria.bulgaria.t1q8_11","5317","10:5317",0.116666666666667,0.25,15
10,53,"Bulgarian National","bulgaria.bulgaria.t1q8_11","10:5315::bulgaria.bulgaria.t1q8_11","5315","10:5315",0.115384615384615,0.269230769230769,13
10,53,"Bulgarian National","bulgaria.bulgaria.t1q8_11","10:5312::bulgaria.bulgaria.t1q8_11","5312","10:5312",0.0892857142857143,0.232142857142857,14
10,53,"Bulgarian National","bulgaria.bulgaria.t1q8_11","10:5306::bulgaria.bulgaria.t1q8_11","5306","10:5306",0.3125,0.375,16
10,53,"Bulgarian National","bulgaria.bulgaria.t1q8_11","10:5303::bulgaria.bulgaria.t1q8_11","5303","10:5303",0.0625,0.104166666666667,12
10,53,"Bulgarian National","bulgaria.bulgaria.t1q8_11","10:5314::bulgaria.bulgaria.t1q8_11","5314","10:5314",0,0.192307692307692,13
10,53,"Bulgarian National","bulgaria.bulgaria.t1q10_3","10:5301::bulgaria.bulgaria.t1q10_3","5301","10:5301",0.214285714285714,0.214285714285714,14
10,53,"Bulgarian National","bulgaria.bulgaria.t1q10_3","10:5311::bulgaria.bulgaria.t1q10_3","5311","10:5311",0.235294117647059,0.323529411764706,17
10,53,"Bulgarian National","bulgaria.bulgaria.t1q10_3","10:5310::bulgaria.bulgaria.t1q10_3","5310","10:5310",0.0882352941176471,0.411764705882353,17
10,53,"Bulgarian National","bulgaria.bulgaria.t1q10_3","10:5302::bulgaria.bulgaria.t1q10_3","5302","10:5302",0.0714285714285714,0.321428571428571,14
10,53,"Bulgarian National","bulgaria.bulgaria.t1q10_3","10:5313::bulgaria.bulgaria.t1q10_3","5313","10:5313",0.166666666666667,0.366666666666667,15
10,53,"Bulgarian National","bulgaria.bulgaria.t1q10_3","10:5309::bulgaria.bulgaria.t1q10_3","5309","10:5309",0.423076923076923,0.423076923076923,13
10,53,"Bulgarian National","bulgaria.bulgaria.t1q10_3","10:5308::bulgaria.bulgaria.t1q10_3","5308","10:5308",0.03125,0.3125,16
10,53,"Bulgarian National","bulgaria.bulgaria.t1q10_3","10:5304::bulgaria.bulgaria.t1q10_3","5304","10:5304",0.166666666666667,0.433333333333333,15
10,53,"Bulgarian National","bulgaria.bulgaria.t1q10_3","10:5305::bulgaria.bulgaria.t1q10_3","5305","10:5305",0.0714285714285715,0.357142857142857,14
10,53,"Bulgarian National","bulgaria.bulgaria.t1q10_3","10:5307::bulgaria.bulgaria.t1q10_3","5307","10:5307",0.3125,0.3125,12
10,53,"Bulgarian National","bulgaria.bulgaria.t1q10_3","10:5316::bulgaria.bulgaria.t1q10_3","5316","10:5316",0.308823529411765,0.308823529411765,17
10,53,"Bulgarian National","bulgaria.bulgaria.t1q10_3","10:5317::bulgaria.bulgaria.t1q10_3","5317","10:5317",0.283333333333333,0.316666666666667,15
10,53,"Bulgarian National","bulgaria.bulgaria.t1q10_3","10:5315::bulgaria.bulgaria.t1q10_3","5315","10:5315",0.0357142857142857,0.428571428571429,14
10,53,"Bulgarian National","bulgaria.bulgaria.t1q10_3","10:5312::bulgaria.bulgaria.t1q10_3","5312","10:5312",0.0357142857142857,0.392857142857143,14
10,53,"Bulgarian National","bulgaria.bulgaria.t1q10_3","10:5306::bulgaria.bulgaria.t1q10_3","5306","10:5306",0.265625,0.359375,16
10,53,"Bulgarian National","bulgaria.bulgaria.t1q10_3","10:5303::bulgaria.bulgaria.t1q10_3","5303","10:5303",0.25,0.295454545454545,11
10,53,"Bulgarian National","bulgaria.bulgaria.t1q10_3","10:5314::bulgaria.bulgaria.t1q10_3","5314","10:5314",0.015625,0.265625,16
10,53,"Bulgarian National","bulgaria.bulgaria.t1q16","10:5301::bulgaria.bulgaria.t1q16","5301","10:5301",0.15625,0.5,16
10,53,"Bulgarian National","bulgaria.bulgaria.t1q16","10:5311::bulgaria.bulgaria.t1q16","5311","10:5311",0.0714285714285715,0.357142857142857,14
10,53,"Bulgarian National","bulgaria.bulgaria.t1q16","10:5310::bulgaria.bulgaria.t1q16","5310","10:5310",0.0357142857142857,0.285714285714286,14
10,53,"Bulgarian National","bulgaria.bulgaria.t1q16","10:5302::bulgaria.bulgaria.t1q16","5302","10:5302",0.0666666666666667,0.2,15
10,53,"Bulgarian National","bulgaria.bulgaria.t1q16","10:5313::bulgaria.bulgaria.t1q16","5313","10:5313",0.015625,0.265625,16
10,53,"Bulgarian National","bulgaria.bulgaria.t1q16","10:5309::bulgaria.bulgaria.t1q16","5309","10:5309",0.0892857142857143,0.446428571428571,14
10,53,"Bulgarian National","bulgaria.bulgaria.t1q16","10:5308::bulgaria.bulgaria.t1q16","5308","10:5308",0.0666666666666667,0.466666666666667,15
10,53,"Bulgarian National","bulgaria.bulgaria.t1q16","10:5304::bulgaria.bulgaria.t1q16","5304","10:5304",0.0625,0.4375,12
10,53,"Bulgarian National","bulgaria.bulgaria.t1q16","10:5305::bulgaria.bulgaria.t1q16","5305","10:5305",0.03125,0.40625,16
10,53,"Bulgarian National","bulgaria.bulgaria.t1q16","10:5307::bulgaria.bulgaria.t1q16","5307","10:5307",0.153846153846154,0.384615384615385,13
10,53,"Bulgarian National","bulgaria.bulgaria.t1q16","10:5316::bulgaria.bulgaria.t1q16","5316","10:5316",0.115384615384615,0.615384615384615,13
10,53,"Bulgarian National","bulgaria.bulgaria.t1q16","10:5317::bulgaria.bulgaria.t1q16","5317","10:5317",0.0714285714285715,0.357142857142857,14
10,53,"Bulgarian National","bulgaria.bulgaria.t1q16","10:5315::bulgaria.bulgaria.t1q16","5315","10:5315",0.145833333333333,0.3125,12
10,53,"Bulgarian National","bulgaria.bulgaria.t1q16","10:5312::bulgaria.bulgaria.t1q16","5312","10:5312",0.173076923076923,0.25,13
10,53,"Bulgarian National","bulgaria.bulgaria.t1q16","10:5306::bulgaria.bulgaria.t1q16","5306","10:5306",0.125,0.25,16
10,53,"Bulgarian National","bulgaria.bulgaria.t1q16","10:5303::bulgaria.bulgaria.t1q16","5303","10:5303",0.230769230769231,0.5,13
10,53,"Bulgarian National","bulgaria.bulgaria.t1q16","10:5314::bulgaria.bulgaria.t1q16","5314","10:5314",0,0.3,15
10,53,"Bulgarian National","bulgaria.bulgaria.t1q21","10:5301::bulgaria.bulgaria.t1q21","5301","10:5301",0,0.545454545454545,11
10,53,"Bulgarian National","bulgaria.bulgaria.t1q21","10:5311::bulgaria.bulgaria.t1q21","5311","10:5311",0.384615384615385,0.384615384615385,13
10,53,"Bulgarian National","bulgaria.bulgaria.t1q21","10:5310::bulgaria.bulgaria.t1q21","5310","10:5310",0.0769230769230769,0.384615384615385,13
10,53,"Bulgarian National","bulgaria.bulgaria.t1q21","10:5302::bulgaria.bulgaria.t1q21","5302","10:5302",0,0.545454545454545,11
10,53,"Bulgarian National","bulgaria.bulgaria.t1q21","10:5313::bulgaria.bulgaria.t1q21","5313","10:5313",0.133333333333333,0.4,15
10,53,"Bulgarian National","bulgaria.bulgaria.t1q21","10:5309::bulgaria.bulgaria.t1q21","5309","10:5309",0.333333333333333,0.333333333333333,12
10,53,"Bulgarian National","bulgaria.bulgaria.t1q21","10:5308::bulgaria.bulgaria.t1q21","5308","10:5308",0.125,0.125,8
10,53,"Bulgarian National","bulgaria.bulgaria.t1q21","10:5304::bulgaria.bulgaria.t1q21","5304","10:5304",0.2,0.4,10
10,53,"Bulgarian National","bulgaria.bulgaria.t1q21","10:5305::bulgaria.bulgaria.t1q21","5305","10:5305",0.111111111111111,0.111111111111111,9
10,53,"Bulgarian National","bulgaria.bulgaria.t1q21","10:5307::bulgaria.bulgaria.t1q21","5307","10:5307",0.142857142857143,0.285714285714286,14
10,53,"Bulgarian National","bulgaria.bulgaria.t1q21","10:5316::bulgaria.bulgaria.t1q21","5316","10:5316",0.0769230769230769,0.538461538461538,13
10,53,"Bulgarian National","bulgaria.bulgaria.t1q21","10:5317::bulgaria.bulgaria.t1q21","5317","10:5317",0.5,0.5,14
10,53,"Bulgarian National","bulgaria.bulgaria.t1q21","10:5315::bulgaria.bulgaria.t1q21","5315","10:5315",0.181818181818182,0.363636363636364,11
10,53,"Bulgarian National","bulgaria.bulgaria.t1q21","10:5312::bulgaria.bulgaria.t1q21","5312","10:5312",0.111111111111111,0.333333333333333,9
10,53,"Bulgarian National","bulgaria.bulgaria.t1q21","10:5306::bulgaria.bulgaria.t1q21","5306","10:5306",0.307692307692308,0.307692307692308,13
10,53,"Bulgarian National","bulgaria.bulgaria.t1q21","10:5303::bulgaria.bulgaria.t1q21","5303","10:5303",0.272727272727273,0.454545454545455,11
10,53,"Bulgarian National","bulgaria.bulgaria.t1q21","10:5314::bulgaria.bulgaria.t1q21","5314","10:5314",0.1,0.3,10
10,53,"Bulgarian National","bulgaria.bulgaria.t1q22","10:5301::bulgaria.bulgaria.t1q22","5301","10:5301",0.375,0.375,8
10,53,"Bulgarian National","bulgaria.bulgaria.t1q22","10:5311::bulgaria.bulgaria.t1q22","5311","10:5311",0.0769230769230769,0.230769230769231,13
10,53,"Bulgarian National","bulgaria.bulgaria.t1q22","10:5310::bulgaria.bulgaria.t1q22","5310","10:5310",0.125,0.375,8
10,53,"Bulgarian National","bulgaria.bulgaria.t1q22","10:5302::bulgaria.bulgaria.t1q22","5302","10:5302",0.363636363636364,0.727272727272727,11
10,53,"Bulgarian National","bulgaria.bulgaria.t1q22","10:5313::bulgaria.bulgaria.t1q22","5313","10:5313",0.266666666666667,0.4,15
10,53,"Bulgarian National","bulgaria.bulgaria.t1q22","10:5309::bulgaria.bulgaria.t1q22","5309","10:5309",0.416666666666667,0.416666666666667,12
10,53,"Bulgarian National","bulgaria.bulgaria.t1q22","10:5308::bulgaria.bulgaria.t1q22","5308","10:5308",0.1,0.5,10
10,53,"Bulgarian National","bulgaria.bulgaria.t1q22","10:5304::bulgaria.bulgaria.t1q22","5304","10:5304",0.285714285714286,0.285714285714286,14
10,53,"Bulgarian National","bulgaria.bulgaria.t1q22","10:5305::bulgaria.bulgaria.t1q22","5305","10:5305",0.555555555555556,0.555555555555556,9
10,53,"Bulgarian National","bulgaria.bulgaria.t1q22","10:5307::bulgaria.bulgaria.t1q22","5307","10:5307",0.133333333333333,0.266666666666667,15
10,53,"Bulgarian National","bulgaria.bulgaria.t1q22","10:5316::bulgaria.bulgaria.t1q22","5316","10:5316",0.555555555555556,0.555555555555556,9
10,53,"Bulgarian National","bulgaria.bulgaria.t1q22","10:5317::bulgaria.bulgaria.t1q22","5317","10:5317",0.25,0.416666666666667,12
10,53,"Bulgarian National","bulgaria.bulgaria.t1q22","10:5315::bulgaria.bulgaria.t1q22","5315","10:5315",0.166666666666667,0.166666666666667,12
10,53,"Bulgarian National","bulgaria.bulgaria.t1q22","10:5312::bulgaria.bulgaria.t1q22","5312","10:5312",0.3,0.3,10
10,53,"Bulgarian National","bulgaria.bulgaria.t1q22","10:5306::bulgaria.bulgaria.t1q22","5306","10:5306",0.333333333333333,0.333333333333333,12
10,53,"Bulgarian National","bulgaria.bulgaria.t1q22","10:5303::bulgaria.bulgaria.t1q22","5303","10:5303",0.181818181818182,0.181818181818182,11
10,53,"Bulgarian National","bulgaria.bulgaria.t1q22","10:5314::bulgaria.bulgaria.t1q22","5314","10:5314",0.153846153846154,0.307692307692308,13
10,53,"Bulgarian National","bulgaria.bulgaria.t1q23","10:5301::bulgaria.bulgaria.t1q23","5301","10:5301",0.333333333333333,0.555555555555556,9
10,53,"Bulgarian National","bulgaria.bulgaria.t1q23","10:5311::bulgaria.bulgaria.t1q23","5311","10:5311",0.0909090909090909,0.636363636363636,11
10,53,"Bulgarian National","bulgaria.bulgaria.t1q23","10:5310::bulgaria.bulgaria.t1q23","5310","10:5310",0.4,0.4,5
10,53,"Bulgarian National","bulgaria.bulgaria.t1q23","10:5302::bulgaria.bulgaria.t1q23","5302","10:5302",0.25,0.5,8
10,53,"Bulgarian National","bulgaria.bulgaria.t1q23","10:5313::bulgaria.bulgaria.t1q23","5313","10:5313",0.0909090909090909,0.272727272727273,11
10,53,"Bulgarian National","bulgaria.bulgaria.t1q23","10:5309::bulgaria.bulgaria.t1q23","5309","10:5309",0.1,0.5,10
10,53,"Bulgarian National","bulgaria.bulgaria.t1q23","10:5308::bulgaria.bulgaria.t1q23","5308","10:5308",0.111111111111111,0.777777777777778,9
10,53,"Bulgarian National","bulgaria.bulgaria.t1q23","10:5304::bulgaria.bulgaria.t1q23","5304","10:5304",0.0769230769230769,0.384615384615385,13
10,53,"Bulgarian National","bulgaria.bulgaria.t1q23","10:5305::bulgaria.bulgaria.t1q23","5305","10:5305",0.2,0.6,5
10,53,"Bulgarian National","bulgaria.bulgaria.t1q23","10:5307::bulgaria.bulgaria.t1q23","5307","10:5307",0.461538461538462,0.615384615384615,13
10,53,"Bulgarian National","bulgaria.bulgaria.t1q23","10:5316::bulgaria.bulgaria.t1q23","5316","10:5316",0,0.857142857142857,7
10,53,"Bulgarian National","bulgaria.bulgaria.t1q23","10:5317::bulgaria.bulgaria.t1q23","5317","10:5317",0,0.5,12
10,53,"Bulgarian National","bulgaria.bulgaria.t1q23","10:5315::bulgaria.bulgaria.t1q23","5315","10:5315",0.25,0.5,8
10,53,"Bulgarian National","bulgaria.bulgaria.t1q23","10:5312::bulgaria.bulgaria.t1q23","5312","10:5312",0.222222222222222,0.222222222222222,9
10,53,"Bulgarian National","bulgaria.bulgaria.t1q23","10:5306::bulgaria.bulgaria.t1q23","5306","10:5306",0.0666666666666667,0.333333333333333,15
10,53,"Bulgarian National","bulgaria.bulgaria.t1q23","10:5303::bulgaria.bulgaria.t1q23","5303","10:5303",0.2,0.4,10
10,53,"Bulgarian National","bulgaria.bulgaria.t1q23","10:5314::bulgaria.bulgaria.t1q23","5314","10:5314",0.125,0.375,8
10,53,"Bulgarian National","bulgaria.bulgaria.t1q19","10:5301::bulgaria.bulgaria.t1q19","5301","10:5301",0.0625,0.229166666666667,12
10,53,"Bulgarian National","bulgaria.bulgaria.t1q19","10:5311::bulgaria.bulgaria.t1q19","5311","10:5311",0.3,0.333333333333333,15
10,53,"Bulgarian National","bulgaria.bulgaria.t1q19","10:5310::bulgaria.bulgaria.t1q19","5310","10:5310",0.25,0.25,13
10,53,"Bulgarian National","bulgaria.bulgaria.t1q19","10:5302::bulgaria.bulgaria.t1q19","5302","10:5302",0.015625,0.109375,16
10,53,"Bulgarian National","bulgaria.bulgaria.t1q19","10:5313::bulgaria.bulgaria.t1q19","5313","10:5313",0.176470588235294,0.205882352941176,17
10,53,"Bulgarian National","bulgaria.bulgaria.t1q19","10:5309::bulgaria.bulgaria.t1q19","5309","10:5309",0.0625,0.270833333333333,12
10,53,"Bulgarian National","bulgaria.bulgaria.t1q19","10:5308::bulgaria.bulgaria.t1q19","5308","10:5308",0.0769230769230769,0.153846153846154,13
10,53,"Bulgarian National","bulgaria.bulgaria.t1q19","10:5304::bulgaria.bulgaria.t1q19","5304","10:5304",0.0357142857142857,0.142857142857143,14
10,53,"Bulgarian National","bulgaria.bulgaria.t1q19","10:5305::bulgaria.bulgaria.t1q19","5305","10:5305",0,0.0769230769230769,13
10,53,"Bulgarian National","bulgaria.bulgaria.t1q19","10:5307::bulgaria.bulgaria.t1q19","5307","10:5307",0.291666666666667,0.333333333333333,12
10,53,"Bulgarian National","bulgaria.bulgaria.t1q19","10:5316::bulgaria.bulgaria.t1q19","5316","10:5316",0,0.181818181818182,11
10,53,"Bulgarian National","bulgaria.bulgaria.t1q19","10:5317::bulgaria.bulgaria.t1q19","5317","10:5317",0.0535714285714286,0.375,14
10,53,"Bulgarian National","bulgaria.bulgaria.t1q19","10:5315::bulgaria.bulgaria.t1q19","5315","10:5315",0.181818181818182,0.227272727272727,11
10,53,"Bulgarian National","bulgaria.bulgaria.t1q19","10:5312::bulgaria.bulgaria.t1q19","5312","10:5312",0.363636363636364,0.363636363636364,11
10,53,"Bulgarian National","bulgaria.bulgaria.t1q19","10:5306::bulgaria.bulgaria.t1q19","5306","10:5306",0.316666666666667,0.383333333333333,15
10,53,"Bulgarian National","bulgaria.bulgaria.t1q19","10:5303::bulgaria.bulgaria.t1q19","5303","10:5303",0.0769230769230769,0.230769230769231,13
10,53,"Bulgarian National","bulgaria.bulgaria.t1q19","10:5314::bulgaria.bulgaria.t1q19","5314","10:5314",0.0178571428571429,0.0892857142857143,14
9,52,"Zeguo Township","chi.t1att1","9:5202::chi.t1att1","5202","9:5202",0.0277777771155041,0.318888884782791,15
9,52,"Zeguo Township","chi.t1att1","9:5205::chi.t1att1","5205","9:5205",0.0911111116409302,0.222222222884496,15
9,52,"Zeguo Township","chi.t1att1","9:5212::chi.t1att1","5212","9:5212",0.199999996460974,0.252777773576478,12
9,52,"Zeguo Township","chi.t1att1","9:5210::chi.t1att1","5210","9:5210",0.113636355508457,0.286363631486893,11
9,52,"Zeguo Township","chi.t1att1","9:5211::chi.t1att1","5211","9:5211",0.0450980356510948,0.162745090968469,17
9,52,"Zeguo Township","chi.t1att1","9:5206::chi.t1att1","5206","9:5206",0.0437499997206032,0.297916669864208,16
9,52,"Zeguo Township","chi.t1att1","9:5215::chi.t1att1","5215","9:5215",0.0566666603088379,0.149999996026357,15
9,52,"Zeguo Township","chi.t1att1","9:5203::chi.t1att1","5203","9:5203",0.0166666693985463,0.295833334326744,16
9,52,"Zeguo Township","chi.t1att1","9:5208::chi.t1att1","5208","9:5208",0.00666666726271329,0.159999997417132,15
9,52,"Zeguo Township","chi.t1att1","9:5213::chi.t1att1","5213","9:5213",0.112222223977248,0.278888890643915,15
9,52,"Zeguo Township","chi.t1att1","9:5204::chi.t1att1","5204","9:5204",0.0773809498974255,0.255952376340117,14
9,52,"Zeguo Township","chi.t1att1","9:5216::chi.t1att1","5216","9:5216",0.0233333334326744,0.309999997913837,10
9,52,"Zeguo Township","chi.t1att1","9:5207::chi.t1att1","5207","9:5207",0.0187499956227838,0.270833337213844,16
9,52,"Zeguo Township","chi.t1att1","9:5209::chi.t1att1","5209","9:5209",0.0238095213259971,0.285714288907392,14
9,52,"Zeguo Township","chi.t1att1","9:5214::chi.t1att1","5214","9:5214",0.074999994598329,0.262500000186265,16
9,52,"Zeguo Township","chi.t1att1","9:5201::chi.t1att1","5201","9:5201",0.191666660830378,0.266666663810611,16
9,52,"Zeguo Township","chi.t1att2","9:5202::chi.t1att2","5202","9:5202",0.0466666658719381,0.220000000794729,15
9,52,"Zeguo Township","chi.t1att2","9:5205::chi.t1att2","5205","9:5205",0.147777779897054,0.267777774731318,15
9,52,"Zeguo Township","chi.t1att2","9:5212::chi.t1att2","5212","9:5212",0.00416666424522801,0.36527778301388,12
9,52,"Zeguo Township","chi.t1att2","9:5210::chi.t1att2","5210","9:5210",0.18787879022685,0.363636366345666,11
9,52,"Zeguo Township","chi.t1att2","9:5211::chi.t1att2","5211","9:5211",0.010784313082695,0.212745088864775,17
9,52,"Zeguo Township","chi.t1att2","9:5206::chi.t1att2","5206","9:5206",0.0322916652075947,0.253125001210719,16
9,52,"Zeguo Township","chi.t1att2","9:5215::chi.t1att2","5215","9:5215",0.122222211956978,0.304444443186124,15
9,52,"Zeguo Township","chi.t1att2","9:5203::chi.t1att2","5203","9:5203",0.070833339355886,0.343749999068678,16
9,52,"Zeguo Township","chi.t1att2","9:5208::chi.t1att2","5208","9:5208",0.0811111142237982,0.236666668454806,15
9,52,"Zeguo Township","chi.t1att2","9:5213::chi.t1att2","5213","9:5213",0.0688888917366665,0.299999997019768,15
9,52,"Zeguo Township","chi.t1att2","9:5204::chi.t1att2","5204","9:5204",0.0345238127878734,0.215476187212127,14
9,52,"Zeguo Township","chi.t1att2","9:5216::chi.t1att2","5216","9:5216",0.406666667759419,0.406666667759419,10
9,52,"Zeguo Township","chi.t1att2","9:5207::chi.t1att2","5207","9:5207",0.117777775724729,0.277777782082558,15
9,52,"Zeguo Township","chi.t1att2","9:5209::chi.t1att2","5209","9:5209",0.245238097650664,0.392857149243355,14
9,52,"Zeguo Township","chi.t1att2","9:5214::chi.t1att2","5214","9:5214",0.0135416644625365,0.192708322312683,16
9,52,"Zeguo Township","chi.t1att2","9:5201::chi.t1att2","5201","9:5201",0.0666666626930236,0.245833329856396,16
9,52,"Zeguo Township","chi.t1att3","9:5202::chi.t1att3","5202","9:5202",0,0,15
9,52,"Zeguo Township","chi.t1att3","9:5205::chi.t1att3","5205","9:5205",0,0,15
9,52,"Zeguo Township","chi.t1att3","9:5212::chi.t1att3","5212","9:5212",0,0,12
9,52,"Zeguo Township","chi.t1att3","9:5210::chi.t1att3","5210","9:5210",0,0,11
9,52,"Zeguo Township","chi.t1att3","9:5211::chi.t1att3","5211","9:5211",0,0,17
9,52,"Zeguo Township","chi.t1att3","9:5206::chi.t1att3","5206","9:5206",0,0,16
9,52,"Zeguo Township","chi.t1att3","9:5215::chi.t1att3","5215","9:5215",0,0,15
9,52,"Zeguo Township","chi.t1att3","9:5203::chi.t1att3","5203","9:5203",0,0,16
9,52,"Zeguo Township","chi.t1att3","9:5208::chi.t1att3","5208","9:5208",0,0,15
9,52,"Zeguo Township","chi.t1att3","9:5213::chi.t1att3","5213","9:5213",0,0,15
9,52,"Zeguo Township","chi.t1att3","9:5204::chi.t1att3","5204","9:5204",0,0,14
9,52,"Zeguo Township","chi.t1att3","9:5216::chi.t1att3","5216","9:5216",0,0,10
9,52,"Zeguo Township","chi.t1att3","9:5207::chi.t1att3","5207","9:5207",0,0,16
9,52,"Zeguo Township","chi.t1att3","9:5209::chi.t1att3","5209","9:5209",0,0,14
9,52,"Zeguo Township","chi.t1att3","9:5214::chi.t1att3","5214","9:5214",0,0,16
9,52,"Zeguo Township","chi.t1att3","9:5201::chi.t1att3","5201","9:5201",0,0,16
9,52,"Zeguo Township","chi.t1att4","9:5202::chi.t1att4","5202","9:5202",0.0066666662693024,0.226666667064031,15
9,52,"Zeguo Township","chi.t1att4","9:5205::chi.t1att4","5205","9:5205",0.0999999980131784,0.239999995628993,15
9,52,"Zeguo Township","chi.t1att4","9:5212::chi.t1att4","5212","9:5212",0.0416666716337204,0.316666667660077,12
9,52,"Zeguo Township","chi.t1att4","9:5210::chi.t1att4","5210","9:5210",0.0818181837146933,0.354545453732664,11
9,52,"Zeguo Township","chi.t1att4","9:5211::chi.t1att4","5211","9:5211",0.0794117678614223,0.185294114491519,17
9,52,"Zeguo Township","chi.t1att4","9:5206::chi.t1att4","5206","9:5206",0.121874996926635,0.246875000651926,16
9,52,"Zeguo Township","chi.t1att4","9:5215::chi.t1att4","5215","9:5215",0.0499999980131785,0.250000005960464,15
9,52,"Zeguo Township","chi.t1att4","9:5203::chi.t1att4","5203","9:5203",0.056250000372529,0.187499998137355,16
9,52,"Zeguo Township","chi.t1att4","9:5208::chi.t1att4","5208","9:5208",0.00666666825612388,0.193333339691162,15
9,52,"Zeguo Township","chi.t1att4","9:5213::chi.t1att4","5213","9:5213",0.0933333357175191,0.206666664282481,15
9,52,"Zeguo Township","chi.t1att4","9:5204::chi.t1att4","5204","9:5204",0.0928571447730064,0.335714288055897,14
9,52,"Zeguo Township","chi.t1att4","9:5216::chi.t1att4","5216","9:5216",0.1,0.299999994039536,10
9,52,"Zeguo Township","chi.t1att4","9:5207::chi.t1att4","5207","9:5207",0.0531250014901162,0.203125,16
9,52,"Zeguo Township","chi.t1att4","9:5209::chi.t1att4","5209","9:5209",0.167857144560133,0.310714285288538,14
9,52,"Zeguo Township","chi.t1att4","9:5214::chi.t1att4","5214","9:5214",0.137499999254942,0.28124999627471,16
9,52,"Zeguo Township","chi.t1att4","9:5201::chi.t1att4","5201","9:5201",0.103124991990626,0.196874999441207,16
9,52,"Zeguo Township","chi.t1att5","9:5202::chi.t1att5","5202","9:5202",0.0433333309491475,0.225555555820465,15
9,52,"Zeguo Township","chi.t1att5","9:5205::chi.t1att5","5205","9:5205",0.0885555537541707,0.219666666984558,15
9,52,"Zeguo Township","chi.t1att5","9:5212::chi.t1att5","5212","9:5212",0.114305557807287,0.245416663090388,12
9,52,"Zeguo Township","chi.t1att5","9:5210::chi.t1att5","5210","9:5210",0.315151515873996,0.315151515873996,11
9,52,"Zeguo Township","chi.t1att5","9:5211::chi.t1att5","5211","9:5211",0.0880392186781938,0.267843134262983,17
9,52,"Zeguo Township","chi.t1att5","9:5206::chi.t1att5","5206","9:5206",0.0962500028312207,0.250833337754011,16
9,52,"Zeguo Township","chi.t1att5","9:5215::chi.t1att5","5215","9:5215",0.0189999961853026,0.243666671117147,15
9,52,"Zeguo Township","chi.t1att5","9:5203::chi.t1att5","5203","9:5203",0.0386458292603494,0.253645838797092,16
9,52,"Zeguo Township","chi.t1att5","9:5208::chi.t1att5","5208","9:5208",0.0627777783075968,0.212777781486511,15
9,52,"Zeguo Township","chi.t1att5","9:5213::chi.t1att5","5213","9:5213",0.0161111068725586,0.195,15
9,52,"Zeguo Township","chi.t1att5","9:5204::chi.t1att5","5204","9:5204",0.0545238111700331,0.246904760599136,14
9,52,"Zeguo Township","chi.t1att5","9:5216::chi.t1att5","5216","9:5216",0.0983333361148833,0.344333339929581,10
9,52,"Zeguo Township","chi.t1att5","9:5207::chi.t1att5","5207","9:5207",0.0245833292603494,0.278749997913837,16
9,52,"Zeguo Township","chi.t1att5","9:5209::chi.t1att5","5209","9:5209",0.0416666652475086,0.282142856291362,14
9,52,"Zeguo Township","chi.t1att5","9:5214::chi.t1att5","5214","9:5214",0.0689583331346512,0.176874998211861,16
9,52,"Zeguo Township","chi.t1att5","9:5201::chi.t1att5","5201","9:5201",0.116354170441627,0.304895836114883,16
9,52,"Zeguo Township","chi.t1att6","9:5202::chi.t1att6","5202","9:5202",0.0711111148198445,0.208888891537984,15
9,52,"Zeguo Township","chi.t1att6","9:5205::chi.t1att6","5205","9:5205",0.0633333333333333,0.258888886769613,15
9,52,"Zeguo Township","chi.t1att6","9:5212::chi.t1att6","5212","9:5212",0.123611112435659,0.365277779102325,12
9,52,"Zeguo Township","chi.t1att6","9:5210::chi.t1att6","5210","9:5210",0.112121215733615,0.199999997832558,11
9,52,"Zeguo Township","chi.t1att6","9:5211::chi.t1att6","5211","9:5211",0.00588235294117653,0.211764705882353,17
9,52,"Zeguo Township","chi.t1att6","9:5206::chi.t1att6","5206","9:5206",0.0937499977648258,0.189583338052034,16
9,52,"Zeguo Township","chi.t1att6","9:5215::chi.t1att6","5215","9:5215",0.032222221692403,0.196666665077209,15
9,52,"Zeguo Township","chi.t1att6","9:5203::chi.t1att6","5203","9:5203",0.0197916649281978,0.244791666418314,16
9,52,"Zeguo Township","chi.t1att6","9:5208::chi.t1att6","5208","9:5208",0.0822222169240317,0.328888883590698,15
9,52,"Zeguo Township","chi.t1att6","9:5213::chi.t1att6","5213","9:5213",0.101111116409302,0.310000003178914,15
9,52,"Zeguo Township","chi.t1att6","9:5204::chi.t1att6","5204","9:5204",0.00119048186710908,0.265476185934884,14
9,52,"Zeguo Township","chi.t1att6","9:5216::chi.t1att6","5216","9:5216",0.111666669845581,0.391666665077209,10
9,52,"Zeguo Township","chi.t1att6","9:5207::chi.t1att6","5207","9:5207",0.0541666701436043,0.23333333581686,16
9,52,"Zeguo Township","chi.t1att6","9:5209::chi.t1att6","5209","9:5209",0.0119047624724252,0.257142862251827,14
9,52,"Zeguo Township","chi.t1att6","9:5214::chi.t1att6","5214","9:5214",0.130208331346512,0.276041665673256,16
9,52,"Zeguo Township","chi.t1att6","9:5201::chi.t1att6","5201","9:5201",0.0572916708886623,0.192708327621222,16
9,52,"Zeguo Township","chi.t1att7","9:5202::chi.t1att7","5202","9:5202",0.176666666666667,0.383333333333333,15
9,52,"Zeguo Township","chi.t1att7","9:5205::chi.t1att7","5205","9:5205",0.0833333333333333,0.263333333333333,15
9,52,"Zeguo Township","chi.t1att7","9:5212::chi.t1att7","5212","9:5212",0.0208333333333333,0.2625,12
9,52,"Zeguo Township","chi.t1att7","9:5210::chi.t1att7","5210","9:5210",0.0272727272727273,0.181818181818182,11
9,52,"Zeguo Township","chi.t1att7","9:5211::chi.t1att7","5211","9:5211",0.0588235294117647,0.258823529411765,17
9,52,"Zeguo Township","chi.t1att7","9:5206::chi.t1att7","5206","9:5206",0.03125,0.3125,16
9,52,"Zeguo Township","chi.t1att7","9:5215::chi.t1att7","5215","9:5215",0.116666666666667,0.356666666666667,15
9,52,"Zeguo Township","chi.t1att7","9:5203::chi.t1att7","5203","9:5203",0.053125,0.278125,16
9,52,"Zeguo Township","chi.t1att7","9:5208::chi.t1att7","5208","9:5208",0.113333333333333,0.206666666666667,15
9,52,"Zeguo Township","chi.t1att7","9:5213::chi.t1att7","5213","9:5213",0.04,0.266666666666667,15
9,52,"Zeguo Township","chi.t1att7","9:5204::chi.t1att7","5204","9:5204",0.00714285714285717,0.321428571428571,14
9,52,"Zeguo Township","chi.t1att7","9:5216::chi.t1att7","5216","9:5216",0.075,0.225,10
9,52,"Zeguo Township","chi.t1att7","9:5207::chi.t1att7","5207","9:5207",0.075,0.21875,16
9,52,"Zeguo Township","chi.t1att7","9:5209::chi.t1att7","5209","9:5209",0.221428571428571,0.385714285714286,14
9,52,"Zeguo Township","chi.t1att7","9:5214::chi.t1att7","5214","9:5214",0.0625,0.225,16
9,52,"Zeguo Township","chi.t1att7","9:5201::chi.t1att7","5201","9:5201",0.109375,0.190625,16
9,52,"Zeguo Township","chi.t1att8","9:5202::chi.t1att8","5202","9:5202",0.129999998460213,0.310000001639128,15
9,52,"Zeguo Township","chi.t1att8","9:5205::chi.t1att8","5205","9:5205",0.0866666615009308,0.286666661500931,15
9,52,"Zeguo Township","chi.t1att8","9:5212::chi.t1att8","5212","9:5212",0.137500000496705,0.195833337803682,12
9,52,"Zeguo Township","chi.t1att8","9:5210::chi.t1att8","5210","9:5210",0.0227272645993665,0.186363645575263,11
9,52,"Zeguo Township","chi.t1att8","9:5211::chi.t1att8","5211","9:5211",0.0382352927151847,0.238235287806567,17
9,52,"Zeguo Township","chi.t1att8","9:5206::chi.t1att8","5206","9:5206",0.0437500029802322,0.25,16
9,52,"Zeguo Township","chi.t1att8","9:5215::chi.t1att8","5215","9:5215",0.093333333482345,0.306666664034128,15
9,52,"Zeguo Township","chi.t1att8","9:5203::chi.t1att8","5203","9:5203",0.00312498677521938,0.309374998323619,16
9,52,"Zeguo Township","chi.t1att8","9:5208::chi.t1att8","5208","9:5208",0.0499999999999999,0.243333331743876,15
9,52,"Zeguo Township","chi.t1att8","9:5213::chi.t1att8","5213","9:5213",0.0133333330353102,0.233333332836628,15
9,52,"Zeguo Township","chi.t1att8","9:5204::chi.t1att8","5204","9:5204",0.228571421333722,0.421428567596844,14
9,52,"Zeguo Township","chi.t1att8","9:5216::chi.t1att8","5216","9:5216",0.179999999701977,0.279999999701977,10
9,52,"Zeguo Township","chi.t1att8","9:5207::chi.t1att8","5207","9:5207",0.212499998509884,0.287500001490116,16
9,52,"Zeguo Township","chi.t1att8","9:5209::chi.t1att8","5209","9:5209",0.146428571747882,0.417857144027948,14
9,52,"Zeguo Township","chi.t1att8","9:5214::chi.t1att8","5214","9:5214",0.134375004796311,0.315625003306195,16
9,52,"Zeguo Township","chi.t1att8","9:5201::chi.t1att8","5201","9:5201",0.0562499947845937,0.324999991804361,16
9,52,"Zeguo Township","chi.t1att9","9:5202::chi.t1att9","5202","9:5202",0.142222221692403,0.15888888835907,15
9,52,"Zeguo Township","chi.t1att9","9:5205::chi.t1att9","5205","9:5205",0.124444444974264,0.201111110051473,15
9,52,"Zeguo Township","chi.t1att9","9:5212::chi.t1att9","5212","9:5212",0.289583335320155,0.306250005960464,12
9,52,"Zeguo Township","chi.t1att9","9:5210::chi.t1att9","5210","9:5210",0.178030295805498,0.187121207063848,11
9,52,"Zeguo Township","chi.t1att9","9:5211::chi.t1att9","5211","9:5211",0.0725490152835845,0.198039214400684,17
9,52,"Zeguo Township","chi.t1att9","9:5206::chi.t1att9","5206","9:5206",0.0916666686534882,0.16145833209157,16
9,52,"Zeguo Township","chi.t1att9","9:5215::chi.t1att9","5215","9:5215",0.204999999205271,0.204999999205271,15
9,52,"Zeguo Township","chi.t1att9","9:5203::chi.t1att9","5203","9:5203",0.0239583291113377,0.157291661947966,16
9,52,"Zeguo Township","chi.t1att9","9:5208::chi.t1att9","5208","9:5208",0.0316666662693024,0.228333332141241,15
9,52,"Zeguo Township","chi.t1att9","9:5213::chi.t1att9","5213","9:5213",0.0461111071209112,0.192777771999439,15
9,52,"Zeguo Township","chi.t1att9","9:5204::chi.t1att9","5204","9:5204",0.117261903626578,0.170833332198007,14
9,52,"Zeguo Township","chi.t1att9","9:5216::chi.t1att9","5216","9:5216",0.192500001192093,0.242500001192093,10
9,52,"Zeguo Township","chi.t1att9","9:5207::chi.t1att9","5207","9:5207",0.0927083306014537,0.194791663438082,16
9,52,"Zeguo Township","chi.t1att9","9:5209::chi.t1att9","5209","9:5209",0.0797619010720934,0.191666666950498,14
9,52,"Zeguo Township","chi.t1att9","9:5214::chi.t1att9","5214","9:5214",0.261979166418314,0.261979166418314,16
9,52,"Zeguo Township","chi.t1att9","9:5201::chi.t1att9","5201","9:5201",0.0859375,0.182812497019768,16
16,95,"By the People 2004 US Presidential Primaries","btp04pr.t1trade","16:9507::btp04pr.t1trade","9507","16:9507",0.0208749994635583,0.0208749994635583,8
16,95,"By the People 2004 US Presidential Primaries","btp04pr.t1trade","16:9516::btp04pr.t1trade","9516","16:9516",0.145750001072883,0.145750001072883,8
16,95,"By the People 2004 US Presidential Primaries","btp04pr.t1trade","16:9509::btp04pr.t1trade","9509","16:9509",0.0741666654745739,0.129722221030129,18
16,95,"By the People 2004 US Presidential Primaries","btp04pr.t1trade","16:9508::btp04pr.t1trade","9508","16:9508",0.125,0.125,8
16,95,"By the People 2004 US Presidential Primaries","btp04pr.t1trade","16:9504::btp04pr.t1trade","9504","16:9504",0.0257692291186408,0.230692308682662,13
16,95,"By the People 2004 US Presidential Primaries","btp04pr.t1trade","16:9513::btp04pr.t1trade","9513","16:9513",0.107000001839229,0.202285715511867,14
16,95,"By the People 2004 US Presidential Primaries","btp04pr.t1trade","16:9505::btp04pr.t1trade","9505","16:9505",0.0302727276628667,0.211909093640067,11
16,95,"By the People 2004 US Presidential Primaries","btp04pr.t1trade","16:9512::btp04pr.t1trade","9512","16:9512",0.0416250005364417,0.125124998390675,8
16,95,"By the People 2004 US Presidential Primaries","btp04pr.t1trade","16:9506::btp04pr.t1trade","9506","16:9506",0.122266666094462,0.188800001144409,15
16,95,"By the People 2004 US Presidential Primaries","btp04pr.t1trade","16:9514::btp04pr.t1trade","9514","16:9514",0.0478571397917614,0.095285713672638,7
16,95,"By the People 2004 US Presidential Primaries","btp04pr.t1trade","16:9503::btp04pr.t1trade","9503","16:9503",0.0668666640917463,0.133399999141693,15
16,95,"By the People 2004 US Presidential Primaries","btp04pr.t1trade","16:9511::btp04pr.t1trade","9511","16:9511",0.0758181810379029,0.136363636363636,11
16,95,"By the People 2004 US Presidential Primaries","btp04pr.t1trade","16:9515::btp04pr.t1trade","9515","16:9515",0.0416666666666667,0.263999998569489,12
16,95,"By the People 2004 US Presidential Primaries","btp04pr.t1trade","16:9510::btp04pr.t1trade","9510","16:9510",0.0951428583690097,0.285428575107029,7
16,95,"By the People 2004 US Presidential Primaries","btp04pr.t1trade","16:9502::btp04pr.t1trade","9502","16:9502",0.0256153849455026,0.0768461548365078,13
16,95,"By the People 2004 US Presidential Primaries","btp04pr.t1trade","16:9501::btp04pr.t1trade","9501","16:9501",0.263916666309039,0.319583331545194,12
16,95,"By the People 2004 US Presidential Primaries","btp04pr.t1mindex","16:9507::btp04pr.t1mindex","9507","16:9507",0.012606059963053,0.0884242464195599,11
16,95,"By the People 2004 US Presidential Primaries","btp04pr.t1mindex","16:9516::btp04pr.t1mindex","9516","16:9516",0.039151511409066,0.104787875305523,11
16,95,"By the People 2004 US Presidential Primaries","btp04pr.t1mindex","16:9509::btp04pr.t1mindex","9509","16:9509",0.0570526366171084,0.176877195113584,19
16,95,"By the People 2004 US Presidential Primaries","btp04pr.t1mindex","16:9508::btp04pr.t1mindex","9508","16:9508",0.0486333280801772,0.148500004410743,10
16,95,"By the People 2004 US Presidential Primaries","btp04pr.t1mindex","16:9504::btp04pr.t1mindex","9504","16:9504",0.0490777748326461,0.167566665261984,15
16,95,"By the People 2004 US Presidential Primaries","btp04pr.t1mindex","16:9513::btp04pr.t1mindex","9513","16:9513",0.0145555539500146,0.115063491676535,21
16,95,"By the People 2004 US Presidential Primaries","btp04pr.t1mindex","16:9505::btp04pr.t1mindex","9505","16:9505",0.0673333440835661,0.0971794804701438,13
16,95,"By the People 2004 US Presidential Primaries","btp04pr.t1mindex","16:9512::btp04pr.t1mindex","9512","16:9512",0.0555925961169933,0.0864074060486422,9
16,95,"By the People 2004 US Presidential Primaries","btp04pr.t1mindex","16:9506::btp04pr.t1mindex","9506","16:9506",0.095377779006958,0.150888888041178,15
16,95,"By the People 2004 US Presidential Primaries","btp04pr.t1mindex","16:9514::btp04pr.t1mindex","9514","16:9514",0.0249999970197678,0.13893333375454,10
16,95,"By the People 2004 US Presidential Primaries","btp04pr.t1mindex","16:9503::btp04pr.t1mindex","9503","16:9503",0.0849895789287983,0.149281243328005,16
16,95,"By the People 2004 US Presidential Primaries","btp04pr.t1mindex","16:9511::btp04pr.t1mindex","9511","16:9511",0.0654999975647245,0.109071427157947,14
16,95,"By the People 2004 US Presidential Primaries","btp04pr.t1mindex","16:9515::btp04pr.t1mindex","9515","16:9515",0.0171025641835653,0.145307690478288,13
16,95,"By the People 2004 US Presidential Primaries","btp04pr.t1mindex","16:9510::btp04pr.t1mindex","9510","16:9510",0.0194666706025602,0.113933333009481,10
16,95,"By the People 2004 US Presidential Primaries","btp04pr.t1mindex","16:9502::btp04pr.t1mindex","9502","16:9502",0.0320937586948274,0.151864576153457,16
16,95,"By the People 2004 US Presidential Primaries","btp04pr.t1mindex","16:9501::btp04pr.t1mindex","9501","16:9501",0.0843809491821698,0.10819047583001,14
16,95,"By the People 2004 US Presidential Primaries","btp04pr.t1services","16:9507::btp04pr.t1services","9507","16:9507",0.0500999987125398,0.116500002145767,10
16,95,"By the People 2004 US Presidential Primaries","btp04pr.t1services","16:9516::btp04pr.t1services","9516","16:9516",0.0304545435038482,0.151545454155315,11
16,95,"By the People 2004 US Presidential Primaries","btp04pr.t1services","16:9509::btp04pr.t1services","9509","16:9509",2.92734586571086e-18,0.104125000536442,16
16,95,"By the People 2004 US Presidential Primaries","btp04pr.t1services","16:9508::btp04pr.t1services","9508","16:9508",0.0185555550787184,0.0927777753935922,9
16,95,"By the People 2004 US Presidential Primaries","btp04pr.t1services","16:9504::btp04pr.t1services","9504","16:9504",0.0222000002861023,0.155400002002716,15
16,95,"By the People 2004 US Presidential Primaries","btp04pr.t1services","16:9513::btp04pr.t1services","9513","16:9513",0.0713809529940286,0.182523809728168,21
16,95,"By the People 2004 US Presidential Primaries","btp04pr.t1services","16:9505::btp04pr.t1services","9505","16:9505",0.015090909871188,0.106000000780279,11
16,95,"By the People 2004 US Presidential Primaries","btp04pr.t1services","16:9512::btp04pr.t1services","9512","16:9512",0.0238571422440666,0.0715714267321997,7
16,95,"By the People 2004 US Presidential Primaries","btp04pr.t1services","16:9506::btp04pr.t1services","9506","16:9506",0.0119999987738474,0.130857144083295,14
16,95,"By the People 2004 US Presidential Primaries","btp04pr.t1services","16:9514::btp04pr.t1services","9514","16:9514",0.000124998390674751,0.0831250026822087,8
16,95,"By the People 2004 US Presidential Primaries","btp04pr.t1services","16:9503::btp04pr.t1services","9503","16:9503",0.0222666660944621,0.0888000011444091,15
16,95,"By the People 2004 US Presidential Primaries","btp04pr.t1services","16:9511::btp04pr.t1services","9511","16:9511",0.0139999985694887,0.152833332618078,12
16,95,"By the People 2004 US Presidential Primaries","btp04pr.t1services","16:9515::btp04pr.t1services","9515","16:9515",0.0275833358367282,0.138750001788139,12
16,95,"By the People 2004 US Presidential Primaries","btp04pr.t1services","16:9510::btp04pr.t1services","9510","16:9510",0.0333999991416932,0.1,10
16,95,"By the People 2004 US Presidential Primaries","btp04pr.t1services","16:9502::btp04pr.t1services","9502","16:9502",0.0222000002861023,0.133266667524973,15
16,95,"By the People 2004 US Presidential Primaries","btp04pr.t1services","16:9501::btp04pr.t1services","9501","16:9501",7.14276518141452e-05,0.142785715205329,14
14,93,"By the People: National","btp03.olt1usseca","14:9301::btp03.olt1usseca","9301","14:9301",0.0107142861400332,0.0950000009366445,14
14,93,"By the People: National","btp03.olt1usseca","14:9302::btp03.olt1usseca","9302","14:9302",0.011125010251999,0.0661250174045564,10
14,93,"By the People: National","btp03.olt1usseca","14:9303::btp03.olt1usseca","9303","14:9303",0.0391176553333506,0.0608823544838848,17
14,93,"By the People: National","btp03.olt1usseca","14:9304::btp03.olt1usseca","9304","14:9304",0.0245454528115011,0.0727272792295977,11
14,93,"By the People: National","btp03.olt1usseca","14:9305::btp03.olt1usseca","9305","14:9305",0.0108333329359688,0.0524999996026354,12
14,93,"By the People: National","btp03.olt1usseca","14:9306::btp03.olt1usseca","9306","14:9306",0.0265686266562519,0.0826470466221082,17
14,93,"By the People: National","btp03.olt1usseca","14:9307::btp03.olt1usseca","9307","14:9307",0.00441176225157338,0.0814705789089203,17
14,93,"By the People: National","btp03.olt1usseca","14:9308::btp03.olt1usseca","9308","14:9308",0.0157142962728227,0.0857142720903669,14
14,93,"By the People: National","btp03.olt1usseca","14:9309::btp03.olt1usseca","9309","14:9309",0.00499999026457483,0.0633333375056585,12
14,93,"By the People: National","btp03.olt1usseca","14:9310::btp03.olt1usseca","9310","14:9310",0.0269444336493811,0.101944441596667,18
14,93,"By the People: National","btp03.olt1usseca","14:9311::btp03.olt1usseca","9311","14:9311",0.0202380958057586,0.0673809477261135,21
14,93,"By the People: National","btp03.olt1usseca","14:9312::btp03.olt1usseca","9312","14:9312",0.0271739117477249,0.0871739011743794,23
14,93,"By the People: National","btp03.olt1usseca","14:9313::btp03.olt1usseca","9313","14:9313",0.0302380990414392,0.103571433396566,21
14,93,"By the People: National","btp03.olt1usseca","14:9314::btp03.olt1usseca","9314","14:9314",0.00899999886751175,0.0790000036358832,20
14,93,"By the People: National","btp03.olt1usseca","14:9315::btp03.olt1usseca","9315","14:9315",0.0255882371874416,0.0750000073629268,17
14,93,"By the People: National","btp03.olt1humrh2","14:9301::btp03.olt1humrh2","9301","14:9301",0.028571424207517,0.214285711624793,14
14,93,"By the People: National","btp03.olt1humrh2","14:9302::btp03.olt1humrh2","9302","14:9302",0.0444444368282953,0.177777775459819,9
14,93,"By the People: National","btp03.olt1humrh2","14:9303::btp03.olt1humrh2","9303","14:9303",3.94442505455447e-09,0.164705883492442,17
14,93,"By the People: National","btp03.olt1humrh2","14:9304::btp03.olt1humrh2","9304","14:9304",0.0181818225167014,0.163636351173574,11
14,93,"By the People: National","btp03.olt1humrh2","14:9305::btp03.olt1humrh2","9305","14:9305",0.116666667163372,0.149999998509884,12
14,93,"By the People: National","btp03.olt1humrh2","14:9306::btp03.olt1humrh2","9306","14:9306",0.105882348821444,0.152941169545931,17
14,93,"By the People: National","btp03.olt1humrh2","14:9307::btp03.olt1humrh2","9307","14:9307",0.0647058776196311,0.194117646883516,17
14,93,"By the People: National","btp03.olt1humrh2","14:9308::btp03.olt1humrh2","9308","14:9308",0.0642857157758305,0.135714285075665,14
14,93,"By the People: National","btp03.olt1humrh2","14:9309::btp03.olt1humrh2","9309","14:9309",0.100000003973643,0.133333330353101,12
14,93,"By the People: National","btp03.olt1humrh2","14:9310::btp03.olt1humrh2","9310","14:9310",0.0166666698124674,0.116666667163372,18
14,93,"By the People: National","btp03.olt1humrh2","14:9311::btp03.olt1humrh2","9311","14:9311",0.0571428516081402,0.123809522816113,21
14,93,"By the People: National","btp03.olt1humrh2","14:9312::btp03.olt1humrh2","9312","14:9312",0.0043478232362996,0.169565217650455,23
14,93,"By the People: National","btp03.olt1humrh2","14:9313::btp03.olt1humrh2","9313","14:9313",0.0285714222561745,0.171428565113317,21
14,93,"By the People: National","btp03.olt1humrh2","14:9314::btp03.olt1humrh2","9314","14:9314",0.0599999956786632,0.130000001937151,20
14,93,"By the People: National","btp03.olt1humrh2","14:9315::btp03.olt1humrh2","9315","14:9315",0.0470588242306428,0.18823528991026,17
14,93,"By the People: National","btp03.olt1envir","14:9301::btp03.olt1envir","9301","14:9301",0.0482142869649189,0.0982142874438848,14
14,93,"By the People: National","btp03.olt1envir","14:9302::btp03.olt1envir","9302","14:9302",0.0425000056624413,0.17250000089407,10
14,93,"By the People: National","btp03.olt1envir","14:9303::btp03.olt1envir","9303","14:9303",0.0196078406537282,0.0941176462699387,17
14,93,"By the People: National","btp03.olt1envir","14:9304::btp03.olt1envir","9304","14:9304",0.0310606103051793,0.10984847897833,11
14,93,"By the People: National","btp03.olt1envir","14:9305::btp03.olt1envir","9305","14:9305",0.0118055626129111,0.0993055487051606,12
14,93,"By the People: National","btp03.olt1envir","14:9306::btp03.olt1envir","9306","14:9306",0.0166666640297455,0.109803922803086,17
14,93,"By the People: National","btp03.olt1envir","14:9307::btp03.olt1envir","9307","14:9307",0.0681372497449902,0.150490201352274,17
14,93,"By the People: National","btp03.olt1envir","14:9308::btp03.olt1envir","9308","14:9308",0.0261904756937708,0.0595238112977573,14
14,93,"By the People: National","btp03.olt1envir","14:9309::btp03.olt1envir","9309","14:9309",0.0243055547277134,0.128472211460272,12
14,93,"By the People: National","btp03.olt1envir","14:9310::btp03.olt1envir","9310","14:9310",0.0796296281947029,0.0935185170835918,18
14,93,"By the People: National","btp03.olt1envir","14:9311::btp03.olt1envir","9311","14:9311",0.0531746021338871,0.106349202848616,21
14,93,"By the People: National","btp03.olt1envir","14:9312::btp03.olt1envir","9312","14:9312",0.0583333321239637,0.119202901487765,23
14,93,"By the People: National","btp03.olt1envir","14:9313::btp03.olt1envir","9313","14:9313",0.019841275754429,0.0793650781824475,21
14,93,"By the People: National","btp03.olt1envir","14:9314::btp03.olt1envir","9314","14:9314",0.0283333390951157,0.101666659116745,20
14,93,"By the People: National","btp03.olt1envir","14:9315::btp03.olt1envir","9315","14:9315",0.0470588207244873,0.117647058823529,17
14,93,"By the People: National","btp03.olt1inter","14:9301::btp03.olt1inter","9301","14:9301",0.0892857142857143,0.0892857142857143,14
14,93,"By the People: National","btp03.olt1inter","14:9302::btp03.olt1inter","9302","14:9302",0.075,0.175,10
14,93,"By the People: National","btp03.olt1inter","14:9303::btp03.olt1inter","9303","14:9303",0.161764705882353,0.25,17
14,93,"By the People: National","btp03.olt1inter","14:9304::btp03.olt1inter","9304","14:9304",0.0909090909090909,0.227272727272727,11
14,93,"By the People: National","btp03.olt1inter","14:9305::btp03.olt1inter","9305","14:9305",0.159090909090909,0.204545454545455,11
14,93,"By the People: National","btp03.olt1inter","14:9306::btp03.olt1inter","9306","14:9306",0.0294117647058824,0.205882352941176,17
14,93,"By the People: National","btp03.olt1inter","14:9307::btp03.olt1inter","9307","14:9307",0.0735294117647059,0.191176470588235,17
14,93,"By the People: National","btp03.olt1inter","14:9308::btp03.olt1inter","9308","14:9308",0.0357142857142857,0.178571428571429,14
14,93,"By the People: National","btp03.olt1inter","14:9309::btp03.olt1inter","9309","14:9309",0.136363636363636,0.272727272727273,11
14,93,"By the People: National","btp03.olt1inter","14:9310::btp03.olt1inter","9310","14:9310",0.111111111111111,0.138888888888889,18
14,93,"By the People: National","btp03.olt1inter","14:9311::btp03.olt1inter","9311","14:9311",0.0789473684210526,0.184210526315789,19
14,93,"By the People: National","btp03.olt1inter","14:9312::btp03.olt1inter","9312","14:9312",0.0568181818181818,0.261363636363636,22
14,93,"By the People: National","btp03.olt1inter","14:9313::btp03.olt1inter","9313","14:9313",0.0875,0.1875,20
14,93,"By the People: National","btp03.olt1inter","14:9314::btp03.olt1inter","9314","14:9314",0.0277777777777778,0.25,18
14,93,"By the People: National","btp03.olt1inter","14:9315::btp03.olt1inter","9315","14:9315",0.0294117647058823,0.147058823529412,17
14,93,"By the People: National","btp03.olt1multi","14:9301::btp03.olt1multi","9301","14:9301",0.0245287588664463,0.0464533822877067,14
14,93,"By the People: National","btp03.olt1multi","14:9302::btp03.olt1multi","9302","14:9302",0.0479166746139526,0.106041669845581,10
14,93,"By the People: National","btp03.olt1multi","14:9303::btp03.olt1multi","9303","14:9303",0.0318306491655462,0.0793388117762172,17
14,93,"By the People: National","btp03.olt1multi","14:9304::btp03.olt1multi","9304","14:9304",0.0272321430119602,0.0649215253916654,11
14,93,"By the People: National","btp03.olt1multi","14:9305::btp03.olt1multi","9305","14:9305",0.00187664975722627,0.0835896208882333,12
14,93,"By the People: National","btp03.olt1multi","14:9306::btp03.olt1multi","9306","14:9306",0.0702404230833053,0.148916885256767,17
14,93,"By the People: National","btp03.olt1multi","14:9307::btp03.olt1multi","9307","14:9307",0.0169642883188585,0.0573062475989848,17
14,93,"By the People: National","btp03.olt1multi","14:9308::btp03.olt1multi","9308","14:9308",0.0309700816869733,0.117208755442074,14
14,93,"By the People: National","btp03.olt1multi","14:9309::btp03.olt1multi","9309","14:9309",0.0498511865735053,0.0913442447781562,12
14,93,"By the People: National","btp03.olt1multi","14:9310::btp03.olt1multi","9310","14:9310",0.0458746684922112,0.093824413087633,18
14,93,"By the People: National","btp03.olt1multi","14:9311::btp03.olt1multi","9311","14:9311",0.0262306346779778,0.125923558360054,21
14,93,"By the People: National","btp03.olt1multi","14:9312::btp03.olt1multi","9312","14:9312",0.0383902723374575,0.102762246909349,23
14,93,"By the People: National","btp03.olt1multi","14:9313::btp03.olt1multi","9313","14:9313",0.0284235633554912,0.0851695977506182,21
14,93,"By the People: National","btp03.olt1multi","14:9314::btp03.olt1multi","9314","14:9314",0.0224057540297507,0.0863194510340692,20
14,93,"By the People: National","btp03.olt1multi","14:9315::btp03.olt1multi","9315","14:9315",0.0454423497704898,0.0816993503009572,17
14,93,"By the People: National","btp03.olt1demo","14:9301::btp03.olt1demo","9301","14:9301",0.06269842173372,0.111904772264617,14
14,93,"By the People: National","btp03.olt1demo","14:9302::btp03.olt1demo","9302","14:9302",0.0044444456696511,0.123333318531513,10
14,93,"By the People: National","btp03.olt1demo","14:9303::btp03.olt1demo","9303","14:9303",0.0351307216812583,0.108986924676334,17
14,93,"By the People: National","btp03.olt1demo","14:9304::btp03.olt1demo","9304","14:9304",0.027777767994187,0.12474745918404,11
14,93,"By the People: National","btp03.olt1demo","14:9305::btp03.olt1demo","9305","14:9305",0.0467592601974805,0.106944439311822,12
14,93,"By the People: National","btp03.olt1demo","14:9306::btp03.olt1demo","9306","14:9306",0.0519607864758548,0.10163398612948,17
14,93,"By the People: National","btp03.olt1demo","14:9307::btp03.olt1demo","9307","14:9307",0.00228758506915153,0.155882352415253,17
14,93,"By the People: National","btp03.olt1demo","14:9308::btp03.olt1demo","9308","14:9308",0.0585317441395353,0.0958333398614612,14
14,93,"By the People: National","btp03.olt1demo","14:9309::btp03.olt1demo","9309","14:9309",0.0312962979078293,0.113148137927055,12
14,93,"By the People: National","btp03.olt1demo","14:9310::btp03.olt1demo","9310","14:9310",0.0486111119389533,0.174845683077971,18
14,93,"By the People: National","btp03.olt1demo","14:9311::btp03.olt1demo","9311","14:9311",0.0412698416482834,0.105291006110963,21
14,93,"By the People: National","btp03.olt1demo","14:9312::btp03.olt1demo","9312","14:9312",0.000845412197320266,0.0993961374396864,23
14,93,"By the People: National","btp03.olt1demo","14:9313::btp03.olt1demo","9313","14:9313",0.032751317535128,0.114761898914973,21
14,93,"By the People: National","btp03.olt1demo","14:9314::btp03.olt1demo","9314","14:9314",0.0658333361148835,0.138611105084419,20
14,93,"By the People: National","btp03.olt1demo","14:9315::btp03.olt1demo","9315","14:9315",0.00424836838946616,0.087908487109577,17
14,93,"By the People: National","btp03.olt1forai1","14:9301::btp03.olt1forai1","9301","14:9301",0.0384615384615385,0.0384615384615385,13
14,93,"By the People: National","btp03.olt1forai1","14:9302::btp03.olt1forai1","9302","14:9302",0.15,0.15,10
14,93,"By the People: National","btp03.olt1forai1","14:9303::btp03.olt1forai1","9303","14:9303",0.1,0.166666666666667,15
14,93,"By the People: National","btp03.olt1forai1","14:9304::btp03.olt1forai1","9304","14:9304",0.05,0.25,10
14,93,"By the People: National","btp03.olt1forai1","14:9305::btp03.olt1forai1","9305","14:9305",0.05,0.15,10
14,93,"By the People: National","btp03.olt1forai1","14:9306::btp03.olt1forai1","9306","14:9306",0.0909090909090909,0.0909090909090909,11
14,93,"By the People: National","btp03.olt1forai1","14:9307::btp03.olt1forai1","9307","14:9307",0.0384615384615385,0.115384615384615,13
14,93,"By the People: National","btp03.olt1forai1","14:9308::btp03.olt1forai1","9308","14:9308",0.0416666666666667,0.125,12
14,93,"By the People: National","btp03.olt1forai1","14:9309::btp03.olt1forai1","9309","14:9309",0.222222222222222,0.222222222222222,9
14,93,"By the People: National","btp03.olt1forai1","14:9310::btp03.olt1forai1","9310","14:9310",0.285714285714286,0.285714285714286,14
14,93,"By the People: National","btp03.olt1forai1","14:9311::btp03.olt1forai1","9311","14:9311",0.09375,0.09375,16
14,93,"By the People: National","btp03.olt1forai1","14:9312::btp03.olt1forai1","9312","14:9312",0.194444444444444,0.194444444444444,18
14,93,"By the People: National","btp03.olt1forai1","14:9313::btp03.olt1forai1","9313","14:9313",0.0588235294117647,0.176470588235294,17
14,93,"By the People: National","btp03.olt1forai1","14:9314::btp03.olt1forai1","9314","14:9314",0.181818181818182,0.272727272727273,11
14,93,"By the People: National","btp03.olt1forai1","14:9315::btp03.olt1forai1","9315","14:9315",0.0357142857142857,0.178571428571429,14
14,93,"By the People: National","btp03.olt1global","14:9301::btp03.olt1global","9301","14:9301",0.0468253950987544,0.0785714228238378,14
14,93,"By the People: National","btp03.olt1global","14:9302::btp03.olt1global","9302","14:9302",0.0213888898491859,0.13194444924593,10
14,93,"By the People: National","btp03.olt1global","14:9303::btp03.olt1global","9303","14:9303",0.0333333357292062,0.0866013020277022,17
14,93,"By the People: National","btp03.olt1global","14:9304::btp03.olt1global","9304","14:9304",0.0249999978325582,0.050757570700212,11
14,93,"By the People: National","btp03.olt1global","14:9305::btp03.olt1global","9305","14:9305",0.0722222266097863,0.0796296335756778,12
14,93,"By the People: National","btp03.olt1global","14:9306::btp03.olt1global","9306","14:9306",0.0610457544817645,0.0767320280565935,17
14,93,"By the People: National","btp03.olt1global","14:9307::btp03.olt1global","9307","14:9307",0.0248365963206573,0.0790849696187411,17
14,93,"By the People: National","btp03.olt1global","14:9308::btp03.olt1global","9308","14:9308",0.0255952243294035,0.0843253880739211,14
14,93,"By the People: National","btp03.olt1global","14:9309::btp03.olt1global","9309","14:9309",0.0349537115544082,0.105787036940455,12
14,93,"By the People: National","btp03.olt1global","14:9310::btp03.olt1global","9310","14:9310",0.0597222199042638,0.103240736656719,18
14,93,"By the People: National","btp03.olt1global","14:9311::btp03.olt1global","9311","14:9311",0.0599735400506427,0.0888095263923917,21
14,93,"By the People: National","btp03.olt1global","14:9312::btp03.olt1global","9312","14:9312",0.0135748849614806,0.0965700535022696,23
14,93,"By the People: National","btp03.olt1global","14:9313::btp03.olt1global","9313","14:9313",0.000595231850941996,0.100462967441196,21
14,93,"By the People: National","btp03.olt1global","14:9314::btp03.olt1global","9314","14:9314",0.0472916617989542,0.0878472208976745,20
14,93,"By the People: National","btp03.olt1global","14:9315::btp03.olt1global","9315","14:9315",0.0214052235378939,0.0746732003548566,17
14,93,"By the People: National","btp03.olt1trade","14:9301::btp03.olt1trade","9301","14:9301",0.05,0.15,10
14,93,"By the People: National","btp03.olt1trade","14:9302::btp03.olt1trade","9302","14:9302",0,0.166666666666667,6
14,93,"By the People: National","btp03.olt1trade","14:9303::btp03.olt1trade","9303","14:9303",0.0454545454545455,0.136363636363636,11
14,93,"By the People: National","btp03.olt1trade","14:9304::btp03.olt1trade","9304","14:9304",0,0,7
14,93,"By the People: National","btp03.olt1trade","14:9305::btp03.olt1trade","9305","14:9305",0.333333333333333,0.5,6
14,93,"By the People: National","btp03.olt1trade","14:9306::btp03.olt1trade","9306","14:9306",0.214285714285714,0.214285714285714,7
14,93,"By the People: National","btp03.olt1trade","14:9307::btp03.olt1trade","9307","14:9307",0.0454545454545455,0.136363636363636,11
14,93,"By the People: National","btp03.olt1trade","14:9308::btp03.olt1trade","9308","14:9308",0.125,0.125,8
14,93,"By the People: National","btp03.olt1trade","14:9309::btp03.olt1trade","9309","14:9309",0.3125,0.3125,8
14,93,"By the People: National","btp03.olt1trade","14:9310::btp03.olt1trade","9310","14:9310",0.125,0.291666666666667,12
14,93,"By the People: National","btp03.olt1trade","14:9311::btp03.olt1trade","9311","14:9311",0.05,0.15,10
14,93,"By the People: National","btp03.olt1trade","14:9312::btp03.olt1trade","9312","14:9312",0.125,0.125,8
14,93,"By the People: National","btp03.olt1trade","14:9313::btp03.olt1trade","9313","14:9313",0.125,0.125,12
14,93,"By the People: National","btp03.olt1trade","14:9314::btp03.olt1trade","9314","14:9314",0.125,0.125,8
14,93,"By the People: National","btp03.olt1trade","14:9315::btp03.olt1trade","9315","14:9315",0.166666666666667,0.166666666666667,6
11,71,"Europolis","eu2009.cc1","11:7110::eu2009.cc1","7110","11:7110",0.138461538461538,0.184615384615385,13
11,71,"Europolis","eu2009.cc1","11:7123::eu2009.cc1","7123","11:7123",0.192857142857143,0.25,14
11,71,"Europolis","eu2009.cc1","11:713::eu2009.cc1","713","11:713",0.133333333333333,0.173333333333333,15
11,71,"Europolis","eu2009.cc1","11:7119::eu2009.cc1","7119","11:7119",0.126666666666667,0.166666666666667,15
11,71,"Europolis","eu2009.cc1","11:7124::eu2009.cc1","7124","11:7124",0.0692307692307692,0.176923076923077,13
11,71,"Europolis","eu2009.cc1","11:714::eu2009.cc1","714","11:714",0.271428571428571,0.357142857142857,14
11,71,"Europolis","eu2009.cc1","11:7121::eu2009.cc1","7121","11:7121",0.0333333333333334,0.113333333333333,15
11,71,"Europolis","eu2009.cc1","11:7122::eu2009.cc1","7122","11:7122",9.25185853854297e-18,0.25,12
11,71,"Europolis","eu2009.cc1","11:719::eu2009.cc1","719","11:719",0.0466666666666667,0.166666666666667,15
11,71,"Europolis","eu2009.cc1","11:7125::eu2009.cc1","7125","11:7125",0.0823529411764706,0.211764705882353,17
11,71,"Europolis","eu2009.cc1","11:7117::eu2009.cc1","7117","11:7117",0.0133333333333333,0.213333333333333,15
11,71,"Europolis","eu2009.cc1","11:7120::eu2009.cc1","7120","11:7120",0.146153846153846,0.392307692307692,13
11,71,"Europolis","eu2009.cc1","11:7112::eu2009.cc1","7112","11:7112",0.178571428571429,0.178571428571429,14
11,71,"Europolis","eu2009.cc1","11:7115::eu2009.cc1","7115","11:7115",0.11,0.23,10
11,71,"Europolis","eu2009.cc1","11:7111::eu2009.cc1","7111","11:7111",0.1,0.161538461538462,13
11,71,"Europolis","eu2009.cc1","11:712::eu2009.cc1","712","11:712",0.0428571428571429,0.385714285714286,14
11,71,"Europolis","eu2009.cc1","11:711::eu2009.cc1","711","11:711",0.138461538461538,0.184615384615385,13
11,71,"Europolis","eu2009.cc1","11:715::eu2009.cc1","715","11:715",0.0357142857142857,0.307142857142857,14
11,71,"Europolis","eu2009.cc1","11:718::eu2009.cc1","718","11:718",0.15,0.375,8
11,71,"Europolis","eu2009.cc1","11:716::eu2009.cc1","716","11:716",0.0666666666666667,0.28,15
11,71,"Europolis","eu2009.cc1","11:717::eu2009.cc1","717","11:717",0.2,0.24,10
11,71,"Europolis","eu2009.cc1","11:7114::eu2009.cc1","7114","11:7114",0.0428571428571429,0.328571428571429,14
11,71,"Europolis","eu2009.cc1","11:7113::eu2009.cc1","7113","11:7113",0.361538461538462,0.5,13
11,71,"Europolis","eu2009.cc1","11:7118::eu2009.cc1","7118","11:7118",0.0909090909090909,0.345454545454545,11
11,71,"Europolis","eu2009.cc1","11:7116::eu2009.cc1","7116","11:7116",0.0571428571428571,0.257142857142857,14
11,71,"Europolis","eu2009.imm1","11:7110::eu2009.imm1","7110","11:7110",0.0178571428571429,0.125,14
11,71,"Europolis","eu2009.imm1","11:7123::eu2009.imm1","7123","11:7123",0,0.192307692307692,13
11,71,"Europolis","eu2009.imm1","11:713::eu2009.imm1","713","11:713",0.0166666666666667,0.15,15
11,71,"Europolis","eu2009.imm1","11:7119::eu2009.imm1","7119","11:7119",0.0625,0.09375,16
11,71,"Europolis","eu2009.imm1","11:7124::eu2009.imm1","7124","11:7124",0.0625,0.1875,12
11,71,"Europolis","eu2009.imm1","11:714::eu2009.imm1","714","11:714",0.0892857142857143,0.196428571428571,14
11,71,"Europolis","eu2009.imm1","11:7121::eu2009.imm1","7121","11:7121",0.05,0.15,15
11,71,"Europolis","eu2009.imm1","11:7122::eu2009.imm1","7122","11:7122",0.115384615384615,0.269230769230769,13
11,71,"Europolis","eu2009.imm1","11:719::eu2009.imm1","719","11:719",0.1,0.3,15
11,71,"Europolis","eu2009.imm1","11:7125::eu2009.imm1","7125","11:7125",0,0.117647058823529,17
11,71,"Europolis","eu2009.imm1","11:7117::eu2009.imm1","7117","11:7117",0.178571428571429,0.25,14
11,71,"Europolis","eu2009.imm1","11:7120::eu2009.imm1","7120","11:7120",0.09375,0.15625,16
11,71,"Europolis","eu2009.imm1","11:7112::eu2009.imm1","7112","11:7112",0.0192307692307692,0.0961538461538462,13
11,71,"Europolis","eu2009.imm1","11:7115::eu2009.imm1","7115","11:7115",0.272727272727273,0.318181818181818,11
11,71,"Europolis","eu2009.imm1","11:7111::eu2009.imm1","7111","11:7111",0.0208333333333333,0.229166666666667,12
11,71,"Europolis","eu2009.imm1","11:712::eu2009.imm1","712","11:712",0.125,0.196428571428571,14
11,71,"Europolis","eu2009.imm1","11:711::eu2009.imm1","711","11:711",0.0714285714285715,0.142857142857143,14
11,71,"Europolis","eu2009.imm1","11:715::eu2009.imm1","715","11:715",0.0535714285714286,0.303571428571429,14
11,71,"Europolis","eu2009.imm1","11:718::eu2009.imm1","718","11:718",0.09375,0.28125,8
11,71,"Europolis","eu2009.imm1","11:716::eu2009.imm1","716","11:716",0.05,0.216666666666667,15
11,71,"Europolis","eu2009.imm1","11:717::eu2009.imm1","717","11:717",0.227272727272727,0.227272727272727,11
11,71,"Europolis","eu2009.imm1","11:7114::eu2009.imm1","7114","11:7114",0.0892857142857143,0.160714285714286,14
11,71,"Europolis","eu2009.imm1","11:7113::eu2009.imm1","7113","11:7113",0.0192307692307692,0.134615384615385,13
11,71,"Europolis","eu2009.imm1","11:7118::eu2009.imm1","7118","11:7118",0.0909090909090909,0.181818181818182,11
11,71,"Europolis","eu2009.imm1","11:7116::eu2009.imm1","7116","11:7116",0.0681818181818182,0.25,11
