"unique_id","poll_id","poll_name","group_id","freqgrp_grp","extgrp_grp","freqdis_grp","extdis_grp","extgrp_mir","extadv_mir"
"9102nh.t1manvol",12,"New Haven","9102",FALSE,-0.239583333333333,FALSE,-0.234375,0.239583333333333,0.25
"9103nh.t1manvol",12,"New Haven","9103",TRUE,0.229166666666667,TRUE,0.375,-0.229166666666667,-0.2
"9104nh.t1manvol",12,"New Haven","9104",TRUE,0.104166666666667,FALSE,0,-0.104166666666667,-0.133928571428571
"9105nh.t1manvol",12,"New Haven","9105",TRUE,0.111111111111111,TRUE,0.1375,-0.111111111111111,-0.078125
"9106nh.t1manvol",12,"New Haven","9106",FALSE,0,FALSE,-0.125,0,-0.125
"9107nh.t1manvol",12,"New Haven","9107",TRUE,0.075,TRUE,0.15625,-0.075,0.25
"9108nh.t1manvol",12,"New Haven","9108",TRUE,0.046875,TRUE,0.0416666666666666,-0.046875,-0.05
"9109nh.t1manvol",12,"New Haven","9109",TRUE,0.0859375,TRUE,0.2125,-0.0859375,0.125
"9110nh.t1manvol",12,"New Haven","9110",TRUE,0.15,TRUE,0.0625,-0.15,-0.171875
"9111nh.t1manvol",12,"New Haven","9111",TRUE,0.14375,TRUE,0.177083333333333,-0.14375,-0.09375
"9112nh.t1manvol",12,"New Haven","9112",TRUE,0.145833333333333,TRUE,0.1875,-0.145833333333333,-0.0625
"9113nh.t1manvol",12,"New Haven","9113",FALSE,-0.135416666666667,FALSE,-0.109375,0.135416666666667,0.1875
"9114nh.t1manvol",12,"New Haven","9114",FALSE,-0.0089285714285714,FALSE,-0.0208333333333334,0.0089285714285714,0
"9115nh.t1manvol",12,"New Haven","9115",TRUE,0.0511363636363636,TRUE,0.0729166666666667,-0.0511363636363636,-0.025
"9116nh.t1manvol",12,"New Haven","9116",TRUE,0.0875,TRUE,0.125,-0.0875,-0.03125
"9102nh.t1endexp",12,"New Haven","9102",FALSE,-0.0208333333333333,TRUE,0.03125,0.0208333333333333,0.125
"9103nh.t1endexp",12,"New Haven","9103",TRUE,0.0333333313465118,FALSE,0,-0.0333333313465118,-0.0399999976158142
"9104nh.t1endexp",12,"New Haven","9104",FALSE,0,FALSE,0,0,0
"9105nh.t1endexp",12,"New Haven","9105",FALSE,-0.0555555555555556,FALSE,-0.0249999999999999,0.0555555555555556,0.09375
"9106nh.t1endexp",12,"New Haven","9106",FALSE,0,FALSE,0,0,0
"9107nh.t1endexp",12,"New Haven","9107",TRUE,0.564999997615814,TRUE,0.487499997019768,-0.564999997615814,-0.875
"9108nh.t1endexp",12,"New Haven","9108",TRUE,0.146875001490116,TRUE,0.25,-0.146875001490116,-0.0850000023841858
"9109nh.t1endexp",12,"New Haven","9109",TRUE,0.015625,TRUE,0.2,-0.015625,0.291666666666667
"9110nh.t1endexp",12,"New Haven","9110",TRUE,0.0249999999999999,TRUE,0.375,-0.0249999999999999,0.0625
"9111nh.t1endexp",12,"New Haven","9111",TRUE,0.0324999988079071,TRUE,0.0833333333333334,-0.0324999988079071,0.0437500029802322
"9112nh.t1endexp",12,"New Haven","9112",FALSE,-0.0291666686534882,FALSE,-0.0750000029802322,0.0291666686534882,-0.0625
"9113nh.t1endexp",12,"New Haven","9113",TRUE,0.0749999980131786,TRUE,0.143749997019768,-0.0749999980131786,0.0625
"9114nh.t1endexp",12,"New Haven","9114",FALSE,-0.285714285714286,FALSE,-0.0416666666666667,0.285714285714286,0.46875
"9115nh.t1endexp",12,"New Haven","9115",TRUE,0.125,TRUE,0.116666664679845,-0.125,-0.135000002384186
"9116nh.t1endexp",12,"New Haven","9116",TRUE,0.0649999976158142,TRUE,0.10833332935969,-0.0649999976158142,0
"9201nic2.t1envir",13,"National Issues Convention 2","9201",FALSE,-0.0618055512507756,FALSE,-0.00937499850988388,0.0618055512507756,0.166666656732559
"9202nic2.t1envir",13,"National Issues Convention 2","9202",TRUE,0.0761111120382946,TRUE,0.0583333298563957,-0.0761111120382946,-0.096428577389036
"9203nic2.t1envir",13,"National Issues Convention 2","9203",TRUE,0.00937499827705324,TRUE,0.0124999973922968,-0.00937499827705324,-0.00624999916180979
"9204nic2.t1envir",13,"National Issues Convention 2","9204",TRUE,0.0461538502803216,TRUE,0.00499999523162831,-0.0461538502803216,-0.0718750096857548
"9205nic2.t1envir",13,"National Issues Convention 2","9205",FALSE,-0.0166666651001344,FALSE,-0.00714285033089768,0.0166666651001344,0.0277777823309104
"9206nic2.t1envir",13,"National Issues Convention 2","9206",FALSE,-0.0250000028560559,FALSE,-0.0249999985098839,0.0250000028560559,0.0250000115484
"9207nic2.t1envir",13,"National Issues Convention 2","9207",FALSE,-0.0505208317190409,FALSE,-0.0234848450530658,0.0505208317190409,0.110000002384186
"9208nic2.t1envir",13,"National Issues Convention 2","9208",FALSE,-0.0645833400388559,FALSE,-0.0642857210976736,0.0645833400388559,0.0650000065565111
"9209nic2.t1envir",13,"National Issues Convention 2","9209",FALSE,-0.0527777795990308,FALSE,-0.0333333373069764,0.0527777795990308,0.0666666669504983
"9210nic2.t1envir",13,"National Issues Convention 2","9210",FALSE,-0.00297618763787411,FALSE,-0.00185185670852672,0.00297618763787411,0.0049999833106994
"9211nic2.t1envir",13,"National Issues Convention 2","9211",TRUE,0.0401515161449258,TRUE,0.103333330154419,-0.0401515161449258,0.0124999955296515
"9212nic2.t1envir",13,"National Issues Convention 2","9212",FALSE,-0.0280303088101475,FALSE,-0.0166666686534882,0.0280303088101475,0.0375000089406968
"9213nic2.t1envir",13,"National Issues Convention 2","9213",TRUE,0.0113095194101334,TRUE,0.0280303006822413,-0.0113095194101334,0.0500000119209291
"9214nic2.t1envir",13,"National Issues Convention 2","9214",TRUE,0.00333333412806203,TRUE,0.0861111084620159,-0.00333333412806203,0.0518518487612406
"9215nic2.t1envir",13,"National Issues Convention 2","9215",FALSE,-0.0285714375121253,TRUE,0.00416666269302357,0.0285714375121253,0.053125012665987
"9216nic2.t1envir",13,"National Issues Convention 2","9216",FALSE,-0.0130952319928578,TRUE,0.0194444523917304,0.0130952319928578,0.0716666638851167
"9217nic2.t1envir",13,"National Issues Convention 2","9217",TRUE,0.0250000009934106,TRUE,0.0154761927468435,-0.0250000009934106,-0.0383333325386046
"9218nic2.t1envir",13,"National Issues Convention 2","9218",TRUE,0.00512820539566183,FALSE,-0.0416666567325593,-0.00512820539566183,-0.0259259218970934
"9219nic2.t1envir",13,"National Issues Convention 2","9219",TRUE,0.0211111128330231,TRUE,0.0249999974455153,-0.0211111128330231,-0.0177083387970925
"9220nic2.t1envir",13,"National Issues Convention 2","9220",TRUE,0.0738095236676081,TRUE,0.147222220897675,-0.0738095236676081,-0.018750000745058
"9221nic2.t1envir",13,"National Issues Convention 2","9221",FALSE,-0.0115384562657429,FALSE,-0.0178571343421935,0.0115384562657429,0.00416666517655051
"9222nic2.t1envir",13,"National Issues Convention 2","9222",FALSE,-0.025,TRUE,0.0199999928474426,0.025,0.0699999928474425
"9223nic2.t1envir",13,"National Issues Convention 2","9223",TRUE,0.0148809467043195,FALSE,-0.0374999977648259,-0.0148809467043195,-0.0847222059965134
"9224nic2.t1envir",13,"National Issues Convention 2","9224",FALSE,-0.118939390236681,FALSE,-0.0361111089587212,0.118939390236681,0.218333327770233
"9201nic2.t1usseca",13,"National Issues Convention 2","9201",FALSE,-0.00291667381922411,FALSE,-0.0125000104308131,0.00291667381922411,-0.0162499994039538
"9202nic2.t1usseca",13,"National Issues Convention 2","9202",TRUE,0.0183333297570546,FALSE,-0.00624999776482593,-0.0183333297570546,-0.0464285612106323
"9203nic2.t1usseca",13,"National Issues Convention 2","9203",FALSE,-0.0403124913573263,FALSE,-0.0368749946355819,0.0403124913573263,0.0437499880790708
"9204nic2.t1usseca",13,"National Issues Convention 2","9204",TRUE,0.00192307967406058,TRUE,0.00999999046325706,-0.00192307967406058,0.00312498956918716
"9205nic2.t1usseca",13,"National Issues Convention 2","9205",TRUE,0.068846154671449,TRUE,0.0607142789023264,-0.068846154671449,-0.0783333430687585
"9206nic2.t1usseca",13,"National Issues Convention 2","9206",TRUE,0.00416666766007745,TRUE,0.00999999791383754,-0.00416666766007745,0.00749999284744252
"9207nic2.t1usseca",13,"National Issues Convention 2","9207",FALSE,-0.0300781223922968,FALSE,-0.022840906273235,0.0300781223922968,0.045999997854233
"9208nic2.t1usseca",13,"National Issues Convention 2","9208",TRUE,0.0370833314955233,TRUE,0.00785715665136066,-0.0370833314955233,-0.0779999762773512
"9209nic2.t1usseca",13,"National Issues Convention 2","9209",TRUE,0.00124999880790699,TRUE,0.0610000014305111,-0.00124999880790699,0.041428574493953
"9210nic2.t1usseca",13,"National Issues Convention 2","9210",FALSE,-0.00785713962146206,FALSE,-0.0127777854601542,0.00785713962146206,-0.00100002288818379
"9211nic2.t1usseca",13,"National Issues Convention 2","9211",FALSE,-0.0481818101622842,TRUE,0.0270000219345093,0.0481818101622842,0.110833336909612
"9212nic2.t1usseca",13,"National Issues Convention 2","9212",FALSE,-0.0190909071402114,FALSE,-0.00499999523162842,0.0190909071402114,0.0308333337306974
"9213nic2.t1usseca",13,"National Issues Convention 2","9213",TRUE,0.0360714282308306,TRUE,0.0409090898253702,-0.0360714282308306,-0.0183333357175193
"9214nic2.t1usseca",13,"National Issues Convention 2","9214",TRUE,0.047333331902822,TRUE,0.101666659116745,-0.047333331902822,-0.0111111137602065
"9215nic2.t1usseca",13,"National Issues Convention 2","9215",FALSE,-0.0264285675116949,FALSE,-0.0649999976158143,0.0264285675116949,-0.00250000506639481
"9216nic2.t1usseca",13,"National Issues Convention 2","9216",TRUE,0.0089285735573088,TRUE,0.0116666654745738,-0.0089285735573088,-0.0040000081062318
"9217nic2.t1usseca",13,"National Issues Convention 2","9217",FALSE,-0.0145833392937978,TRUE,0.00785713536398747,0.0145833392937978,0.0460000038146974
"9218nic2.t1usseca",13,"National Issues Convention 2","9218",FALSE,-0.0165384595210737,FALSE,-0.111249998211861,0.0165384595210737,-0.0255555576748316
"9219nic2.t1usseca",13,"National Issues Convention 2","9219",TRUE,0.0267777820428211,TRUE,0.0264285760266438,-0.0267777820428211,-0.0270833373069762
"9220nic2.t1usseca",13,"National Issues Convention 2","9220",TRUE,0.0407142894608632,TRUE,0.0941666662693021,-0.0407142894608632,-0.000625006854534149
"9221nic2.t1usseca",13,"National Issues Convention 2","9221",FALSE,-0.0628846104328447,FALSE,-0.0185714193752833,0.0628846104328447,0.114583333333333
"9222nic2.t1usseca",13,"National Issues Convention 2","9222",TRUE,0.0189999938011169,TRUE,0.00400000810623158,-0.0189999938011169,-0.0339999794960023
"9223nic2.t1usseca",13,"National Issues Convention 2","9223",FALSE,-0.0505357044083732,FALSE,-0.0440624877810476,0.0505357044083732,0.0591666599114739
"9224nic2.t1usseca",13,"National Issues Convention 2","9224",TRUE,0.00272728096355079,TRUE,0.0191666682561236,-0.00272728096355079,0.0169999837875365
"9201nic2.t1humrh2",13,"National Issues Convention 2","9201",FALSE,-0.0333333412806194,FALSE,-0.0250000134110451,0.0333333412806194,0.0499999970197678
"9202nic2.t1humrh2",13,"National Issues Convention 2","9202",TRUE,1.98682148511153e-09,TRUE,0.0500000044703485,-1.98682148511153e-09,0.0571428579943521
"9203nic2.t1humrh2",13,"National Issues Convention 2","9203",TRUE,0.0250000022351742,TRUE,0.0249999985098839,-0.0250000022351742,-0.0250000059604645
"9204nic2.t1humrh2",13,"National Issues Convention 2","9204",FALSE,-0.0153846213450799,TRUE,0.0799999952316285,0.0153846213450799,0.0750000067055225
"9205nic2.t1humrh2",13,"National Issues Convention 2","9205",TRUE,0.123076927203398,TRUE,0.157142860548837,-0.123076927203398,-0.0833333383003871
"9206nic2.t1humrh2",13,"National Issues Convention 2","9206",FALSE,-0.0249999935428301,TRUE,0.0375000052154064,0.0249999935428301,0.149999991059303
"9207nic2.t1humrh2",13,"National Issues Convention 2","9207",FALSE,-4.65661287307739e-09,TRUE,0.0363636274229396,4.65661287307739e-09,0.0799999952316285
"9208nic2.t1humrh2",13,"National Issues Convention 2","9208",FALSE,-0.0833333302289248,FALSE,-0.0857142720903669,0.0833333302289248,0.0800000116229058
"9209nic2.t1humrh2",13,"National Issues Convention 2","9209",FALSE,-1.24176358085037e-09,FALSE,0,1.24176358085037e-09,2.12873740856878e-09
"9210nic2.t1humrh2",13,"National Issues Convention 2","9210",TRUE,0.021428570151329,TRUE,0.111111101177004,-0.021428570151329,0.139999985694885
"9211nic2.t1humrh2",13,"National Issues Convention 2","9211",TRUE,2.70930200496622e-09,FALSE,0,-2.70930200496622e-09,-4.96705365726768e-09
"9212nic2.t1humrh2",13,"National Issues Convention 2","9212",FALSE,-0.0636363503607837,FALSE,-0.179999992251396,0.0636363503607837,-0.0333333512147268
"9213nic2.t1humrh2",13,"National Issues Convention 2","9213",FALSE,-0.0214285765375409,FALSE,-0.0363636423241008,0.0214285765375409,-0.0333333313465121
"9214nic2.t1humrh2",13,"National Issues Convention 2","9214",TRUE,0.0933333237965901,TRUE,0.166666656732559,-0.0933333237965901,-0.0444444351726108
"9215nic2.t1humrh2",13,"National Issues Convention 2","9215",FALSE,-0.0857142901846342,TRUE,0.0166666607062022,0.0857142901846342,0.162500003352761
"9216nic2.t1humrh2",13,"National Issues Convention 2","9216",FALSE,-0.0714285799435208,FALSE,-0.0555555621782939,0.0714285799435208,0.100000011920929
"9217nic2.t1humrh2",13,"National Issues Convention 2","9217",TRUE,0.0333333214124043,TRUE,0.0285714183534894,-0.0333333214124043,-0.0399999856948853
"9218nic2.t1humrh2",13,"National Issues Convention 2","9218",TRUE,0.0769230746305906,TRUE,0.0999999940395355,-0.0769230746305906,-0.0666666660043927
"9219nic2.t1humrh2",13,"National Issues Convention 2","9219",FALSE,-0.0199999988079071,TRUE,0.042857140302658,0.0199999988079071,0.0749999955296516
"9220nic2.t1humrh2",13,"National Issues Convention 2","9220",FALSE,-0.0714285671710968,TRUE,0.0333333412806193,0.0714285671710968,0.149999998509884
"9221nic2.t1humrh2",13,"National Issues Convention 2","9221",TRUE,0.0230769222745528,FALSE,-0.0285714215465954,-0.0230769222745528,-0.0833333233992258
"9222nic2.t1humrh2",13,"National Issues Convention 2","9222",FALSE,-0.129999992251396,FALSE,-0.119999986886978,0.129999992251396,0.139999997615814
"9223nic2.t1humrh2",13,"National Issues Convention 2","9223",TRUE,0.0500000012772425,TRUE,0.100000001490116,-0.0500000012772425,0.0166666656732558
"9224nic2.t1humrh2",13,"National Issues Convention 2","9224",FALSE,-0.00909090313044469,FALSE,-0.0333333263794582,0.00909090313044469,-0.0200000047683716
"9201nic2.t1multi",13,"National Issues Convention 2","9201",FALSE,-0.0761491507291797,FALSE,-0.081801846623421,0.0761491507291797,0.064843758940697
"9202nic2.t1multi",13,"National Issues Convention 2","9202",FALSE,-0.0536904851595564,FALSE,-0.0740141421556474,0.0536904851595564,0.0304634485925952
"9203nic2.t1multi",13,"National Issues Convention 2","9203",TRUE,0.0871961805969477,TRUE,0.0862723216414452,-0.0871961805969477,-0.0881200395524502
"9204nic2.t1multi",13,"National Issues Convention 2","9204",TRUE,0.0628968362624828,TRUE,0.0978472292423248,-0.0628968362624828,-0.0410528406500814
"9205nic2.t1multi",13,"National Issues Convention 2","9205",FALSE,-0.0479326890065118,FALSE,-0.048392857824053,0.0479326890065118,0.0473958253860473
"9206nic2.t1multi",13,"National Issues Convention 2","9206",FALSE,-0.0321428577105207,FALSE,-0.0404575914144518,0.0321428577105207,0.0155133903026582
"9207nic2.t1multi",13,"National Issues Convention 2","9207",TRUE,0.0543433874845508,TRUE,0.0750405950979756,-0.0543433874845508,-0.00880953073501611
"9208nic2.t1multi",13,"National Issues Convention 2","9208",FALSE,-0.0696345989902816,FALSE,-0.025517293385097,0.0696345989902816,0.13139882683754
"9209nic2.t1multi",13,"National Issues Convention 2","9209",FALSE,-0.0587177524964015,FALSE,-0.0160714268684388,0.0587177524964015,0.0891794136592321
"9210nic2.t1multi",13,"National Issues Convention 2","9210",FALSE,-0.0538407010691506,FALSE,-0.0254188577334085,0.0538407010691506,0.105000019073487
"9211nic2.t1multi",13,"National Issues Convention 2","9211",FALSE,-0.071455630389127,FALSE,-0.0903273820877077,0.071455630389127,0.0557291706403097
"9212nic2.t1multi",13,"National Issues Convention 2","9212",TRUE,0.0263861742886631,TRUE,0.0338829278945921,-0.0263861742886631,-0.0201388796170553
"9213nic2.t1multi",13,"National Issues Convention 2","9213",TRUE,0.0402423441410066,TRUE,0.0367288968779826,-0.0402423441410066,-0.053124984105428
"9214nic2.t1multi",13,"National Issues Convention 2","9214",TRUE,0.0508961598078411,TRUE,0.062855472167333,-0.0508961598078411,-0.0429232849015133
"9215nic2.t1multi",13,"National Issues Convention 2","9215",FALSE,-0.00592049317700516,FALSE,-0.000148817896842957,0.00592049317700516,0.0102492496371267
"9216nic2.t1multi",13,"National Issues Convention 2","9216",FALSE,-0.0744154027530127,FALSE,-0.0522321528858609,0.0744154027530127,0.114345252513886
"9217nic2.t1multi",13,"National Issues Convention 2","9217",FALSE,-0.0618179688851042,FALSE,-0.0544217824935918,0.0618179688851042,0.0721726298332216
"9218nic2.t1multi",13,"National Issues Convention 2","9218",FALSE,-0.0226381237690265,FALSE,-0.0367807298898698,0.0226381237690265,0.0163525210486519
"9219nic2.t1multi",13,"National Issues Convention 2","9219",TRUE,0.0446064929167432,TRUE,0.105725641761508,-0.0446064929167432,0.00887276232242562
"9220nic2.t1multi",13,"National Issues Convention 2","9220",FALSE,-0.0731753025736126,FALSE,-0.0642361044883728,0.0731753025736126,0.0798797011375426
"9221nic2.t1multi",13,"National Issues Convention 2","9221",FALSE,-0.0736950653103683,FALSE,-0.00848214966910232,0.0736950653103683,0.149776800225179
"9222nic2.t1multi",13,"National Issues Convention 2","9222",TRUE,0.0173115134239198,FALSE,-0.0251388669013973,-0.0173115134239198,-0.059761893749237
"9223nic2.t1multi",13,"National Issues Convention 2","9223",FALSE,-0.0939944812229703,FALSE,-0.112369805574417,0.0939944812229703,0.0694940487543741
"9224nic2.t1multi",13,"National Issues Convention 2","9224",TRUE,0.0626028153029355,TRUE,0.072038695216179,-0.0626028153029355,-0.0512797594070434
"9201nic2.t1inter",13,"National Issues Convention 2","9201",FALSE,-0.208333333333333,FALSE,-0.1875,0.208333333333333,0.25
"9202nic2.t1inter",13,"National Issues Convention 2","9202",TRUE,0.0845238095238096,TRUE,0.0892857142857143,-0.0845238095238096,-0.0714285714285714
"9203nic2.t1inter",13,"National Issues Convention 2","9203",FALSE,-0.046875,FALSE,-0.03125,0.046875,0.0625
"9204nic2.t1inter",13,"National Issues Convention 2","9204",FALSE,-0.107371794871795,FALSE,-0.1,0.107371794871795,0.107142857142857
"9205nic2.t1inter",13,"National Issues Convention 2","9205",FALSE,-0.173076923076923,FALSE,-0.178571428571429,0.173076923076923,0.166666666666667
"9206nic2.t1inter",13,"National Issues Convention 2","9206",TRUE,0.0208333333333334,FALSE,0,-0.0208333333333334,-0.0833333333333334
"9207nic2.t1inter",13,"National Issues Convention 2","9207",FALSE,-0.171875,FALSE,-0.113636363636364,0.171875,0.3
"9208nic2.t1inter",13,"National Issues Convention 2","9208",TRUE,0.0833333333333333,TRUE,0.0714285714285714,-0.0833333333333333,-0.1
"9209nic2.t1inter",13,"National Issues Convention 2","9209",FALSE,-0.0416666666666667,TRUE,0.0499999999999999,0.0416666666666667,0.107142857142857
"9210nic2.t1inter",13,"National Issues Convention 2","9210",TRUE,0.214285714285714,TRUE,0.305555555555556,-0.214285714285714,-0.05
"9211nic2.t1inter",13,"National Issues Convention 2","9211",TRUE,0.0227272727272727,TRUE,0.15,-0.0227272727272727,0.0833333333333334
"9212nic2.t1inter",13,"National Issues Convention 2","9212",TRUE,0.181818181818182,TRUE,0.1,-0.181818181818182,-0.25
"9213nic2.t1inter",13,"National Issues Convention 2","9213",TRUE,0.160714285714286,TRUE,0.181818181818182,-0.160714285714286,-0.0833333333333333
"9214nic2.t1inter",13,"National Issues Convention 2","9214",FALSE,-0.108333333333333,FALSE,-0.0666666666666667,0.108333333333333,0.138888888888889
"9215nic2.t1inter",13,"National Issues Convention 2","9215",TRUE,0.0357142857142858,FALSE,-0.0416666666666667,-0.0357142857142858,-0.09375
"9216nic2.t1inter",13,"National Issues Convention 2","9216",FALSE,-0.107142857142857,FALSE,-0.138888888888889,0.107142857142857,0.05
"9217nic2.t1inter",13,"National Issues Convention 2","9217",TRUE,0.166666666666667,TRUE,0.142857142857143,-0.166666666666667,-0.2
"9218nic2.t1inter",13,"National Issues Convention 2","9218",FALSE,0,TRUE,0.25,0,0.111111111111111
"9219nic2.t1inter",13,"National Issues Convention 2","9219",TRUE,0.0166666666666666,TRUE,0.107142857142857,-0.0166666666666666,0.0625
"9220nic2.t1inter",13,"National Issues Convention 2","9220",FALSE,-0.0934065934065934,FALSE,-0.0916666666666667,0.0934065934065934,0.09375
"9221nic2.t1inter",13,"National Issues Convention 2","9221",FALSE,-0.153846153846154,FALSE,-0.0714285714285715,0.153846153846154,0.25
"9222nic2.t1inter",13,"National Issues Convention 2","9222",FALSE,-0.1,FALSE,-0.15,0.1,0.0499999999999999
"9223nic2.t1inter",13,"National Issues Convention 2","9223",TRUE,0.125,TRUE,0.15625,-0.125,-0.0833333333333334
"9224nic2.t1inter",13,"National Issues Convention 2","9224",FALSE,-0.0636363636363636,FALSE,-0.0666666666666667,0.0636363636363636,0.05
"9201nic2.t1global",13,"National Issues Convention 2","9201",TRUE,0.128703698515892,TRUE,0.117708325386047,-0.128703698515892,-0.150694444775581
"9202nic2.t1global",13,"National Issues Convention 2","9202",FALSE,-0.0479444364706675,TRUE,0.020312502980232,0.0479444364706675,0.125952367271696
"9203nic2.t1global",13,"National Issues Convention 2","9203",FALSE,-0.0521527845412495,FALSE,-0.0807638950645928,0.0521527845412495,0.0235416740179062
"9204nic2.t1global",13,"National Issues Convention 2","9204",FALSE,-0.070512817456172,FALSE,-0.0427777647972106,0.070512817456172,0.0878472253680229
"9205nic2.t1global",13,"National Issues Convention 2","9205",TRUE,0.140064108830232,TRUE,0.142222221408571,-0.140064108830232,-0.137546310822169
"9206nic2.t1global",13,"National Issues Convention 2","9206",FALSE,-0.143124997615814,FALSE,-0.131944440305233,0.143124997615814,0.165486112236976
"9207nic2.t1global",13,"National Issues Convention 2","9207",FALSE,-0.0966145759448408,FALSE,-0.0535353435711425,0.0966145759448408,0.191388887166977
"9208nic2.t1global",13,"National Issues Convention 2","9208",FALSE,-0.0831018437941868,FALSE,-0.0753968272890362,0.0831018437941868,0.0938888669013979
"9209nic2.t1global",13,"National Issues Convention 2","9209",FALSE,-0.0797916663189728,FALSE,-0.0678889036178588,0.0797916663189728,0.0882936396769114
"9210nic2.t1global",13,"National Issues Convention 2","9210",TRUE,0.089246030364718,TRUE,0.129567901293437,-0.089246030364718,-0.0166666626930235
"9211nic2.t1global",13,"National Issues Convention 2","9211",TRUE,0.121590904214166,TRUE,0.183055537939072,-0.121590904214166,-0.0703703761100769
"9212nic2.t1global",13,"National Issues Convention 2","9212",TRUE,0.10151516307484,TRUE,0.0455555617809296,-0.10151516307484,-0.148148164153099
"9213nic2.t1global",13,"National Issues Convention 2","9213",TRUE,0.158611099501806,TRUE,0.176363627849655,-0.158611099501806,-0.0935184955596923
"9214nic2.t1global",13,"National Issues Convention 2","9214",TRUE,0.148129634062449,TRUE,0.210648154218992,-0.148129634062449,-0.106450620624754
"9215nic2.t1global",13,"National Issues Convention 2","9215",FALSE,-0.0638888925313947,FALSE,-0.0196759204069772,0.0638888925313947,0.097048621624708
"9216nic2.t1global",13,"National Issues Convention 2","9216",TRUE,0.0482142865657806,TRUE,0.0558642016516789,-0.0482142865657806,-0.0344444394111635
"9217nic2.t1global",13,"National Issues Convention 2","9217",FALSE,-0.0876851727565131,FALSE,-0.0561110973358153,0.0876851727565131,0.13188887834549
"9218nic2.t1global",13,"National Issues Convention 2","9218",FALSE,-0.0210042687562796,TRUE,0.0813888907432555,0.0210042687562796,0.0665123396449618
"9219nic2.t1global",13,"National Issues Convention 2","9219",TRUE,0.0474073966344196,TRUE,0.0825396691049846,-0.0474073966344196,-0.0166666582226753
"9220nic2.t1global",13,"National Issues Convention 2","9220",TRUE,0.140476190618106,TRUE,0.159259259700775,-0.140476190618106,-0.126388888806105
"9221nic2.t1global",13,"National Issues Convention 2","9221",FALSE,-0.0843162479308935,FALSE,-0.0919047657932553,0.0843162479308935,0.0754629770914713
"9222nic2.t1global",13,"National Issues Convention 2","9222",FALSE,-0.160583325475454,FALSE,-0.14005554318428,0.160583325475454,0.181111107766628
"9223nic2.t1global",13,"National Issues Convention 2","9223",TRUE,0.0702380921159471,TRUE,0.0814930610358715,-0.0702380921159471,-0.0552314668893814
"9224nic2.t1global",13,"National Issues Convention 2","9224",TRUE,0.0164141465317117,TRUE,0.0657407343387602,-0.0164141465317117,0.0427777588367465
"9201nic2.t1demo",13,"National Issues Convention 2","9201",FALSE,-0.0412037049730618,FALSE,-0.0138888917863369,0.0412037049730618,0.0958333313465118
"9202nic2.t1demo",13,"National Issues Convention 2","9202",FALSE,-0.0675925960143405,FALSE,-0.0482638943940398,0.0675925960143405,0.0896825407232555
"9203nic2.t1demo",13,"National Issues Convention 2","9203",FALSE,-0.0520138889551165,FALSE,-0.0403472259640694,0.0520138889551165,0.0636805519461635
"9204nic2.t1demo",13,"National Issues Convention 2","9204",TRUE,0.0317094050920925,TRUE,0.0368889153003694,-0.0317094050920925,-0.0284722112119197
"9205nic2.t1demo",13,"National Issues Convention 2","9205",TRUE,0.0435897432840786,TRUE,0.00238096288272305,-0.0435897432840786,-0.0916666537523269
"9206nic2.t1demo",13,"National Issues Convention 2","9206",FALSE,-0.046527775625388,FALSE,-0.0253472216427326,0.046527775625388,0.0888888835906986
"9207nic2.t1demo",13,"National Issues Convention 2","9207",FALSE,-0.115625001490116,FALSE,-0.124494950879704,0.115625001490116,0.0961111128330231
"9208nic2.t1demo",13,"National Issues Convention 2","9208",FALSE,-0.093981470912695,FALSE,-0.0642857083252497,0.093981470912695,0.135555538535118
"9209nic2.t1demo",13,"National Issues Convention 2","9209",FALSE,-0.0217592616875967,TRUE,0.0288888931274414,0.0217592616875967,0.0579365151269096
"9210nic2.t1demo",13,"National Issues Convention 2","9210",TRUE,0.0287698427481311,TRUE,0.0172839471035533,-0.0287698427481311,-0.049444454908371
"9211nic2.t1demo",13,"National Issues Convention 2","9211",TRUE,0.0138888873837212,TRUE,0.0194444358348846,-0.0138888873837212,-0.00925926367441832
"9212nic2.t1demo",13,"National Issues Convention 2","9212",TRUE,0.0290404016321356,TRUE,0.0461111128330234,-0.0290404016321356,-0.0148148089647291
"9213nic2.t1demo",13,"National Issues Convention 2","9213",TRUE,0.0755952330572264,TRUE,0.0760100958022204,-0.0755952330572264,-0.074074069658915
"9214nic2.t1demo",13,"National Issues Convention 2","9214",TRUE,0.111481476823489,TRUE,0.175555542111397,-0.111481476823489,-0.0687654332982172
"9215nic2.t1demo",13,"National Issues Convention 2","9215",FALSE,-0.0413888841867445,FALSE,-0.00185184677441919,0.0413888841867445,0.0710416622459886
"9216nic2.t1demo",13,"National Issues Convention 2","9216",TRUE,0.0158730106694358,TRUE,0.0370370381408269,-0.0158730106694358,0.0222222387790679
"9217nic2.t1demo",13,"National Issues Convention 2","9217",TRUE,0.0634259233872095,TRUE,0.0615079402923584,-0.0634259233872095,-0.0661110997200012
"9218nic2.t1demo",13,"National Issues Convention 2","9218",FALSE,-0.0651709506144891,TRUE,0.135416649281978,0.0651709506144891,0.154320995012919
"9219nic2.t1demo",13,"National Issues Convention 2","9219",TRUE,0.114592576026917,TRUE,0.0944444196564811,-0.114592576026917,-0.132222212851048
"9220nic2.t1demo",13,"National Issues Convention 2","9220",TRUE,0.106746032834053,TRUE,0.126851866642634,-0.106746032834053,-0.0916666574776173
"9221nic2.t1demo",13,"National Issues Convention 2","9221",TRUE,0.0851282110581032,TRUE,0.155158749648503,-0.0851282110581032,-0.00342591603597009
"9222nic2.t1demo",13,"National Issues Convention 2","9222",FALSE,-0.119388879835606,FALSE,-0.14099999666214,0.119388879835606,0.0977777630090712
"9223nic2.t1demo",13,"National Issues Convention 2","9223",FALSE,-0.0450992158481053,FALSE,-0.0317708402872086,0.0450992158481053,0.0628703832626344
"9224nic2.t1demo",13,"National Issues Convention 2","9224",FALSE,-0.00202020189978869,FALSE,-0.0638888825972876,0.00202020189978869,-0.0722222149372103
"9201nic2.t1forai1",13,"National Issues Convention 2","9201",TRUE,0.375,TRUE,0.3125,-0.375,-0.5
"9202nic2.t1forai1",13,"National Issues Convention 2","9202",FALSE,-0.126190476190476,FALSE,-0.169642857142857,0.126190476190476,0.0714285714285715
"9203nic2.t1forai1",13,"National Issues Convention 2","9203",FALSE,-0.3125,FALSE,-0.125,0.3125,0.517857142857143
"9204nic2.t1forai1",13,"National Issues Convention 2","9204",FALSE,-0.346153846153846,FALSE,-0.2,0.346153846153846,0.4375
"9205nic2.t1forai1",13,"National Issues Convention 2","9205",FALSE,-0.373076923076923,FALSE,-0.357142857142857,0.373076923076923,0.416666666666667
"9206nic2.t1forai1",13,"National Issues Convention 2","9206",FALSE,-0.390151515151515,FALSE,-0.321428571428571,0.390151515151515,0.5
"9207nic2.t1forai1",13,"National Issues Convention 2","9207",FALSE,-0.15625,FALSE,-0.0909090909090909,0.15625,0.3
"9208nic2.t1forai1",13,"National Issues Convention 2","9208",FALSE,-0.291666666666667,FALSE,-0.357142857142857,0.291666666666667,0.2
"9209nic2.t1forai1",13,"National Issues Convention 2","9209",TRUE,0.170454545454545,TRUE,0.35,-0.170454545454545,-0.0714285714285715
"9210nic2.t1forai1",13,"National Issues Convention 2","9210",TRUE,0.326923076923077,TRUE,0.333333333333333,-0.326923076923077,-0.3
"9211nic2.t1forai1",13,"National Issues Convention 2","9211",TRUE,0.272727272727273,TRUE,0.2,-0.272727272727273,-0.333333333333333
"9212nic2.t1forai1",13,"National Issues Convention 2","9212",TRUE,0.372727272727273,TRUE,0.35,-0.372727272727273,-0.416666666666667
"9213nic2.t1forai1",13,"National Issues Convention 2","9213",TRUE,0.107142857142857,TRUE,0.0454545454545455,-0.107142857142857,-0.333333333333333
"9214nic2.t1forai1",13,"National Issues Convention 2","9214",TRUE,0.282967032967033,TRUE,0.433333333333333,-0.282967032967033,-0.1875
"9215nic2.t1forai1",13,"National Issues Convention 2","9215",FALSE,-0.25,FALSE,-0.0666666666666667,0.25,0.383928571428571
"9216nic2.t1forai1",13,"National Issues Convention 2","9216",TRUE,0.285714285714286,TRUE,0.333333333333333,-0.285714285714286,-0.2
"9217nic2.t1forai1",13,"National Issues Convention 2","9217",TRUE,0.15530303030303,TRUE,0.285714285714286,-0.15530303030303,0
"9218nic2.t1forai1",13,"National Issues Convention 2","9218",TRUE,0.00769230769230766,TRUE,0.25,-0.00769230769230766,0.111111111111111
"9219nic2.t1forai1",13,"National Issues Convention 2","9219",FALSE,-0.161538461538462,FALSE,-0.0595238095238095,0.161538461538462,0.25
"9220nic2.t1forai1",13,"National Issues Convention 2","9220",TRUE,0.211538461538462,TRUE,0.0833333333333334,-0.211538461538462,-0.294642857142857
"9221nic2.t1forai1",13,"National Issues Convention 2","9221",FALSE,-0.198717948717949,FALSE,-0.142857142857143,0.198717948717949,0.25
"9222nic2.t1forai1",13,"National Issues Convention 2","9222",FALSE,-0.2,FALSE,-0.1,0.2,0.3
"9223nic2.t1forai1",13,"National Issues Convention 2","9223",TRUE,0.307692307692308,TRUE,0.25,-0.307692307692308,-0.4
"9224nic2.t1forai1",13,"National Issues Convention 2","9224",TRUE,0.236363636363636,TRUE,0.2,-0.236363636363636,-0.3
"9201nic2.t1trade_b",13,"National Issues Convention 2","9201",TRUE,0.0625,TRUE,0.1,-0.0625,0
"9202nic2.t1trade_b",13,"National Issues Convention 2","9202",FALSE,-0.00714285714285712,TRUE,0.0625,0.00714285714285712,0.0714285714285714
"9203nic2.t1trade_b",13,"National Issues Convention 2","9203",FALSE,-0.116666666666667,TRUE,0.0178571428571429,0.116666666666667,0.25
"9204nic2.t1trade_b",13,"National Issues Convention 2","9204",FALSE,-0.115384615384615,FALSE,-0.3,0.115384615384615,0
"9205nic2.t1trade_b",13,"National Issues Convention 2","9205",TRUE,0.0811965811965811,TRUE,0.242857142857143,-0.0811965811965811,0.125
"9206nic2.t1trade_b",13,"National Issues Convention 2","9206",FALSE,-0.185606060606061,FALSE,-0.151785714285714,0.185606060606061,0.25
"9207nic2.t1trade_b",13,"National Issues Convention 2","9207",TRUE,0.177083333333333,TRUE,0.25974025974026,-0.177083333333333,0
"9208nic2.t1trade_b",13,"National Issues Convention 2","9208",TRUE,0.106060606060606,TRUE,0.166666666666667,-0.106060606060606,0.0333333333333333
"9209nic2.t1trade_b",13,"National Issues Convention 2","9209",FALSE,-0.104545454545455,FALSE,-0.125,0.104545454545455,0.0833333333333333
"9210nic2.t1trade_b",13,"National Issues Convention 2","9210",FALSE,-0.343406593406593,FALSE,-0.333333333333333,0.343406593406593,0.375
"9211nic2.t1trade_b",13,"National Issues Convention 2","9211",FALSE,-0.0555555555555556,TRUE,0.1,0.0555555555555556,0.25
"9212nic2.t1trade_b",13,"National Issues Convention 2","9212",TRUE,0.267676767676768,TRUE,0.25,-0.267676767676768,-0.283333333333333
"9213nic2.t1trade_b",13,"National Issues Convention 2","9213",FALSE,-0.104895104895105,FALSE,-0.116666666666667,0.104895104895105,0.0833333333333334
"9214nic2.t1trade_b",13,"National Issues Convention 2","9214",TRUE,0.240384615384615,TRUE,0.366666666666667,-0.240384615384615,-0.142857142857143
"9215nic2.t1trade_b",13,"National Issues Convention 2","9215",FALSE,-0.0209790209790209,TRUE,0.1,0.0209790209790209,0.145833333333333
"9216nic2.t1trade_b",13,"National Issues Convention 2","9216",FALSE,-0.178030303030303,FALSE,-0.0714285714285714,0.178030303030303,0.375
"9217nic2.t1trade_b",13,"National Issues Convention 2","9217",TRUE,0.2,TRUE,0.369047619047619,-0.2,0.05
"9218nic2.t1trade_b",13,"National Issues Convention 2","9218",TRUE,0.0104895104895105,TRUE,0.0416666666666667,-0.0104895104895105,-0.0208333333333334
"9219nic2.t1trade_b",13,"National Issues Convention 2","9219",TRUE,0.233333333333333,TRUE,0.232142857142857,-0.233333333333333,-0.25
"9220nic2.t1trade_b",13,"National Issues Convention 2","9220",FALSE,-0.119047619047619,TRUE,0.166666666666667,0.119047619047619,0.375
"9221nic2.t1trade_b",13,"National Issues Convention 2","9221",TRUE,0.166666666666667,TRUE,0.228571428571429,-0.166666666666667,-0.0833333333333334
"9222nic2.t1trade_b",13,"National Issues Convention 2","9222",FALSE,-0.155555555555556,FALSE,-0.3,0.155555555555556,0
"9223nic2.t1trade_b",13,"National Issues Convention 2","9223",FALSE,-0.0884615384615384,TRUE,0.0625,0.0884615384615384,0.366666666666667
"9224nic2.t1trade_b",13,"National Issues Convention 2","9224",FALSE,-0.0858585858585859,TRUE,0.125,0.0858585858585859,0.3
"9401btp04.w4b42",15,"By The People 2004 US General Election","9401",FALSE,-0.0127184427098223,TRUE,0.00185288985570287,0.0127184427098223,0.0166659921407699
"9402btp04.w4b42",15,"By The People 2004 US General Election","9402",FALSE,-8.6945036192887e-07,FALSE,-0.0303036326711829,8.6945036192887e-07,-0.0277766635020573
"9403btp04.w4b42",15,"By The People 2004 US General Election","9403",TRUE,0.066269330964202,TRUE,0.0666659981012344,-0.066269330964202,-0.0621208150278438
"9404btp04.w4b42",15,"By The People 2004 US General Election","9404",FALSE,-0.0520825013518333,TRUE,0.0476185594286239,0.0520825013518333,0.129627770847744
"9405btp04.w4b42",15,"By The People 2004 US General Election","9405",FALSE,-0.0217386898787126,FALSE,-0.0714285671710969,0.0217386898787126,-0.0555566747983297
"9406btp04.w4b42",15,"By The People 2004 US General Election","9406",TRUE,0.00753935646443138,FALSE,-0.10879624593589,-0.00753935646443138,-0.0972216626008352
"9407btp04.w4b42",15,"By The People 2004 US General Election","9407",FALSE,-0.0262250719480139,FALSE,-0.0149577624904803,0.0262250719480139,0.0444439907868704
"9408btp04.w4b42",15,"By The People 2004 US General Election","9408",TRUE,0.166668009757996,TRUE,0.333336681127548,-0.166668009757996,0.0833349972963335
"9409btp04.w4b42",15,"By The People 2004 US General Election","9409",TRUE,0.0238099992275239,FALSE,-0.0555549959341685,-0.0238099992275239,-0.0833337455987931
"9410btp04.w4b42",15,"By The People 2004 US General Election","9410",FALSE,-0.0128192190940564,TRUE,5.9604644553346e-09,0.0128192190940564,0.0208312347531319
"9411btp04.w4b42",15,"By The People 2004 US General Election","9411",TRUE,5.87281058894717e-07,TRUE,0.0151518122716384,-5.87281058894717e-07,0.0277766585350037
"9412btp04.w4b42",15,"By The People 2004 US General Election","9412",TRUE,3.56031315706939e-07,FALSE,0,-3.56031315706939e-07,0.0416658346851665
"9413btp04.w4b42",15,"By The People 2004 US General Election","9413",FALSE,-0.130953335336276,FALSE,-0.125002518296242,0.130953335336276,0.11110998193423
"9414btp04.w4b42",15,"By The People 2004 US General Election","9414",TRUE,0.128206156767332,TRUE,0.138888334234555,-0.128206156767332,-0.119050004652568
"9415btp04.w4b42",15,"By The People 2004 US General Election","9415",TRUE,0.060606371272694,TRUE,0.0555550009012222,-0.060606371272694,-0.06666801571846
"9401btp04.w4b45",15,"By The People 2004 US General Election","9401",TRUE,0.00833299458026882,FALSE,-0.0166660010814665,-0.00833299458026882,-0.0333319902420044
"9402btp04.w4b45",15,"By The People 2004 US General Election","9402",TRUE,0.00595238361330253,FALSE,-0.0305565014481545,-0.00595238361330253,-0.0441928094986713
"9403btp04.w4b45",15,"By The People 2004 US General Election","9403",TRUE,0.0350878928837023,FALSE,-0.0208337604999541,-0.0350878928837023,-0.0757581862536344
"9404btp04.w4b45",15,"By The People 2004 US General Election","9404",TRUE,0.0849204250744411,TRUE,0.138886655370394,-0.0849204250744411,-0.0462975013587211
"9405btp04.w4b45",15,"By The People 2004 US General Election","9405",TRUE,0.0310239377733948,TRUE,0.119047141500882,-0.0310239377733948,0.133929287748677
"9406btp04.w4b45",15,"By The People 2004 US General Election","9406",TRUE,0.0659097292206504,TRUE,0.0708337530493737,-0.0659097292206504,-0.0416675011316935
"9407btp04.w4b45",15,"By The People 2004 US General Election","9407",FALSE,-0.00527051833307324,FALSE,-0.0854714176593683,0.00527051833307324,-0.0833339989185334
"9408btp04.w4b45",15,"By The People 2004 US General Election","9408",TRUE,0.0833324939012527,FALSE,0,-0.0833324939012527,-0.166664987802506
"9409btp04.w4b45",15,"By The People 2004 US General Election","9409",FALSE,-0.0357135640723365,FALSE,-0.0952371316296714,0.0357135640723365,-0.0238100034849985
"9410btp04.w4b45",15,"By The People 2004 US General Election","9410",FALSE,-0.035715000970023,FALSE,-0.0555566747983296,0.035715000970023,0.020833745598793
"9411btp04.w4b45",15,"By The People 2004 US General Election","9411",TRUE,0.0555553257465363,TRUE,0.0555566648642223,-0.0555553257465363,-0.0555533170700073
"9412btp04.w4b45",15,"By The People 2004 US General Election","9412",TRUE,0.0624999925494195,TRUE,0.124999985098839,-0.0624999925494195,0
"9413btp04.w4b45",15,"By The People 2004 US General Election","9413",TRUE,4.96705365726768e-09,TRUE,0.0416675060987473,-4.96705365726768e-09,0.0833349972963335
"9414btp04.w4b45",15,"By The People 2004 US General Election","9414",FALSE,-0.0384614901555763,FALSE,-0.02380833029747,0.0384614901555763,0.047620015484946
"9415btp04.w4b45",15,"By The People 2004 US General Election","9415",TRUE,0.0666680037975312,TRUE,0.0666680037975312,-0.0666680037975312,-0.0666680037975312
"9401btp04.w4b48",15,"By The People 2004 US General Election","9401",TRUE,0.0425924465060233,TRUE,0.0666667535901069,-0.0425924465060233,-0.0333330005407333
"9402btp04.w4b48",15,"By The People 2004 US General Election","9402",TRUE,0.050504660290299,TRUE,0.101010157303377,-0.050504660290299,8.3672277850777e-07
"9403btp04.w4b48",15,"By The People 2004 US General Election","9403",FALSE,-0.04051817038603,FALSE,-1.00731849672631e-06,0.04051817038603,0.0858579726532251
"9404btp04.w4b48",15,"By The People 2004 US General Election","9404",TRUE,0.00833307765424252,FALSE,-0.0436521576983587,-0.00833307765424252,-0.0370377798875173
"9405btp04.w4b48",15,"By The People 2004 US General Election","9405",TRUE,0.0876629468682525,TRUE,0.0595242870705469,-0.0876629468682525,-0.145834292684283
"9406btp04.w4b48",15,"By The People 2004 US General Election","9406",TRUE,0.0634914253439223,TRUE,0.092593338754442,-0.0634914253439223,-0.0416649902860323
"9407btp04.w4b48",15,"By The People 2004 US General Election","9407",TRUE,0.101119720770908,TRUE,0.0512815324159769,-0.101119720770908,-0.181481780277358
"9408btp04.w4b48",15,"By The People 2004 US General Election","9408",TRUE,0.133336007595062,TRUE,0.222223331530889,-0.133336007595062,-5.0216913225487e-06
"9409btp04.w4b48",15,"By The People 2004 US General Election","9409",FALSE,-0.0833342905555453,FALSE,-0.119048574141094,0.0833342905555453,0.0476200069699969
"9410btp04.w4b48",15,"By The People 2004 US General Election","9410",FALSE,-0.0448706971529202,TRUE,0.00833400487899782,0.0448706971529202,0.0624987408518791
"9411btp04.w4b48",15,"By The People 2004 US General Election","9411",TRUE,0.0490182649855521,TRUE,0.00504937978705988,-0.0490182649855521,-0.166664997736613
"9412btp04.w4b48",15,"By The People 2004 US General Election","9412",FALSE,-0.119048574673278,FALSE,-9.93410731453537e-09,0.119048574673278,0.208334997296334
"9413btp04.w4b48",15,"By The People 2004 US General Election","9413",FALSE,-0.0277783324321111,FALSE,-0.0555566648642223,0.0277783324321111,0
"9414btp04.w4b48",15,"By The People 2004 US General Election","9414",TRUE,0.0238087878122434,FALSE,-0.0119042822292873,-0.0238087878122434,-0.0476171331746238
"9415btp04.w4b48",15,"By The People 2004 US General Election","9415",FALSE,-0.10151353939013,FALSE,-0.0722209910551707,0.10151353939013,0.0999979972839354
"9401btp04.w4b51",15,"By The People 2004 US General Election","9401",TRUE,0.0500000014901161,TRUE,0.0833330065011977,-0.0500000014901161,-0.0166669964790345
"9402btp04.w4b51",15,"By The People 2004 US General Election","9402",FALSE,-0.0609361884504439,TRUE,0.0151509127833626,0.0609361884504439,0.138889781453393
"9403btp04.w4b51",15,"By The People 2004 US General Election","9403",FALSE,-0.0468253809071723,FALSE,-0.0888888855775197,0.0468253809071723,2.70930206047737e-09
"9404btp04.w4b51",15,"By The People 2004 US General Election","9404",TRUE,0.0548609629273414,TRUE,0.0714288197812579,-0.0548609629273414,-0.0370366672674814
"9405btp04.w4b51",15,"By The People 2004 US General Election","9405",TRUE,0.00559900848290662,TRUE,0.0595242870705469,-0.00559900848290662,0.0787057052883837
"9406btp04.w4b51",15,"By The People 2004 US General Election","9406",TRUE,0.0555566705408551,TRUE,0.111111111111111,-0.0555566705408551,-0.0138908401131631
"9407btp04.w4b51",15,"By The People 2004 US General Election","9407",TRUE,0.0079366649900165,FALSE,-0.0138883342345554,-0.0079366649900165,-0.0370366639561123
"9408btp04.w4b51",15,"By The People 2004 US General Election","9408",FALSE,-0.0333319902420044,FALSE,0,0.0333319902420044,0.083329975605011
"9409btp04.w4b51",15,"By The People 2004 US General Election","9409",FALSE,-0.0833335710423333,TRUE,0.0476200069699969,0.0833335710423333,0.214287149054664
"9410btp04.w4b51",15,"By The People 2004 US General Election","9410",FALSE,-0.115384613092129,FALSE,-0.166665995121002,0.115384613092129,0.0833337493240834
"9411btp04.w4b51",15,"By The People 2004 US General Election","9411",TRUE,0.0661770632380949,TRUE,0.0909087362614543,-0.0661770632380949,-0.0277799963951113
"9412btp04.w4b51",15,"By The People 2004 US General Election","9412",FALSE,-0.145835540656533,FALSE,-0.0833349972963335,0.145835540656533,0.236114181578159
"9413btp04.w4b51",15,"By The People 2004 US General Election","9413",TRUE,0.250001019239426,TRUE,0.34722252190113,-0.250001019239426,-0.0833350121974945
"9414btp04.w4b51",15,"By The People 2004 US General Election","9414",FALSE,-0.0347985076707799,FALSE,-0.0198399878683544,0.0347985076707799,0.0476199941975731
"9415btp04.w4b51",15,"By The People 2004 US General Election","9415",FALSE,-0.0272723639553243,FALSE,-0.094445010026296,0.0272723639553243,-0.0666680097579956
"9401btp04.w4b54",15,"By The People 2004 US General Election","9401",TRUE,0.149123157325544,TRUE,0.0925935566425324,-0.149123157325544,-0.192592331435945
"9402btp04.w4b54",15,"By The People 2004 US General Election","9402",TRUE,0.0374390563887098,TRUE,0.0277766635020574,-0.0374390563887098,-0.0441919698408156
"9403btp04.w4b54",15,"By The People 2004 US General Election","9403",TRUE,0.039682381209873,TRUE,0.0666669964790345,-0.039682381209873,-0.0151509127833626
"9404btp04.w4b54",15,"By The People 2004 US General Election","9404",TRUE,0.0104162525385618,TRUE,0.0952371486595697,-0.0104162525385618,0.0555555555555556
"9405btp04.w4b54",15,"By The People 2004 US General Election","9405",TRUE,0.116930473993418,TRUE,0.142857415335519,-0.116930473993418,-0.0740744471549987
"9406btp04.w4b54",15,"By The People 2004 US General Election","9406",FALSE,-0.00984850295565343,FALSE,-0.0541664995253086,0.00984850295565343,4.96705371277884e-09
"9407btp04.w4b54",15,"By The People 2004 US General Election","9407",TRUE,0.0198417372646786,TRUE,0.0227281778599278,-0.0198417372646786,-3.31136917885999e-09
"9408btp04.w4b54",15,"By The People 2004 US General Election","9408",TRUE,0.0416649878025055,FALSE,0,-0.0416649878025055,-0.083329975605011
"9409btp04.w4b54",15,"By The People 2004 US General Election","9409",TRUE,0.107141424502645,TRUE,0.23809261336213,-0.107141424502645,0.0476194678672722
"9410btp04.w4b54",15,"By The People 2004 US General Election","9410",FALSE,-0.0256423147825095,FALSE,-0.0333340048789978,0.0256423147825095,0.0208350084722043
"9411btp04.w4b54",15,"By The People 2004 US General Election","9411",TRUE,0.0784315455924062,TRUE,0.0939390033483505,-0.0784315455924062,-0.0555566648642223
"9412btp04.w4b54",15,"By The People 2004 US General Election","9412",FALSE,-0.0625012554228306,FALSE,-0.0416675060987473,0.0625012554228306,0.083335004746914
"9413btp04.w4b54",15,"By The People 2004 US General Election","9413",TRUE,0.0952385749135699,TRUE,0.208335004746914,-0.0952385749135699,0.0555566648642224
"9414btp04.w4b54",15,"By The People 2004 US General Election","9414",TRUE,0.0128192282640016,FALSE,-0.083333323399226,-0.0128192282640016,-0.0952357011181967
"9415btp04.w4b54",15,"By The People 2004 US General Election","9415",TRUE,0.0757563493468545,TRUE,0.0277766535679501,-0.0757563493468545,-0.13333198428154
"9401btp04.w4b57",15,"By The People 2004 US General Election","9401",FALSE,-0.0350873658531591,FALSE,-0.0185188882880741,0.0350873658531591,0.0499989956617355
"9402btp04.w4b57",15,"By The People 2004 US General Election","9402",FALSE,-0.105429013005712,FALSE,-0.0833327280301036,0.105429013005712,0.12752529798132
"9403btp04.w4b57",15,"By The People 2004 US General Election","9403",TRUE,0.00635019327913011,TRUE,0.0833340048789978,-0.00635019327913011,0.0803017264062706
"9404btp04.w4b57",15,"By The People 2004 US General Election","9404",TRUE,0.0222213288148244,TRUE,0.055553322037061,-0.0222213288148244,0
"9405btp04.w4b57",15,"By The People 2004 US General Election","9405",FALSE,-0.0566536202261099,FALSE,-0.000915718602610083,0.0566536202261099,0.129630002710554
"9406btp04.w4b57",15,"By The People 2004 US General Election","9406",FALSE,-0.0269849344378427,FALSE,-1.11593140506017e-06,0.0269849344378427,0.0353540974584493
"9407btp04.w4b57",15,"By The People 2004 US General Election","9407",FALSE,-0.106059995564547,FALSE,-0.152777495483557,0.106059995564547,0.0499989956617355
"9408btp04.w4b57",15,"By The People 2004 US General Election","9408",TRUE,0.0416675046086312,TRUE,1.67389710747923e-06,-0.0416675046086312,0
"9409btp04.w4b57",15,"By The People 2004 US General Election","9409",TRUE,0.0302192819314999,FALSE,0,-0.0302192819314999,-0.059522849640676
"9410btp04.w4b57",15,"By The People 2004 US General Election","9410",TRUE,0.0256407742316905,FALSE,0,-0.0256407742316905,-0.0416662581264971
"9411btp04.w4b57",15,"By The People 2004 US General Election","9411",TRUE,0.0741423543761758,TRUE,0.101516092094508,-0.0741423543761758,-0.027776668469111
"9412btp04.w4b57",15,"By The People 2004 US General Election","9412",FALSE,-0.172619463609798,FALSE,-8.31981500137857e-07,0.172619463609798,0.25
"9413btp04.w4b57",15,"By The People 2004 US General Election","9413",FALSE,-0.0158730951093493,FALSE,0,0.0158730951093493,0
"9414btp04.w4b57",15,"By The People 2004 US General Election","9414",TRUE,0.0694433301687241,TRUE,0.133331996202469,-0.0694433301687241,-0.0238085687160492
"9415btp04.w4b57",15,"By The People 2004 US General Election","9415",TRUE,0.151513633402911,TRUE,0.138886655370394,-0.151513633402911,-0.166666007041931
"9601sm.t1more",17,"San Mateo","9601",TRUE,0.266666662693024,TRUE,0.33333332836628,-0.266666662693024,0
"9602sm.t1more",17,"San Mateo","9602",FALSE,-2.98023217215615e-09,TRUE,0.208333324640989,2.98023217215615e-09,0.138888888061046
"9603sm.t1more",17,"San Mateo","9603",FALSE,-0.400000011920929,FALSE,-0.166666686534882,0.400000011920929,0.555555562178294
"9604sm.t1more",17,"San Mateo","9604",FALSE,-0.0666666746139528,FALSE,-0.5,0.0666666746139528,-0.041666656732559
"9605sm.t1more",17,"San Mateo","9605",TRUE,3.72529018743961e-09,TRUE,0.388888875643412,-3.72529018743961e-09,0.233333319425583
"9606sm.t1more",17,"San Mateo","9606",FALSE,-0.351851852196786,FALSE,0,0.351851852196786,0.444444445272287
"9607sm.t1more",17,"San Mateo","9607",FALSE,-0.280092579830024,FALSE,-0.0999999860922495,0.280092579830024,0.611111099521319
"9608sm.t1more",17,"San Mateo","9608",TRUE,0.175925918089019,TRUE,0.178240729495883,-0.175925918089019,-0.166666686534882
"9609sm.t1more",17,"San Mateo","9609",FALSE,-0.25,FALSE,0,0.25,0.5
"9610sm.t1more",17,"San Mateo","9610",FALSE,-0.0238095266478403,FALSE,0,0.0238095266478403,0.0416666716337205
"9611sm.t1more",17,"San Mateo","9611",FALSE,-0.0851851787832046,TRUE,0.0333333333333333,0.0851851787832046,0.249999985098838
"9612sm.t1more",17,"San Mateo","9612",TRUE,0.166666650772094,TRUE,0.222222208976745,-0.166666650772094,-0.083333313465118
"9613sm.t1more",17,"San Mateo","9613",FALSE,-0.0333333358168601,FALSE,-4.25747459509296e-09,0.0333333358168601,0.111111109455426
"9614sm.t1more",17,"San Mateo","9614",FALSE,-0.138888873159885,FALSE,0,0.138888873159885,0.27777774631977
"9615sm.t1more",17,"San Mateo","9615",TRUE,0.138888905445735,TRUE,0.166666686534882,-0.138888905445735,-0.111111124356588
"9616sm.t1more",17,"San Mateo","9616",TRUE,0.33333332836628,TRUE,0.458333339542151,-0.33333332836628,-0.0833333060145375
"9617sm.t1more",17,"San Mateo","9617",TRUE,0.0833333246409892,FALSE,0,-0.0833333246409892,-0.111111099521319
"9618sm.t1more",17,"San Mateo","9618",TRUE,0.1185185086396,TRUE,0.119047614080565,-0.1185185086396,-0.138888865709304
"9619sm.t1more",17,"San Mateo","9619",FALSE,-0.0238095074892041,FALSE,-0.0833333097398277,0.0238095074892041,-0.055555562178294
"9620sm.t1more",17,"San Mateo","9620",FALSE,-0.333333337306976,FALSE,-0.25,0.333333337306976,0.458333343267441
"9621sm.t1more",17,"San Mateo","9621",TRUE,0.166666675359011,TRUE,0.0833333507180215,-0.166666675359011,-0.25
"9622sm.t1more",17,"San Mateo","9622",FALSE,-0.0952380895614623,TRUE,0.0416666716337205,0.0952380895614623,0.277777771155039
"9623sm.t1more",17,"San Mateo","9623",FALSE,-0.311111098031203,FALSE,-0.166666657974323,0.311111098031203,0.583333313465118
"9624sm.t1more",17,"San Mateo","9624",FALSE,-0.205555562178294,TRUE,0.166666656732559,0.205555562178294,0.41666667163372
"9625sm.t1more",17,"San Mateo","9625",NA,NA,NA,NA,0,NA
"9601sm.t1belowmrkt",17,"San Mateo","9601",FALSE,-0.1,FALSE,-0.125,0.1,0
"9602sm.t1belowmrkt",17,"San Mateo","9602",TRUE,0.199999992549419,TRUE,0.20833332836628,-0.199999992549419,-0.194444435338179
"9603sm.t1belowmrkt",17,"San Mateo","9603",FALSE,-0.166666662693024,TRUE,0.083333343267441,0.166666662693024,0.333333333333333
"9604sm.t1belowmrkt",17,"San Mateo","9604",TRUE,0.0666666597127914,TRUE,0.166666686534882,-0.0666666597127914,-0.0416666530072687
"9605sm.t1belowmrkt",17,"San Mateo","9605",TRUE,0.0416666734963655,FALSE,0,-0.0416666734963655,-0.0666666775941851
"9606sm.t1belowmrkt",17,"San Mateo","9606",FALSE,-0.037037045798368,FALSE,-0.055555562178294,0.037037045798368,0.0111111213763556
"9607sm.t1belowmrkt",17,"San Mateo","9607",TRUE,0.129629631837209,TRUE,0.138888897995154,-0.129629631837209,-0.111111099521319
"9608sm.t1belowmrkt",17,"San Mateo","9608",TRUE,0.0648148131039408,TRUE,0.108796291881137,-0.0648148131039408,0.333333313465118
"9609sm.t1belowmrkt",17,"San Mateo","9609",FALSE,-0.0416666716337205,FALSE,-0.083333343267441,0.0416666716337205,0
"9610sm.t1belowmrkt",17,"San Mateo","9610",FALSE,-0.0714285714285714,FALSE,-0.166666666666667,0.0714285714285714,0
"9611sm.t1belowmrkt",17,"San Mateo","9611",TRUE,0.0499999940395354,TRUE,0.111111104488373,-0.0499999940395354,0.0416666716337205
"9612sm.t1belowmrkt",17,"San Mateo","9612",TRUE,0.1,TRUE,0.166666666666667,-0.1,0
"9613sm.t1belowmrkt",17,"San Mateo","9613",FALSE,-0.21666666418314,FALSE,-0.14285714498588,0.21666666418314,0.388888875643412
"9614sm.t1belowmrkt",17,"San Mateo","9614",FALSE,-0.249999997516473,FALSE,-0.111111099521319,0.249999997516473,0.388888895511627
"9615sm.t1belowmrkt",17,"San Mateo","9615",TRUE,0.0388888855775197,FALSE,0,-0.0388888855775197,-0.111111104488373
"9616sm.t1belowmrkt",17,"San Mateo","9616",TRUE,0.027777781089147,FALSE,-0.041666656732559,-0.027777781089147,-0.166666656732559
"9617sm.t1belowmrkt",17,"San Mateo","9617",FALSE,-0.125,FALSE,0,0.125,0.166666666666667
"9618sm.t1belowmrkt",17,"San Mateo","9618",FALSE,-0.0254629635148579,FALSE,-0.0277777782508306,0.0254629635148579,0
"9619sm.t1belowmrkt",17,"San Mateo","9619",TRUE,0.0238095287765775,FALSE,-0.083333343267441,-0.0238095287765775,-0.166666691501936
"9620sm.t1belowmrkt",17,"San Mateo","9620",FALSE,-0.316666668653488,FALSE,-0.13888888557752,0.316666668653488,0.583333343267441
"9621sm.t1belowmrkt",17,"San Mateo","9621",FALSE,-0.29166667163372,FALSE,0,0.29166667163372,0.833333343267441
"9622sm.t1belowmrkt",17,"San Mateo","9622",TRUE,0.142857134342193,TRUE,0.20833332836628,-0.142857134342193,-0.0555555423100786
"9623sm.t1belowmrkt",17,"San Mateo","9623",FALSE,-0.0499999910593033,TRUE,0.194444456448158,0.0499999910593033,0.49999999254942
"9624sm.t1belowmrkt",17,"San Mateo","9624",FALSE,0,FALSE,0,0,0
"9625sm.t1belowmrkt",17,"San Mateo","9625",FALSE,-0.0912698354749452,FALSE,-0.105555549263954,0.0912698354749452,0
"9601sm.t1openspace",17,"San Mateo","9601",FALSE,-0.233333337306976,FALSE,-0.29166667163372,0.233333337306976,0
"9602sm.t1openspace",17,"San Mateo","9602",TRUE,0.300000001490116,TRUE,0.20833332836628,-0.300000001490116,-0.361111116906007
"9603sm.t1openspace",17,"San Mateo","9603",FALSE,-2.98023219991173e-09,TRUE,0.083333343267441,2.98023219991173e-09,0.0555555671453477
"9604sm.t1openspace",17,"San Mateo","9604",FALSE,-0.0666666626930236,FALSE,0,0.0666666626930236,0.0833333283662795
"9605sm.t1openspace",17,"San Mateo","9605",TRUE,0.184523801984531,TRUE,0.388888870676358,-0.184523801984531,-0.0166666656732559
"9606sm.t1openspace",17,"San Mateo","9606",TRUE,1.158979212601e-08,FALSE,0,-1.158979212601e-08,-1.7384688189015e-08
"9607sm.t1openspace",17,"San Mateo","9607",FALSE,-0.166666662320495,FALSE,-0.227777777115504,0.166666662320495,0.0833333159486452
"9608sm.t1openspace",17,"San Mateo","9608",TRUE,0.170370359222094,TRUE,0.212962954408593,-0.170370359222094,0.166666701436043
"9609sm.t1openspace",17,"San Mateo","9609",TRUE,0.0416666716337205,TRUE,0.333333343267441,-0.0416666716337205,0.25
"9610sm.t1openspace",17,"San Mateo","9610",FALSE,-0.0238095181328909,TRUE,0.0555555323759713,0.0238095181328909,0.0833333060145375
"9611sm.t1openspace",17,"San Mateo","9611",FALSE,-0.122222220069832,FALSE,-0.16111110150814,0.122222220069832,0.0416666753590108
"9612sm.t1openspace",17,"San Mateo","9612",FALSE,-0.133333325386047,FALSE,-0.16666667163372,0.133333325386047,0.0833333060145375
"9613sm.t1openspace",17,"San Mateo","9613",TRUE,0.133333338797093,TRUE,0.190476198281561,-0.133333338797093,0
"9614sm.t1openspace",17,"San Mateo","9614",TRUE,0.0277777661879857,TRUE,0.0555555323759713,-0.0277777661879857,0
"9615sm.t1openspace",17,"San Mateo","9615",FALSE,0,FALSE,0,0,0
"9616sm.t1openspace",17,"San Mateo","9616",TRUE,0.111111102004846,TRUE,0.0833333246409892,-0.111111102004846,-0.166666656732559
"9617sm.t1openspace",17,"San Mateo","9617",FALSE,-0.166666693985462,TRUE,0.166666612029075,0.166666693985462,0.277777795990308
"9618sm.t1openspace",17,"San Mateo","9618",FALSE,-0.140740749571059,FALSE,-0.190476198281561,0.140740749571059,-0.055555537343025
"9619sm.t1openspace",17,"San Mateo","9619",FALSE,-0.289682536252907,FALSE,-0.0833333345750968,0.289682536252907,0.499999990065893
"9620sm.t1openspace",17,"San Mateo","9620",TRUE,0.0666666552424429,TRUE,0.194444437821706,-0.0666666552424429,0.125000018626452
"9621sm.t1openspace",17,"San Mateo","9621",TRUE,0.0694444390634696,TRUE,0.416666649281978,-0.0694444390634696,0.416666656732559
"9622sm.t1openspace",17,"San Mateo","9622",FALSE,-0.119047616209303,FALSE,-0.125,0.119047616209303,0.111111104488373
"9623sm.t1openspace",17,"San Mateo","9623",FALSE,-0.127777764201164,FALSE,-0.208333323399226,0.127777764201164,-0.0833333507180215
"9624sm.t1openspace",17,"San Mateo","9624",TRUE,0.249999982615312,TRUE,0.416666649281978,-0.249999982615312,-0.166666649281978
"9625sm.t1openspace",17,"San Mateo","9625",FALSE,-0.0952380895614623,FALSE,-0.111111104488373,0.0952380895614623,0
"9601sm.t1countyl",17,"San Mateo","9601",FALSE,-0.174999994039535,FALSE,-0.208333324640989,0.174999994039535,0
"9602sm.t1countyl",17,"San Mateo","9602",TRUE,0.116666661037339,FALSE,-0.0416666716337205,-0.116666661037339,-0.222222216427326
"9603sm.t1countyl",17,"San Mateo","9603",TRUE,0.0999999850988386,FALSE,-0.0833333507180215,-0.0999999850988386,-0.222222208976745
"9604sm.t1countyl",17,"San Mateo","9604",TRUE,0.333333322405815,TRUE,0.666666612029075,-0.333333322405815,-0.25
"9605sm.t1countyl",17,"San Mateo","9605",FALSE,-0.169642859271595,FALSE,-0.111111124356588,0.169642859271595,0.166666662693024
"9606sm.t1countyl",17,"San Mateo","9606",FALSE,-0.0717592404948338,FALSE,-0.0555555323759713,0.0717592404948338,0.0555555398265518
"9607sm.t1countyl",17,"San Mateo","9607",FALSE,-0.055555545621448,FALSE,-0.111111111938954,0.055555545621448,-0.055555587013563
"9608sm.t1countyl",17,"San Mateo","9608",TRUE,0.0666666701436043,TRUE,0.0740740779373381,-0.0666666701436043,0
"9609sm.t1countyl",17,"San Mateo","9609",FALSE,0,FALSE,0,0,0
"9610sm.t1countyl",17,"San Mateo","9610",FALSE,-0.285714272941862,FALSE,-0.166666636864344,0.285714272941862,0.375
"9611sm.t1countyl",17,"San Mateo","9611",FALSE,-0.129629631174935,FALSE,-0.0944444537162782,0.129629631174935,0.166666656732559
"9612sm.t1countyl",17,"San Mateo","9612",TRUE,0.133333340287209,TRUE,0.0555555671453476,-0.133333340287209,-0.25
"9613sm.t1countyl",17,"San Mateo","9613",FALSE,-0.257407397031784,FALSE,-0.238095230289868,0.257407397031784,0.305555534859498
"9614sm.t1countyl",17,"San Mateo","9614",FALSE,-0.0833333159486452,TRUE,0.277777795990308,0.0833333159486452,0.444444427887599
"9615sm.t1countyl",17,"San Mateo","9615",TRUE,0.138888878126939,TRUE,0.333333323399226,-0.138888878126939,0.0555555671453477
"9616sm.t1countyl",17,"San Mateo","9616",FALSE,-0.277777781089147,FALSE,-0.25,0.277777781089147,0.333333343267441
"9617sm.t1countyl",17,"San Mateo","9617",FALSE,-0.125000018626452,TRUE,0.666666612029075,0.125000018626452,0.388888895511627
"9618sm.t1countyl",17,"San Mateo","9618",FALSE,-0.0740740795930226,FALSE,-0.111111110874585,0.0740740795930226,-0.111111087103685
"9619sm.t1countyl",17,"San Mateo","9619",FALSE,-0.0714285735573087,TRUE,0.16666666790843,0.0714285735573087,0.388888895511627
"9620sm.t1countyl",17,"San Mateo","9620",TRUE,0.233333331346512,TRUE,0.25,-0.233333331346512,-0.20833332836628
"9621sm.t1countyl",17,"San Mateo","9621",FALSE,0,FALSE,0,0,0
"9622sm.t1countyl",17,"San Mateo","9622",FALSE,-0.190476185509137,FALSE,-0.0833333246409892,0.190476185509137,0.333333333333333
"9623sm.t1countyl",17,"San Mateo","9623",TRUE,0.250000009934108,TRUE,0.333333343267441,-0.250000009934108,-0.083333343267441
"9624sm.t1countyl",17,"San Mateo","9624",FALSE,-0.283333337306976,FALSE,-0.083333343267441,0.283333337306976,0.416666666666667
"9625sm.t1countyl",17,"San Mateo","9625",TRUE,0.261904759066445,TRUE,0.36111111442248,-0.261904759066445,0.333333373069764
"2201ukhealth.t1payhlt",2,"UK Health","2201",TRUE,0.121212121212121,TRUE,0.1875,-0.121212121212121,0
"2202ukhealth.t1payhlt",2,"UK Health","2202",FALSE,-0.0416666666666667,FALSE,0,0.0416666666666667,0.0833333333333333
"2203ukhealth.t1payhlt",2,"UK Health","2203",FALSE,-0.0909090909090909,TRUE,0.0714285714285714,0.0909090909090909,0.375
"2204ukhealth.t1payhlt",2,"UK Health","2204",TRUE,0.0773809523809524,TRUE,0.0238095238095238,-0.0773809523809524,-0.2
"2205ukhealth.t1payhlt",2,"UK Health","2205",TRUE,0.0929487179487179,TRUE,0.0555555555555555,-0.0929487179487179,-0.166666666666667
"2206ukhealth.t1payhlt",2,"UK Health","2206",FALSE,-0.0247252747252747,TRUE,0.0166666666666667,0.0247252747252747,0.125
"2207ukhealth.t1payhlt",2,"UK Health","2207",FALSE,0,FALSE,0,0,0
"2208ukhealth.t1payhlt",2,"UK Health","2208",FALSE,-0.0738095238095238,FALSE,0,0.0738095238095238,0.0865384615384615
"2209ukhealth.t1payhlt",2,"UK Health","2209",TRUE,0.120879120879121,TRUE,0.25,-0.120879120879121,-0.0984848484848485
"2210ukhealth.t1payhlt",2,"UK Health","2210",FALSE,-0.0252525252525252,FALSE,-0.0833333333333333,0.0252525252525252,-0.00892857142857144
"2211ukhealth.t1payhlt",2,"UK Health","2211",TRUE,0.0357142857142857,TRUE,0.25,-0.0357142857142857,0.05
"2212ukhealth.t1payhlt",2,"UK Health","2212",TRUE,0.104166666666667,TRUE,0.125,-0.104166666666667,-0.0416666666666667
"2213ukhealth.t1payhlt",2,"UK Health","2213",FALSE,-0.071969696969697,FALSE,-0.0446428571428572,0.071969696969697,0.125
"2214ukhealth.t1payhlt",2,"UK Health","2214",TRUE,0.125,TRUE,0.125,-0.125,-0.125
"2215ukhealth.t1payhlt",2,"UK Health","2215",FALSE,-0.0492424242424242,FALSE,-0.0119047619047619,0.0492424242424242,0.1
"2201ukhealth.t1poora",2,"UK Health","2201",TRUE,0.00480769230769229,TRUE,0.0555555555555556,-0.00480769230769229,0.0833333333333334
"2202ukhealth.t1poora",2,"UK Health","2202",TRUE,0.0368589743589745,FALSE,-0.0357142857142857,-0.0368589743589745,-0.0833333333333333
"2203ukhealth.t1poora",2,"UK Health","2203",TRUE,0.0738636363636364,TRUE,0.142857142857143,-0.0738636363636364,0
"2204ukhealth.t1poora",2,"UK Health","2204",FALSE,0,FALSE,0,0,0
"2205ukhealth.t1poora",2,"UK Health","2205",TRUE,0.0769230769230769,TRUE,0.138888888888889,-0.0769230769230769,0.0625
"2206ukhealth.t1poora",2,"UK Health","2206",FALSE,-0.00769230769230766,FALSE,-0.0479797979797979,0.00769230769230766,-0.0625
"2207ukhealth.t1poora",2,"UK Health","2207",TRUE,0.22979797979798,TRUE,0.291666666666667,-0.22979797979798,-0.166666666666667
"2208ukhealth.t1poora",2,"UK Health","2208",FALSE,-0.132291666666667,FALSE,-0.25,0.132291666666667,0.114010989010989
"2209ukhealth.t1poora",2,"UK Health","2209",TRUE,0.196428571428571,TRUE,0.5,-0.196428571428571,-0.145833333333333
"2210ukhealth.t1poora",2,"UK Health","2210",FALSE,-0.145833333333333,FALSE,-0.0625,0.145833333333333,0.1875
"2211ukhealth.t1poora",2,"UK Health","2211",TRUE,0.0178571428571428,TRUE,0.1875,-0.0178571428571428,0.05
"2212ukhealth.t1poora",2,"UK Health","2212",TRUE,0.0643382352941176,TRUE,0.0227272727272727,-0.0643382352941176,-0.175
"2213ukhealth.t1poora",2,"UK Health","2213",TRUE,0.0192307692307692,FALSE,-0.09375,-0.0192307692307692,-0.2
"2214ukhealth.t1poora",2,"UK Health","2214",TRUE,0.15625,TRUE,0.208333333333333,-0.15625,0
"2215ukhealth.t1poora",2,"UK Health","2215",FALSE,-0.212121212121212,FALSE,-0.178571428571429,0.212121212121212,0.25
"2201ukhealth.t1option",2,"UK Health","2201",FALSE,0,TRUE,0.0625,0,0.166666666666667
"2202ukhealth.t1option",2,"UK Health","2202",TRUE,0.053030303030303,TRUE,0.2,-0.053030303030303,0.0833333333333333
"2203ukhealth.t1option",2,"UK Health","2203",FALSE,-0.166666666666667,FALSE,0,0.166666666666667,0.4
"2204ukhealth.t1option",2,"UK Health","2204",FALSE,-0.0714285714285714,FALSE,0,0.0714285714285714,0.2
"2205ukhealth.t1option",2,"UK Health","2205",TRUE,0.0608974358974359,TRUE,0.0972222222222222,-0.0608974358974359,0
"2206ukhealth.t1option",2,"UK Health","2206",TRUE,0.0333333333333333,TRUE,0.0909090909090908,-0.0333333333333333,0.125
"2207ukhealth.t1option",2,"UK Health","2207",FALSE,0,FALSE,0,0,0
"2208ukhealth.t1option",2,"UK Health","2208",FALSE,-0.0583333333333333,TRUE,0.25,0.0583333333333333,0.104395604395604
"2209ukhealth.t1option",2,"UK Health","2209",FALSE,-0.0247252747252747,FALSE,-0.25,0.0247252747252747,-0.0113636363636364
"2210ukhealth.t1option",2,"UK Health","2210",TRUE,0.136363636363636,TRUE,0.333333333333333,-0.136363636363636,-0.0625
"2211ukhealth.t1option",2,"UK Health","2211",FALSE,0,FALSE,0,0,0
"2212ukhealth.t1option",2,"UK Health","2212",TRUE,0.0955882352941176,TRUE,0.2,-0.0955882352941176,0.0833333333333334
"2213ukhealth.t1option",2,"UK Health","2213",TRUE,0.0160256410256411,TRUE,0.0892857142857143,-0.0160256410256411,0.1
"2214ukhealth.t1option",2,"UK Health","2214",TRUE,0.00416666666666665,TRUE,0.00757575757575757,-0.00416666666666665,0
"2215ukhealth.t1option",2,"UK Health","2215",TRUE,0.0416666666666666,TRUE,0.142857142857143,-0.0416666666666666,0.1
"2201ukhealth.t1hlthfu",2,"UK Health","2201",FALSE,-0.0569444444444444,FALSE,-0.103703703703704,0.0569444444444444,-0.0833333333333333
"2202ukhealth.t1hlthfu",2,"UK Health","2202",FALSE,-0.0172202797202797,TRUE,0.0175,0.0172202797202797,0.05
"2203ukhealth.t1hlthfu",2,"UK Health","2203",TRUE,0.0197916666666667,FALSE,-0.00178571428571428,-0.0197916666666667,-0.05
"2204ukhealth.t1hlthfu",2,"UK Health","2204",FALSE,-0.0345238095238095,TRUE,0.0351851851851852,0.0345238095238095,0.16
"2205ukhealth.t1hlthfu",2,"UK Health","2205",TRUE,0.129166666666667,TRUE,0.14,-0.129166666666667,-0.1
"2206ukhealth.t1hlthfu",2,"UK Health","2206",TRUE,0.0705555555555555,TRUE,0.120454545454545,-0.0705555555555555,0.0666666666666667
"2207ukhealth.t1hlthfu",2,"UK Health","2207",FALSE,-0.0318181818181818,FALSE,-0.0333333333333333,0.0318181818181818,0.03
"2208ukhealth.t1hlthfu",2,"UK Health","2208",TRUE,0.0922916666666667,TRUE,0.25,-0.0922916666666667,-0.0684065934065934
"2209ukhealth.t1hlthfu",2,"UK Health","2209",TRUE,0.171428571428571,TRUE,0.1,-0.171428571428571,-0.183333333333333
"2210ukhealth.t1hlthfu",2,"UK Health","2210",TRUE,0.0708333333333333,TRUE,0.2,-0.0708333333333333,-0.00624999999999998
"2211ukhealth.t1hlthfu",2,"UK Health","2211",FALSE,-0.116826923076923,FALSE,-0.00729166666666664,0.116826923076923,0.16
"2212ukhealth.t1hlthfu",2,"UK Health","2212",FALSE,-0.0267156862745099,FALSE,-0.0321969696969697,0.0267156862745099,0.0166666666666667
"2213ukhealth.t1hlthfu",2,"UK Health","2213",FALSE,-0.199679487179487,FALSE,-0.172544642857143,0.199679487179487,0.24
"2214ukhealth.t1hlthfu",2,"UK Health","2214",FALSE,-0.01171875,TRUE,0.0135416666666667,0.01171875,0.0875
"2215ukhealth.t1hlthfu",2,"UK Health","2215",FALSE,-0.0117424242424242,TRUE,0.0523809523809524,0.0117424242424242,0.09
"2201ukhealth.t1ctexpt",2,"UK Health","2201",TRUE,0.102964743589744,TRUE,0.0300925925925926,-0.102964743589744,-0.322916666666667
"2202ukhealth.t1ctexpt",2,"UK Health","2202",TRUE,0.0180288461538461,TRUE,0.116071428571429,-0.0180288461538461,0.102777777777778
"2203ukhealth.t1ctexpt",2,"UK Health","2203",TRUE,0.045138888888889,TRUE,0.0952380952380953,-0.045138888888889,0.025
"2204ukhealth.t1ctexpt",2,"UK Health","2204",FALSE,-0.0997023809523809,TRUE,0.013888888888889,0.0997023809523809,0.304166666666667
"2205ukhealth.t1ctexpt",2,"UK Health","2205",TRUE,0.0044642857142857,TRUE,0.00416666666666665,-0.0044642857142857,-0.00520833333333326
"2206ukhealth.t1ctexpt",2,"UK Health","2206",TRUE,0.00277777777777777,FALSE,-0.00568181818181823,-0.00277777777777777,-0.0260416666666667
"2207ukhealth.t1ctexpt",2,"UK Health","2207",FALSE,-0.0164772727272727,TRUE,0.0104166666666666,0.0164772727272727,0.0375
"2208ukhealth.t1ctexpt",2,"UK Health","2208",TRUE,0.0231770833333333,TRUE,0.15625,-0.0231770833333333,-0.00480769230769229
"2209ukhealth.t1ctexpt",2,"UK Health","2209",TRUE,0.0124771062271062,FALSE,-0.0625,-0.0124771062271062,-0.0347222222222223
"2210ukhealth.t1ctexpt",2,"UK Health","2210",FALSE,-0.0989583333333334,FALSE,-0.0625,0.0989583333333334,0.1171875
"2211ukhealth.t1ctexpt",2,"UK Health","2211",TRUE,0.0982142857142857,TRUE,0.234375,-0.0982142857142857,-0.0437500000000001
"2212ukhealth.t1ctexpt",2,"UK Health","2212",FALSE,-0.0638020833333333,FALSE,-0.0625,0.0638020833333333,0.0708333333333332
"2213ukhealth.t1ctexpt",2,"UK Health","2213",TRUE,0.032051282051282,TRUE,0.03125,-0.032051282051282,-0.0510416666666667
"2214ukhealth.t1ctexpt",2,"UK Health","2214",FALSE,-0.114583333333333,FALSE,-0.125,0.114583333333333,0.0833333333333333
"2215ukhealth.t1ctexpt",2,"UK Health","2215",FALSE,-0.0160984848484849,TRUE,0.0639880952380952,0.0160984848484849,0.125
"2201ukhealth.t1pritre",2,"UK Health","2201",TRUE,0.149305555555556,TRUE,0.189814814814815,-0.149305555555556,-0.0277777777777776
"2202ukhealth.t1pritre",2,"UK Health","2202",TRUE,0.029380341880342,TRUE,0.123015873015873,-0.029380341880342,0.0694444444444443
"2203ukhealth.t1pritre",2,"UK Health","2203",FALSE,-0.013888888888889,FALSE,-0.0595238095238096,0.013888888888889,-0.05
"2204ukhealth.t1pritre",2,"UK Health","2204",FALSE,-0.119047619047619,FALSE,-0.0277777777777778,0.119047619047619,0.283333333333333
"2205ukhealth.t1pritre",2,"UK Health","2205",TRUE,0.161255411255411,TRUE,0.114285714285714,-0.161255411255411,-0.229166666666667
"2206ukhealth.t1pritre",2,"UK Health","2206",FALSE,-0.140476190476191,FALSE,-0.112121212121212,0.140476190476191,0.208333333333333
"2207ukhealth.t1pritre",2,"UK Health","2207",TRUE,0.106060606060606,TRUE,0.125,-0.106060606060606,-0.0666666666666668
"2208ukhealth.t1pritre",2,"UK Health","2208",TRUE,0.0180555555555555,TRUE,0.25,-0.0180555555555555,0.0164835164835165
"2209ukhealth.t1pritre",2,"UK Health","2209",TRUE,0.0645604395604396,FALSE,-0.166666666666666,-0.0645604395604396,-0.0694444444444444
"2210ukhealth.t1pritre",2,"UK Health","2210",FALSE,-0.0868055555555554,TRUE,0.0104166666666667,0.0868055555555554,0.135416666666667
"2211ukhealth.t1pritre",2,"UK Health","2211",FALSE,-0.0293040293040293,FALSE,-0.0694444444444444,0.0293040293040293,0.00833333333333341
"2212ukhealth.t1pritre",2,"UK Health","2212",FALSE,-0.104166666666666,FALSE,-0.106060606060606,0.104166666666666,0.0999999999999996
"2213ukhealth.t1pritre",2,"UK Health","2213",TRUE,0.0769230769230769,TRUE,0.211309523809524,-0.0769230769230769,0.116666666666667
"2214ukhealth.t1pritre",2,"UK Health","2214",FALSE,-0.0565972222222223,FALSE,-0.118686868686869,0.0565972222222223,-0.104166666666666
"2215ukhealth.t1pritre",2,"UK Health","2215",FALSE,-0.0470328282828285,TRUE,0.0555555555555555,0.0470328282828285,0.175
"2201ukhealth.t1severi",2,"UK Health","2201",TRUE,0.274305555555556,TRUE,0.33275462962963,-0.274305555555556,-0.125
"2202ukhealth.t1severi",2,"UK Health","2202",TRUE,0.125,TRUE,0.102777777777778,-0.125,-0.145833333333333
"2203ukhealth.t1severi",2,"UK Health","2203",TRUE,0.125,TRUE,0.120833333333333,-0.125,-0.129166666666667
"2204ukhealth.t1severi",2,"UK Health","2204",FALSE,-0.147916666666667,FALSE,-0.119047619047619,0.147916666666667,0.186111111111111
"2205ukhealth.t1severi",2,"UK Health","2205",FALSE,-0.14957264957265,FALSE,-0.0833333333333336,0.14957264957265,0.291666666666667
"2206ukhealth.t1severi",2,"UK Health","2206",FALSE,-0.117673992673993,FALSE,-0.124074074074074,0.117673992673993,0.104166666666667
"2207ukhealth.t1severi",2,"UK Health","2207",FALSE,-0.0795454545454548,TRUE,0.0041666666666666,0.0795454545454548,0.166666666666667
"2208ukhealth.t1severi",2,"UK Health","2208",TRUE,0.0621794871794873,TRUE,0.229166666666667,-0.0621794871794873,-0.0355477855477856
"2209ukhealth.t1severi",2,"UK Health","2209",FALSE,-0.0494505494505495,TRUE,0.416666666666667,0.0494505494505495,0.0972222222222223
"2210ukhealth.t1severi",2,"UK Health","2210",TRUE,0.119444444444444,TRUE,0.333333333333333,-0.119444444444444,-0.0625
"2211ukhealth.t1severi",2,"UK Health","2211",TRUE,0.159340659340659,TRUE,0.15625,-0.159340659340659,-0.165277777777778
"2212ukhealth.t1severi",2,"UK Health","2212",TRUE,0.00653594771241839,TRUE,0.0037878787878789,-0.00653594771241839,-0.0208333333333334
"2213ukhealth.t1severi",2,"UK Health","2213",FALSE,-0.0833333333333334,FALSE,-0.164285714285714,0.0833333333333334,-0.0555555555555557
"2214ukhealth.t1severi",2,"UK Health","2214",FALSE,-0.151785714285714,FALSE,-0.177777777777778,0.151785714285714,0.0729166666666667
"2215ukhealth.t1severi",2,"UK Health","2215",FALSE,-0.123737373737374,FALSE,-0.110119047619048,0.123737373737374,0.141666666666667
"2201ukhealth.t1preven",2,"UK Health","2201",TRUE,0.0721153846153846,TRUE,0.0833333333333333,-0.0721153846153846,-0.0625
"2202ukhealth.t1preven",2,"UK Health","2202",TRUE,0.00769230769230766,FALSE,0,-0.00769230769230766,0
"2203ukhealth.t1preven",2,"UK Health","2203",FALSE,-0.0189393939393939,FALSE,-0.0357142857142857,0.0189393939393939,-0.0125
"2204ukhealth.t1preven",2,"UK Health","2204",TRUE,0.101648351648352,TRUE,0.135416666666667,-0.101648351648352,-0.0499999999999999
"2205ukhealth.t1preven",2,"UK Health","2205",FALSE,-0.030448717948718,FALSE,-0.0104166666666666,0.030448717948718,0.0625
"2206ukhealth.t1preven",2,"UK Health","2206",TRUE,0.0880952380952381,TRUE,0.220454545454546,-0.0880952380952381,0.25
"2207ukhealth.t1preven",2,"UK Health","2207",FALSE,-0.0732323232323232,FALSE,-0.1,0.0732323232323232,0.0375
"2208ukhealth.t1preven",2,"UK Health","2208",TRUE,0.0535714285714285,TRUE,0.625,-0.0535714285714285,0.0416666666666667
"2209ukhealth.t1preven",2,"UK Health","2209",FALSE,-0.0714285714285714,TRUE,0.5,0.0714285714285714,0.166666666666667
"2210ukhealth.t1preven",2,"UK Health","2210",FALSE,-0.0681818181818182,TRUE,0.25,0.0681818181818182,0.200892857142857
"2211ukhealth.t1preven",2,"UK Health","2211",TRUE,0.342948717948718,TRUE,0.25,-0.342948717948718,-0.375
"2212ukhealth.t1preven",2,"UK Health","2212",FALSE,-0.0733173076923077,FALSE,-0.101010101010101,0.0733173076923077,0.0125
"2213ukhealth.t1preven",2,"UK Health","2213",FALSE,-0.157342657342657,FALSE,-0.03125,0.157342657342657,0.3625
"2214ukhealth.t1preven",2,"UK Health","2214",FALSE,-0.0333333333333333,TRUE,0.136363636363636,0.0333333333333333,0.5
"2215ukhealth.t1preven",2,"UK Health","2215",TRUE,0.0397727272727273,TRUE,0.184523809523809,-0.0397727272727273,0.15
"2201ukhealth.t1dispub",2,"UK Health","2201",TRUE,0.00699300699300698,TRUE,0.0347222222222222,-0.00699300699300698,0.0625
"2202ukhealth.t1dispub",2,"UK Health","2202",TRUE,0.0852272727272727,TRUE,0.075,-0.0852272727272727,-0.0833333333333334
"2203ukhealth.t1dispub",2,"UK Health","2203",TRUE,0.0727272727272728,TRUE,0.125,-0.0727272727272728,0
"2204ukhealth.t1dispub",2,"UK Health","2204",FALSE,-0.0178571428571429,FALSE,-0.03125,0.0178571428571429,0
"2205ukhealth.t1dispub",2,"UK Health","2205",FALSE,-0.0615384615384615,FALSE,-0.0277777777777778,0.0615384615384615,0.125
"2206ukhealth.t1dispub",2,"UK Health","2206",FALSE,-0.115384615384615,FALSE,-0.182539682539683,0.115384615384615,0
"2207ukhealth.t1dispub",2,"UK Health","2207",FALSE,-0.0454545454545454,FALSE,-0.0416666666666666,0.0454545454545454,0.05
"2208ukhealth.t1dispub",2,"UK Health","2208",TRUE,0.05,TRUE,0.25,-0.05,-0.0398351648351648
"2209ukhealth.t1dispub",2,"UK Health","2209",TRUE,0.0714285714285715,TRUE,0.125,-0.0714285714285715,-0.0625
"2210ukhealth.t1dispub",2,"UK Health","2210",FALSE,-0.166666666666667,FALSE,-0.0625,0.166666666666667,0.21875
"2211ukhealth.t1dispub",2,"UK Health","2211",TRUE,0.107142857142857,TRUE,0.125,-0.107142857142857,-0.1
"2212ukhealth.t1dispub",2,"UK Health","2212",FALSE,0,FALSE,0,0,0
"2213ukhealth.t1dispub",2,"UK Health","2213",FALSE,-0.0625,TRUE,0.0714285714285714,0.0625,0.266666666666667
"2214ukhealth.t1dispub",2,"UK Health","2214",TRUE,0.0958333333333333,TRUE,0.0880681818181818,-0.0958333333333333,-0.0625
"2215ukhealth.t1dispub",2,"UK Health","2215",FALSE,-0.0625,FALSE,0,0.0625,0.15
"2501ukbge.t1redist",4,"UK General Election","2501",FALSE,-0.0993333319822947,FALSE,-0.0550000021855037,0.0993333319822947,0.128888885180155
"2502ukbge.t1redist",4,"UK General Election","2502",TRUE,0.055238093648638,TRUE,0.0228571402175085,-0.055238093648638,-0.120000000510897
"2503ukbge.t1redist",4,"UK General Election","2503",FALSE,-0.0237916696816683,TRUE,0.0253030276208213,0.0237916696816683,0.167500004172325
"2504ukbge.t1redist",4,"UK General Election","2504",TRUE,0.0697619098992577,TRUE,0.0921111120118037,-0.0697619098992577,-0.00500001758337076
"2505ukbge.t1redist",4,"UK General Election","2505",TRUE,0.0336842034992417,TRUE,0.114615376179035,-0.0336842034992417,0.14166667064031
"2506ukbge.t1redist",4,"UK General Election","2506",FALSE,-0.0219999988873799,FALSE,0,0.0219999988873799,0.0366666648122999
"2507ukbge.t1redist",4,"UK General Election","2507",FALSE,-0.156250002793968,FALSE,-0.258888892001576,0.156250002793968,0.0242857166699001
"2508ukbge.t1redist",4,"UK General Election","2508",FALSE,-0.0439999987681707,TRUE,0.0549999922513961,0.0439999987681707,0.109999992781215
"2509ukbge.t1redist",4,"UK General Election","2509",FALSE,-0.043529408326482,FALSE,-0.0257142753828137,0.043529408326482,0.0680000007152558
"2510ukbge.t1redist",4,"UK General Election","2510",FALSE,-0.045874997600913,FALSE,-0.060909089716998,0.045874997600913,0.0219999946653843
"2511ukbge.t1redist",4,"UK General Election","2511",FALSE,-0.070220590404728,FALSE,-0.100636368312619,0.070220590404728,0.00166666507720958
"2512ukbge.t1redist",4,"UK General Election","2512",TRUE,0.0483333377374545,TRUE,0.0918181809512052,-0.0483333377374545,0.0199999873127253
"2513ukbge.t1redist",4,"UK General Election","2513",TRUE,0.167385618476307,TRUE,0.181346153219541,-0.167385618476307,-0.13199999332428
"2514ukbge.t1redist",4,"UK General Election","2514",TRUE,0.0431578920075767,FALSE,-0.0366666664679846,-0.0431578920075767,-0.114999994635582
"2515ukbge.t1redist",4,"UK General Election","2515",FALSE,-0.153846153846154,FALSE,-0.146250000223517,0.153846153846154,0.165999999642372
"2501ukbge.t1tax",4,"UK General Election","2501",TRUE,0.110666666428248,TRUE,0.123333329955737,-0.110666666428248,-0.102222224076589
"2502ukbge.t1tax",4,"UK General Election","2502",TRUE,0.0276190468243189,TRUE,0.0235714273793356,-0.0276190468243189,-0.0357142857142857
"2503ukbge.t1tax",4,"UK General Election","2503",TRUE,0.0579166645805042,TRUE,0.0966666638851165,-0.0579166645805042,0.0625
"2504ukbge.t1tax",4,"UK General Election","2504",FALSE,-0.126238097463335,FALSE,-0.193181818181818,0.126238097463335,-0.0399999916553495
"2505ukbge.t1tax",4,"UK General Election","2505",FALSE,-0.141666662274745,FALSE,-0.137051278199905,0.141666662274745,0.151666661103566
"2506ukbge.t1tax",4,"UK General Election","2506",TRUE,0.0268333375453951,FALSE,-0.0133333305517832,-0.0268333375453951,-0.0293055607212915
"2507ukbge.t1tax",4,"UK General Election","2507",TRUE,0.139999996870756,TRUE,0.156666662957933,-0.139999996870756,-0.118571426187243
"2508ukbge.t1tax",4,"UK General Election","2508",FALSE,-0.0922380931320644,TRUE,0.0266666635870934,0.0922380931320644,0.165555549992455
"2509ukbge.t1tax",4,"UK General Election","2509",FALSE,-0.249669119715691,FALSE,-0.215714290738106,0.249669119715691,0.275
"2510ukbge.t1tax",4,"UK General Election","2510",TRUE,0.108208334445953,TRUE,0.173909089240161,-0.108208334445953,0.0319999933242796
"2511ukbge.t1tax",4,"UK General Election","2511",TRUE,0.0672058804946787,TRUE,0.0777272698554125,-0.0672058804946787,-0.0416666666666666
"2512ukbge.t1tax",4,"UK General Election","2512",TRUE,0.00888888703452206,TRUE,0.0227272727272727,-0.00888888703452206,0.0128571476255146
"2513ukbge.t1tax",4,"UK General Election","2513",TRUE,0.131805549065272,TRUE,0.153146846727891,-0.131805549065272,-0.0819999933242797
"2514ukbge.t1tax",4,"UK General Election","2514",FALSE,-0.13879256702429,FALSE,-0.243015871161506,0.13879256702429,0.0659999966621398
"2515ukbge.t1tax",4,"UK General Election","2515",TRUE,0.13326923434551,TRUE,0.167500004172325,-0.13326923434551,-0.0660000026226044
"2501ukbge.t1wage",4,"UK General Election","2501",FALSE,-0.00609523696558811,FALSE,-0.0833333333333334,0.00609523696558811,-0.0444444463484818
"2502ukbge.t1wage",4,"UK General Election","2502",TRUE,0.158095236335482,TRUE,0.118571427251611,-0.158095236335482,-0.237142854503223
"2503ukbge.t1wage",4,"UK General Election","2503",FALSE,-0.104642856200891,FALSE,-0.150666662802299,0.104642856200891,7.45058070794613e-09
"2504ukbge.t1wage",4,"UK General Election","2504",TRUE,0.0886666675408682,TRUE,0.0299999984827908,-0.0886666675408682,-0.250000007450581
"2505ukbge.t1wage",4,"UK General Election","2505",TRUE,0.125526319557463,TRUE,0.155256414833741,-0.125526319557463,-0.0550000021855037
"2506ukbge.t1wage",4,"UK General Election","2506",TRUE,0.0993333299954732,TRUE,0.0833333333333334,-0.0993333299954732,-0.1099999944369
"2507ukbge.t1wage",4,"UK General Election","2507",TRUE,0.00250000115483995,TRUE,0.106805557178127,-0.00250000115483995,0.11857142831598
"2508ukbge.t1wage",4,"UK General Election","2508",FALSE,-0.0986190546126594,FALSE,-0.111666669448217,0.0986190546126594,0.0869444542460974
"2509ukbge.t1wage",4,"UK General Election","2509",TRUE,0.0569411720130957,TRUE,0.0251428578581129,-0.0569411720130957,-0.0659999921917913
"2510ukbge.t1wage",4,"UK General Election","2510",TRUE,0.0146249928822118,FALSE,-0.0381818226792597,-0.0146249928822118,-0.131999987363815
"2511ukbge.t1wage",4,"UK General Election","2511",TRUE,0.0616862757533204,FALSE,-0.0265656547112898,-0.0616862757533204,-0.166666666666667
"2512ukbge.t1wage",4,"UK General Election","2512",TRUE,0.000588239992366235,FALSE,-0.0257272698662496,-0.000588239992366235,-0.0490476262001767
"2513ukbge.t1wage",4,"UK General Election","2513",TRUE,0.0263071879257563,FALSE,-0.00429486989592887,-0.0263071879257563,-0.0979999899864193
"2514ukbge.t1wage",4,"UK General Election","2514",TRUE,0.0578070166166763,FALSE,-0.0370833335651292,-0.0578070166166763,-0.13299999833107
"2515ukbge.t1wage",4,"UK General Election","2515",FALSE,-0.0297802252756371,FALSE,-0.0531944524910716,0.0297802252756371,-0.0359999984502792
"2501ukbge.t1eu",4,"UK General Election","2501",TRUE,0.0124999980131784,FALSE,-0.0659999966621398,-0.0124999980131784,-0.0685714227812628
"2502ukbge.t1eu",4,"UK General Election","2502",FALSE,-0.116552632968677,FALSE,-0.116153846566494,0.116552632968677,0.109285717918759
"2503ukbge.t1eu",4,"UK General Election","2503",TRUE,0.0905769244791606,TRUE,0.115250004827976,-0.0905769244791606,3.72529052050652e-09
"2504ukbge.t1eu",4,"UK General Election","2504",FALSE,-0.239487184622349,FALSE,-0.199454550309615,0.239487184622349,0.362500006953875
"2505ukbge.t1eu",4,"UK General Election","2505",FALSE,-0.184179566270058,FALSE,-0.151258745601961,0.184179566270058,0.246666657427946
"2506ukbge.t1eu",4,"UK General Election","2506",TRUE,0.112000000476837,TRUE,0.111666669448217,-0.112000000476837,-0.112222221162584
"2507ukbge.t1eu",4,"UK General Election","2507",FALSE,-0.199333330988884,FALSE,-0.20750000141561,0.199333330988884,0.189999993358339
"2508ukbge.t1eu",4,"UK General Election","2508",FALSE,-0.188901097564907,FALSE,-0.248333329955737,0.188901097564907,0.173472221940756
"2509ukbge.t1eu",4,"UK General Election","2509",TRUE,0.201333325166328,TRUE,0.331714277608054,-0.201333325166328,-0.0989999920129774
"2510ukbge.t1eu",4,"UK General Election","2510",FALSE,-0.0404583302016058,FALSE,-0.0769999945705586,0.0404583302016058,-0.0299999982118606
"2511ukbge.t1eu",4,"UK General Election","2511",TRUE,0.0928205140890221,TRUE,0.0336507915977448,-0.0928205140890221,-0.196666672825814
"2512ukbge.t1eu",4,"UK General Election","2512",FALSE,-0.0670588165521621,FALSE,-0.0375454465096646,0.0670588165521621,0.0821428511823925
"2513ukbge.t1eu",4,"UK General Election","2513",TRUE,0.21000000461936,TRUE,0.235252525770303,-0.21000000461936,-0.168000012636185
"2514ukbge.t1eu",4,"UK General Election","2514",FALSE,-0.258699686580767,FALSE,-0.240476185840274,0.258699686580767,0.282999996840954
"2515ukbge.t1eu",4,"UK General Election","2515",FALSE,-0.0162878845903007,FALSE,-0.144523815030143,0.0162878845903007,-0.165999993681908
"2601aus.republican1",5,"Australia Republic Referendum","2601",FALSE,-0.111111111111111,FALSE,-0.0972222222222222,0.111111111111111,0.125
"2602aus.republican1",5,"Australia Republic Referendum","2602",FALSE,0,FALSE,-0.0185185185185188,0,-0.0333333333333334
"2603aus.republican1",5,"Australia Republic Referendum","2603",TRUE,0.141025641025641,TRUE,0.107142857142857,-0.141025641025641,-0.180555555555555
"2604aus.republican1",5,"Australia Republic Referendum","2604",TRUE,0.0222222222222221,TRUE,0.0208333333333333,-0.0222222222222221,-0.0238095238095237
"2605aus.republican1",5,"Australia Republic Referendum","2605",TRUE,0.25,TRUE,0.2,-0.25,-0.285714285714286
"2606aus.republican1",5,"Australia Republic Referendum","2606",FALSE,-0.105769230769231,FALSE,-0.075,0.105769230769231,0.208333333333333
"2607aus.republican1",5,"Australia Republic Referendum","2607",FALSE,-0.0833333333333334,TRUE,0.0462962962962964,0.0833333333333334,0.316666666666667
"2608aus.republican1",5,"Australia Republic Referendum","2608",FALSE,0,FALSE,-0.0277777777777777,0,-0.0416666666666667
"2609aus.republican1",5,"Australia Republic Referendum","2609",FALSE,-0.0833333333333333,FALSE,-0.0694444444444443,0.0833333333333333,0.0952380952380952
"2610aus.republican1",5,"Australia Republic Referendum","2610",FALSE,-0.00595238095238115,FALSE,-0.0208333333333335,0.00595238095238115,0
"2611aus.republican1",5,"Australia Republic Referendum","2611",TRUE,0.0378787878787876,TRUE,0.166666666666667,-0.0378787878787876,0.010416666666667
"2612aus.republican1",5,"Australia Republic Referendum","2612",TRUE,0.0902777777777777,TRUE,0.0833333333333331,-0.0902777777777777,-0.1
"2613aus.republican1",5,"Australia Republic Referendum","2613",FALSE,-0.109375,FALSE,-0.0520833333333334,0.109375,0.166666666666667
"2614aus.republican1",5,"Australia Republic Referendum","2614",FALSE,-0.0714285714285716,FALSE,-0.027777777777778,0.0714285714285716,0.15
"2615aus.republican1",5,"Australia Republic Referendum","2615",FALSE,-0.0288461538461539,TRUE,0.216666666666667,0.0288461538461539,0.182291666666667
"2616aus.republican1",5,"Australia Republic Referendum","2616",TRUE,0.166666666666667,TRUE,0.302083333333333,-0.166666666666667,-0.011904761904762
"2617aus.republican1",5,"Australia Republic Referendum","2617",FALSE,-0.013888888888889,FALSE,-0.0625,0.013888888888889,-0.0104166666666666
"2618aus.republican1",5,"Australia Republic Referendum","2618",TRUE,0.15,TRUE,0.183333333333334,-0.15,-0.116666666666667
"2619aus.republican1",5,"Australia Republic Referendum","2619",TRUE,0.0833333333333334,FALSE,-0.0833333333333333,-0.0833333333333334,-0.15
"2620aus.republican1",5,"Australia Republic Referendum","2620",TRUE,0.0611111111111112,TRUE,0.108333333333333,-0.0611111111111112,0.0333333333333331
"2621aus.republican1",5,"Australia Republic Referendum","2621",TRUE,0.147435897435897,TRUE,0.12962962962963,-0.147435897435897,-0.1875
"2622aus.republican1",5,"Australia Republic Referendum","2622",FALSE,-0.147435897435898,FALSE,-0.208333333333333,0.147435897435898,0.120370370370371
"2623aus.republican1",5,"Australia Republic Referendum","2623",FALSE,-0.121794871794872,FALSE,-0.0833333333333334,0.121794871794872,0.154761904761905
"2624aus.republican1",5,"Australia Republic Referendum","2624",TRUE,0.0576923076923076,FALSE,-0.00925925925925919,-0.0576923076923076,-0.208333333333333
"2601aus.popparl1",5,"Australia Republic Referendum","2601",FALSE,-0.354166666666667,FALSE,-0.145833333333333,0.354166666666667,0.541666666666667
"2602aus.popparl1",5,"Australia Republic Referendum","2602",FALSE,-0.485714285714286,FALSE,-0.55,0.485714285714286,0.45
"2603aus.popparl1",5,"Australia Republic Referendum","2603",TRUE,0.236263736263736,TRUE,0.142857142857143,-0.236263736263736,-0.270833333333333
"2604aus.popparl1",5,"Australia Republic Referendum","2604",TRUE,0.28030303030303,FALSE,0,-0.28030303030303,-0.428571428571429
"2605aus.popparl1",5,"Australia Republic Referendum","2605",TRUE,0.441666666666667,TRUE,0.7,-0.441666666666667,-0.261904761904762
"2606aus.popparl1",5,"Australia Republic Referendum","2606",FALSE,-0.163461538461538,FALSE,-0.191666666666667,0.163461538461538,0.0833333333333334
"2607aus.popparl1",5,"Australia Republic Referendum","2607",TRUE,0.255952380952381,TRUE,0.293650793650794,-0.255952380952381,-0.2
"2608aus.popparl1",5,"Australia Republic Referendum","2608",FALSE,-0.25,FALSE,-0.0833333333333333,0.25,0.5
"2609aus.popparl1",5,"Australia Republic Referendum","2609",TRUE,0.358974358974359,TRUE,0.458333333333333,-0.358974358974359,-0.279761904761905
"2610aus.popparl1",5,"Australia Republic Referendum","2610",FALSE,-0.0446428571428572,TRUE,0.208333333333333,0.0446428571428572,0.136111111111111
"2611aus.popparl1",5,"Australia Republic Referendum","2611",FALSE,-0.443181818181818,FALSE,-0.25,0.443181818181818,0.486607142857143
"2612aus.popparl1",5,"Australia Republic Referendum","2612",FALSE,-0.284722222222222,FALSE,-0.142857142857143,0.284722222222222,0.4625
"2613aus.popparl1",5,"Australia Republic Referendum","2613",FALSE,-0.301136363636364,FALSE,-0.25,0.301136363636364,0.35
"2614aus.popparl1",5,"Australia Republic Referendum","2614",TRUE,0.339285714285714,TRUE,0.423611111111111,-0.339285714285714,-0.25
"2615aus.popparl1",5,"Australia Republic Referendum","2615",FALSE,-0.251602564102564,FALSE,-0.0499999999999999,0.251602564102564,0.383928571428571
"2616aus.popparl1",5,"Australia Republic Referendum","2616",TRUE,0.516666666666667,TRUE,0.491071428571429,-0.516666666666667,-0.535714285714286
"2617aus.popparl1",5,"Australia Republic Referendum","2617",FALSE,-0.270833333333333,FALSE,-0.3125,0.270833333333333,0.25
"2618aus.popparl1",5,"Australia Republic Referendum","2618",FALSE,0,FALSE,0,0,0
"2619aus.popparl1",5,"Australia Republic Referendum","2619",FALSE,-0.23489010989011,FALSE,-0.104166666666667,0.23489010989011,0.275
"2620aus.popparl1",5,"Australia Republic Referendum","2620",TRUE,0.1,TRUE,0.107142857142857,-0.1,0
"2621aus.popparl1",5,"Australia Republic Referendum","2621",TRUE,0.477272727272727,TRUE,0.492063492063492,-0.477272727272727,-0.4375
"2622aus.popparl1",5,"Australia Republic Referendum","2622",TRUE,0.217948717948718,TRUE,0.4375,-0.217948717948718,-0.118055555555556
"2623aus.popparl1",5,"Australia Republic Referendum","2623",FALSE,-0.495192307692308,FALSE,-0.333333333333333,0.495192307692308,0.648809523809524
"2624aus.popparl1",5,"Australia Republic Referendum","2624",TRUE,0.217948717948718,TRUE,0.28125,-0.217948717948718,-0.0625
"29101cpl.t1res",8,"Central Power & Light","29101",TRUE,0.0961538461538461,TRUE,0.16,-0.0961538461538461,0.116666666666667
"29102cpl.t1res",8,"Central Power & Light","29102",FALSE,-0.0458333333333333,FALSE,-0.025,0.0458333333333333,0.0875
"29103cpl.t1res",8,"Central Power & Light","29103",FALSE,-0.171969696969697,FALSE,-0.125,0.171969696969697,0.199107142857143
"29104cpl.t1res",8,"Central Power & Light","29104",TRUE,0.1,TRUE,0.141666666666667,-0.1,-0.05
"29105cpl.t1res",8,"Central Power & Light","29105",TRUE,0.165,TRUE,0.05,-0.165,-0.214285714285714
"29106cpl.t1res",8,"Central Power & Light","29106",FALSE,-0.0333333333333333,FALSE,-0.18,0.0333333333333333,-0.0714285714285714
"29107cpl.t1res",8,"Central Power & Light","29107",FALSE,-0.0727272727272728,FALSE,-0.0625,0.0727272727272728,0.0785714285714286
"29108cpl.t1res",8,"Central Power & Light","29108",TRUE,0.103333333333333,TRUE,0.0388888888888889,-0.103333333333333,-0.2
"29109cpl.t1res",8,"Central Power & Light","29109",FALSE,-0.0409090909090909,FALSE,-0.1,0.0409090909090909,0.00714285714285712
"29110cpl.t1res",8,"Central Power & Light","29110",TRUE,0.0333333333333333,TRUE,0.03,-0.0333333333333333,-0.0357142857142857
"29111cpl.t1res",8,"Central Power & Light","29111",FALSE,-0.1125,FALSE,-0.183333333333333,0.1125,0.0416666666666667
"29112cpl.t1res",8,"Central Power & Light","29112",TRUE,0.264285714285714,TRUE,0.3,-0.264285714285714,-0.2375
"29113cpl.t1res",8,"Central Power & Light","29113",FALSE,-0.167857142857143,FALSE,-0.14375,0.167857142857143,0.2
"29114cpl.t1res",8,"Central Power & Light","29114",FALSE,-0.0538461538461538,FALSE,-0.0428571428571428,0.0538461538461538,0.0666666666666667
"29115cpl.t1res",8,"Central Power & Light","29115",TRUE,0.049047619047619,TRUE,0.05,-0.049047619047619,-0.0388888888888889
"29116cpl.t1res",8,"Central Power & Light","29116",TRUE,0.181818181818182,TRUE,0.275,-0.181818181818182,-0.128571428571429
"29101cpl.t1cons",8,"Central Power & Light","29101",TRUE,0.0617408906882592,TRUE,0.053421052631579,-0.0617408906882592,-0.0894736842105264
"29102cpl.t1cons",8,"Central Power & Light","29102",TRUE,0.00229266347687407,FALSE,-0.0153195488721803,-0.00229266347687407,-0.0414473684210526
"29103cpl.t1cons",8,"Central Power & Light","29103",FALSE,-0.100657894736842,TRUE,0.082236842105263,0.100657894736842,0.192105263157895
"29104cpl.t1cons",8,"Central Power & Light","29104",TRUE,0.0626794258373206,TRUE,0.198245614035088,-0.0626794258373206,0.1
"29105cpl.t1cons",8,"Central Power & Light","29105",TRUE,0.122368421052632,TRUE,0.228070175438596,-0.122368421052632,-0.0770676691729324
"29106cpl.t1cons",8,"Central Power & Light","29106",TRUE,0.0221491228070176,FALSE,-0.0236842105263156,-0.0221491228070176,-0.0548872180451129
"29107cpl.t1cons",8,"Central Power & Light","29107",TRUE,0.0320574162679427,TRUE,0.151315789473684,-0.0320574162679427,0.0360902255639095
"29108cpl.t1cons",8,"Central Power & Light","29108",TRUE,0.0128070175438596,TRUE,0.0549707602339181,-0.0128070175438596,0.0504385964912282
"29109cpl.t1cons",8,"Central Power & Light","29109",FALSE,-0.0629186602870813,FALSE,-0.0203947368421054,0.0629186602870813,0.0872180451127819
"29110cpl.t1cons",8,"Central Power & Light","29110",TRUE,0.0214912280701754,TRUE,0.0931578947368422,-0.0214912280701754,0.0296992481203009
"29111cpl.t1cons",8,"Central Power & Light","29111",FALSE,-0.133552631578947,FALSE,-0.0543859649122809,0.133552631578947,0.212719298245614
"29112cpl.t1cons",8,"Central Power & Light","29112",TRUE,0.0407894736842105,TRUE,0.101754385964912,-0.0407894736842105,0.00493421052631582
"29113cpl.t1cons",8,"Central Power & Light","29113",TRUE,0.0157027183342973,TRUE,0.0761278195488722,-0.0157027183342973,0.0618421052631578
"29114cpl.t1cons",8,"Central Power & Light","29114",TRUE,0.0141700404858299,TRUE,0.0725563909774436,-0.0141700404858299,0.0539473684210526
"29115cpl.t1cons",8,"Central Power & Light","29115",FALSE,-0.0589473684210526,FALSE,-0.0328947368421053,0.0589473684210526,0.0763157894736842
"29116cpl.t1cons",8,"Central Power & Light","29116",TRUE,0.050956937799043,TRUE,0.138157894736842,-0.050956937799043,-0.0011278195488722
"29101cpl.t1poor",8,"Central Power & Light","29101",FALSE,-0.130769230769231,FALSE,-0.1075,0.130769230769231,0.208333333333333
"29102cpl.t1poor",8,"Central Power & Light","29102",FALSE,-0.137689393939394,FALSE,-0.151339285714286,0.137689393939394,0.10625
"29103cpl.t1poor",8,"Central Power & Light","29103",FALSE,-0.0958333333333333,TRUE,0.025,0.0958333333333333,0.15625
"29104cpl.t1poor",8,"Central Power & Light","29104",TRUE,0.0431818181818181,FALSE,-0.0541666666666667,-0.0431818181818181,-0.16
"29105cpl.t1poor",8,"Central Power & Light","29105",FALSE,-0.02,TRUE,0.0499999999999999,0.02,0.05
"29106cpl.t1poor",8,"Central Power & Light","29106",TRUE,0.0375000000000001,FALSE,-0.04,-0.0375000000000001,-0.0928571428571429
"29107cpl.t1poor",8,"Central Power & Light","29107",FALSE,-0.0454545454545454,TRUE,0.15,0.0454545454545454,0.157142857142857
"29108cpl.t1poor",8,"Central Power & Light","29108",FALSE,-0.0633333333333334,FALSE,-0.0777777777777777,0.0633333333333334,0.0416666666666667
"29109cpl.t1poor",8,"Central Power & Light","29109",TRUE,0.0159090909090909,FALSE,-0.0375,-0.0159090909090909,-0.0464285714285715
"29110cpl.t1poor",8,"Central Power & Light","29110",FALSE,-0.0166666666666666,TRUE,0.16,0.0166666666666666,0.142857142857143
"29111cpl.t1poor",8,"Central Power & Light","29111",TRUE,0.122916666666667,TRUE,0.170833333333333,-0.122916666666667,-0.075
"29112cpl.t1poor",8,"Central Power & Light","29112",FALSE,-0.0571428571428572,FALSE,-0.0208333333333334,0.0571428571428572,0.084375
"29113cpl.t1poor",8,"Central Power & Light","29113",TRUE,0.0230769230769231,TRUE,0.0419642857142857,-0.0230769230769231,0.0441666666666666
"29114cpl.t1poor",8,"Central Power & Light","29114",TRUE,0.0576923076923077,TRUE,0.117857142857143,-0.0576923076923077,0.0125
"29115cpl.t1poor",8,"Central Power & Light","29115",FALSE,-0.0483333333333333,TRUE,0.05,0.0483333333333333,0.113888888888889
"29116cpl.t1poor",8,"Central Power & Light","29116",FALSE,-0.0454545454545454,FALSE,-0.0875,0.0454545454545454,0.0214285714285715
"29101cpl.t1renew",8,"Central Power & Light","29101",FALSE,-0.123076923076923,FALSE,-0.135,0.123076923076923,0.0833333333333334
"29102cpl.t1renew",8,"Central Power & Light","29102",TRUE,0.0761363636363636,TRUE,0.132142857142857,-0.0761363636363636,0
"29103cpl.t1renew",8,"Central Power & Light","29103",TRUE,0.0125,TRUE,0.0375,-0.0125,0
"29104cpl.t1renew",8,"Central Power & Light","29104",FALSE,0,TRUE,0.075,0,0.09
"29105cpl.t1renew",8,"Central Power & Light","29105",TRUE,0.05,TRUE,0.15,-0.05,-0.00714285714285712
"29106cpl.t1renew",8,"Central Power & Light","29106",TRUE,0.125,TRUE,0.23,-0.125,-0.0499999999999999
"29107cpl.t1renew",8,"Central Power & Light","29107",TRUE,0.0363636363636364,TRUE,0.0625,-0.0363636363636364,-0.0214285714285715
"29108cpl.t1renew",8,"Central Power & Light","29108",TRUE,0.0266666666666666,TRUE,0.0499999999999999,-0.0266666666666666,0.0083333333333333
"29109cpl.t1renew",8,"Central Power & Light","29109",FALSE,-0.0181818181818182,TRUE,0.0875,0.0181818181818182,0.0785714285714286
"29110cpl.t1renew",8,"Central Power & Light","29110",TRUE,0.0166666666666667,TRUE,0.18,-0.0166666666666667,0.1
"29111cpl.t1renew",8,"Central Power & Light","29111",TRUE,0.00833333333333341,FALSE,0,-0.00833333333333341,-0.0166666666666666
"29112cpl.t1renew",8,"Central Power & Light","29112",TRUE,0.0392857142857143,TRUE,0.108333333333333,-0.0392857142857143,0.0125
"29113cpl.t1renew",8,"Central Power & Light","29113",TRUE,0.075,TRUE,0.05,-0.075,-0.108333333333333
"29114cpl.t1renew",8,"Central Power & Light","29114",TRUE,0.0269230769230769,TRUE,0.128571428571429,-0.0269230769230769,0.0916666666666667
"29115cpl.t1renew",8,"Central Power & Light","29115",TRUE,0.0399999999999999,TRUE,0.0083333333333333,-0.0399999999999999,-0.0611111111111111
"29116cpl.t1renew",8,"Central Power & Light","29116",FALSE,-0.0681818181818181,FALSE,-0.025,0.0681818181818181,0.0928571428571429
"29101cpl.t1fossil",8,"Central Power & Light","29101",TRUE,0.128703703703704,TRUE,0.185185185185185,-0.128703703703704,0.0407407407407406
"29102cpl.t1fossil",8,"Central Power & Light","29102",FALSE,-0.157777777777778,FALSE,-0.00555555555555565,0.157777777777778,0.413888888888889
"29103cpl.t1fossil",8,"Central Power & Light","29103",FALSE,-0.148148148148148,FALSE,-0.263888888888889,0.148148148148148,0.0902777777777779
"29104cpl.t1fossil",8,"Central Power & Light","29104",FALSE,-0.078787878787879,FALSE,-0.10925925925926,0.078787878787879,0.0422222222222222
"29105cpl.t1fossil",8,"Central Power & Light","29105",FALSE,-0.0355555555555556,FALSE,-0.159259259259259,0.0355555555555556,-0.0174603174603175
"29106cpl.t1fossil",8,"Central Power & Light","29106",TRUE,0.24040404040404,TRUE,0.317777777777778,-0.24040404040404,-0.175925925925926
"29107cpl.t1fossil",8,"Central Power & Light","29107",TRUE,0.0181818181818183,TRUE,0.0500000000000003,-0.0181818181818183,0
"29108cpl.t1fossil",8,"Central Power & Light","29108",TRUE,0.0162962962962963,TRUE,0.04320987654321,-0.0162962962962963,0.0240740740740742
"29109cpl.t1fossil",8,"Central Power & Light","29109",FALSE,-0.18989898989899,FALSE,-0.0277777777777777,0.18989898989899,0.282539682539683
"29110cpl.t1fossil",8,"Central Power & Light","29110",FALSE,-0.116666666666667,TRUE,0.0711111111111112,0.116666666666667,0.250793650793651
"29111cpl.t1fossil",8,"Central Power & Light","29111",TRUE,0.00370370370370365,TRUE,0.138888888888889,-0.00370370370370365,0.131481481481482
"29112cpl.t1fossil",8,"Central Power & Light","29112",FALSE,-0.132539682539683,TRUE,0.00370370370370376,0.132539682539683,0.234722222222222
"29113cpl.t1fossil",8,"Central Power & Light","29113",FALSE,-0.0537606837606838,FALSE,-0.0809523809523808,0.0537606837606838,0.0231481481481484
"29114cpl.t1fossil",8,"Central Power & Light","29114",FALSE,-0.140683760683761,FALSE,-0.0777777777777776,0.140683760683761,0.200740740740741
"29115cpl.t1fossil",8,"Central Power & Light","29115",TRUE,0.0925925925925926,TRUE,0.275925925925926,-0.0925925925925926,0.0296296296296296
"29116cpl.t1fossil",8,"Central Power & Light","29116",TRUE,0.00303030303030294,TRUE,0.211111111111111,-0.00303030303030294,0.0992063492063491
"29101cpl.t1buypwr",8,"Central Power & Light","29101",TRUE,0.000769230769230744,FALSE,-0.0385714285714286,-0.000769230769230744,-0.133333333333333
"29102cpl.t1buypwr",8,"Central Power & Light","29102",FALSE,-0.00530303030303025,FALSE,-0.0535714285714286,0.00530303030303025,-0.1
"29103cpl.t1buypwr",8,"Central Power & Light","29103",FALSE,-0.046969696969697,TRUE,0.05,0.046969696969697,0.103571428571429
"29104cpl.t1buypwr",8,"Central Power & Light","29104",TRUE,0.0254545454545455,TRUE,0.183333333333333,-0.0254545454545455,0.14
"29105cpl.t1buypwr",8,"Central Power & Light","29105",TRUE,0.18,TRUE,0.5,-0.18,-0.0428571428571429
"29106cpl.t1buypwr",8,"Central Power & Light","29106",TRUE,0.290909090909091,TRUE,0.4,-0.290909090909091,-0.2
"29107cpl.t1buypwr",8,"Central Power & Light","29107",FALSE,-0.0181818181818182,TRUE,0.175,0.0181818181818182,0.128571428571429
"29108cpl.t1buypwr",8,"Central Power & Light","29108",FALSE,-0.213333333333333,FALSE,-0.0888888888888889,0.213333333333333,0.4
"29109cpl.t1buypwr",8,"Central Power & Light","29109",FALSE,-0.2,FALSE,-0.15,0.2,0.228571428571429
"29110cpl.t1buypwr",8,"Central Power & Light","29110",FALSE,-0.0356060606060606,TRUE,0.055,0.0356060606060606,0.1
"29111cpl.t1buypwr",8,"Central Power & Light","29111",TRUE,0.0166666666666667,TRUE,0.0166666666666666,-0.0166666666666667,-0.0166666666666667
"29112cpl.t1buypwr",8,"Central Power & Light","29112",FALSE,-0.00714285714285712,FALSE,-0.0166666666666666,0.00714285714285712,0
"29113cpl.t1buypwr",8,"Central Power & Light","29113",FALSE,-0.166923076923077,FALSE,-0.292857142857143,0.166923076923077,0.0333333333333334
"29114cpl.t1buypwr",8,"Central Power & Light","29114",FALSE,-0.130769230769231,TRUE,0.0571428571428571,0.130769230769231,0.35
"29115cpl.t1buypwr",8,"Central Power & Light","29115",TRUE,0.147692307692308,TRUE,0.246666666666667,-0.147692307692308,-0.0888888888888889
"29116cpl.t1buypwr",8,"Central Power & Light","29116",FALSE,-0.0481818181818182,TRUE,0.108333333333333,0.0481818181818182,0.128571428571429
"5301bulgaria.bulgaria.t1tghpc",10,"Bulgarian National","5301",FALSE,-0.0048253680853283,FALSE,-0.0138888955116273,0.0048253680853283,0.0119047611951828
"5302bulgaria.bulgaria.t1tghpc",10,"Bulgarian National","5302",FALSE,-0.11328125,FALSE,-0.03125,0.11328125,0.1625
"5303bulgaria.bulgaria.t1tghpc",10,"Bulgarian National","5303",FALSE,-0.0441433566433567,TRUE,0.286458333333333,0.0441433566433567,0.180555555555556
"5304bulgaria.bulgaria.t1tghpc",10,"Bulgarian National","5304",TRUE,0.115972220897675,TRUE,0.096230162041528,-0.115972220897675,-0.13020832836628
"5305bulgaria.bulgaria.t1tghpc",10,"Bulgarian National","5305",FALSE,-0.0208333345750967,TRUE,0.00972221891085301,0.0208333345750967,0.0375000000000001
"5306bulgaria.bulgaria.t1tghpc",10,"Bulgarian National","5306",FALSE,-0.245098040384405,FALSE,-0.15,0.245098040384405,0.284722223877907
"5307bulgaria.bulgaria.t1tghpc",10,"Bulgarian National","5307",FALSE,-0.211111110448837,FALSE,-0.03125,0.211111110448837,0.238782050517889
"5308bulgaria.bulgaria.t1tghpc",10,"Bulgarian National","5308",FALSE,-0.041666667251026,FALSE,-0.015625,0.041666667251026,0.0496794879436493
"5309bulgaria.bulgaria.t1tghpc",10,"Bulgarian National","5309",TRUE,0.171568632125855,TRUE,0.220833337306976,-0.171568632125855,-0.15104167163372
"5310bulgaria.bulgaria.t1tghpc",10,"Bulgarian National","5310",TRUE,0.12109375,TRUE,0.0666666746139528,-0.12109375,-0.145833329720931
"5311bulgaria.bulgaria.t1tghpc",10,"Bulgarian National","5311",TRUE,0.269607841091998,TRUE,0.201388895511627,-0.269607841091998,-0.284226186573505
"5312bulgaria.bulgaria.t1tghpc",10,"Bulgarian National","5312",FALSE,-0.227777779102325,FALSE,-0.166666666666667,0.227777779102325,0.24305555721124
"5313bulgaria.bulgaria.t1tghpc",10,"Bulgarian National","5313",TRUE,0.248842593696382,TRUE,0.275,-0.248842593696382,-0.238782052810375
"5314bulgaria.bulgaria.t1tghpc",10,"Bulgarian National","5314",TRUE,0.0876736124356589,TRUE,0.0833333333333334,-0.0876736124356589,-0.089743591271914
"5315bulgaria.bulgaria.t1tghpc",10,"Bulgarian National","5315",TRUE,0.0833333373069763,TRUE,0.067708343267441,-0.0833333373069763,-0.0890151533213529
"5316bulgaria.bulgaria.t1tghpc",10,"Bulgarian National","5316",TRUE,0.0490196101805744,TRUE,0.113425930341085,-0.0490196101805744,0.0234375
"5317bulgaria.bulgaria.t1tghpc",10,"Bulgarian National","5317",FALSE,-0.209635416045785,FALSE,-0.315972223877907,0.209635416045785,0.145833331346512
"5301bulgaria.bulgaria.t1clibe",10,"Bulgarian National","5301",TRUE,0.0430147042224074,TRUE,0.216666683554649,-0.0430147042224074,-0.00652471944116628
"5302bulgaria.bulgaria.t1clibe",10,"Bulgarian National","5302",TRUE,0.0234375060535966,TRUE,0.0541666659216085,-0.0234375060535966,-0.00500001013278961
"5303bulgaria.bulgaria.t1clibe",10,"Bulgarian National","5303",TRUE,0.0301282013264986,TRUE,0.118749991059303,-0.0301282013264986,0.00925926077697009
"5304bulgaria.bulgaria.t1clibe",10,"Bulgarian National","5304",FALSE,-0.0689483998254652,FALSE,-0.0178571290203504,0.0689483998254652,0.115401773580483
"5305bulgaria.bulgaria.t1clibe",10,"Bulgarian National","5305",FALSE,-0.120312496554107,FALSE,-0.116666672130426,0.120312496554107,0.122499991208315
"5306bulgaria.bulgaria.t1clibe",10,"Bulgarian National","5306",TRUE,0.0698529451208955,TRUE,0.0275000035762784,-0.0698529451208955,-0.0875000040978193
"5307bulgaria.bulgaria.t1clibe",10,"Bulgarian National","5307",FALSE,-0.121944440652927,FALSE,-0.15625,0.121944440652927,0.116666662291839
"5308bulgaria.bulgaria.t1clibe",10,"Bulgarian National","5308",FALSE,-0.0732843183419284,FALSE,-0.0416666865348817,0.0732843183419284,0.0830128204364043
"5309bulgaria.bulgaria.t1clibe",10,"Bulgarian National","5309",FALSE,-0.0955882344175787,TRUE,0.0299999952316284,0.0955882344175787,0.147916663438082
"5310bulgaria.bulgaria.t1clibe",10,"Bulgarian National","5310",FALSE,-0.191666665611168,FALSE,-0.140624990314245,0.191666665611168,0.210606063292785
"5311bulgaria.bulgaria.t1clibe",10,"Bulgarian National","5311",TRUE,0.069852939204258,FALSE,-0.195833320418994,-0.069852939204258,-0.126785709123526
"5312bulgaria.bulgaria.t1clibe",10,"Bulgarian National","5312",TRUE,0.0625000019868215,TRUE,0.199999998013179,-0.0625000019868215,-0.0281250029802322
"5313bulgaria.bulgaria.t1clibe",10,"Bulgarian National","5313",FALSE,-0.0583333329608042,TRUE,0.224999988079071,0.0583333329608042,0.16730768720691
"5314bulgaria.bulgaria.t1clibe",10,"Bulgarian National","5314",TRUE,0.0124999994877726,TRUE,0.183333337306976,-0.0124999994877726,0.0269230784705052
"5315bulgaria.bulgaria.t1clibe",10,"Bulgarian National","5315",FALSE,-0.00277777612209307,TRUE,0.181249994784594,0.00277777612209307,0.0696969655427064
"5316bulgaria.bulgaria.t1clibe",10,"Bulgarian National","5316",FALSE,-0.0965686276116794,FALSE,-0.0671296351485784,0.0965686276116794,0.129687494132668
"5317bulgaria.bulgaria.t1clibe",10,"Bulgarian National","5317",TRUE,0.0343750016763805,TRUE,0.0249999985098838,-0.0343750016763805,-0.0400000035762786
"5301bulgaria.bulgaria.t1q8_7",10,"Bulgarian National","5301",TRUE,0.0906593406593407,TRUE,0.25,-0.0906593406593407,-0.0454545454545454
"5302bulgaria.bulgaria.t1q8_7",10,"Bulgarian National","5302",TRUE,0.148717948717949,TRUE,0.05,-0.148717948717949,-0.175
"5303bulgaria.bulgaria.t1q8_7",10,"Bulgarian National","5303",FALSE,-0.0708333333333334,TRUE,0.0833333333333334,0.0708333333333334,0.123015873015873
"5304bulgaria.bulgaria.t1q8_7",10,"Bulgarian National","5304",TRUE,0.175641025641026,TRUE,0.0416666666666666,-0.175641025641026,-0.290178571428571
"5305bulgaria.bulgaria.t1q8_7",10,"Bulgarian National","5305",TRUE,0.0238095238095237,TRUE,0.166666666666667,-0.0238095238095237,0.0659722222222222
"5306bulgaria.bulgaria.t1q8_7",10,"Bulgarian National","5306",FALSE,-0.143382352941177,TRUE,0.1625,0.143382352941177,0.25
"5307bulgaria.bulgaria.t1q8_7",10,"Bulgarian National","5307",TRUE,0.125,TRUE,0.125,-0.125,-0.125
"5308bulgaria.bulgaria.t1q8_7",10,"Bulgarian National","5308",FALSE,-0.0424107142857143,FALSE,-0.166666666666667,0.0424107142857143,0.00349650349650343
"5309bulgaria.bulgaria.t1q8_7",10,"Bulgarian National","5309",FALSE,-0.142463235294118,TRUE,0.1,0.142463235294118,0.229166666666667
"5310bulgaria.bulgaria.t1q8_7",10,"Bulgarian National","5310",FALSE,-0.0961538461538461,TRUE,0.233333333333333,0.0961538461538461,0.225
"5311bulgaria.bulgaria.t1q8_7",10,"Bulgarian National","5311",FALSE,-0.119607843137255,TRUE,0.0833333333333334,0.119607843137255,0.162087912087912
"5312bulgaria.bulgaria.t1q8_7",10,"Bulgarian National","5312",TRUE,0.0404761904761904,TRUE,0.125,-0.0404761904761904,0
"5313bulgaria.bulgaria.t1q8_7",10,"Bulgarian National","5313",FALSE,-0.073529411764706,TRUE,0.2375,0.073529411764706,0.193910256410256
"5314bulgaria.bulgaria.t1q8_7",10,"Bulgarian National","5314",FALSE,0,NA,NA,NA,NA
"5315bulgaria.bulgaria.t1q8_7",10,"Bulgarian National","5315",TRUE,0.0393939393939394,TRUE,0.1875,-0.0393939393939394,0
"5316bulgaria.bulgaria.t1q8_7",10,"Bulgarian National","5316",TRUE,0.0989583333333334,TRUE,0.305555555555556,-0.0989583333333334,0.196428571428571
"5317bulgaria.bulgaria.t1q8_7",10,"Bulgarian National","5317",FALSE,-0.230952380952381,FALSE,-0.15,0.230952380952381,0.272222222222222
"5301bulgaria.bulgaria.t1q8_1",10,"Bulgarian National","5301",FALSE,-0.0529411764705882,FALSE,0,0.0529411764705882,0.0673076923076923
"5302bulgaria.bulgaria.t1q8_1",10,"Bulgarian National","5302",FALSE,-0.09375,FALSE,-0.166666666666667,0.09375,0.0499999999999999
"5303bulgaria.bulgaria.t1q8_1",10,"Bulgarian National","5303",FALSE,-0.00961538461538458,TRUE,0.0208333333333334,0.00961538461538458,0.0277777777777778
"5304bulgaria.bulgaria.t1q8_1",10,"Bulgarian National","5304",FALSE,-0.0273809523809524,TRUE,0.0714285714285714,0.0273809523809524,0.116071428571429
"5305bulgaria.bulgaria.t1q8_1",10,"Bulgarian National","5305",FALSE,-0.0397435897435898,FALSE,0,0.0397435897435898,0.0750000000000001
"5306bulgaria.bulgaria.t1q8_1",10,"Bulgarian National","5306",FALSE,0,FALSE,0,0,0
"5307bulgaria.bulgaria.t1q8_1",10,"Bulgarian National","5307",FALSE,0,FALSE,0,0,0
"5308bulgaria.bulgaria.t1q8_1",10,"Bulgarian National","5308",TRUE,0.0147058823529411,TRUE,0.25,-0.0147058823529411,0.0576923076923076
"5309bulgaria.bulgaria.t1q8_1",10,"Bulgarian National","5309",TRUE,0.0395220588235294,TRUE,0.0875,-0.0395220588235294,-0.0208333333333333
"5310bulgaria.bulgaria.t1q8_1",10,"Bulgarian National","5310",FALSE,-0.0385416666666667,FALSE,-0.1,0.0385416666666667,0.0227272727272728
"5311bulgaria.bulgaria.t1q8_1",10,"Bulgarian National","5311",FALSE,-0.0873161764705882,TRUE,0.0833333333333334,0.0873161764705882,0.125
"5312bulgaria.bulgaria.t1q8_1",10,"Bulgarian National","5312",FALSE,-0.0666666666666667,FALSE,-0.166666666666667,0.0666666666666667,0.0416666666666666
"5313bulgaria.bulgaria.t1q8_1",10,"Bulgarian National","5313",FALSE,-0.0138888888888888,TRUE,0.15,0.0138888888888888,0.076923076923077
"5314bulgaria.bulgaria.t1q8_1",10,"Bulgarian National","5314",FALSE,0,TRUE,0.0833333333333334,0,0.0192307692307693
"5315bulgaria.bulgaria.t1q8_1",10,"Bulgarian National","5315",FALSE,-0.00238095238095237,TRUE,0.0625,0.00238095238095237,0.0272727272727273
"5316bulgaria.bulgaria.t1q8_1",10,"Bulgarian National","5316",TRUE,0.0239583333333333,TRUE,0.15625,-0.0239583333333333,0.116071428571429
"5317bulgaria.bulgaria.t1q8_1",10,"Bulgarian National","5317",FALSE,-0.046875,FALSE,0,0.046875,0.075
"5301bulgaria.bulgaria.t1q8_8",10,"Bulgarian National","5301",FALSE,-0.0072916666666667,TRUE,0.166666666666667,0.0072916666666667,0.0357142857142857
"5302bulgaria.bulgaria.t1q8_8",10,"Bulgarian National","5302",TRUE,0.0384615384615384,FALSE,-0.104166666666667,-0.0384615384615384,-0.105555555555556
"5303bulgaria.bulgaria.t1q8_8",10,"Bulgarian National","5303",TRUE,0.05,TRUE,0.125,-0.05,0.00595238095238093
"5304bulgaria.bulgaria.t1q8_8",10,"Bulgarian National","5304",TRUE,0.0422077922077922,TRUE,0.383333333333333,-0.0422077922077922,0.229166666666667
"5305bulgaria.bulgaria.t1q8_8",10,"Bulgarian National","5305",FALSE,-0.116666666666667,FALSE,-0.25,0.116666666666667,0.138888888888889
"5306bulgaria.bulgaria.t1q8_8",10,"Bulgarian National","5306",TRUE,0.120833333333333,TRUE,0.125,-0.120833333333333,-0.113636363636364
"5307bulgaria.bulgaria.t1q8_8",10,"Bulgarian National","5307",FALSE,-0.0178571428571429,FALSE,0,0.0178571428571429,0.0208333333333333
"5308bulgaria.bulgaria.t1q8_8",10,"Bulgarian National","5308",TRUE,0.0476190476190477,TRUE,0.25,-0.0476190476190477,0.00757575757575757
"5309bulgaria.bulgaria.t1q8_8",10,"Bulgarian National","5309",TRUE,0.0142857142857143,TRUE,0.225,-0.0142857142857143,0.0883838383838385
"5310bulgaria.bulgaria.t1q8_8",10,"Bulgarian National","5310",FALSE,-0.151098901098901,FALSE,-0.0208333333333334,0.151098901098901,0.2
"5311bulgaria.bulgaria.t1q8_8",10,"Bulgarian National","5311",TRUE,0.0385416666666667,FALSE,-0.125,-0.0385416666666667,-0.0576923076923077
"5312bulgaria.bulgaria.t1q8_8",10,"Bulgarian National","5312",TRUE,0.214285714285714,TRUE,0.5,-0.214285714285714,-0.15530303030303
"5313bulgaria.bulgaria.t1q8_8",10,"Bulgarian National","5313",FALSE,-0.015625,FALSE,-0.0375,0.015625,-0.00757575757575757
"5314bulgaria.bulgaria.t1q8_8",10,"Bulgarian National","5314",FALSE,-0.11025641025641,FALSE,-0.166666666666667,0.11025641025641,0.0833333333333334
"5315bulgaria.bulgaria.t1q8_8",10,"Bulgarian National","5315",TRUE,0.0499999999999999,TRUE,0.1875,-0.0499999999999999,0
"5316bulgaria.bulgaria.t1q8_8",10,"Bulgarian National","5316",FALSE,-0.0180288461538461,TRUE,0.15625,0.0180288461538461,0.26875
"5317bulgaria.bulgaria.t1q8_8",10,"Bulgarian National","5317",FALSE,-0.109375,FALSE,0,0.109375,0.175
"5301bulgaria.bulgaria.t1q8_11",10,"Bulgarian National","5301",TRUE,0.278846153846154,TRUE,0.5,-0.278846153846154,-0.232517482517482
"5302bulgaria.bulgaria.t1q8_11",10,"Bulgarian National","5302",TRUE,0.0384615384615384,FALSE,-0.0333333333333333,-0.0384615384615384,-0.0472222222222222
"5303bulgaria.bulgaria.t1q8_11",10,"Bulgarian National","5303",FALSE,-0.06993006993007,FALSE,-0.145833333333333,0.06993006993007,0.0451388888888888
"5304bulgaria.bulgaria.t1q8_11",10,"Bulgarian National","5304",TRUE,0.194805194805195,TRUE,0.283333333333333,-0.194805194805195,-0.125
"5305bulgaria.bulgaria.t1q8_11",10,"Bulgarian National","5305",TRUE,0.0892857142857143,TRUE,0.1875,-0.0892857142857143,-0.05
"5306bulgaria.bulgaria.t1q8_11",10,"Bulgarian National","5306",TRUE,0.284926470588235,TRUE,0.65,-0.284926470588235,-0.123106060606061
"5307bulgaria.bulgaria.t1q8_11",10,"Bulgarian National","5307",TRUE,0.267857142857143,TRUE,0.625,-0.267857142857143,-0.208333333333333
"5308bulgaria.bulgaria.t1q8_11",10,"Bulgarian National","5308",FALSE,-0.0556722689075629,TRUE,0.1875,0.0556722689075629,0.0977564102564102
"5309bulgaria.bulgaria.t1q8_11",10,"Bulgarian National","5309",TRUE,0.225,TRUE,0.375,-0.225,-0.159090909090909
"5310bulgaria.bulgaria.t1q8_11",10,"Bulgarian National","5310",TRUE,0.00384615384615383,FALSE,-0.0625,-0.00384615384615383,-0.0101010101010102
"5311bulgaria.bulgaria.t1q8_11",10,"Bulgarian National","5311",FALSE,-0.0257352941176471,FALSE,-0.0833333333333334,0.0257352941176471,0.0123626373626374
"5312bulgaria.bulgaria.t1q8_11",10,"Bulgarian National","5312",TRUE,0.0988095238095238,FALSE,0,-0.0988095238095238,-0.104166666666667
"5313bulgaria.bulgaria.t1q8_11",10,"Bulgarian National","5313",FALSE,-0.136948529411765,FALSE,-0.05,0.136948529411765,0.167832167832168
"5314bulgaria.bulgaria.t1q8_11",10,"Bulgarian National","5314",FALSE,-0.00238095238095237,TRUE,0.166666666666667,0.00238095238095237,0.0384615384615384
"5315bulgaria.bulgaria.t1q8_11",10,"Bulgarian National","5315",TRUE,0.138461538461538,TRUE,0.125,-0.138461538461538,-0.113636363636364
"5316bulgaria.bulgaria.t1q8_11",10,"Bulgarian National","5316",TRUE,0.0757575757575757,TRUE,0.364583333333333,-0.0757575757575757,0.264285714285714
"5317bulgaria.bulgaria.t1q8_11",10,"Bulgarian National","5317",FALSE,-0.116666666666667,FALSE,-0.0416666666666667,0.116666666666667,0.166666666666667
"5301bulgaria.bulgaria.t1q10_3",10,"Bulgarian National","5301",TRUE,0.147058823529412,TRUE,0.0833333333333334,-0.147058823529412,-0.170454545454545
"5302bulgaria.bulgaria.t1q10_3",10,"Bulgarian National","5302",TRUE,0.044047619047619,TRUE,0.15,-0.044047619047619,0.00277777777777777
"5303bulgaria.bulgaria.t1q10_3",10,"Bulgarian National","5303",TRUE,0.151515151515152,TRUE,0.25,-0.151515151515152,-0.09375
"5304bulgaria.bulgaria.t1q10_3",10,"Bulgarian National","5304",FALSE,-0.179761904761905,FALSE,-0.220238095238095,0.179761904761905,0.15625
"5305bulgaria.bulgaria.t1q10_3",10,"Bulgarian National","5305",TRUE,0.120192307692308,FALSE,-0.0833333333333334,-0.120192307692308,-0.15
"5306bulgaria.bulgaria.t1q10_3",10,"Bulgarian National","5306",TRUE,0.269301470588235,TRUE,0.1,-0.269301470588235,-0.350378787878788
"5307bulgaria.bulgaria.t1q10_3",10,"Bulgarian National","5307",FALSE,-0.316666666666667,FALSE,-0.125,0.316666666666667,0.35
"5308bulgaria.bulgaria.t1q10_3",10,"Bulgarian National","5308",FALSE,-0.0128676470588235,FALSE,-0.125,0.0128676470588235,-0.0208333333333334
"5309bulgaria.bulgaria.t1q10_3",10,"Bulgarian National","5309",TRUE,0.401785714285714,TRUE,0.3125,-0.401785714285714,-0.441666666666667
"5310bulgaria.bulgaria.t1q10_3",10,"Bulgarian National","5310",FALSE,-0.09375,TRUE,0.1,0.09375,0.181818181818182
"5311bulgaria.bulgaria.t1q10_3",10,"Bulgarian National","5311",TRUE,0.235294117647059,TRUE,0.25,-0.235294117647059,-0.232142857142857
"5312bulgaria.bulgaria.t1q10_3",10,"Bulgarian National","5312",TRUE,0.0511904761904762,FALSE,0,-0.0511904761904762,-0.0681818181818182
"5313bulgaria.bulgaria.t1q10_3",10,"Bulgarian National","5313",TRUE,0.139705882352941,TRUE,0.1875,-0.139705882352941,-0.125
"5314bulgaria.bulgaria.t1q10_3",10,"Bulgarian National","5314",FALSE,-0.015625,TRUE,0.25,0.015625,0.0769230769230769
"5315bulgaria.bulgaria.t1q10_3",10,"Bulgarian National","5315",TRUE,0.0595238095238095,TRUE,0.270833333333333,-0.0595238095238095,0.0227272727272727
"5316bulgaria.bulgaria.t1q10_3",10,"Bulgarian National","5316",FALSE,-0.308823529411765,FALSE,-0.222222222222222,0.308823529411765,0.40625
"5317bulgaria.bulgaria.t1q10_3",10,"Bulgarian National","5317",FALSE,-0.291666666666667,FALSE,-0.0833333333333333,0.291666666666667,0.425
"5301bulgaria.bulgaria.t1q16",10,"Bulgarian National","5301",TRUE,0.170955882352941,TRUE,0.5,-0.170955882352941,-0.0975274725274725
"5302bulgaria.bulgaria.t1q16",10,"Bulgarian National","5302",TRUE,0.0261904761904762,TRUE,0.0375,-0.0261904761904762,-0.025
"5303bulgaria.bulgaria.t1q16",10,"Bulgarian National","5303",FALSE,-0.225961538461538,FALSE,-0.375,0.225961538461538,0.149305555555556
"5304bulgaria.bulgaria.t1q16",10,"Bulgarian National","5304",TRUE,0.0863095238095237,TRUE,0.308333333333333,-0.0863095238095237,0.0803571428571429
"5305bulgaria.bulgaria.t1q16",10,"Bulgarian National","5305",FALSE,-0.04375,TRUE,0.0666666666666667,0.04375,0.1
"5306bulgaria.bulgaria.t1q16",10,"Bulgarian National","5306",FALSE,-0.145220588235294,FALSE,-0.25,0.145220588235294,0.0965909090909091
"5307bulgaria.bulgaria.t1q16",10,"Bulgarian National","5307",FALSE,-0.0892857142857143,TRUE,0.25,0.0892857142857143,0.145833333333333
"5308bulgaria.bulgaria.t1q16",10,"Bulgarian National","5308",TRUE,0.0901960784313725,TRUE,0.145833333333333,-0.0901960784313725,-0.0769230769230769
"5309bulgaria.bulgaria.t1q16",10,"Bulgarian National","5309",FALSE,-0.034375,TRUE,0.4375,0.034375,0.202651515151515
"5310bulgaria.bulgaria.t1q16",10,"Bulgarian National","5310",TRUE,0.091025641025641,TRUE,0.1875,-0.091025641025641,-0.0522727272727272
"5311bulgaria.bulgaria.t1q16",10,"Bulgarian National","5311",FALSE,-0.00735294117647056,TRUE,0.333333333333333,0.00735294117647056,0.0625
"5312bulgaria.bulgaria.t1q16",10,"Bulgarian National","5312",TRUE,0.2,TRUE,0.333333333333333,-0.2,-0.170833333333333
"5313bulgaria.bulgaria.t1q16",10,"Bulgarian National","5313",TRUE,0.0147058823529411,TRUE,0.2125,-0.0147058823529411,0.0608974358974359
"5314bulgaria.bulgaria.t1q16",10,"Bulgarian National","5314",TRUE,0.0291666666666666,FALSE,-0.0833333333333333,-0.0291666666666666,-0.060897435897436
"5315bulgaria.bulgaria.t1q16",10,"Bulgarian National","5315",FALSE,-0.122252747252747,FALSE,-0.0625,0.122252747252747,0.15
"5316bulgaria.bulgaria.t1q16",10,"Bulgarian National","5316",FALSE,-0.166666666666667,FALSE,-0.201388888888889,0.166666666666667,0.107142857142857
"5317bulgaria.bulgaria.t1q16",10,"Bulgarian National","5317",FALSE,-0.0491071428571429,FALSE,-0.125,0.0491071428571429,-0.03125
"5301bulgaria.bulgaria.t1q21",10,"Bulgarian National","5301",TRUE,0.0666666666666667,TRUE,0.166666666666667,-0.0666666666666667,-0.0333333333333333
"5302bulgaria.bulgaria.t1q21",10,"Bulgarian National","5302",FALSE,0,TRUE,0.75,0,0.333333333333333
"5303bulgaria.bulgaria.t1q21",10,"Bulgarian National","5303",TRUE,0.272727272727273,TRUE,0.25,-0.272727272727273,-0.285714285714286
"5304bulgaria.bulgaria.t1q21",10,"Bulgarian National","5304",TRUE,0.298701298701299,TRUE,0.214285714285714,-0.298701298701299,-0.285714285714286
"5305bulgaria.bulgaria.t1q21",10,"Bulgarian National","5305",TRUE,0.25974025974026,TRUE,0.25,-0.25974025974026,-0.228571428571429
"5306bulgaria.bulgaria.t1q21",10,"Bulgarian National","5306",FALSE,-0.266666666666667,FALSE,-0.333333333333333,0.266666666666667,0.216666666666667
"5307bulgaria.bulgaria.t1q21",10,"Bulgarian National","5307",TRUE,0.157142857142857,TRUE,0.5,-0.157142857142857,-0.0961538461538461
"5308bulgaria.bulgaria.t1q21",10,"Bulgarian National","5308",TRUE,0.106060606060606,TRUE,0.5,-0.106060606060606,-0.0404040404040404
"5309bulgaria.bulgaria.t1q21",10,"Bulgarian National","5309",TRUE,0.245192307692308,TRUE,0.466666666666667,-0.245192307692308,-0.2
"5310bulgaria.bulgaria.t1q21",10,"Bulgarian National","5310",FALSE,-0.142857142857143,TRUE,0.25,0.142857142857143,0.245454545454545
"5311bulgaria.bulgaria.t1q21",10,"Bulgarian National","5311",FALSE,-0.4,FALSE,-0.333333333333333,0.4,0.416666666666667
"5312bulgaria.bulgaria.t1q21",10,"Bulgarian National","5312",TRUE,0.15,FALSE,0,-0.15,-0.233333333333333
"5313bulgaria.bulgaria.t1q21",10,"Bulgarian National","5313",TRUE,0.1875,TRUE,0.333333333333333,-0.1875,-0.153846153846154
"5314bulgaria.bulgaria.t1q21",10,"Bulgarian National","5314",FALSE,0,NA,NA,NA,NA
"5315bulgaria.bulgaria.t1q21",10,"Bulgarian National","5315",TRUE,0.201298701298701,FALSE,0,-0.201298701298701,-0.25
"5316bulgaria.bulgaria.t1q21",10,"Bulgarian National","5316",FALSE,-0.0633484162895928,TRUE,0.0416666666666666,0.0633484162895928,0.25
"5317bulgaria.bulgaria.t1q21",10,"Bulgarian National","5317",TRUE,0.508928571428571,TRUE,0.433333333333333,-0.508928571428571,-0.555555555555556
"5301bulgaria.bulgaria.t1q22",10,"Bulgarian National","5301",FALSE,-0.363636363636364,FALSE,0,0.363636363636364,0.444444444444444
"5302bulgaria.bulgaria.t1q22",10,"Bulgarian National","5302",TRUE,0.307692307692308,TRUE,0.466666666666667,-0.307692307692308,-0.25
"5303bulgaria.bulgaria.t1q22",10,"Bulgarian National","5303",FALSE,-0.28030303030303,FALSE,0,0.28030303030303,0.375
"5304bulgaria.bulgaria.t1q22",10,"Bulgarian National","5304",TRUE,0.307692307692308,TRUE,0.333333333333333,-0.307692307692308,-0.285714285714286
"5305bulgaria.bulgaria.t1q22",10,"Bulgarian National","5305",FALSE,-0.462121212121212,FALSE,0,0.462121212121212,0.566666666666667
"5306bulgaria.bulgaria.t1q22",10,"Bulgarian National","5306",FALSE,-0.39047619047619,FALSE,-0.05,0.39047619047619,0.525252525252525
"5307bulgaria.bulgaria.t1q22",10,"Bulgarian National","5307",FALSE,-0.133333333333333,TRUE,0.5,0.133333333333333,0.230769230769231
"5308bulgaria.bulgaria.t1q22",10,"Bulgarian National","5308",FALSE,-0.20979020979021,TRUE,0.5,0.20979020979021,0.353535353535353
"5309bulgaria.bulgaria.t1q22",10,"Bulgarian National","5309",TRUE,0.441176470588235,TRUE,0.55,-0.441176470588235,-0.375
"5310bulgaria.bulgaria.t1q22",10,"Bulgarian National","5310",TRUE,0.0892857142857143,TRUE,0.2,-0.0892857142857143,-0.0793650793650794
"5311bulgaria.bulgaria.t1q22",10,"Bulgarian National","5311",TRUE,0.149321266968326,TRUE,0.5,-0.149321266968326,-0.077922077922078
"5312bulgaria.bulgaria.t1q22",10,"Bulgarian National","5312",TRUE,0.3,TRUE,0.5,-0.3,-0.25
"5313bulgaria.bulgaria.t1q22",10,"Bulgarian National","5313",TRUE,0.290196078431373,TRUE,0.25,-0.290196078431373,-0.286713286713287
"5314bulgaria.bulgaria.t1q22",10,"Bulgarian National","5314",FALSE,-0.157142857142857,FALSE,0,0.157142857142857,0.153846153846154
"5315bulgaria.bulgaria.t1q22",10,"Bulgarian National","5315",FALSE,-0.1,TRUE,0.25,0.1,0.2
"5316bulgaria.bulgaria.t1q22",10,"Bulgarian National","5316",FALSE,-0.652777777777778,FALSE,-0.475,0.652777777777778,0.875
"5317bulgaria.bulgaria.t1q22",10,"Bulgarian National","5317",TRUE,0.208333333333333,TRUE,0.333333333333333,-0.208333333333333,-0.2
"5301bulgaria.bulgaria.t1q23",10,"Bulgarian National","5301",TRUE,0.300699300699301,TRUE,0.666666666666667,-0.300699300699301,-0.175
"5302bulgaria.bulgaria.t1q23",10,"Bulgarian National","5302",TRUE,0.136752136752137,TRUE,0.6,-0.136752136752137,-0.0357142857142857
"5303bulgaria.bulgaria.t1q23",10,"Bulgarian National","5303",FALSE,-0.0909090909090909,FALSE,-0.333333333333333,0.0909090909090909,-0.107142857142857
"5304bulgaria.bulgaria.t1q23",10,"Bulgarian National","5304",FALSE,-0.0952380952380952,TRUE,0.057142857142857,0.0952380952380952,0.285714285714286
"5305bulgaria.bulgaria.t1q23",10,"Bulgarian National","5305",TRUE,0.0833333333333333,TRUE,0.25,-0.0833333333333333,0
"5306bulgaria.bulgaria.t1q23",10,"Bulgarian National","5306",TRUE,0.0627450980392157,FALSE,-0.2,-0.0627450980392157,-0.2
"5307bulgaria.bulgaria.t1q23",10,"Bulgarian National","5307",FALSE,-0.482051282051282,FALSE,-0.5,0.482051282051282,0.482517482517482
"5308bulgaria.bulgaria.t1q23",10,"Bulgarian National","5308",FALSE,-0.174825174825175,FALSE,-0.333333333333333,0.174825174825175,0.2
"5309bulgaria.bulgaria.t1q23",10,"Bulgarian National","5309",FALSE,-0.0795454545454545,TRUE,0.266666666666667,0.0795454545454545,0.227272727272727
"5310bulgaria.bulgaria.t1q23",10,"Bulgarian National","5310",FALSE,0,NA,NA,NA,NA
"5311bulgaria.bulgaria.t1q23",10,"Bulgarian National","5311",FALSE,-0.0153846153846154,TRUE,0.5,0.0153846153846154,0.111888111888112
"5312bulgaria.bulgaria.t1q23",10,"Bulgarian National","5312",TRUE,0.205128205128205,TRUE,0.333333333333333,-0.205128205128205,-0.225
"5313bulgaria.bulgaria.t1q23",10,"Bulgarian National","5313",TRUE,0.0833333333333333,TRUE,0.5,-0.0833333333333333,0.0555555555555556
"5314bulgaria.bulgaria.t1q23",10,"Bulgarian National","5314",FALSE,0,NA,NA,NA,NA
"5315bulgaria.bulgaria.t1q23",10,"Bulgarian National","5315",FALSE,0,FALSE,0,0,0
"5316bulgaria.bulgaria.t1q23",10,"Bulgarian National","5316",TRUE,0.146853146853147,TRUE,0.666666666666667,-0.146853146853147,0.371428571428571
"5317bulgaria.bulgaria.t1q23",10,"Bulgarian National","5317",FALSE,-0.0416666666666667,TRUE,0.333333333333333,0.0416666666666667,0.314285714285714
"5301bulgaria.bulgaria.t1q19",10,"Bulgarian National","5301",FALSE,-0.0892857142857143,TRUE,0.0833333333333334,0.0892857142857143,0.106643356643357
"5302bulgaria.bulgaria.t1q19",10,"Bulgarian National","5302",TRUE,0.0166666666666667,TRUE,0.15,-0.0166666666666667,0.0499999999999999
"5303bulgaria.bulgaria.t1q19",10,"Bulgarian National","5303",FALSE,-0.0833333333333334,TRUE,0.125,0.0833333333333334,0.1875
"5304bulgaria.bulgaria.t1q19",10,"Bulgarian National","5304",FALSE,-0.0357142857142857,TRUE,0.0416666666666667,0.0357142857142857,0.09375
"5305bulgaria.bulgaria.t1q19",10,"Bulgarian National","5305",TRUE,0.00686813186813184,TRUE,0.125,-0.00686813186813184,0.0416666666666666
"5306bulgaria.bulgaria.t1q19",10,"Bulgarian National","5306",FALSE,-0.315686274509804,FALSE,-0.1,0.315686274509804,0.420833333333333
"5307bulgaria.bulgaria.t1q19",10,"Bulgarian National","5307",FALSE,-0.309065934065934,FALSE,-0.25,0.309065934065934,0.323863636363636
"5308bulgaria.bulgaria.t1q19",10,"Bulgarian National","5308",FALSE,-0.0285714285714286,FALSE,-0.0833333333333333,0.0285714285714286,0.0189393939393939
"5309bulgaria.bulgaria.t1q19",10,"Bulgarian National","5309",TRUE,0.109375,TRUE,0.1125,-0.109375,-0.09375
"5310bulgaria.bulgaria.t1q19",10,"Bulgarian National","5310",TRUE,0.260416666666667,TRUE,0.25,-0.260416666666667,-0.246753246753247
"5311bulgaria.bulgaria.t1q19",10,"Bulgarian National","5311",TRUE,0.324509803921569,TRUE,0.458333333333333,-0.324509803921569,-0.29532967032967
"5312bulgaria.bulgaria.t1q19",10,"Bulgarian National","5312",TRUE,0.330357142857143,TRUE,0.291666666666667,-0.330357142857143,-0.327272727272727
"5313bulgaria.bulgaria.t1q19",10,"Bulgarian National","5313",TRUE,0.190359477124183,TRUE,0.25,-0.190359477124183,-0.166666666666667
"5314bulgaria.bulgaria.t1q19",10,"Bulgarian National","5314",TRUE,0.0290178571428571,TRUE,0.0833333333333334,-0.0290178571428571,-0.0256410256410257
"5315bulgaria.bulgaria.t1q19",10,"Bulgarian National","5315",TRUE,0.166666666666667,TRUE,0.229166666666667,-0.166666666666667,-0.142361111111111
"5316bulgaria.bulgaria.t1q19",10,"Bulgarian National","5316",TRUE,0.0892857142857143,TRUE,0.0357142857142857,-0.0892857142857143,-0.166666666666667
"5317bulgaria.bulgaria.t1q19",10,"Bulgarian National","5317",FALSE,-0.0357142857142857,TRUE,0.0833333333333334,0.0357142857142857,0.13125
"9501btp04pr.t1trade",16,"By the People 2004 US Presidential Primaries","9501",FALSE,-0.251988095187006,FALSE,-0.215250000357628,0.251988095187006,0.277833332618078
"9502btp04pr.t1trade",16,"By the People 2004 US Presidential Primaries","9502",FALSE,-0.0079809518087478,TRUE,0.0898253983921473,0.0079809518087478,0.0594761910892668
"9503btp04pr.t1trade",16,"By the People 2004 US Presidential Primaries","9503",FALSE,-0.0862999975681308,FALSE,-0.0805714258125853,0.0862999975681308,0.083499997854233
"9504btp04pr.t1trade",16,"By the People 2004 US Presidential Primaries","9504",TRUE,0.0214666653902105,TRUE,0.0791749998927116,-0.0214666653902105,0.0664000034332272
"9505btp04pr.t1trade",16,"By the People 2004 US Presidential Primaries","9505",FALSE,-0.0745804197304732,FALSE,-0.138833334048589,0.0745804197304732,0
"9506btp04pr.t1trade",16,"By the People 2004 US Presidential Primaries","9506",FALSE,-0.122266666094462,FALSE,-0.222222222222222,0.122266666094462,-0.027666668097178
"9507btp04pr.t1trade",16,"By the People 2004 US Presidential Primaries","9507",FALSE,-0.00427499860525138,TRUE,0.0415833344062169,0.00427499860525138,0.0278999984264375
"9508btp04pr.t1trade",16,"By the People 2004 US Presidential Primaries","9508",FALSE,-0.145791667203108,FALSE,-0.133399999141693,0.145791667203108,0.166500002145767
"9509btp04pr.t1trade",16,"By the People 2004 US Presidential Primaries","9509",FALSE,-0.0585497066988583,FALSE,-0.0631893931916266,0.0585497066988583,0.0477142844881332
"9510btp04pr.t1trade",16,"By the People 2004 US Presidential Primaries","9510",FALSE,-0.117902779744731,TRUE,0.0166000008583068,0.117902779744731,0.221800005435943
"9511btp04pr.t1trade",16,"By the People 2004 US Presidential Primaries","9511",FALSE,-0.0746223772322382,FALSE,-0.0721666673819223,0.0746223772322382,0.0754999986716681
"9512btp04pr.t1trade",16,"By the People 2004 US Presidential Primaries","9512",FALSE,-0.00694444444444442,TRUE,0.111083333690961,0.00694444444444442,0.1
"9513btp04pr.t1trade",16,"By the People 2004 US Presidential Primaries","9513",FALSE,-0.0390817010714336,TRUE,0.142904761291686,0.0390817010714336,0.166483335693677
"9514btp04pr.t1trade",16,"By the People 2004 US Presidential Primaries","9514",TRUE,0.041500002145767,TRUE,0.277666668097178,-0.041500002145767,0.10019999742508
"9515btp04pr.t1trade",16,"By the People 2004 US Presidential Primaries","9515",TRUE,0.0502307690106906,FALSE,-0.166749998927117,-0.0502307690106906,-0.162097221447362
"9516btp04pr.t1trade",16,"By the People 2004 US Presidential Primaries","9516",TRUE,0.182791667679946,TRUE,0.25,-0.182791667679946,-0.133200001716614
"9501btp04pr.t1mindex",16,"By the People 2004 US Presidential Primaries","9501",FALSE,-0.0843809491821699,FALSE,-0.0677083302289248,0.0843809491821699,0.106611107786497
"9502btp04pr.t1mindex",16,"By the People 2004 US Presidential Primaries","9502",FALSE,-0.0320937586948273,FALSE,-0.0447222226195862,0.0320937586948273,0.0158571622201374
"9503btp04pr.t1mindex",16,"By the People 2004 US Presidential Primaries","9503",TRUE,0.0849895789287982,TRUE,0.107520829886198,-0.0849895789287982,-0.0624583279713986
"9504btp04pr.t1mindex",16,"By the People 2004 US Presidential Primaries","9504",FALSE,-0.0490777748326461,FALSE,-0.0958166614174844,0.0490777748326461,-0.0443999983370303
"9505btp04pr.t1mindex",16,"By the People 2004 US Presidential Primaries","9505",TRUE,0.0673333440835661,TRUE,0.094944457213084,-0.0673333440835661,-0.0436666756868364
"9506btp04pr.t1mindex",16,"By the People 2004 US Presidential Primaries","9506",FALSE,-0.095377779006958,FALSE,-0.158925930658976,0.095377779006958,5.55515289307751e-05
"9507btp04pr.t1mindex",16,"By the People 2004 US Presidential Primaries","9507",FALSE,-0.0126060599630531,TRUE,0.0389333337545392,0.0126060599630531,0.0555555547277132
"9508btp04pr.t1mindex",16,"By the People 2004 US Presidential Primaries","9508",FALSE,-0.0486333280801772,FALSE,-0.0499999940395355,0.0486333280801772,0.047266662120819
"9509btp04pr.t1mindex",16,"By the People 2004 US Presidential Primaries","9509",TRUE,0.0570526366171084,TRUE,0.0324166764815649,-0.0570526366171084,-0.099285711135183
"9510btp04pr.t1mindex",16,"By the People 2004 US Presidential Primaries","9510",TRUE,0.0194666706025601,TRUE,0.0277999937534333,-0.0194666706025601,-0.0111333474516869
"9511btp04pr.t1mindex",16,"By the People 2004 US Presidential Primaries","9511",FALSE,-0.0654999975647246,FALSE,-0.0185555567344032,0.0654999975647246,0.100708328187466
"9512btp04pr.t1mindex",16,"By the People 2004 US Presidential Primaries","9512",TRUE,0.0555925961169933,TRUE,0.118000000715256,-0.0555925961169933,-0.00566667243838331
"9513btp04pr.t1mindex",16,"By the People 2004 US Presidential Primaries","9513",TRUE,0.0145555539500146,FALSE,-0.0586296278569434,-0.0145555539500146,-0.069444440305233
"9514btp04pr.t1mindex",16,"By the People 2004 US Presidential Primaries","9514",TRUE,0.0249999970197677,TRUE,0.0278000056743624,-0.0249999970197677,-0.0221999883651732
"9515btp04pr.t1mindex",16,"By the People 2004 US Presidential Primaries","9515",FALSE,-0.0171025641835653,FALSE,-0.0555000063031911,0.0171025641835653,3.70343526204797e-05
"9516btp04pr.t1mindex",16,"By the People 2004 US Presidential Primaries","9516",FALSE,-0.0391515114090659,FALSE,-0.0532777806123099,0.0391515114090659,0.0221999883651733
"9501btp04pr.t1services",16,"By the People 2004 US Presidential Primaries","9501",TRUE,7.14276518141155e-05,TRUE,0.0416250005364417,-7.14276518141155e-05,0.055333336194356
"9502btp04pr.t1services",16,"By the People 2004 US Presidential Primaries","9502",TRUE,0.0333333333333333,TRUE,0.12955555650923,-0.0333333333333333,0.0871904776209875
"9503btp04pr.t1services",16,"By the People 2004 US Presidential Primaries","9503",TRUE,0.0250416661302248,TRUE,0.020999997854233,-0.0250416661302248,-0.0296785725014549
"9504btp04pr.t1services",16,"By the People 2004 US Presidential Primaries","9504",FALSE,-0.0222000002861023,FALSE,-0.0333999991416932,0.0222000002861023,-0.00019999742507959
"9505btp04pr.t1services",16,"By the People 2004 US Presidential Primaries","9505",TRUE,0.0138333340485889,FALSE,-0.0666000008583068,-0.0138333340485889,-0.0712857161249432
"9506btp04pr.t1services",16,"By the People 2004 US Presidential Primaries","9506",FALSE,-0.0183523796853566,FALSE,-0.101902777122127,0.0183523796853566,-0.0831666688124337
"9507btp04pr.t1services",16,"By the People 2004 US Presidential Primaries","9507",FALSE,-0.0500999987125398,FALSE,-0.083499997854233,0.0500999987125398,0.0278333326180777
"9508btp04pr.t1services",16,"By the People 2004 US Presidential Primaries","9508",FALSE,-0.00925555560323921,FALSE,0,0.00925555560323921,0.05
"9509btp04pr.t1services",16,"By the People 2004 US Presidential Primaries","9509",FALSE,-0.00928104547114161,TRUE,0.0362272744829003,0.00928104547114161,0.0712857161249431
"9510btp04pr.t1services",16,"By the People 2004 US Presidential Primaries","9510",FALSE,-0.0333999991416932,FALSE,-0.0666000008583068,0.0333999991416932,0.000199997425079701
"9511btp04pr.t1services",16,"By the People 2004 US Presidential Primaries","9511",TRUE,0.0204102549797451,TRUE,0.0446999967098239,-0.0204102549797451,0
"9512btp04pr.t1services",16,"By the People 2004 US Presidential Primaries","9512",FALSE,-0.0503015868247502,FALSE,-0.041999995708466,0.0503015868247502,-0.0333999991416932
"9513btp04pr.t1services",16,"By the People 2004 US Presidential Primaries","9513",FALSE,-0.0713809529940286,TRUE,0.000111109680599741,0.0713809529940286,0.125
"9514btp04pr.t1services",16,"By the People 2004 US Presidential Primaries","9514",FALSE,-0.00219444599416507,TRUE,0.0417499989271165,0.00219444599416507,0.0582000017166135
"9515btp04pr.t1services",16,"By the People 2004 US Presidential Primaries","9515",FALSE,-0.0211794896003524,TRUE,0.111000001430511,0.0211794896003524,0.0737777815924747
"9516btp04pr.t1services",16,"By the People 2004 US Presidential Primaries","9516",FALSE,-0.0304545435038482,TRUE,0.0275000035762782,0.0304545435038482,0.1
"9301btp03.olt1usseca",14,"By the People: National","9301",TRUE,0.0107142861400332,FALSE,-0.0374999865889553,-0.0107142861400332,-0.0299999952316287
"9302btp03.olt1usseca",14,"By the People: National","9302",FALSE,-0.011125010251999,FALSE,-0.0300000160932542,0.011125010251999,-0.00145832697550452
"9303btp03.olt1usseca",14,"By the People: National","9303",TRUE,0.0391176553333507,TRUE,0.0355555613835653,-0.0391176553333507,-0.0431250110268592
"9304btp03.olt1usseca",14,"By the People: National","9304",TRUE,0.0245454528115011,TRUE,0.0100000003973644,-0.0245454528115011,-0.0419999957084651
"9305btp03.olt1usseca",14,"By the People: National","9305",TRUE,0.0108333329359688,TRUE,0.0474999845027919,-0.0108333329359688,-0.00350000262260419
"9306btp03.olt1usseca",14,"By the People: National","9306",FALSE,-0.0265686266562519,FALSE,-0.0172916650772097,0.0265686266562519,0.0348148147265117
"9307btp03.olt1usseca",14,"By the People: National","9307",TRUE,0.0189052264090457,TRUE,0.00491071439215129,-0.0189052264090457,-0.0224999964237211
"9308btp03.olt1usseca",14,"By the People: National","9308",FALSE,-0.0157142962728227,TRUE,0.0249999960263569,0.0157142962728227,0.0462500154972075
"9309btp03.olt1usseca",14,"By the People: National","9309",TRUE,0.00499999026457476,FALSE,-0.00800001621246316,-0.00499999026457476,-0.0142857091767449
"9310btp03.olt1usseca",14,"By the People: National","9310",FALSE,-0.0269444336493811,FALSE,-0.0222222208976747,0.0269444336493811,0.0316666464010875
"9311btp03.olt1usseca",14,"By the People: National","9311",TRUE,0.0202380958057585,TRUE,0.0244117659680984,-0.0202380958057585,-0.00249999761581454
"9312btp03.olt1usseca",14,"By the People: National","9312",FALSE,-0.0271739117477249,FALSE,-0.0373333354791004,0.0271739117477249,0.00812499225139585
"9313btp03.olt1usseca",14,"By the People: National","9313",FALSE,-0.0302380990414393,FALSE,-0.0266666710376737,0.0302380990414393,0.0329166700442634
"9314btp03.olt1usseca",14,"By the People: National","9314",TRUE,0.00899999886751179,TRUE,0.00653845759538496,-0.00899999886751179,-0.0135714326586043
"9315btp03.olt1usseca",14,"By the People: National","9315",TRUE,0.0255882371874415,TRUE,0.0407692354459028,-0.0255882371874415,0.0237500071525578
"9301btp03.olt1humrh2",14,"By the People: National","9301",TRUE,0.028571424207517,TRUE,0.175000004470349,-0.028571424207517,0.0300000078976156
"9302btp03.olt1humrh2",14,"By the People: National","9302",FALSE,-0.0322222164935535,TRUE,0.0750000029802322,0.0322222164935535,0.10333332568407
"9303btp03.olt1humrh2",14,"By the People: National","9303",FALSE,-3.9444250088394e-09,FALSE,-0.077777778936757,3.9444250088394e-09,-0.0874999929219483
"9304btp03.olt1humrh2",14,"By the People: National","9304",FALSE,-0.0181818225167014,FALSE,-7.45058059692383e-09,0.0181818225167014,0.0400000005960464
"9305btp03.olt1humrh2",14,"By the People: National","9305",FALSE,-0.116666667163372,FALSE,0,0.116666667163372,0.140000000596046
"9306btp03.olt1humrh2",14,"By the People: National","9306",TRUE,0.105882348821444,TRUE,0.17499999050051,-0.105882348821444,-0.0444444451067183
"9307btp03.olt1humrh2",14,"By the People: National","9307",FALSE,-0.0614379029842763,FALSE,-0.0124999907399926,0.0614379029842763,0.0999999970197677
"9308btp03.olt1humrh2",14,"By the People: National","9308",FALSE,-0.0642857157758305,FALSE,-0.0500000019868215,0.0642857157758305,0.0750000011175873
"9309btp03.olt1humrh2",14,"By the People: National","9309",FALSE,-0.100000003973643,FALSE,-0.100000005960465,0.100000003973643,0.100000002554485
"9310btp03.olt1humrh2",14,"By the People: National","9310",TRUE,0.0166666698124674,TRUE,0.0333333330021965,-0.0166666698124674,-6.62273835771998e-09
"9311btp03.olt1humrh2",14,"By the People: National","9311",FALSE,-0.0571428516081401,FALSE,-0.0529411724385094,0.0571428516081401,0.074999988079071
"9312btp03.olt1humrh2",14,"By the People: National","9312",TRUE,0.00434782323629967,TRUE,0.0399999976158142,-0.00434782323629967,0.0625000037252902
"9313btp03.olt1humrh2",14,"By the People: National","9313",FALSE,-0.0285714222561745,TRUE,0.0111111145880488,0.0285714222561745,0.0583333248893418
"9314btp03.olt1humrh2",14,"By the People: National","9314",FALSE,-0.0599999956786632,FALSE,-0.076923071191861,0.0599999956786632,0.0285714268684387
"9315btp03.olt1humrh2",14,"By the People: National","9315",FALSE,-0.0470588242306428,FALSE,-0.0230769262864039,0.0470588242306428,0.124999992549419
"9301btp03.olt1envir",14,"By the People: National","9301",FALSE,-0.0482142869649188,FALSE,-0.0999999940395355,0.0482142869649188,0.0275000041350723
"9302btp03.olt1envir",14,"By the People: National","9302",TRUE,0.0425000056624413,TRUE,0.237500008195639,-0.0425000056624413,0.087499996026357
"9303btp03.olt1envir",14,"By the People: National","9303",FALSE,-0.0196078406537281,FALSE,-0.0166666640175714,0.0196078406537281,0.0229166643694045
"9304btp03.olt1envir",14,"By the People: National","9304",FALSE,-0.0310606103051794,FALSE,-0.0902777761220933,0.0310606103051794,-0.0399999886751174
"9305btp03.olt1envir",14,"By the People: National","9305",FALSE,-0.0118055626129111,FALSE,-0.125000005587935,0.0118055626129111,-0.0108333259820937
"9306btp03.olt1envir",14,"By the People: National","9306",TRUE,0.0166666640297455,TRUE,0.0593750029802322,-0.0166666640297455,0.0212963039262427
"9307btp03.olt1envir",14,"By the People: National","9307",TRUE,0.0550381213767466,TRUE,0.0450892860868147,-0.0550381213767466,-0.0558333247900008
"9308btp03.olt1envir",14,"By the People: National","9308",TRUE,0.0261904756937708,TRUE,0.0833333407839141,-0.0261904756937708,0.0166666731238366
"9309btp03.olt1envir",14,"By the People: National","9309",FALSE,-0.0243055547277133,FALSE,-0.0199999868869782,0.0243055547277133,0.0273809603282384
"9310btp03.olt1envir",14,"By the People: National","9310",TRUE,0.0796296281947029,TRUE,0.0425925950209299,-0.0796296281947029,-0.116666661368476
"9311btp03.olt1envir",14,"By the People: National","9311",TRUE,0.053174602133887,TRUE,0.040196080418194,-0.053174602133887,-0.108333319425583
"9312btp03.olt1envir",14,"By the People: National","9312",FALSE,-0.0583333321239637,FALSE,-0.0561111112435658,0.0583333321239637,0.0624999962747097
"9313btp03.olt1envir",14,"By the People: National","9313",TRUE,0.019841275754429,TRUE,0.0296296295192506,-0.019841275754429,-0.0125000104308128
"9314btp03.olt1envir",14,"By the People: National","9314",TRUE,0.0283333390951157,TRUE,0.0205128261676202,-0.0283333390951157,-0.0428571488176073
"9315btp03.olt1envir",14,"By the People: National","9315",FALSE,-0.0470588207244873,FALSE,-0.0692307673967802,0.0470588207244873,-0.0250000059604645
"9301btp03.olt1inter",14,"By the People: National","9301",TRUE,0.0892857142857143,TRUE,0.125,-0.0892857142857143,-0.075
"9302btp03.olt1inter",14,"By the People: National","9302",FALSE,-0.075,FALSE,0,0.075,0.125
"9303btp03.olt1inter",14,"By the People: National","9303",FALSE,-0.161764705882353,FALSE,-0.194444444444444,0.161764705882353,0.125
"9304btp03.olt1inter",14,"By the People: National","9304",TRUE,0.0909090909090909,TRUE,0.125,-0.0909090909090909,-0.0499999999999999
"9305btp03.olt1inter",14,"By the People: National","9305",FALSE,-0.15719696969697,FALSE,-0.125,0.15719696969697,0.166666666666667
"9306btp03.olt1inter",14,"By the People: National","9306",TRUE,0.0294117647058824,TRUE,0.15625,-0.0294117647058824,0.0833333333333334
"9307btp03.olt1inter",14,"By the People: National","9307",TRUE,0.0939542483660131,TRUE,0.178571428571429,-0.0939542483660131,-0.0249999999999999
"9308btp03.olt1inter",14,"By the People: National","9308",FALSE,-0.0357142857142857,FALSE,-0.0833333333333334,0.0357142857142857,0
"9309btp03.olt1inter",14,"By the People: National","9309",FALSE,-0.160984848484848,FALSE,-0.275,0.160984848484848,0.0714285714285714
"9310btp03.olt1inter",14,"By the People: National","9310",TRUE,0.111111111111111,TRUE,0.166666666666667,-0.111111111111111,-0.0555555555555556
"9311btp03.olt1inter",14,"By the People: National","9311",FALSE,-0.0822368421052632,FALSE,-0.0739583333333333,0.0822368421052632,0.125
"9312btp03.olt1inter",14,"By the People: National","9312",TRUE,0.0597826086956522,TRUE,0.110714285714286,-0.0597826086956522,0.03125
"9313btp03.olt1inter",14,"By the People: National","9313",TRUE,0.107738095238095,TRUE,0.138888888888889,-0.107738095238095,-0.0833333333333334
"9314btp03.olt1inter",14,"By the People: National","9314",TRUE,0.0625,TRUE,0.181818181818182,-0.0625,0.142857142857143
"9315btp03.olt1inter",14,"By the People: National","9315",FALSE,-0.0294117647058824,FALSE,-0.0576923076923077,0.0294117647058824,-0.0625
"9301btp03.olt1multi",14,"By the People: National","9301",TRUE,0.0245287588664462,TRUE,0.0833333283662795,-0.0245287588664462,-0.00100693106651306
"9302btp03.olt1multi",14,"By the People: National","9302",TRUE,0.0479166746139527,TRUE,0.068489596247673,-0.0479166746139527,-0.0342013935248058
"9303btp03.olt1multi",14,"By the People: National","9303",TRUE,0.0318306491655461,TRUE,0.0377976099650064,-0.0318306491655461,-0.0251178182661533
"9304btp03.olt1multi",14,"By the People: National","9304",TRUE,0.0272321430119602,TRUE,0.0256200432777405,-0.0272321430119602,-0.0291666626930238
"9305btp03.olt1multi",14,"By the People: National","9305",FALSE,-0.00187664975722635,TRUE,0.0339781939983369,0.00187664975722635,0.00904761850833891
"9306btp03.olt1multi",14,"By the People: National","9306",TRUE,0.0702404230833052,TRUE,0.117429301142692,-0.0702404230833052,-0.0282947536971835
"9307btp03.olt1multi",14,"By the People: National","9307",TRUE,0.00494572958525508,FALSE,-0.0100101024976798,-0.00494572958525508,-0.0114285767078401
"9308btp03.olt1multi",14,"By the People: National","9308",FALSE,-0.0309700816869733,FALSE,-0.0165178477764129,0.0309700816869733,0.0418092571198937
"9309btp03.olt1multi",14,"By the People: National","9309",FALSE,-0.0498511865735054,FALSE,-0.02714284658432,0.0498511865735054,0.0660714294229234
"9310btp03.olt1multi",14,"By the People: National","9310",TRUE,0.0458746684922112,TRUE,0.0224867661794026,-0.0458746684922112,-0.06926257080502
"9311btp03.olt1multi",14,"By the People: National","9311",TRUE,0.0262306346779778,TRUE,0.0424690790036146,-0.0262306346779778,0.0427827537059785
"9312btp03.olt1multi",14,"By the People: National","9312",FALSE,-0.0383902723374575,FALSE,-0.0288564880688986,0.0383902723374575,0.0562661178410053
"9313btp03.olt1multi",14,"By the People: National","9313",TRUE,0.0284235633554912,TRUE,0.0932892461617786,-0.0284235633554912,0.0202256987492244
"9314btp03.olt1multi",14,"By the People: National","9314",TRUE,0.0224057540297506,TRUE,0.0322840374249679,-0.0224057540297506,-0.00406037058149034
"9315btp03.olt1multi",14,"By the People: National","9315",FALSE,-0.0454423497704898,FALSE,-0.0504273634690504,0.0454423497704898,0.0292410552501675
"9301btp03.olt1demo",14,"By the People: National","9301",TRUE,0.06269842173372,TRUE,0.040277786552906,-0.06269842173372,-0.0716666758060456
"9302btp03.olt1demo",14,"By the People: National","9302",FALSE,-0.00444444566965108,TRUE,0.0291666612029075,0.00444444566965108,0.0268518502513568
"9303btp03.olt1demo",14,"By the People: National","9303",TRUE,0.0351307216812583,TRUE,0.0731481495830749,-0.0351307216812583,0.00763888470828533
"9304btp03.olt1demo",14,"By the People: National","9304",TRUE,0.027777767994187,FALSE,-0.0314814845720929,-0.027777767994187,-0.0988888710737229
"9305btp03.olt1demo",14,"By the People: National","9305",FALSE,-0.0467592601974805,TRUE,0.036111086606979,0.0467592601974805,0.0633333295583723
"9306btp03.olt1demo",14,"By the People: National","9306",TRUE,0.0519607864758548,TRUE,0.0937499962747098,-0.0519607864758548,-0.0148148222102061
"9307btp03.olt1demo",14,"By the People: National","9307",TRUE,0.015940446820524,TRUE,0.0121031762765987,-0.015940446820524,-0.0177777707576751
"9308btp03.olt1demo",14,"By the People: National","9308",FALSE,-0.0585317441395352,FALSE,-0.0300925870736442,0.0585317441395352,0.0798611119389537
"9309btp03.olt1demo",14,"By the People: National","9309",TRUE,0.0312962979078292,TRUE,0.0206666827201844,-0.0312962979078292,-0.0388888801847184
"9310btp03.olt1demo",14,"By the People: National","9310",FALSE,-0.0486111119389534,FALSE,-0.06018518573708,0.0486111119389534,0.0370370381408267
"9311btp03.olt1demo",14,"By the People: National","9311",TRUE,0.0412698416482834,TRUE,0.0359477085225722,-0.0412698416482834,-0.0638889074325559
"9312btp03.olt1demo",14,"By the People: National","9312",TRUE,0.000845412197320261,FALSE,-0.014259257912636,-0.000845412197320261,-0.0291666686534883
"9313btp03.olt1demo",14,"By the People: National","9313",FALSE,-0.0327513175351281,TRUE,0.0333333346578808,0.0327513175351281,0.0823148066798847
"9314btp03.olt1demo",14,"By the People: National","9314",TRUE,0.0658333361148835,TRUE,0.0910256436237923,-0.0658333361148835,-0.0190476221697672
"9315btp03.olt1demo",14,"By the People: National","9315",FALSE,-0.00424836838946607,FALSE,-0.0149572652119856,0.00424836838946607,-0.030555546283722
"9301btp03.olt1forai1",14,"By the People: National","9301",FALSE,-0.0741758241758242,FALSE,0,0.0741758241758242,0.105555555555556
"9302btp03.olt1forai1",14,"By the People: National","9302",FALSE,-0.15,FALSE,-0.375,0.15,0
"9303btp03.olt1forai1",14,"By the People: National","9303",TRUE,0.125,TRUE,0.125,-0.125,-0.125
"9304btp03.olt1forai1",14,"By the People: National","9304",TRUE,0.0454545454545455,TRUE,0.0833333333333333,-0.0454545454545455,0.05
"9305btp03.olt1forai1",14,"By the People: National","9305",FALSE,-0.0083333333333333,TRUE,0.5,0.0083333333333333,0.0833333333333333
"9306btp03.olt1forai1",14,"By the People: National","9306",TRUE,0.09375,TRUE,0.15,-0.09375,-0.0446428571428572
"9307btp03.olt1forai1",14,"By the People: National","9307",TRUE,0.0214285714285715,TRUE,0.142857142857143,-0.0214285714285715,0.0982142857142857
"9308btp03.olt1forai1",14,"By the People: National","9308",FALSE,-0.032051282051282,TRUE,0.1,0.032051282051282,0.142857142857143
"9309btp03.olt1forai1",14,"By the People: National","9309",TRUE,0.222222222222222,TRUE,0.25,-0.222222222222222,-0.214285714285714
"9310btp03.olt1forai1",14,"By the People: National","9310",TRUE,0.289583333333333,TRUE,0.339285714285714,-0.289583333333333,-0.25
"9311btp03.olt1forai1",14,"By the People: National","9311",TRUE,0.103618421052632,TRUE,0.0985576923076923,-0.103618421052632,-0.166666666666667
"9312btp03.olt1forai1",14,"By the People: National","9312",FALSE,-0.182539682539683,FALSE,-0.211538461538462,0.182539682539683,0.145833333333333
"9313btp03.olt1forai1",14,"By the People: National","9313",TRUE,0.0833333333333333,TRUE,0.166666666666667,-0.0833333333333333,-0.0340909090909091
"9314btp03.olt1forai1",14,"By the People: National","9314",FALSE,-0.223684210526316,FALSE,-0.208333333333333,0.223684210526316,0.19047619047619
"9315btp03.olt1forai1",14,"By the People: National","9315",TRUE,0.0666666666666667,TRUE,0.0681818181818182,-0.0666666666666667,-0.0833333333333333
"9301btp03.olt1global",14,"By the People: National","9301",FALSE,-0.0468253950987543,FALSE,-0.112500004470349,0.0468253950987543,0.0205555513501167
"9302btp03.olt1global",14,"By the People: National","9302",FALSE,-0.0213888898491859,TRUE,0.0333333387970922,0.0213888898491859,0.0578703756133713
"9303btp03.olt1global",14,"By the People: National","9303",FALSE,-0.0333333357292062,TRUE,0.00493826799922525,0.0333333357292062,0.0763888899236916
"9304btp03.olt1global",14,"By the People: National","9304",TRUE,0.0249999978325582,TRUE,0.00046295921007744,-0.0249999978325582,-0.054444444179535
"9305btp03.olt1global",14,"By the People: National","9305",FALSE,-0.0722222266097863,FALSE,-0.020833358168602,0.0722222266097863,0.0825000002980232
"9306btp03.olt1global",14,"By the People: National","9306",FALSE,-0.0610457544817645,FALSE,-0.0568055547773839,0.0610457544817645,0.0648148208856583
"9307btp03.olt1global",14,"By the People: National","9307",FALSE,-0.035012703754154,FALSE,-0.0077876932919026,0.035012703754154,0.0555555507540704
"9308btp03.olt1global",14,"By the People: National","9308",FALSE,-0.0255952243294035,FALSE,-0.0296296228965125,0.0255952243294035,0.0225694254040717
"9309btp03.olt1global",14,"By the People: National","9309",TRUE,0.0349537115544082,TRUE,0.048888894915581,-0.0349537115544082,-0.0250000091535706
"9310btp03.olt1global",14,"By the People: National","9310",TRUE,0.0597222199042638,TRUE,0.0783950554000007,-0.0597222199042638,-0.041049384408527
"9311btp03.olt1global",14,"By the People: National","9311",TRUE,0.0599735400506427,TRUE,0.0618300586938857,-0.0599735400506427,-0.05208333581686
"9312btp03.olt1global",14,"By the People: National","9312",FALSE,-0.0135748849614806,TRUE,0.00214813848336554,0.0135748849614806,0.0430555539205671
"9313btp03.olt1global",14,"By the People: National","9313",TRUE,0.000595231850942013,TRUE,0.00200616651111174,-0.000595231850942013,0.00046296914418531
"9314btp03.olt1global",14,"By the People: National","9314",FALSE,-0.0472916617989542,FALSE,-0.0552350374368523,0.0472916617989542,0.0325396784714291
"9315btp03.olt1global",14,"By the People: National","9315",TRUE,0.0214052235378939,TRUE,0.0408119605137751,-0.0214052235378939,0.04166667163372
"9301btp03.olt1trade",14,"By the People: National","9301",TRUE,0.192857142857143,TRUE,0.166666666666667,-0.192857142857143,-0.2
"9302btp03.olt1trade",14,"By the People: National","9302",FALSE,-0.104166666666667,FALSE,0,0.104166666666667,0.2
"9303btp03.olt1trade",14,"By the People: National","9303",FALSE,-0.0297619047619048,FALSE,-0.0357142857142857,0.0297619047619048,-0.0803571428571429
"9304btp03.olt1trade",14,"By the People: National","9304",TRUE,0.05,TRUE,0.333333333333333,-0.05,0.075
"9305btp03.olt1trade",14,"By the People: National","9305",TRUE,0.305555555555556,TRUE,0.5,-0.305555555555556,-0.214285714285714
"9306btp03.olt1trade",14,"By the People: National","9306",FALSE,0,FALSE,0,0,0
"9307btp03.olt1trade",14,"By the People: National","9307",FALSE,0,TRUE,0.25,0,0.111111111111111
"9308btp03.olt1trade",14,"By the People: National","9308",TRUE,0.0208333333333334,TRUE,0.166666666666667,-0.0208333333333334,0.125
"9309btp03.olt1trade",14,"By the People: National","9309",TRUE,0.298611111111111,FALSE,0,-0.298611111111111,-0.380952380952381
"9310btp03.olt1trade",14,"By the People: National","9310",TRUE,0.186813186813187,TRUE,0.383333333333333,-0.186813186813187,-0.0625
"9311btp03.olt1trade",14,"By the People: National","9311",FALSE,0,FALSE,0,0,0
"9312btp03.olt1trade",14,"By the People: National","9312",TRUE,0.0833333333333333,TRUE,0.2,-0.0833333333333333,-0.0333333333333333
"9313btp03.olt1trade",14,"By the People: National","9313",FALSE,-0.0686813186813187,TRUE,0.0833333333333334,0.0686813186813187,0.0909090909090909
"9314btp03.olt1trade",14,"By the People: National","9314",FALSE,-0.073076923076923,FALSE,0,0.073076923076923,0.133333333333333
"9315btp03.olt1trade",14,"By the People: National","9315",TRUE,0.104166666666667,TRUE,0.166666666666667,-0.104166666666667,-0.0416666666666666
