"unique_id","poll_id","poll_name","group_id","freqgrp_grp","extgrp_grp","freqdis_grp","extdis_grp","extgrp_mir","extadv_mir"
"9101nh.t1manvol",12,"New Haven","9101",TRUE,0.15625,TRUE,0.1875,-0.15625,-0.15
"9102nh.t1manvol",12,"New Haven","9102",FALSE,-0.205357142857143,FALSE,-0.3125,0.205357142857143,0.125
"9103nh.t1manvol",12,"New Haven","9103",FALSE,-0.232142857142857,FALSE,-0.15625,0.232142857142857,0.2625
"9104nh.t1manvol",12,"New Haven","9104",FALSE,0,FALSE,0,0,0
"9105nh.t1manvol",12,"New Haven","9105",TRUE,0.11875,TRUE,0.114583333333333,-0.11875,-0.125
"9106nh.t1manvol",12,"New Haven","9106",FALSE,-0.0625,FALSE,-0.125,0.0625,-0.125
"9107nh.t1manvol",12,"New Haven","9107",FALSE,-0.15625,FALSE,-0.1875,0.15625,0.142857142857143
"9108nh.t1manvol",12,"New Haven","9108",FALSE,-0.046875,FALSE,-0.03125,0.046875,0.0520833333333334
"9109nh.t1manvol",12,"New Haven","9109",FALSE,-0.138888888888889,FALSE,-0.0625,0.138888888888889,0.234375
"9110nh.t1manvol",12,"New Haven","9110",TRUE,0.140625,TRUE,0.0625,-0.140625,-0.151785714285714
"9111nh.t1manvol",12,"New Haven","9111",FALSE,-0.153409090909091,FALSE,-0.15625,0.153409090909091,0.151785714285714
"9112nh.t1manvol",12,"New Haven","9112",TRUE,0.125,TRUE,0.104166666666667,-0.125,-0.1375
"9113nh.t1manvol",12,"New Haven","9113",FALSE,-0.135416666666667,FALSE,-0.0625,0.135416666666667,0.171875
"9114nh.t1manvol",12,"New Haven","9114",FALSE,-0.0089285714285714,TRUE,0.166666666666667,0.0089285714285714,0.140625
"9115nh.t1manvol",12,"New Haven","9115",TRUE,0.0576923076923077,TRUE,0.1015625,-0.0576923076923077,0.0125
"9116nh.t1manvol",12,"New Haven","9116",FALSE,-0.0625,TRUE,0.03125,0.0625,0.109375
"9101nh.t1endexp",12,"New Haven","9101",TRUE,0.0291666686534882,TRUE,0.175000011920929,-0.0291666686534882,0
"9102nh.t1endexp",12,"New Haven","9102",FALSE,-0.0714285714285714,FALSE,0,0.0714285714285714,0.125
"9103nh.t1endexp",12,"New Haven","9103",TRUE,0.0749999965940202,TRUE,0.0999999940395355,-0.0749999965940202,-0.0649999976158142
"9104nh.t1endexp",12,"New Haven","9104",TRUE,0.104166666666667,TRUE,0.4375,-0.104166666666667,0.0625
"9105nh.t1endexp",12,"New Haven","9105",FALSE,-0.0125000000000001,TRUE,0.0833333333333334,0.0125000000000001,0.15625
"9106nh.t1endexp",12,"New Haven","9106",TRUE,0.15625,TRUE,0.208333333333333,-0.15625,0
"9107nh.t1endexp",12,"New Haven","9107",TRUE,0.302499997615814,TRUE,0.35833332935969,-0.302499997615814,-0.278571426868439
"9108nh.t1endexp",12,"New Haven","9108",TRUE,0.146875001490116,TRUE,0.3125,-0.146875001490116,-0.0916666686534882
"9109nh.t1endexp",12,"New Haven","9109",TRUE,0.0277777777777778,TRUE,0.075,-0.0277777777777778,0.03125
"9110nh.t1endexp",12,"New Haven","9110",FALSE,-0.046875,TRUE,0.375,0.046875,0.107142857142857
"9111nh.t1endexp",12,"New Haven","9111",TRUE,0.0295454534617338,FALSE,-0.0750000029802322,-0.0295454534617338,-0.0892857142857143
"9112nh.t1endexp",12,"New Haven","9112",FALSE,-0.015625,FALSE,0,0.015625,0.025
"9113nh.t1endexp",12,"New Haven","9113",TRUE,0.0749999980131786,TRUE,0.287499994039536,-0.0749999980131786,0.03125
"9114nh.t1endexp",12,"New Haven","9114",FALSE,-0.285714285714286,FALSE,-0.0416666666666667,0.285714285714286,0.46875
"9115nh.t1endexp",12,"New Haven","9115",FALSE,-0.138461539378533,FALSE,-0.171875,0.138461539378533,0.0850000023841857
"9116nh.t1endexp",12,"New Haven","9116",TRUE,0.087499996026357,TRUE,0.0625,-0.087499996026357,-0.0999999940395355
"9202nic2.t1envir",13,"National Issues Convention 2","9202",TRUE,0.0761111120382946,FALSE,-0.074999988079071,-0.0761111120382946,-0.0869047620466777
"9203nic2.t1envir",13,"National Issues Convention 2","9203",FALSE,-0.00937499827705324,FALSE,-0.074999988079071,0.00937499827705324,-2.66092148315522e-10
"9204nic2.t1envir",13,"National Issues Convention 2","9204",FALSE,-0.0388888895511628,FALSE,-0.0699999988079072,0.0388888895511628,0.0233333349227904
"9205nic2.t1envir",13,"National Issues Convention 2","9205",FALSE,-0.0190476184444769,FALSE,-0.049999992052714,0.0190476184444769,0.0106060620058668
"9206nic2.t1envir",13,"National Issues Convention 2","9206",FALSE,-0.0153846184794719,FALSE,-0.0374999940395355,0.0153846184794719,0.00555556267499924
"9207nic2.t1envir",13,"National Issues Convention 2","9207",TRUE,0.0505208317190409,TRUE,0.0449999988079073,-0.0505208317190409,-0.0530303012241017
"9209nic2.t1envir",13,"National Issues Convention 2","9209",FALSE,-0.0529761931725911,FALSE,-0.170833319425583,0.0529761931725911,0.0333333387970924
"9210nic2.t1envir",13,"National Issues Convention 2","9210",FALSE,-0.00297618763787411,FALSE,-0.0138888756434123,0.00297618763787411,0
"9211nic2.t1envir",13,"National Issues Convention 2","9211",FALSE,-0.00952380576304024,FALSE,-0.216666664928198,0.00952380576304024,-0.0733333379030227
"9212nic2.t1envir",13,"National Issues Convention 2","9212",TRUE,0.0297619072454317,TRUE,0.102083332836628,-0.0297619072454317,-0.000833337008953272
"9213nic2.t1envir",13,"National Issues Convention 2","9213",TRUE,0.0338888863722483,TRUE,0.050000011920929,-0.0338888863722483,-0.0314102516724513
"9214nic2.t1envir",13,"National Issues Convention 2","9214",TRUE,0.00333333412806203,FALSE,-0.195833325386047,-0.00333333412806203,-0.0339743586686942
"9215nic2.t1envir",13,"National Issues Convention 2","9215",FALSE,-0.0285714375121253,FALSE,0,0.0285714375121253,0.036363647742705
"9216nic2.t1envir",13,"National Issues Convention 2","9216",TRUE,0.0130952319928578,TRUE,0.125,-0.0130952319928578,-0.00448717291538536
"9217nic2.t1envir",13,"National Issues Convention 2","9217",TRUE,0.0423076932246869,TRUE,0.0166666706403097,-0.0423076932246869,-0.0499999999999999
"9218nic2.t1envir",13,"National Issues Convention 2","9218",TRUE,0.00512820539566183,FALSE,-0.0069444365799427,-0.00512820539566183,-0.0154761842318942
"9219nic2.t1envir",13,"National Issues Convention 2","9219",TRUE,0.0182291697710752,FALSE,-0.074999988079071,-0.0182291697710752,-0.0244444469610851
"9220nic2.t1envir",13,"National Issues Convention 2","9220",TRUE,0.0738095236676081,TRUE,0.181249991059303,-0.0738095236676081,-0.0308333367109298
"9221nic2.t1envir",13,"National Issues Convention 2","9221",TRUE,0.0283333291610082,TRUE,0.027777761220932,-0.0283333291610082,-0.0284722211460272
"9222nic2.t1envir",13,"National Issues Convention 2","9222",FALSE,-0.00833333035310113,TRUE,0.0562500059604646,0.00833333035310113,0.0406249985098839
"9223nic2.t1envir",13,"National Issues Convention 2","9223",FALSE,-0.0148809467043195,TRUE,0.0437500029802322,0.0148809467043195,0.0383333265781401
"9224nic2.t1envir",13,"National Issues Convention 2","9224",FALSE,-0.109027774383624,FALSE,-0.174999982118607,0.109027774383624,0.095833332836628
"9202nic2.t1usseca",13,"National Issues Convention 2","9202",FALSE,-0.0183333297570546,TRUE,0.0799999833107,0.0183333297570546,0.0253571378333228
"9203nic2.t1usseca",13,"National Issues Convention 2","9203",FALSE,-0.0403124913573263,TRUE,0.0549999773502351,0.0403124913573263,0.0539285583155494
"9204nic2.t1usseca",13,"National Issues Convention 2","9204",FALSE,-0.0193333347638448,FALSE,-0.0120000004768372,0.0193333347638448,0.0230000019073486
"9205nic2.t1usseca",13,"National Issues Convention 2","9205",FALSE,-0.0610714278050831,TRUE,0.0616666674613954,0.0610714278050831,0.09454545378685
"9206nic2.t1usseca",13,"National Issues Convention 2","9206",TRUE,0.000769230035635227,TRUE,0.0162499994039538,-0.000769230035635227,0.00611111190583968
"9207nic2.t1usseca",13,"National Issues Convention 2","9207",FALSE,-0.0300781223922968,FALSE,-0.00700000524520883,0.0300781223922968,0.0405681756409731
"9209nic2.t1usseca",13,"National Issues Convention 2","9209",FALSE,-0.00178571684019913,FALSE,-0.0174999833106995,0.00178571684019913,-0.000833327571550857
"9210nic2.t1usseca",13,"National Issues Convention 2","9210",TRUE,0.00785713962146206,TRUE,0.106666644414265,-0.00785713962146206,0.0190909071402116
"9211nic2.t1usseca",13,"National Issues Convention 2","9211",FALSE,-0.0560714176722935,TRUE,0.0387500077486037,0.0560714176722935,0.0939999878406524
"9212nic2.t1usseca",13,"National Issues Convention 2","9212",TRUE,0.0442857146263121,TRUE,0.0225000083446503,-0.0442857146263121,-0.052999997138977
"9213nic2.t1usseca",13,"National Issues Convention 2","9213",FALSE,-0.012666666507721,FALSE,-0.069999992847443,0.012666666507721,0.0038461547631482
"9214nic2.t1usseca",13,"National Issues Convention 2","9214",FALSE,-0.047333331902822,FALSE,-0.00250002741813704,0.047333331902822,0.0542307633620042
"9215nic2.t1usseca",13,"National Issues Convention 2","9215",FALSE,-0.0264285675116949,FALSE,-0.038333336512248,0.0264285675116949,0.0231818123297258
"9216nic2.t1usseca",13,"National Issues Convention 2","9216",FALSE,-0.0089285735573088,TRUE,0.115000009536743,0.0089285735573088,0.0184615414876206
"9217nic2.t1usseca",13,"National Issues Convention 2","9217",FALSE,-0.0246153886501607,FALSE,-0.00666668017705296,0.0246153886501607,0.0300000011920929
"9218nic2.t1usseca",13,"National Issues Convention 2","9218",TRUE,0.0165384595210737,TRUE,0.0899999936421714,-0.0165384595210737,0.0464285697255814
"9219nic2.t1usseca",13,"National Issues Convention 2","9219",FALSE,-0.0444791708141564,TRUE,0.024999976158143,0.0444791708141564,0.049111113945643
"9220nic2.t1usseca",13,"National Issues Convention 2","9220",FALSE,-0.0407142894608632,TRUE,0.0474999845027925,0.0407142894608632,0.0759999990463256
"9221nic2.t1usseca",13,"National Issues Convention 2","9221",FALSE,-0.0668333331743876,TRUE,0.00916665792465199,0.0668333331743876,0.0858333309491474
"9222nic2.t1usseca",13,"National Issues Convention 2","9222",TRUE,0.0195833444595338,TRUE,0.108750000596047,-0.0195833444595338,0.0249999836087228
"9223nic2.t1usseca",13,"National Issues Convention 2","9223",TRUE,0.0505357044083732,TRUE,0.0524999797344208,-0.0505357044083732,-0.0497499942779541
"9224nic2.t1usseca",13,"National Issues Convention 2","9224",FALSE,-0.000833322604497311,TRUE,0.012499988079071,0.000833322604497311,0.00349998474121105
"9202nic2.t1humrh2",13,"National Issues Convention 2","9202",TRUE,1.98682148511153e-09,TRUE,0.100000023841858,-1.98682148511153e-09,0.00714285671710968
"9203nic2.t1humrh2",13,"National Issues Convention 2","9203",TRUE,0.0250000022351742,TRUE,0.25,-0.0250000022351742,0.00714285458837238
"9204nic2.t1humrh2",13,"National Issues Convention 2","9204",FALSE,-5.9604644553346e-09,FALSE,-5.9604644553346e-09,5.9604644553346e-09,5.9604644553346e-09
"9205nic2.t1humrh2",13,"National Issues Convention 2","9205",TRUE,0.121428572705814,TRUE,0.166666666666667,-0.121428572705814,-0.10909091071649
"9206nic2.t1humrh2",13,"National Issues Convention 2","9206",FALSE,-0.0230769171164587,TRUE,0.0749999955296515,0.0230769171164587,0.0666666560702853
"9207nic2.t1humrh2",13,"National Issues Convention 2","9207",TRUE,4.65661287307739e-09,FALSE,-0.0799999922513962,-4.65661287307739e-09,-0.0363636396147988
"9209nic2.t1humrh2",13,"National Issues Convention 2","9209",TRUE,3.19310589080857e-09,TRUE,0.0999999940395355,-3.19310589080857e-09,0.0166666619479656
"9210nic2.t1humrh2",13,"National Issues Convention 2","9210",FALSE,-0.021428570151329,TRUE,0.23333332935969,0.021428570151329,0.0909090881997889
"9211nic2.t1humrh2",13,"National Issues Convention 2","9211",TRUE,0.0285714311259133,TRUE,7.45058048590153e-09,-0.0285714311259133,-0.0400000005960465
"9212nic2.t1humrh2",13,"National Issues Convention 2","9212",TRUE,1.17080553030391e-08,TRUE,0.17500001937151,-1.17080553030391e-08,0.0699999913573265
"9213nic2.t1humrh2",13,"National Issues Convention 2","9213",FALSE,-0.0866666714350383,FALSE,-0.050000011920929,0.0866666714350383,0.0923076959756703
"9214nic2.t1humrh2",13,"National Issues Convention 2","9214",FALSE,-0.0933333237965901,TRUE,2.98023223876953e-08,0.0933333237965901,0.107692301273346
"9215nic2.t1humrh2",13,"National Issues Convention 2","9215",FALSE,-0.0857142901846342,FALSE,0,0.0857142901846342,0.109090914780444
"9216nic2.t1humrh2",13,"National Issues Convention 2","9216",TRUE,0.0714285799435208,TRUE,0.199999988079071,-0.0714285799435208,-0.0615384716254015
"9217nic2.t1humrh2",13,"National Issues Convention 2","9217",FALSE,-0.0461538342329172,FALSE,-0.0999999841054281,0.0461538342329172,0.029999989271164
"9218nic2.t1humrh2",13,"National Issues Convention 2","9218",FALSE,-0.0769230746305906,FALSE,-0.149999991059303,0.0769230746305906,0.0142857176916941
"9219nic2.t1humrh2",13,"National Issues Convention 2","9219",TRUE,1.86264503820865e-09,FALSE,0,-1.86264503820865e-09,-1.98682148511153e-09
"9220nic2.t1humrh2",13,"National Issues Convention 2","9220",FALSE,-0.0714285671710968,TRUE,1.490116130487e-08,0.0714285671710968,0.1
"9221nic2.t1humrh2",13,"National Issues Convention 2","9221",FALSE,-0.0333333318432172,FALSE,-0.099999984105428,0.0333333318432172,0.0166666687776644
"9222nic2.t1humrh2",13,"National Issues Convention 2","9222",FALSE,-0.0749999955296516,TRUE,0.0750000067055225,0.0749999955296516,0.149999996647239
"9223nic2.t1humrh2",13,"National Issues Convention 2","9223",TRUE,0.0500000012772425,TRUE,0.0999999940395355,-0.0500000012772425,-0.0300000041723252
"9224nic2.t1humrh2",13,"National Issues Convention 2","9224",TRUE,0.0083333278695743,TRUE,0.149999976158142,-0.0083333278695743,0.0200000017881393
"9202nic2.t1multi",13,"National Issues Convention 2","9202",TRUE,0.0536904851595564,TRUE,0.0364583730697641,-0.0536904851595564,-0.0549213503088273
"9203nic2.t1multi",13,"National Issues Convention 2","9203",FALSE,-0.0871961805969477,TRUE,0.00647321343421914,0.0871961805969477,0.1005775226014
"9204nic2.t1multi",13,"National Issues Convention 2","9204",TRUE,0.0646494805812835,TRUE,0.0958630979061126,-0.0646494805812835,-0.049042671918869
"9205nic2.t1multi",13,"National Issues Convention 2","9205",TRUE,0.0404166664396014,TRUE,0.122569441795349,-0.0404166664396014,-0.0180113640698519
"9206nic2.t1multi",13,"National Issues Convention 2","9206",TRUE,0.00418956004656301,TRUE,0.0556175708770755,-0.00418956004656301,0.018667333655887
"9207nic2.t1multi",13,"National Issues Convention 2","9207",TRUE,0.0543433874845508,TRUE,0.0878571510314942,-0.0543433874845508,-0.0391098585995765
"9209nic2.t1multi",13,"National Issues Convention 2","9209",FALSE,-0.0524872413703374,FALSE,-0.0192708075046534,0.0524872413703374,0.0580233136812848
"9210nic2.t1multi",13,"National Issues Convention 2","9210",TRUE,0.0538407010691506,TRUE,0.0698908766110741,-0.0538407010691506,-0.049463380466808
"9211nic2.t1multi",13,"National Issues Convention 2","9211",TRUE,0.074804425239563,TRUE,0.038430064916611,-0.074804425239563,-0.0893541693687439
"9212nic2.t1multi",13,"National Issues Convention 2","9212",FALSE,-0.0275276345866067,TRUE,0.00640626251697585,0.0275276345866067,0.0411011934280398
"9213nic2.t1multi",13,"National Issues Convention 2","9213",TRUE,0.0391567428906761,TRUE,0.0625,-0.0391567428906761,-0.0355654725661647
"9214nic2.t1multi",13,"National Issues Convention 2","9214",TRUE,0.0508961598078411,TRUE,0.22187501192093,-0.0508961598078411,-0.0245917210212122
"9215nic2.t1multi",13,"National Issues Convention 2","9215",FALSE,-0.00592049317700516,TRUE,0.073561509450277,0.00592049317700516,0.0275974029844457
"9216nic2.t1multi",13,"National Issues Convention 2","9216",TRUE,0.0744154027530127,TRUE,0.0812500119209291,-0.0744154027530127,-0.0738896635862498
"9217nic2.t1multi",13,"National Issues Convention 2","9217",TRUE,0.0711653049175559,TRUE,0.101339300473531,-0.0711653049175559,-0.0621131062507632
"9218nic2.t1multi",13,"National Issues Convention 2","9218",FALSE,-0.0226381237690265,FALSE,-0.0426835318406424,0.0226381237690265,0.0054563454219273
"9219nic2.t1multi",13,"National Issues Convention 2","9219",FALSE,-0.049383068457246,TRUE,0.065476179122925,0.049383068457246,0.0570403516292575
"9220nic2.t1multi",13,"National Issues Convention 2","9220",FALSE,-0.0731753025736126,TRUE,0.0122519880533217,0.0731753025736126,0.107346218824386
"9221nic2.t1multi",13,"National Issues Convention 2","9221",TRUE,0.0811541095376016,TRUE,0.145502666632335,-0.0811541095376016,-0.0650669702639184
"9222nic2.t1multi",13,"National Issues Convention 2","9222",TRUE,0.0513186256090802,TRUE,0.161123514175415,-0.0513186256090802,0.00358381867408741
"9223nic2.t1multi",13,"National Issues Convention 2","9223",TRUE,0.0939944812229703,TRUE,0.191220238804818,-0.0939944812229703,-0.0551041781902314
"9224nic2.t1multi",13,"National Issues Convention 2","9224",TRUE,0.0549842889110248,TRUE,0.033749982714653,-0.0549842889110248,-0.0592311501502991
"9202nic2.t1inter",13,"National Issues Convention 2","9202",TRUE,0.0845238095238096,TRUE,1,-0.0845238095238096,-0.0178571428571428
"9203nic2.t1inter",13,"National Issues Convention 2","9203",TRUE,0.046875,TRUE,0.375,-0.046875,0
"9204nic2.t1inter",13,"National Issues Convention 2","9204",FALSE,-0.127380952380952,FALSE,-0.15,0.127380952380952,0.111111111111111
"9205nic2.t1inter",13,"National Issues Convention 2","9205",TRUE,0.196428571428571,TRUE,0.416666666666667,-0.196428571428571,-0.136363636363636
"9206nic2.t1inter",13,"National Issues Convention 2","9206",FALSE,-0.0016025641025641,TRUE,0.1875,0.0016025641025641,0.0798611111111112
"9207nic2.t1inter",13,"National Issues Convention 2","9207",TRUE,0.171875,TRUE,0.15,-0.171875,-0.181818181818182
"9209nic2.t1inter",13,"National Issues Convention 2","9209",FALSE,-0.0178571428571429,TRUE,0.25,0.0178571428571429,0.0625
"9210nic2.t1inter",13,"National Issues Convention 2","9210",TRUE,0.214285714285714,TRUE,0.25,-0.214285714285714,-0.204545454545455
"9211nic2.t1inter",13,"National Issues Convention 2","9211",TRUE,0.125,TRUE,0.0625,-0.125,-0.15
"9212nic2.t1inter",13,"National Issues Convention 2","9212",TRUE,0.160714285714286,TRUE,0.0625,-0.160714285714286,-0.2
"9213nic2.t1inter",13,"National Issues Convention 2","9213",FALSE,-0.2,TRUE,0.125,0.2,0.25
"9214nic2.t1inter",13,"National Issues Convention 2","9214",FALSE,-0.108333333333333,FALSE,0,0.108333333333333,0.123397435897436
"9215nic2.t1inter",13,"National Issues Convention 2","9215",FALSE,-0.0357142857142858,FALSE,-0.0833333333333334,0.0357142857142858,0.0227272727272727
"9216nic2.t1inter",13,"National Issues Convention 2","9216",TRUE,0.107142857142857,TRUE,0.25,-0.107142857142857,-0.0961538461538461
"9217nic2.t1inter",13,"National Issues Convention 2","9217",FALSE,-0.192307692307692,FALSE,0,0.192307692307692,0.25
"9218nic2.t1inter",13,"National Issues Convention 2","9218",FALSE,0,FALSE,-0.125,0,-0.107142857142857
"9219nic2.t1inter",13,"National Issues Convention 2","9219",TRUE,0.046875,FALSE,-0.25,-0.046875,-0.0666666666666667
"9220nic2.t1inter",13,"National Issues Convention 2","9220",TRUE,0.0934065934065934,TRUE,0.1875,-0.0934065934065934,-0.0527777777777778
"9221nic2.t1inter",13,"National Issues Convention 2","9221",TRUE,0.15,TRUE,0.25,-0.15,-0.125
"9222nic2.t1inter",13,"National Issues Convention 2","9222",TRUE,0.145833333333333,TRUE,0.0625,-0.145833333333333,-0.1875
"9223nic2.t1inter",13,"National Issues Convention 2","9223",TRUE,0.125,TRUE,0.1875,-0.125,-0.1
"9224nic2.t1inter",13,"National Issues Convention 2","9224",TRUE,0.00946969696969702,FALSE,-0.125,-0.00946969696969702,-0.0361111111111112
"9202nic2.t1global",13,"National Issues Convention 2","9202",FALSE,-0.0479444364706675,FALSE,-0.0375000238418579,0.0479444364706675,0.0486904659441539
"9203nic2.t1global",13,"National Issues Convention 2","9203",TRUE,0.0521527845412495,TRUE,0.0597222447395329,-0.0521527845412495,-0.0510714330843519
"9204nic2.t1global",13,"National Issues Convention 2","9204",FALSE,-0.0738888839880624,FALSE,-0.0577777683734889,0.0738888839880624,0.0819444417953492
"9205nic2.t1global",13,"National Issues Convention 2","9205",TRUE,0.128273812787873,TRUE,0.14851850271225,-0.128273812787873,-0.122752533717589
"9206nic2.t1global",13,"National Issues Convention 2","9206",FALSE,-0.131047010421753,FALSE,-0.178472213447094,0.131047010421753,0.10996914241049
"9207nic2.t1global",13,"National Issues Convention 2","9207",TRUE,0.0966145759448408,TRUE,0.0947222262620925,-0.0966145759448408,-0.0974747348915445
"9209nic2.t1global",13,"National Issues Convention 2","9209",TRUE,0.0832738120641027,FALSE,-0.05416664481163,-0.0832738120641027,-0.106180554876725
"9210nic2.t1global",13,"National Issues Convention 2","9210",TRUE,0.089246030364718,FALSE,-0.0194444259007767,-0.089246030364718,-0.118888882073489
"9211nic2.t1global",13,"National Issues Convention 2","9211",TRUE,0.142956352659634,TRUE,0.119444437325001,-0.142956352659634,-0.152361118793488
"9212nic2.t1global",13,"National Issues Convention 2","9212",FALSE,-0.100476196834019,FALSE,-0.151666648685932,0.100476196834019,0.080000016093254
"9213nic2.t1global",13,"National Issues Convention 2","9213",FALSE,-0.151370360329747,FALSE,-0.222222223877907,0.151370360329747,0.14047007363003
"9214nic2.t1global",13,"National Issues Convention 2","9214",TRUE,0.148129634062449,FALSE,-0.0638888776302334,-0.148129634062449,-0.180747866630554
"9215nic2.t1global",13,"National Issues Convention 2","9215",TRUE,0.0638888925313947,TRUE,0.180092593034108,-0.0638888925313947,-0.0321969742124729
"9216nic2.t1global",13,"National Issues Convention 2","9216",TRUE,0.0482142865657806,TRUE,0.191666662693023,-0.0482142865657806,-0.0371794884021466
"9217nic2.t1global",13,"National Issues Convention 2","9217",FALSE,-0.0730341764596792,FALSE,-0.069444417953491,0.0730341764596792,0.0741111040115358
"9218nic2.t1global",13,"National Issues Convention 2","9218",TRUE,0.0210042687562796,FALSE,-0.0366666664679846,-0.0210042687562796,-0.0704364989485059
"9219nic2.t1global",13,"National Issues Convention 2","9219",TRUE,0.0660590194165706,FALSE,-0.011111080646515,-0.0660590194165706,-0.0712036927541095
"9220nic2.t1global",13,"National Issues Convention 2","9220",FALSE,-0.140476190618106,TRUE,0.0152777954936028,0.140476190618106,0.20277778506279
"9221nic2.t1global",13,"National Issues Convention 2","9221",TRUE,0.0931481550137202,TRUE,0.091851860284805,-0.0931481550137202,-0.093472228695949
"9222nic2.t1global",13,"National Issues Convention 2","9222",TRUE,0.175486102079352,TRUE,0.206249983981252,-0.175486102079352,-0.160104161128402
"9223nic2.t1global",13,"National Issues Convention 2","9223",FALSE,-0.0702380921159471,TRUE,0.0262500122189523,0.0702380921159471,0.108833333849907
"9224nic2.t1global",13,"National Issues Convention 2","9224",FALSE,-0.0152777805924414,TRUE,0.0111111104488375,0.0152777805924414,0.0205555588006971
"9202nic2.t1demo",13,"National Issues Convention 2","9202",FALSE,-0.0675925960143405,TRUE,0.0361111164093021,0.0675925960143405,0.0750000040446007
"9203nic2.t1demo",13,"National Issues Convention 2","9203",TRUE,0.0520138889551165,TRUE,0.020833343267441,-0.0520138889551165,-0.0564682526247843
"9204nic2.t1demo",13,"National Issues Convention 2","9204",TRUE,0.0267407457033794,TRUE,0.0591111302375792,-0.0267407457033794,-0.0105555534362792
"9205nic2.t1demo",13,"National Issues Convention 2","9205",FALSE,-0.0575396801744187,TRUE,0.0490740537643436,0.0575396801744187,0.0866161530668085
"9206nic2.t1demo",13,"National Issues Convention 2","9206",TRUE,0.0536324771550987,TRUE,0.0840277820825576,-0.0536324771550987,-0.0401234527428947
"9207nic2.t1demo",13,"National Issues Convention 2","9207",TRUE,0.115625001490116,TRUE,0.0833333313465119,-0.115625001490116,-0.130303033373573
"9209nic2.t1demo",13,"National Issues Convention 2","9209",FALSE,-0.0309523854936873,TRUE,0.180555567145348,0.0309523854936873,0.0662037109335264
"9210nic2.t1demo",13,"National Issues Convention 2","9210",TRUE,0.0287698427481311,TRUE,0.0407407507300373,-0.0287698427481311,-0.0255050496621566
"9211nic2.t1demo",13,"National Issues Convention 2","9211",TRUE,0.0731746022190367,FALSE,-0.0784722194075582,-0.0731746022190367,-0.133833330869675
"9212nic2.t1demo",13,"National Issues Convention 2","9212",TRUE,0.028611108660698,TRUE,0.0418055653572084,-0.028611108660698,-0.0233333259820938
"9213nic2.t1demo",13,"National Issues Convention 2","9213",FALSE,-0.103518512845039,TRUE,0.163888901472092,0.103518512845039,0.144658115047675
"9214nic2.t1demo",13,"National Issues Convention 2","9214",TRUE,0.111481476823489,FALSE,-0.0694444477558129,-0.111481476823489,-0.139316234451074
"9215nic2.t1demo",13,"National Issues Convention 2","9215",FALSE,-0.0413888841867445,TRUE,0.0814814964930217,0.0413888841867445,0.074898988008499
"9216nic2.t1demo",13,"National Issues Convention 2","9216",FALSE,-0.0158730106694358,TRUE,0.100000023841858,0.0158730106694358,0.0247863210164585
"9217nic2.t1demo",13,"National Issues Convention 2","9217",FALSE,-0.0497863200994638,TRUE,0.00648146867752064,0.0497863200994638,0.0666666567325592
"9218nic2.t1demo",13,"National Issues Convention 2","9218",FALSE,-0.0651709506144891,FALSE,-0.0393518557151159,0.0651709506144891,0.0873016033853804
"9219nic2.t1demo",13,"National Issues Convention 2","9219",FALSE,-0.112291648983955,FALSE,-0.0527777671813969,0.112291648983955,0.116259241104126
"9220nic2.t1demo",13,"National Issues Convention 2","9220",TRUE,0.106746032834053,TRUE,0.11180555075407,-0.106746032834053,-0.104722225666046
"9221nic2.t1demo",13,"National Issues Convention 2","9221",TRUE,0.0867407480875652,TRUE,0.166666676600774,-0.0867407480875652,-0.0667592659592628
"9222nic2.t1demo",13,"National Issues Convention 2","9222",TRUE,0.123194433748722,TRUE,0.107222195714712,-0.123194433748722,-0.131180552765727
"9223nic2.t1demo",13,"National Issues Convention 2","9223",TRUE,0.0450992158481053,TRUE,0.0800694525241853,-0.0450992158481053,-0.0311111211776733
"9224nic2.t1demo",13,"National Issues Convention 2","9224",TRUE,0.0171296298503876,TRUE,0.166666656732559,-0.0171296298503876,0.0127777755260468
"9202nic2.t1forai1",13,"National Issues Convention 2","9202",TRUE,0.126190476190476,FALSE,0,-0.126190476190476,-0.134615384615385
"9203nic2.t1forai1",13,"National Issues Convention 2","9203",FALSE,-0.3125,TRUE,0.25,0.3125,0.395604395604396
"9204nic2.t1forai1",13,"National Issues Convention 2","9204",TRUE,0.304761904761905,TRUE,0.2,-0.304761904761905,-0.355555555555556
"9205nic2.t1forai1",13,"National Issues Convention 2","9205",TRUE,0.383116883116883,TRUE,0.5,-0.383116883116883,-0.346590909090909
"9206nic2.t1forai1",13,"National Issues Convention 2","9206",TRUE,0.397435897435897,TRUE,0.375,-0.397435897435897,-0.402777777777778
"9207nic2.t1forai1",13,"National Issues Convention 2","9207",TRUE,0.15625,FALSE,0,-0.15625,-0.227272727272727
"9209nic2.t1forai1",13,"National Issues Convention 2","9209",FALSE,0,FALSE,0,0,0
"9210nic2.t1forai1",13,"National Issues Convention 2","9210",TRUE,0.326923076923077,TRUE,0.333333333333333,-0.326923076923077,-0.318181818181818
"9211nic2.t1forai1",13,"National Issues Convention 2","9211",TRUE,0.25,TRUE,0.125,-0.25,-0.3
"9212nic2.t1forai1",13,"National Issues Convention 2","9212",FALSE,-0.362637362637363,FALSE,-0.25,0.362637362637363,0.411111111111111
"9213nic2.t1forai1",13,"National Issues Convention 2","9213",FALSE,-0.133333333333333,FALSE,0,0.133333333333333,0.153846153846154
"9214nic2.t1forai1",13,"National Issues Convention 2","9214",FALSE,-0.282967032967033,TRUE,0.25,0.282967032967033,0.333333333333333
"9215nic2.t1forai1",13,"National Issues Convention 2","9215",FALSE,-0.25,TRUE,0.25,0.25,0.368181818181818
"9216nic2.t1forai1",13,"National Issues Convention 2","9216",TRUE,0.285714285714286,TRUE,0.5,-0.285714285714286,-0.269230769230769
"9217nic2.t1forai1",13,"National Issues Convention 2","9217",FALSE,-0.224358974358974,FALSE,-0.25,0.224358974358974,0.2
"9218nic2.t1forai1",13,"National Issues Convention 2","9218",FALSE,-0.00769230769230766,FALSE,-0.166666666666667,0.00769230769230766,-0.0535714285714286
"9219nic2.t1forai1",13,"National Issues Convention 2","9219",TRUE,0.21875,FALSE,0,-0.21875,-0.228205128205128
"9220nic2.t1forai1",13,"National Issues Convention 2","9220",TRUE,0.211538461538462,TRUE,0.333333333333333,-0.211538461538462,-0.2
"9221nic2.t1forai1",13,"National Issues Convention 2","9221",TRUE,0.204761904761905,FALSE,0,-0.204761904761905,-0.253787878787879
"9222nic2.t1forai1",13,"National Issues Convention 2","9222",FALSE,0,FALSE,0,0,0
"9223nic2.t1forai1",13,"National Issues Convention 2","9223",TRUE,0.307692307692308,TRUE,0.333333333333333,-0.307692307692308,-0.322222222222222
"9224nic2.t1forai1",13,"National Issues Convention 2","9224",FALSE,-0.212121212121212,TRUE,0.25,0.212121212121212,0.3
"9202nic2.t1trade_b",13,"National Issues Convention 2","9202",FALSE,-0.00714285714285712,TRUE,0.5,0.00714285714285712,0.0467032967032968
"9203nic2.t1trade_b",13,"National Issues Convention 2","9203",FALSE,-0.116666666666667,FALSE,0,0.116666666666667,0.134615384615385
"9204nic2.t1trade_b",13,"National Issues Convention 2","9204",TRUE,0.0380952380952381,TRUE,0.1,-0.0380952380952381,0
"9205nic2.t1trade_b",13,"National Issues Convention 2","9205",TRUE,0.0642857142857143,TRUE,0.416666666666667,-0.0642857142857143,0.0227272727272727
"9206nic2.t1trade_b",13,"National Issues Convention 2","9206",TRUE,0.208333333333333,TRUE,0.458333333333333,-0.208333333333333,-0.0972222222222222
"9207nic2.t1trade_b",13,"National Issues Convention 2","9207",FALSE,-0.177083333333333,FALSE,-0.266666666666667,0.177083333333333,0.131313131313131
"9209nic2.t1trade_b",13,"National Issues Convention 2","9209",FALSE,-0.131410256410256,FALSE,0,0.131410256410256,0.163636363636364
"9210nic2.t1trade_b",13,"National Issues Convention 2","9210",TRUE,0.343406593406593,FALSE,0,-0.343406593406593,-0.454545454545455
"9211nic2.t1trade_b",13,"National Issues Convention 2","9211",FALSE,0,FALSE,0,0,0
"9212nic2.t1trade_b",13,"National Issues Convention 2","9212",TRUE,0.227272727272727,TRUE,0.625,-0.227272727272727,-0.15
"9213nic2.t1trade_b",13,"National Issues Convention 2","9213",TRUE,0.0952380952380952,TRUE,0.5,-0.0952380952380952,-0.0594405594405595
"9214nic2.t1trade_b",13,"National Issues Convention 2","9214",FALSE,-0.240384615384615,FALSE,-0.25,0.240384615384615,0.240909090909091
"9215nic2.t1trade_b",13,"National Issues Convention 2","9215",FALSE,-0.0209790209790209,TRUE,0.166666666666667,0.0209790209790209,0.0875
"9216nic2.t1trade_b",13,"National Issues Convention 2","9216",FALSE,-0.178030303030303,FALSE,0,0.178030303030303,0.195454545454545
"9217nic2.t1trade_b",13,"National Issues Convention 2","9217",TRUE,0.219230769230769,TRUE,0.666666666666667,-0.219230769230769,-0.057142857142857
"9218nic2.t1trade_b",13,"National Issues Convention 2","9218",FALSE,-0.0104895104895105,TRUE,0.116666666666667,0.0104895104895105,0.119047619047619
"9219nic2.t1trade_b",13,"National Issues Convention 2","9219",TRUE,0.182692307692308,TRUE,1,-0.182692307692308,-0.125
"9220nic2.t1trade_b",13,"National Issues Convention 2","9220",FALSE,-0.119047619047619,TRUE,0.208333333333333,0.119047619047619,0.238888888888889
"9221nic2.t1trade_b",13,"National Issues Convention 2","9221",FALSE,-0.166666666666667,FALSE,0,0.166666666666667,0.125
"9222nic2.t1trade_b",13,"National Issues Convention 2","9222",FALSE,0,FALSE,0,0,0
"9223nic2.t1trade_b",13,"National Issues Convention 2","9223",TRUE,0.0884615384615384,TRUE,0.0833333333333333,-0.0884615384615384,-0.0952380952380952
"9224nic2.t1trade_b",13,"National Issues Convention 2","9224",TRUE,0.116666666666667,TRUE,0.25,-0.116666666666667,-0.0875
"9544501nic1.t1att1",20,"National Issues Convention","9544501",TRUE,0.0624999999993745,TRUE,0.222222222221666,-0.0624999999993745,0.142857142857858
"9544502nic1.t1att1",20,"National Issues Convention","9544502",TRUE,0.133333333333667,TRUE,0.187500000001251,-0.133333333333667,-0.0714285714278566
"9544503nic1.t1att1",20,"National Issues Convention","9544503",TRUE,0.176470588235588,TRUE,0.250000000001668,-0.176470588235588,-0.136363636363181
"9544504nic1.t1att1",20,"National Issues Convention","9544504",FALSE,-0.117647058822941,FALSE,-0.0625,0.117647058822941,0.166666666665555
"9544505nic1.t1att1",20,"National Issues Convention","9544505",FALSE,0,TRUE,0.0624999999993745,0,0.0833333333324993
"9544506nic1.t1att1",20,"National Issues Convention","9544506",FALSE,-0.0833333333344453,FALSE,-0.062500000001251,0.0833333333344453,0.100000000001001
"9544507nic1.t1att1",20,"National Issues Convention","9544507",TRUE,0.100000000002002,TRUE,0.166666666670003,-0.100000000002002,-0.0555555555566676
"9544508nic1.t1att1",20,"National Issues Convention","9544508",TRUE,0.0277777777777778,FALSE,-0.0625,-0.0277777777777778,-0.1
"9544509nic1.t1att1",20,"National Issues Convention","9544509",FALSE,-0.0555555555561116,FALSE,-0.166666666666667,0.0555555555561116,0
"9544510nic1.t1att1",20,"National Issues Convention","9544510",FALSE,-0.153846153846539,FALSE,-0.299999999998999,0.153846153846539,0.062500000001251
"9544511nic1.t1att1",20,"National Issues Convention","9544511",FALSE,-0.0625000000006255,FALSE,-0.200000000002002,0.0625000000006255,0
"9544512nic1.t1att1",20,"National Issues Convention","9544512",TRUE,0.0555555555561116,TRUE,0.0500000000010008,-0.0555555555561116,-0.0625
"9544513nic1.t1att1",20,"National Issues Convention","9544513",FALSE,0,FALSE,-0.250000000002502,0,-0.0357142857150006
"9544514nic1.t1att1",20,"National Issues Convention","9544514",FALSE,-0.1,TRUE,0.0833333333324994,0.1,0.222222222221666
"9544515nic1.t1att1",20,"National Issues Convention","9544515",FALSE,-0.0769230769234618,FALSE,-0.0625000000006255,0.0769230769234618,0.1
"9544516nic1.t1att1",20,"National Issues Convention","9544516",FALSE,0,TRUE,0.166666666667501,0,0.111111111110555
"9544517nic1.t1att1",20,"National Issues Convention","9544517",TRUE,0.0357142857146432,FALSE,0,-0.0357142857146432,-0.0714285714292864
"9544518nic1.t1att1",20,"National Issues Convention","9544518",FALSE,-0.156250000000938,FALSE,-0.125000000001876,0.156250000000938,0.1875
"9544519nic1.t1att1",20,"National Issues Convention","9544519",FALSE,-0.088235294116764,TRUE,0.0714285714300011,0.088235294116764,0.1999999999995
"9544520nic1.t1att1",20,"National Issues Convention","9544520",TRUE,0.269230769232694,TRUE,0.333333333335835,-0.269230769232694,-0.214285714287144
"9544521nic1.t1att1",20,"National Issues Convention","9544521",TRUE,0.125000000000625,TRUE,0.0625,-0.125000000000625,-0.187500000001251
"9544522nic1.t1att1",20,"National Issues Convention","9544522",FALSE,-0.115384615385,FALSE,-0.166666666667501,0.115384615385,0.0714285714285714
"9544523nic1.t1att1",20,"National Issues Convention","9544523",FALSE,-0.0833333333333333,FALSE,-0.166666666666667,0.0833333333333333,0
"9544524nic1.t1att1",20,"National Issues Convention","9544524",TRUE,0.0588235294123534,TRUE,0.166666666667501,-0.0588235294123534,0
"9544525nic1.t1att1",20,"National Issues Convention","9544525",FALSE,-0.133333333334001,FALSE,-0.187500000000625,0.133333333334001,0.0714285714292863
"9544526nic1.t1att1",20,"National Issues Convention","9544526",TRUE,0.0833333333344454,TRUE,0.250000000001876,-0.0833333333344454,0.0499999999994996
"9544527nic1.t1att1",20,"National Issues Convention","9544527",FALSE,0,TRUE,0.0833333333333333,0,0.100000000001001
"9544528nic1.t1att1",20,"National Issues Convention","9544528",TRUE,0.0714285714274991,TRUE,0.0714285714278565,-0.0714285714274991,-0.0714285714271418
"9544529nic1.t1att1",20,"National Issues Convention","9544529",FALSE,-0.107142857141785,TRUE,0.0833333333350013,0.107142857141785,0.249999999999375
"9544530nic1.t1att1",20,"National Issues Convention","9544530",FALSE,-0.0666666666670003,TRUE,1.66799907219684e-12,0.0666666666670003,0.111111111112779
"9544501nic1.t1att2",20,"National Issues Convention","9544501",TRUE,0.125000000000938,TRUE,0.166666666667779,-0.125000000000938,-0.0714285714292862
"9544502nic1.t1att2",20,"National Issues Convention","9544502",TRUE,0.0999999999996665,TRUE,0.0624999999993745,-0.0999999999996665,-0.142857142857143
"9544503nic1.t1att2",20,"National Issues Convention","9544503",FALSE,-0.117647058823824,FALSE,-0.166666666668335,0.117647058823824,0.090909090908636
"9544504nic1.t1att2",20,"National Issues Convention","9544504",FALSE,-0.0882352941173527,FALSE,-0.125,0.0882352941173527,0.0555555555549995
"9544505nic1.t1att2",20,"National Issues Convention","9544505",FALSE,0,TRUE,1.87649895622144e-12,0,0
"9544506nic1.t1att2",20,"National Issues Convention","9544506",TRUE,0.138888888890001,TRUE,0.125000000001251,-0.138888888890001,-0.150000000001001
"9544507nic1.t1att2",20,"National Issues Convention","9544507",FALSE,-0.0666666666683347,FALSE,-3.33599814439367e-12,0.0666666666683347,0.111111111111667
"9544508nic1.t1att2",20,"National Issues Convention","9544508",FALSE,0,FALSE,0,0,0
"9544509nic1.t1att2",20,"National Issues Convention","9544509",TRUE,0.166666666667223,TRUE,0.25,-0.166666666667223,-0.125000000000834
"9544510nic1.t1att2",20,"National Issues Convention","9544510",FALSE,0,FALSE,0,0,-1.25099930414763e-12
"9544511nic1.t1att2",20,"National Issues Convention","9544511",TRUE,0.0937500000006255,TRUE,0.300000000002002,-0.0937500000006255,0
"9544512nic1.t1att2",20,"National Issues Convention","9544512",TRUE,0.0555555555563896,TRUE,0.100000000001501,-0.0555555555563896,0
"9544513nic1.t1att2",20,"National Issues Convention","9544513",FALSE,0,FALSE,0,0,0
"9544514nic1.t1att2",20,"National Issues Convention","9544514",TRUE,0.0666666666670003,TRUE,0.166666666668335,-0.0666666666670003,0
"9544515nic1.t1att2",20,"National Issues Convention","9544515",TRUE,0.115384615383846,TRUE,0.124999999998749,-0.115384615383846,-0.1
"9544516nic1.t1att2",20,"National Issues Convention","9544516",FALSE,0,FALSE,0,0,-0.0555555555561116
"9544517nic1.t1att2",20,"National Issues Convention","9544517",FALSE,-0.1071428571425,FALSE,-0.0714285714285714,0.1071428571425,0.142857142856428
"9544518nic1.t1att2",20,"National Issues Convention","9544518",FALSE,-0.0624999999990618,FALSE,-0.0624999999981235,0.0624999999990618,0.0625
"9544519nic1.t1att2",20,"National Issues Convention","9544519",TRUE,0.0882352941164697,TRUE,0.142857142855713,-0.0882352941164697,-0.0499999999989992
"9544520nic1.t1att2",20,"National Issues Convention","9544520",TRUE,0.115384615383076,TRUE,0.249999999998332,-0.115384615383076,1.42968969996105e-12
"9544521nic1.t1att2",20,"National Issues Convention","9544521",FALSE,-0.0625,TRUE,0.0625,0.0625,0.1875
"9544522nic1.t1att2",20,"National Issues Convention","9544522",TRUE,0.153846153846539,TRUE,0.500000000000834,-0.153846153846539,0.142857142857143
"9544523nic1.t1att2",20,"National Issues Convention","9544523",TRUE,0.0416666666658327,FALSE,0,-0.0416666666658327,-0.0833333333324994
"9544524nic1.t1att2",20,"National Issues Convention","9544524",TRUE,0.147058823530001,FALSE,0,-0.147058823530001,-0.227272727273182
"9544525nic1.t1att2",20,"National Issues Convention","9544525",TRUE,0.166666666667,TRUE,0.250000000000625,-0.166666666667,-0.0714285714285714
"9544526nic1.t1att2",20,"National Issues Convention","9544526",TRUE,0.0277777777788897,TRUE,0.125000000001876,-0.0277777777788897,0.0499999999994996
"9544527nic1.t1att2",20,"National Issues Convention","9544527",TRUE,0.0909090909100008,TRUE,0.250000000000834,-0.0909090909100008,0.0999999999989992
"9544528nic1.t1att2",20,"National Issues Convention","9544528",TRUE,0.107142857143214,TRUE,0.214285714285714,-0.107142857143214,0
"9544529nic1.t1att2",20,"National Issues Convention","9544529",TRUE,0.0357142857139282,TRUE,0.166666666665833,-0.0357142857139282,0.0625
"9544530nic1.t1att2",20,"National Issues Convention","9544530",FALSE,-0.066666666666333,TRUE,0.166666666667501,0.066666666666333,0.222222222222222
"9544501nic1.t1att3",20,"National Issues Convention","9544501",TRUE,0.156250000000313,TRUE,0.166666666666667,-0.156250000000313,-0.142857142857858
"9544502nic1.t1att3",20,"National Issues Convention","9544502",FALSE,-0.0666666666656659,TRUE,1.87649895622144e-12,0.0666666666656659,0.142857142857143
"9544503nic1.t1att3",20,"National Issues Convention","9544503",FALSE,0,FALSE,-1.66799907219684e-12,0,0
"9544504nic1.t1att3",20,"National Issues Convention","9544504",FALSE,0,FALSE,0,0,0
"9544505nic1.t1att3",20,"National Issues Convention","9544505",TRUE,0.0714285714278565,TRUE,0.062499999998749,-0.0714285714278565,-0.0833333333333334
"9544506nic1.t1att3",20,"National Issues Convention","9544506",FALSE,0,TRUE,0.0625,0,0.0500000000010008
"9544507nic1.t1att3",20,"National Issues Convention","9544507",FALSE,-0.133333333335335,TRUE,0.166666666663331,0.133333333335335,0.333333333334445
"9544508nic1.t1att3",20,"National Issues Convention","9544508",FALSE,-0.0555555555552776,TRUE,0.0625,0.0555555555552776,0.1499999999995
"9544509nic1.t1att3",20,"National Issues Convention","9544509",TRUE,0.0833333333327774,TRUE,0.166666666666667,-0.0833333333327774,-0.0416666666658327
"9544510nic1.t1att3",20,"National Issues Convention","9544510",FALSE,-0.0769230769234619,FALSE,-0.0999999999989992,0.0769230769234619,0.062500000001251
"9544511nic1.t1att3",20,"National Issues Convention","9544511",TRUE,0.0937500000006255,TRUE,0.300000000002002,-0.0937500000006255,0
"9544512nic1.t1att3",20,"National Issues Convention","9544512",FALSE,0,FALSE,-0.0499999999984988,0,-0.0625
"9544513nic1.t1att3",20,"National Issues Convention","9544513",TRUE,0.124999999999687,TRUE,2.50199860829525e-12,-0.124999999999687,-0.142857142856428
"9544514nic1.t1att3",20,"National Issues Convention","9544514",TRUE,0.033333333333667,TRUE,1.66799907219684e-12,-0.033333333333667,-0.0555555555549996
"9544515nic1.t1att3",20,"National Issues Convention","9544515",FALSE,-0.0384615384619234,TRUE,0.0624999999993745,0.0384615384619234,0.2
"9544516nic1.t1att3",20,"National Issues Convention","9544516",TRUE,0.166666666667667,TRUE,0.0833333333341673,-0.166666666667667,-0.222222222223334
"9544517nic1.t1att3",20,"National Issues Convention","9544517",TRUE,0.0714285714289289,TRUE,0.0714285714285714,-0.0714285714289289,-0.0714285714292863
"9544518nic1.t1att3",20,"National Issues Convention","9544518",TRUE,0.0937500000009382,TRUE,0.125000000001876,-0.0937500000009382,-0.0625
"9544519nic1.t1att3",20,"National Issues Convention","9544519",TRUE,0.0294117647049993,TRUE,0.214285714284285,-0.0294117647049993,0.1000000000005
"9544520nic1.t1att3",20,"National Issues Convention","9544520",FALSE,-1.15485399021509e-12,FALSE,-0.0833333333341674,1.15485399021509e-12,-0.0714285714271417
"9544521nic1.t1att3",20,"National Issues Convention","9544521",FALSE,-0.0312500000003127,FALSE,-0.0625,0.0312500000003127,0
"9544522nic1.t1att3",20,"National Issues Convention","9544522",FALSE,-0.0384615384619234,TRUE,0.166666666665833,0.0384615384619234,0.214285714285714
"9544523nic1.t1att3",20,"National Issues Convention","9544523",FALSE,-0.0416666666670836,FALSE,-0.166666666667501,0.0416666666670836,-0.0833333333333333
"9544524nic1.t1att3",20,"National Issues Convention","9544524",TRUE,0.117647058823529,TRUE,0.0833333333333334,-0.117647058823529,-0.136363636363636
"9544525nic1.t1att3",20,"National Issues Convention","9544525",TRUE,0.0666666666673339,TRUE,0.312500000000625,-0.0666666666673339,0.214285714284999
"9544526nic1.t1att3",20,"National Issues Convention","9544526",TRUE,0.0833333333344454,TRUE,0.250000000001876,-0.0833333333344454,0.0499999999994997
"9544527nic1.t1att3",20,"National Issues Convention","9544527",FALSE,-0.136363636364546,TRUE,0.0833333333333334,0.136363636364546,0.400000000002002
"9544528nic1.t1att3",20,"National Issues Convention","9544528",TRUE,0.1071428571425,TRUE,0.0714285714278566,-0.1071428571425,-0.142857142857143
"9544529nic1.t1att3",20,"National Issues Convention","9544529",FALSE,-0.178571428571786,FALSE,-0.25,0.178571428571786,0.125000000000625
"9544530nic1.t1att3",20,"National Issues Convention","9544530",TRUE,0.100000000000667,TRUE,0.166666666668335,-0.100000000000667,-0.0555555555555556
"9544501nic1.t1att4",20,"National Issues Convention","9544501",TRUE,0.0312500000006255,TRUE,0.0555555555561116,-0.0312500000006255,0
"9544502nic1.t1att4",20,"National Issues Convention","9544502",TRUE,0.200000000001334,TRUE,0.250000000001876,-0.200000000001334,-0.142857142857858
"9544503nic1.t1att4",20,"National Issues Convention","9544503",TRUE,0.0294117647049993,TRUE,0.0833333333324994,-0.0294117647049993,0
"9544504nic1.t1att4",20,"National Issues Convention","9544504",TRUE,0.0294117647058824,TRUE,0.125,-0.0294117647058824,0.0555555555555556
"9544505nic1.t1att4",20,"National Issues Convention","9544505",TRUE,0.0714285714289288,TRUE,0.1875,-0.0714285714289288,0.0833333333324994
"9544506nic1.t1att4",20,"National Issues Convention","9544506",FALSE,0,TRUE,0.0624999999993745,0,0.0500000000005004
"9544507nic1.t1att4",20,"National Issues Convention","9544507",TRUE,0.0666666666686682,TRUE,0.0833333333366694,-0.0666666666686682,-0.0555555555566675
"9544508nic1.t1att4",20,"National Issues Convention","9544508",FALSE,-0.111111111110555,TRUE,1.25099930414763e-12,0.111111111110555,0.2
"9544509nic1.t1att4",20,"National Issues Convention","9544509",FALSE,-0.0833333333336114,FALSE,-0.0833333333324993,0.0833333333336114,0.0833333333341673
"9544510nic1.t1att4",20,"National Issues Convention","9544510",FALSE,0,FALSE,-1.00086605669958e-12,0,-1.25099930414763e-12
"9544511nic1.t1att4",20,"National Issues Convention","9544511",FALSE,0,FALSE,0,0,0
"9544512nic1.t1att4",20,"National Issues Convention","9544512",TRUE,0.0555555555561116,TRUE,0.100000000001001,-0.0555555555561116,0
"9544513nic1.t1att4",20,"National Issues Convention","9544513",FALSE,-0.03125,TRUE,0.250000000002502,0.03125,0.0714285714289288
"9544514nic1.t1att4",20,"National Issues Convention","9544514",FALSE,-0.0666666666673339,TRUE,0.0833333333316654,0.0666666666673339,0.166666666666667
"9544515nic1.t1att4",20,"National Issues Convention","9544515",FALSE,-0.115384615384615,FALSE,-0.1875,0.115384615384615,0
"9544516nic1.t1att4",20,"National Issues Convention","9544516",FALSE,0,TRUE,0.166666666665833,0,0.111111111111111
"9544517nic1.t1att4",20,"National Issues Convention","9544517",FALSE,0,TRUE,0.214285714286429,0,0.214285714286429
"9544518nic1.t1att4",20,"National Issues Convention","9544518",FALSE,-0.187500000000938,FALSE,-0.0625000000018765,0.187500000000938,0.3125
"9544519nic1.t1att4",20,"National Issues Convention","9544519",FALSE,-0.0588235294108816,FALSE,-0.0714285714264268,0.0588235294108816,0.05
"9544520nic1.t1att4",20,"National Issues Convention","9544520",FALSE,-1.15474296791263e-12,TRUE,0.166666666664999,1.15474296791263e-12,0.142857142857858
"9544521nic1.t1att4",20,"National Issues Convention","9544521",TRUE,0.125,TRUE,0.125,-0.125,-0.125
"9544522nic1.t1att4",20,"National Issues Convention","9544522",TRUE,0.0769230769230769,TRUE,0.166666666666667,-0.0769230769230769,0
"9544523nic1.t1att4",20,"National Issues Convention","9544523",FALSE,0,FALSE,0,0,0
"9544524nic1.t1att4",20,"National Issues Convention","9544524",FALSE,-0.0294117647058824,TRUE,0.0833333333341674,0.0294117647058824,0.0909090909095458
"9544525nic1.t1att4",20,"National Issues Convention","9544525",FALSE,-0.199999999999666,TRUE,0.0625000000006255,0.199999999999666,0.5
"9544526nic1.t1att4",20,"National Issues Convention","9544526",FALSE,-0.0833333333347234,FALSE,-0.187500000001876,0.0833333333347234,1.00075503439712e-12
"9544527nic1.t1att4",20,"National Issues Convention","9544527",FALSE,0,TRUE,0.0833333333333334,0,0.100000000001001
"9544528nic1.t1att4",20,"National Issues Convention","9544528",FALSE,-0.0714285714296437,FALSE,-0.0714285714292863,0.0714285714296437,0.0714285714300011
"9544529nic1.t1att4",20,"National Issues Convention","9544529",TRUE,0.107142857142857,TRUE,0.250000000000834,-0.107142857142857,0
"9544530nic1.t1att4",20,"National Issues Convention","9544530",FALSE,-0.0333333333329998,FALSE,-0.0833333333324993,0.0333333333329998,0
"9544501nic1.t1att5",20,"National Issues Convention","9544501",TRUE,0.0312500000009382,TRUE,0.222222222223334,-0.0312500000009382,0.214285714284999
"9544502nic1.t1att5",20,"National Issues Convention","9544502",FALSE,-0.0666666666666667,FALSE,0,0.0666666666666667,0.142857142857858
"9544503nic1.t1att5",20,"National Issues Convention","9544503",TRUE,0.0882352941185301,TRUE,0.250000000002502,-0.0882352941185301,0
"9544504nic1.t1att5",20,"National Issues Convention","9544504",FALSE,-0.176470588235588,FALSE,-0.124999999999375,0.176470588235588,0.222222222223334
"9544505nic1.t1att5",20,"National Issues Convention","9544505",FALSE,-0.142857142857858,FALSE,-0.187500000001251,0.142857142857858,0.0833333333333333
"9544506nic1.t1att5",20,"National Issues Convention","9544506",FALSE,-0.194444444445278,FALSE,-0.125000000000625,0.194444444445278,0.250000000001001
"9544507nic1.t1att5",20,"National Issues Convention","9544507",TRUE,0.266666666668668,TRUE,0.500000000003336,-0.266666666668668,-0.111111111112223
"9544508nic1.t1att5",20,"National Issues Convention","9544508",FALSE,-0.0555555555558335,TRUE,0.0625,0.0555555555558335,0.1500000000005
"9544509nic1.t1att5",20,"National Issues Convention","9544509",FALSE,-0.111111111111389,FALSE,-0.166666666666667,0.111111111111389,0.0833333333337504
"9544510nic1.t1att5",20,"National Issues Convention","9544510",FALSE,0,FALSE,0,0,-1.25099930414763e-12
"9544511nic1.t1att5",20,"National Issues Convention","9544511",TRUE,0.0312500000006255,TRUE,0.100000000002002,-0.0312500000006255,0
"9544512nic1.t1att5",20,"National Issues Convention","9544512",TRUE,0.0555555555558336,TRUE,0.2000000000005,-0.0555555555558336,0.125
"9544513nic1.t1att5",20,"National Issues Convention","9544513",TRUE,0.0625000000006255,TRUE,0.25,-0.0625000000006255,-0.0357142857150006
"9544514nic1.t1att5",20,"National Issues Convention","9544514",FALSE,-0.0666666666673339,FALSE,-0.0833333333350014,0.0666666666673339,0.0555555555555556
"9544515nic1.t1att5",20,"National Issues Convention","9544515",TRUE,0.076923076922692,TRUE,0.124999999999375,-0.076923076922692,0
"9544516nic1.t1att5",20,"National Issues Convention","9544516",FALSE,-0.0666666666676675,TRUE,0.0833333333324994,0.0666666666676675,0.166666666667779
"9544517nic1.t1att5",20,"National Issues Convention","9544517",FALSE,-0.0357142857146431,TRUE,0.142857142857143,0.0357142857146431,0.214285714286429
"9544518nic1.t1att5",20,"National Issues Convention","9544518",FALSE,-0.0625000000009382,FALSE,-0.0625000000018765,0.0625000000009382,0.0625
"9544519nic1.t1att5",20,"National Issues Convention","9544519",FALSE,-0.147058823530884,FALSE,-0.0714285714307159,0.147058823530884,0.200000000001001
"9544520nic1.t1att5",20,"National Issues Convention","9544520",FALSE,-0.0769230769250016,FALSE,-0.0833333333358354,0.0769230769250016,0.0714285714300011
"9544521nic1.t1att5",20,"National Issues Convention","9544521",FALSE,-0.0312499999996873,FALSE,-0.125,0.0312499999996873,-0.0625000000006255
"9544522nic1.t1att5",20,"National Issues Convention","9544522",TRUE,0.0769230769226921,TRUE,0.0833333333324993,-0.0769230769226921,-0.0714285714285714
"9544523nic1.t1att5",20,"National Issues Convention","9544523",TRUE,0.125000000000834,TRUE,0.166666666668335,-0.125000000000834,-0.0833333333333334
"9544524nic1.t1att5",20,"National Issues Convention","9544524",FALSE,-0.0588235294123534,FALSE,0,0.0588235294123534,0.0909090909095459
"9544525nic1.t1att5",20,"National Issues Convention","9544525",TRUE,0.100000000000667,TRUE,0.0625000000006255,-0.100000000000667,-0.142857142857858
"9544526nic1.t1att5",20,"National Issues Convention","9544526",TRUE,0.138888888890279,TRUE,0.125000000001876,-0.138888888890279,-0.150000000001001
"9544527nic1.t1att5",20,"National Issues Convention","9544527",TRUE,0.0454545454536356,TRUE,0.0833333333324993,-0.0454545454536356,1.00086605669958e-12
"9544528nic1.t1att5",20,"National Issues Convention","9544528",FALSE,0,FALSE,0,0,0
"9544529nic1.t1att5",20,"National Issues Convention","9544529",FALSE,-0.0357142857150006,FALSE,-0.0833333333341674,0.0357142857150006,0
"9544530nic1.t1att5",20,"National Issues Convention","9544530",FALSE,-0.033333333333667,TRUE,0.0833333333324993,0.033333333333667,0.111111111111111
"9544501nic1.t1att6",20,"National Issues Convention","9544501",TRUE,0.0312499999993745,TRUE,0.0555555555549995,-0.0312499999993745,0
"9544502nic1.t1att6",20,"National Issues Convention","9544502",FALSE,-0.0333333333340005,TRUE,0.124999999998749,0.0333333333340005,0.214285714285714
"9544503nic1.t1att6",20,"National Issues Convention","9544503",FALSE,-0.117647058822646,TRUE,1.6679435610456e-12,0.117647058822646,0.181818181817727
"9544504nic1.t1att6",20,"National Issues Convention","9544504",FALSE,-0.147058823529412,FALSE,0,0.147058823529412,0.277777777778334
"9544505nic1.t1att6",20,"National Issues Convention","9544505",FALSE,-0.107142857142142,TRUE,1.25099930414763e-12,0.107142857142142,0.25
"9544506nic1.t1att6",20,"National Issues Convention","9544506",TRUE,0.0277777777769437,TRUE,0.0624999999993745,-0.0277777777769437,1.00075503439712e-12
"9544507nic1.t1att6",20,"National Issues Convention","9544507",TRUE,0.0666666666649987,TRUE,0.166666666663331,-0.0666666666649987,0
"9544508nic1.t1att6",20,"National Issues Convention","9544508",FALSE,0,FALSE,0,0,0
"9544509nic1.t1att6",20,"National Issues Convention","9544509",FALSE,-0.0277777777772218,FALSE,0,0.0277777777772218,0.0416666666658326
"9544510nic1.t1att6",20,"National Issues Convention","9544510",FALSE,-0.076923076922307,TRUE,0.1,0.076923076922307,0.187499999998749
"9544511nic1.t1att6",20,"National Issues Convention","9544511",TRUE,0.0312500000006255,TRUE,0.400000000002002,-0.0312500000006255,0.136363636363636
"9544512nic1.t1att6",20,"National Issues Convention","9544512",FALSE,0,TRUE,0.0500000000010008,0,0.0625000000006255
"9544513nic1.t1att6",20,"National Issues Convention","9544513",FALSE,-0.0312500000003127,TRUE,2.50199860829525e-12,0.0312500000003127,0.0357142857150006
"9544514nic1.t1att6",20,"National Issues Convention","9544514",TRUE,0.0666666666659995,TRUE,0.166666666664999,-0.0666666666659995,0
"9544515nic1.t1att6",20,"National Issues Convention","9544515",TRUE,0.0769230769223071,TRUE,0.0624999999993745,-0.0769230769223071,-0.0999999999989992
"9544516nic1.t1att6",20,"National Issues Convention","9544516",FALSE,-0.266666666665666,FALSE,-0.166666666665833,0.266666666665666,0.333333333332221
"9544517nic1.t1att6",20,"National Issues Convention","9544517",FALSE,0,FALSE,0,0,0
"9544518nic1.t1att6",20,"National Issues Convention","9544518",FALSE,-0.0312500000006255,FALSE,-0.062500000001251,0.0312500000006255,0
"9544519nic1.t1att6",20,"National Issues Convention","9544519",FALSE,-0.0294117647049993,TRUE,0.0714285714292863,0.0294117647049993,0.0999999999989992
"9544520nic1.t1att6",20,"National Issues Convention","9544520",FALSE,-0.192307692305768,FALSE,-0.249999999997498,0.192307692305768,0.142857142855713
"9544521nic1.t1att6",20,"National Issues Convention","9544521",FALSE,0,FALSE,0,0,0
"9544522nic1.t1att6",20,"National Issues Convention","9544522",FALSE,-0.0384615384619234,FALSE,-0.0833333333341673,0.0384615384619234,0
"9544523nic1.t1att6",20,"National Issues Convention","9544523",FALSE,-0.0416666666666666,FALSE,0,0.0416666666666666,0.0833333333333333
"9544524nic1.t1att6",20,"National Issues Convention","9544524",FALSE,-0.0294117647052937,TRUE,0.250000000000834,0.0294117647052937,0.181818181817727
"9544525nic1.t1att6",20,"National Issues Convention","9544525",FALSE,0,TRUE,0.125000000000625,0,0.142857142856428
"9544526nic1.t1att6",20,"National Issues Convention","9544526",TRUE,0.111111111110277,TRUE,0.124999999998749,-0.111111111110277,-0.0999999999994996
"9544527nic1.t1att6",20,"National Issues Convention","9544527",FALSE,-0.0909090909081811,FALSE,-0.0833333333324994,0.0909090909081811,0.0999999999989992
"9544528nic1.t1att6",20,"National Issues Convention","9544528",FALSE,0,FALSE,0,0,0
"9544529nic1.t1att6",20,"National Issues Convention","9544529",FALSE,-0.0714285714289289,FALSE,-0.0833333333333334,0.0714285714289289,0.0625000000006255
"9544530nic1.t1att6",20,"National Issues Convention","9544530",TRUE,0.233333333333333,TRUE,0.166666666666667,-0.233333333333333,-0.277777777777778
"9544501nic1.t1att7",20,"National Issues Convention","9544501",TRUE,0.0624999999993745,TRUE,0.111111111110555,-0.0624999999993745,0
"9544502nic1.t1att7",20,"National Issues Convention","9544502",FALSE,-0.0333333333350013,FALSE,-1.87649895622144e-12,0.0333333333350013,0.0714285714300011
"9544503nic1.t1att7",20,"National Issues Convention","9544503",FALSE,-0.117647058823235,FALSE,-0.0833333333324993,0.117647058823235,0.136363636363636
"9544504nic1.t1att7",20,"National Issues Convention","9544504",FALSE,0,FALSE,0,0,1.11199938146456e-12
"9544505nic1.t1att7",20,"National Issues Convention","9544505",TRUE,0.142857142856428,TRUE,0.187499999998749,-0.142857142856428,-0.0833333333333334
"9544506nic1.t1att7",20,"National Issues Convention","9544506",TRUE,0.111111111110555,TRUE,0.187499999999375,-0.111111111110555,-0.0499999999994996
"9544507nic1.t1att7",20,"National Issues Convention","9544507",FALSE,-0.0999999999986656,FALSE,-0.166666666663331,0.0999999999986656,0.0555555555555555
"9544508nic1.t1att7",20,"National Issues Convention","9544508",FALSE,0,TRUE,0.0625,0,0.0500000000005004
"9544509nic1.t1att7",20,"National Issues Convention","9544509",TRUE,0.138888888888333,TRUE,0.166666666665833,-0.138888888888333,-0.124999999999583
"9544510nic1.t1att7",20,"National Issues Convention","9544510",TRUE,0.192307692306922,FALSE,-0.1,-0.192307692306922,-0.374999999998749
"9544511nic1.t1att7",20,"National Issues Convention","9544511",FALSE,-0.0624999999996873,TRUE,0.200000000002002,0.0624999999996873,0.181818181818637
"9544512nic1.t1att7",20,"National Issues Convention","9544512",TRUE,0.111111111110555,TRUE,0.199999999998499,-0.111111111110555,0
"9544513nic1.t1att7",20,"National Issues Convention","9544513",TRUE,0.0624999999996873,TRUE,0.25,-0.0624999999996873,-0.0357142857139283
"9544514nic1.t1att7",20,"National Issues Convention","9544514",TRUE,0.233333333333667,TRUE,0.333333333332499,-0.233333333333667,-0.166666666667779
"9544515nic1.t1att7",20,"National Issues Convention","9544515",FALSE,-0.0384615384607686,TRUE,0.125000000000625,0.0384615384607686,0.299999999998999
"9544516nic1.t1att7",20,"National Issues Convention","9544516",TRUE,0.199999999999666,TRUE,0.166666666665833,-0.199999999999666,-0.222222222222222
"9544517nic1.t1att7",20,"National Issues Convention","9544517",FALSE,0,FALSE,0,0,0
"9544518nic1.t1att7",20,"National Issues Convention","9544518",FALSE,-0.156249999999062,FALSE,-0.0624999999981235,0.156249999999062,0.25
"9544519nic1.t1att7",20,"National Issues Convention","9544519",FALSE,-0.088235294116764,TRUE,0.0714285714292863,0.088235294116764,0.199999999998999
"9544520nic1.t1att7",20,"National Issues Convention","9544520",FALSE,-0.0769230769211523,TRUE,2.50205411944648e-12,0.0769230769211523,0.142857142855713
"9544521nic1.t1att7",20,"National Issues Convention","9544521",TRUE,0.1875,TRUE,0.0625,-0.1875,-0.3125
"9544522nic1.t1att7",20,"National Issues Convention","9544522",TRUE,0.11538461538423,FALSE,0,-0.11538461538423,-0.214285714285714
"9544523nic1.t1att7",20,"National Issues Convention","9544523",FALSE,0,TRUE,1.66799907219684e-12,0,0
"9544524nic1.t1att7",20,"National Issues Convention","9544524",FALSE,0,FALSE,-0.166666666666667,0,-0.090909090908181
"9544525nic1.t1att7",20,"National Issues Convention","9544525",FALSE,-0.0999999999996664,FALSE,-0.124999999999375,0.0999999999996664,0.0714285714285715
"9544526nic1.t1att7",20,"National Issues Convention","9544526",FALSE,-0.138888888887777,FALSE,-0.187499999998124,0.138888888887777,0.0999999999994996
"9544527nic1.t1att7",20,"National Issues Convention","9544527",FALSE,-0.227272727273182,FALSE,-0.166666666667501,0.227272727273182,0.3
"9544528nic1.t1att7",20,"National Issues Convention","9544528",FALSE,-0.0357142857139283,TRUE,0.0714285714285714,0.0357142857139283,0.142857142856428
"9544529nic1.t1att7",20,"National Issues Convention","9544529",FALSE,-0.214285714285357,FALSE,-0.333333333332499,0.214285714285357,0.125
"9544530nic1.t1att7",20,"National Issues Convention","9544530",FALSE,0,FALSE,0,0,0
"9544501nic1.t1att8",20,"National Issues Convention","9544501",FALSE,-0.0624999999993746,FALSE,-0.111111111110555,0.0624999999993746,0
"9544502nic1.t1att8",20,"National Issues Convention","9544502",FALSE,-0.1,FALSE,0,0.1,0.214285714284999
"9544503nic1.t1att8",20,"National Issues Convention","9544503",FALSE,-0.117647058822352,TRUE,2.50199860829525e-12,0.117647058822352,0.181818181817727
"9544504nic1.t1att8",20,"National Issues Convention","9544504",FALSE,-0.0294117647061767,TRUE,0.062499999998749,0.0294117647061767,0.111111111110555
"9544505nic1.t1att8",20,"National Issues Convention","9544505",FALSE,-0.107142857142142,FALSE,-0.062499999998749,0.107142857142142,0.166666666666667
"9544506nic1.t1att8",20,"National Issues Convention","9544506",FALSE,-0.0833333333327774,FALSE,-0.125,0.0833333333327774,0.0499999999989992
"9544507nic1.t1att8",20,"National Issues Convention","9544507",FALSE,-0.266666666664665,FALSE,-0.333333333329997,0.266666666664665,0.22222222222111
"9544508nic1.t1att8",20,"National Issues Convention","9544508",FALSE,0,FALSE,-0.125,0,-0.0999999999989992
"9544509nic1.t1att8",20,"National Issues Convention","9544509",TRUE,0.0555555555547215,TRUE,0.0833333333324994,-0.0555555555547215,-0.0416666666658326
"9544510nic1.t1att8",20,"National Issues Convention","9544510",FALSE,-0.153846153845384,FALSE,-0.1,0.153846153845384,0.187499999998749
"9544511nic1.t1att8",20,"National Issues Convention","9544511",FALSE,0,TRUE,2.00162109109669e-12,0,0
"9544512nic1.t1att8",20,"National Issues Convention","9544512",TRUE,0.111111111110277,TRUE,0.199999999998499,-0.111111111110277,0
"9544513nic1.t1att8",20,"National Issues Convention","9544513",FALSE,-0.0937499999993745,TRUE,0.25,0.0937499999993745,0.142857142856428
"9544514nic1.t1att8",20,"National Issues Convention","9544514",TRUE,0.233333333333,TRUE,0.166666666664999,-0.233333333333,-0.277777777778334
"9544515nic1.t1att8",20,"National Issues Convention","9544515",FALSE,-0.0384615384611535,FALSE,0,0.0384615384611535,0.1
"9544516nic1.t1att8",20,"National Issues Convention","9544516",TRUE,0.233333333332666,TRUE,0.249999999999166,-0.233333333332666,-0.222222222221666
"9544517nic1.t1att8",20,"National Issues Convention","9544517",FALSE,0,FALSE,0,0,0
"9544518nic1.t1att8",20,"National Issues Convention","9544518",FALSE,0,TRUE,0.0625000000018765,0,0.0625
"9544519nic1.t1att8",20,"National Issues Convention","9544519",FALSE,-0.147058823528234,FALSE,-0.214285714284285,0.147058823528234,0.0999999999989992
"9544520nic1.t1att8",20,"National Issues Convention","9544520",FALSE,-1.92462712433894e-12,TRUE,0.166666666664165,1.92462712433894e-12,0.142857142858573
"9544521nic1.t1att8",20,"National Issues Convention","9544521",FALSE,0,TRUE,0.125,0,0.125
"9544522nic1.t1att8",20,"National Issues Convention","9544522",TRUE,0.0384615384619234,TRUE,0.250000000000834,-0.0384615384619234,0.142857142857143
"9544523nic1.t1att8",20,"National Issues Convention","9544523",FALSE,0,TRUE,0.0833333333341674,0,-0.25
"9544524nic1.t1att8",20,"National Issues Convention","9544524",FALSE,-0.0294117647067653,TRUE,0.0833333333324993,0.0294117647067653,0.0909090909100007
"9544525nic1.t1att8",20,"National Issues Convention","9544525",TRUE,0.0666666666673338,TRUE,0.125000000000625,-0.0666666666673338,0
"9544526nic1.t1att8",20,"National Issues Convention","9544526",FALSE,-0.111111111109443,FALSE,-0.124999999997498,0.111111111109443,0.0999999999989992
"9544527nic1.t1att8",20,"National Issues Convention","9544527",TRUE,0.0454545454550004,TRUE,0.166666666666667,-0.0454545454550004,0.0999999999989992
"9544528nic1.t1att8",20,"National Issues Convention","9544528",TRUE,0.0357142857146432,TRUE,0.214285714286429,-0.0357142857146432,0.142857142857143
"9544529nic1.t1att8",20,"National Issues Convention","9544529",FALSE,-0.0714285714278566,TRUE,0.0833333333341674,0.0714285714278566,0.187499999999375
"9544530nic1.t1att8",20,"National Issues Convention","9544530",FALSE,-0.0333333333329997,TRUE,0.0833333333333333,0.0333333333329997,0.111111111110555
"9544501nic1.t1att9",20,"National Issues Convention","9544501",FALSE,-0.0625,FALSE,-0.0555555555555555,0.0625,0.0714285714285714
"9544502nic1.t1att9",20,"National Issues Convention","9544502",FALSE,-0.133333333334001,FALSE,-0.250000000001251,0.133333333334001,0
"9544503nic1.t1att9",20,"National Issues Convention","9544503",TRUE,0.0882352941179414,TRUE,0.0833333333350014,-0.0882352941179414,-0.0909090909086361
"9544504nic1.t1att9",20,"National Issues Convention","9544504",TRUE,0.117647058823529,TRUE,0.125,-0.117647058823529,-0.111111111111111
"9544505nic1.t1att9",20,"National Issues Convention","9544505",TRUE,0.107142857143929,TRUE,0.187500000001876,-0.107142857143929,0
"9544506nic1.t1att9",20,"National Issues Convention","9544506",TRUE,0.0833333333341674,TRUE,0.062500000001251,-0.0833333333341674,-0.1000000000005
"9544507nic1.t1att9",20,"National Issues Convention","9544507",FALSE,0,FALSE,0,0,0
"9544508nic1.t1att9",20,"National Issues Convention","9544508",FALSE,0,TRUE,0.062500000001251,0,0.0499999999994997
"9544509nic1.t1att9",20,"National Issues Convention","9544509",FALSE,0,TRUE,0.0833333333333334,0,0.0416666666658326
"9544510nic1.t1att9",20,"National Issues Convention","9544510",FALSE,0,TRUE,0.2,0,0.125000000001251
"9544511nic1.t1att9",20,"National Issues Convention","9544511",FALSE,-0.0625000000003127,FALSE,-0.0999999999989992,0.0625000000003127,0.0454545454554552
"9544512nic1.t1att9",20,"National Issues Convention","9544512",TRUE,0.138888888889723,TRUE,0.150000000001501,-0.138888888889723,-0.125
"9544513nic1.t1att9",20,"National Issues Convention","9544513",FALSE,-0.0312499999996873,TRUE,0.25,0.0312499999996873,0.071428571428214
"9544514nic1.t1att9",20,"National Issues Convention","9544514",FALSE,0,TRUE,0.0833333333333334,0,0.0555555555549995
"9544515nic1.t1att9",20,"National Issues Convention","9544515",FALSE,0,FALSE,0,0,0
"9544516nic1.t1att9",20,"National Issues Convention","9544516",FALSE,0,TRUE,0.250000000000834,0,0.166666666666111
"9544517nic1.t1att9",20,"National Issues Convention","9544517",FALSE,-0.0357142857135709,TRUE,0.0714285714292863,0.0357142857135709,0.142857142856428
"9544518nic1.t1att9",20,"National Issues Convention","9544518",TRUE,0.0937500000009382,TRUE,0.187500000001876,-0.0937500000009382,0
"9544519nic1.t1att9",20,"National Issues Convention","9544519",FALSE,-0.0588235294099987,TRUE,0.071428571430716,0.0588235294099987,0.149999999998499
"9544520nic1.t1att9",20,"National Issues Convention","9544520",TRUE,1.92457161318771e-12,TRUE,0.0833333333358354,-1.92457161318771e-12,0.0714285714271418
"9544521nic1.t1att9",20,"National Issues Convention","9544521",FALSE,-0.03125,FALSE,0,0.03125,0.0625
"9544522nic1.t1att9",20,"National Issues Convention","9544522",FALSE,-0.153846153846539,FALSE,-0.0833333333341674,0.153846153846539,0.214285714285714
"9544523nic1.t1att9",20,"National Issues Convention","9544523",FALSE,-0.0416666666670836,FALSE,-0.0833333333341674,0.0416666666670836,0
"9544524nic1.t1att9",20,"National Issues Convention","9544524",FALSE,0,FALSE,-0.0833333333324994,0,-0.0454545454540905
"9544525nic1.t1att9",20,"National Issues Convention","9544525",TRUE,0.166666666667334,TRUE,0.187500000000625,-0.166666666667334,-0.142857142857858
"9544526nic1.t1att9",20,"National Issues Convention","9544526",TRUE,0.0833333333344453,TRUE,0.187500000001876,-0.0833333333344453,0
"9544527nic1.t1att9",20,"National Issues Convention","9544527",FALSE,-0.0454545454545455,FALSE,0,0.0454545454545455,0.100000000001001
"9544528nic1.t1att9",20,"National Issues Convention","9544528",TRUE,0.071428571428214,TRUE,0.0714285714285714,-0.071428571428214,-0.0714285714278565
"9544529nic1.t1att9",20,"National Issues Convention","9544529",FALSE,-0.1428571428575,FALSE,0,0.1428571428575,0.250000000000625
"9544530nic1.t1att9",20,"National Issues Convention","9544530",TRUE,0.1,TRUE,0.25,-0.1,0
"9401btp04.w4b42",15,"By The People 2004 US General Election","9401",FALSE,-0.0123007813379878,TRUE,0.00793642373312087,0.0123007813379878,0.0119035627160753
"9402btp04.w4b42",15,"By The People 2004 US General Election","9402",FALSE,-0.00666720032691964,FALSE,-0.111111665765444,0.00666720032691964,-0.0263152624431409
"9403btp04.w4b42",15,"By The People 2004 US General Election","9403",TRUE,0.066269330964202,TRUE,0.119047139372144,-0.066269330964202,-0.034798020189935
"9404btp04.w4b42",15,"By The People 2004 US General Election","9404",FALSE,-0.0392147057196672,TRUE,0.0333319902420044,0.0392147057196672,0.069442495703697
"9405btp04.w4b42",15,"By The People 2004 US General Election","9405",FALSE,-0.0138883280257384,FALSE,-0.0909090881997889,0.0138883280257384,-0.0512830844292274
"9406btp04.w4b42",15,"By The People 2004 US General Election","9406",FALSE,-0.00753935646443138,FALSE,-0.0416675060987473,0.00753935646443138,-5.90458512417236e-07
"9407btp04.w4b42",15,"By The People 2004 US General Election","9407",TRUE,0.0262250719480139,FALSE,-5.96046439982345e-09,-0.0262250719480139,-0.0348585305455463
"9408btp04.w4b42",15,"By The People 2004 US General Election","9408",TRUE,0.166668009757996,TRUE,0.5,-0.166668009757996,-0.0833350121974945
"9409btp04.w4b42",15,"By The People 2004 US General Election","9409",TRUE,0.0333340009053549,FALSE,-7.45058048590153e-09,-0.0333340009053549,-0.0454554584893314
"9410btp04.w4b42",15,"By The People 2004 US General Election","9410",FALSE,-0.0128192190940564,TRUE,0.0416675060987473,0.0128192190940564,0.0370355414019691
"9411btp04.w4b42",15,"By The People 2004 US General Election","9411",TRUE,5.87281058894717e-07,TRUE,0.0277783324321111,-5.87281058894717e-07,0.0151509100740606
"9412btp04.w4b42",15,"By The People 2004 US General Election","9412",TRUE,3.56031315706939e-07,FALSE,0,-3.56031315706939e-07,-4.9769878396333e-07
"9413btp04.w4b42",15,"By The People 2004 US General Election","9413",FALSE,-0.130953335336276,FALSE,-0.0972241784135501,0.130953335336276,0.166666656732559
"9414btp04.w4b42",15,"By The People 2004 US General Election","9414",TRUE,0.128206156767332,TRUE,0.125002510845661,-0.128206156767332,-0.129629999399185
"9415btp04.w4b42",15,"By The People 2004 US General Election","9415",FALSE,-0.060606371272694,FALSE,0,0.060606371272694,0.0833337604999542
"9401btp04.w4b45",15,"By The People 2004 US General Election","9401",TRUE,0.0158728531428747,FALSE,-0.0238100034849985,-0.0158728531428747,-0.0357142814568111
"9402btp04.w4b45",15,"By The People 2004 US General Election","9402",FALSE,-0.0105909721608145,TRUE,0.0714305801051004,0.0105909721608145,0.0375250930848875
"9403btp04.w4b45",15,"By The People 2004 US General Election","9403",TRUE,0.0350878928837023,TRUE,0.111111665765445,-0.0350878928837023,2.29248631189449e-09
"9404btp04.w4b45",15,"By The People 2004 US General Election","9404",FALSE,-0.0791664549460014,FALSE,-0.0416624844074247,0.0791664549460014,0.0921728796128072
"9405btp04.w4b45",15,"By The People 2004 US General Election","9405",TRUE,0.0289849391567848,TRUE,0.172221445043882,-0.0289849391567848,0.0641030806761522
"9406btp04.w4b45",15,"By The People 2004 US General Election","9406",FALSE,-0.0659097292206504,FALSE,-0.0416675135493278,0.0659097292206504,0.0659728464153078
"9407btp04.w4b45",15,"By The People 2004 US General Election","9407",TRUE,0.00527051833307324,TRUE,0.0666680097579956,-0.00527051833307324,0.0119824153340721
"9408btp04.w4b45",15,"By The People 2004 US General Election","9408",FALSE,0,NA,NA,NA,NA
"9409btp04.w4b45",15,"By The People 2004 US General Election","9409",FALSE,-0.0222219963868459,FALSE,-0.166664995253086,0.0222219963868459,-0.030302730473605
"9410btp04.w4b45",15,"By The People 2004 US General Election","9410",TRUE,0.035715000970023,TRUE,0.0333360195159913,-0.035715000970023,-0.037036657333374
"9411btp04.w4b45",15,"By The People 2004 US General Election","9411",TRUE,0.0555553257465363,TRUE,0.0833333283662796,-0.0555553257465363,-0.0370366573333741
"9412btp04.w4b45",15,"By The People 2004 US General Election","9412",TRUE,0.0624999925494195,TRUE,0.0555533170700073,-0.0624999925494195,-0.0666679978370668
"9413btp04.w4b45",15,"By The People 2004 US General Election","9413",TRUE,4.96705365726768e-09,TRUE,0.111109991868337,-4.96705365726768e-09,0.11110998193423
"9414btp04.w4b45",15,"By The People 2004 US General Election","9414",TRUE,0.0384614901555763,TRUE,0.0666675046086311,-0.0384614901555763,-0.0370366738902197
"9415btp04.w4b45",15,"By The People 2004 US General Election","9415",FALSE,-0.0666680037975312,FALSE,-0.0833349972963335,0.0666680037975312,0.0625012554228307
"9401btp04.w4b48",15,"By The People 2004 US General Election","9401",TRUE,0.0401001273838798,TRUE,0.115079294357981,-0.0401001273838798,-0.00457857008818741
"9402btp04.w4b48",15,"By The People 2004 US General Election","9402",TRUE,0.058225994881911,TRUE,0.0238094380923679,-0.058225994881911,-0.0789468413905093
"9403btp04.w4b48",15,"By The People 2004 US General Election","9403",FALSE,-0.04051817038603,TRUE,0.150792615754264,0.04051817038603,0.127289174186004
"9404btp04.w4b48",15,"By The People 2004 US General Election","9404",TRUE,0.00857819320962716,FALSE,-0.0250015109777451,-0.00857819320962716,-0.0138891637325288
"9405btp04.w4b48",15,"By The People 2004 US General Election","9405",FALSE,-0.0823457737567397,FALSE,-0.0151518203995444,0.0823457737567397,0.142677655499993
"9406btp04.w4b48",15,"By The People 2004 US General Election","9406",TRUE,0.0634914253439223,TRUE,0.0416649878025055,-0.0634914253439223,-0.0686270577066085
"9407btp04.w4b48",15,"By The People 2004 US General Election","9407",TRUE,0.101119720770908,TRUE,0.133333998918533,-0.101119720770908,-0.0920475133104263
"9408btp04.w4b48",15,"By The People 2004 US General Election","9408",TRUE,0.133336007595062,TRUE,0.333329975605011,-0.133336007595062,-0.0833375155925753
"9409btp04.w4b48",15,"By The People 2004 US General Election","9409",FALSE,-0.0666673362255097,FALSE,-0.208332493901253,0.0666673362255097,0.0151527334343303
"9410btp04.w4b48",15,"By The People 2004 US General Election","9410",TRUE,0.0448706971529202,TRUE,0.250000839432081,-0.0448706971529202,0.0370389024416606
"9411btp04.w4b48",15,"By The People 2004 US General Election","9411",TRUE,0.0490182649855521,TRUE,0.0555533170700073,-0.0490182649855521,-0.0252517118598475
"9412btp04.w4b48",15,"By The People 2004 US General Election","9412",TRUE,0.119048574673278,TRUE,0.388890008131663,-0.119048574673278,0.0833324998617171
"9413btp04.w4b48",15,"By The People 2004 US General Election","9413",FALSE,-0.0277783324321111,TRUE,0.0555533369382221,0.0277783324321111,0.111110001802444
"9414btp04.w4b48",15,"By The People 2004 US General Election","9414",TRUE,0.0238087878122434,FALSE,-0.075,-0.0238087878122434,-0.0555544396241506
"9415btp04.w4b48",15,"By The People 2004 US General Election","9415",TRUE,0.10151353939013,TRUE,0.249996657172839,-0.10151353939013,-0.0624987445771694
"9401btp04.w4b51",15,"By The People 2004 US General Election","9401",FALSE,-0.0476190490382058,FALSE,-0.0238085729735237,0.0476190490382058,0.0595242870705469
"9402btp04.w4b51",15,"By The People 2004 US General Election","9402",FALSE,-0.0550006858011087,FALSE,-0.172222333153089,0.0550006858011087,0.0175447401247527
"9403btp04.w4b51",15,"By The People 2004 US General Election","9403",FALSE,-0.0468253809071723,TRUE,0.00396881358964107,0.0468253809071723,0.047619287456785
"9404btp04.w4b51",15,"By The People 2004 US General Election","9404",TRUE,0.0526959233205108,TRUE,0.283334514498711,-0.0526959233205108,0.0277783324321111
"9405btp04.w4b51",15,"By The People 2004 US General Election","9405",TRUE,0.0196250138291415,TRUE,0.0848487317562103,-0.0196250138291415,0.0256423193674821
"9406btp04.w4b51",15,"By The People 2004 US General Election","9406",TRUE,0.0555566705408551,TRUE,0.333337515592575,-0.0555566705408551,0.00980352829484377
"9407btp04.w4b51",15,"By The People 2004 US General Election","9407",FALSE,-0.0079366649900165,FALSE,0,0.0079366649900165,0.0104168727993966
"9408btp04.w4b51",15,"By The People 2004 US General Election","9408",FALSE,-0.0333319902420044,FALSE,0,0.0333319902420044,0.0416649878025055
"9409btp04.w4b51",15,"By The People 2004 US General Election","9409",FALSE,-0.1,FALSE,-0.083335004746914,0.1,0.106059998273849
"9410btp04.w4b51",15,"By The People 2004 US General Election","9410",TRUE,0.115384613092129,FALSE,0,-0.115384613092129,-0.166666663355298
"9411btp04.w4b51",15,"By The People 2004 US General Election","9411",FALSE,-0.0661770632380949,FALSE,-9.93410737004652e-09,0.0661770632380949,0.104546364870938
"9412btp04.w4b51",15,"By The People 2004 US General Election","9412",FALSE,-0.145835540656533,FALSE,-0.0555550009012222,0.145835540656533,0.166670006513596
"9413btp04.w4b51",15,"By The People 2004 US General Election","9413",FALSE,-0.250001019239426,FALSE,-0.277778352300326,0.250001019239426,0.222223351399104
"9414btp04.w4b51",15,"By The People 2004 US General Election","9414",TRUE,0.0347985076707799,TRUE,0.0999974772334099,-0.0347985076707799,-1.10930866675796e-06
"9415btp04.w4b51",15,"By The People 2004 US General Election","9415",TRUE,0.0272723639553243,TRUE,0.222221662600835,-0.0272723639553243,0.0208337493240834
"9401btp04.w4b54",15,"By The People 2004 US General Election","9401",TRUE,0.141666999459267,TRUE,0.107143816493806,-0.141666999459267,-0.150183237679712
"9402btp04.w4b54",15,"By The People 2004 US General Election","9402",TRUE,0.0394867995152106,FALSE,-0.011905237322762,-0.0394867995152106,-0.0614031568953866
"9403btp04.w4b54",15,"By The People 2004 US General Election","9403",FALSE,-0.039682381209873,FALSE,-0.0952371358871459,0.039682381209873,0.0119050038712365
"9404btp04.w4b54",15,"By The People 2004 US General Election","9404",TRUE,0.00183783329146747,TRUE,0.0333340048789978,-0.00183783329146747,0.00631401394352776
"9405btp04.w4b54",15,"By The People 2004 US General Election","9405",TRUE,0.112319130126549,TRUE,0.180303363366561,-0.112319130126549,-0.051282307276359
"9406btp04.w4b54",15,"By The People 2004 US General Election","9406",TRUE,0.00984850295565343,TRUE,0.0833324939012527,-0.00984850295565343,0.00462943957083767
"9407btp04.w4b54",15,"By The People 2004 US General Election","9407",TRUE,0.0198417372646786,TRUE,0.0416674986481668,-0.0198417372646786,-0.0153190066270969
"9408btp04.w4b54",15,"By The People 2004 US General Election","9408",FALSE,0,NA,NA,NA,NA
"9409btp04.w4b54",15,"By The People 2004 US General Election","9409",TRUE,0.155553994576136,TRUE,0.333332493901253,-0.155553994576136,-0.0909072675488211
"9410btp04.w4b54",15,"By The People 2004 US General Election","9410",TRUE,0.0256423147825095,TRUE,0.083335019648075,-0.0256423147825095,-1.11262003588131e-06
"9411btp04.w4b54",15,"By The People 2004 US General Election","9411",TRUE,0.0784315455924062,TRUE,0.166666676600774,-0.0784315455924062,-0.0287881783463739
"9412btp04.w4b54",15,"By The People 2004 US General Election","9412",FALSE,-0.0625012554228306,FALSE,0,0.0625012554228306,0.100002008676529
"9413btp04.w4b54",15,"By The People 2004 US General Election","9413",TRUE,0.0952385749135699,TRUE,0.125,-0.0952385749135699,-0.0555566747983296
"9414btp04.w4b54",15,"By The People 2004 US General Election","9414",FALSE,-0.0128192282640016,TRUE,0.0416674837470058,0.0128192282640016,0.0370355447133383
"9415btp04.w4b54",15,"By The People 2004 US General Election","9415",TRUE,0.0757563493468545,TRUE,0.277776638666789,-0.0757563493468545,1.25914812088013e-06
"9401btp04.w4b57",15,"By The People 2004 US General Election","9401",FALSE,-0.0333329975605011,FALSE,-0.039682618918873,0.0333329975605011,0.0247247212535733
"9402btp04.w4b57",15,"By The People 2004 US General Election","9402",FALSE,-0.0881406381153144,FALSE,-0.0523802910532269,0.0881406381153144,0.087718941663441
"9403btp04.w4b57",15,"By The People 2004 US General Election","9403",TRUE,0.00635019327913011,FALSE,-0.119045704603195,-0.00635019327913011,-0.0650187902725661
"9404btp04.w4b57",15,"By The People 2004 US General Election","9404",TRUE,0.0208324957638979,TRUE,0.0333319962024687,-0.0208324957638979,-0.0151509046554565
"9405btp04.w4b57",15,"By The People 2004 US General Election","9405",TRUE,0.075785148402919,TRUE,0.0515157344666394,-0.075785148402919,-0.102563846569795
"9406btp04.w4b57",15,"By The People 2004 US General Election","9406",FALSE,-0.0269849344378427,TRUE,0.0277766610185305,0.0269849344378427,0.0392164763282327
"9407btp04.w4b57",15,"By The People 2004 US General Election","9407",FALSE,-0.106059995564547,FALSE,-0.316665995121002,0.106059995564547,0.0610015971793069
"9408btp04.w4b57",15,"By The People 2004 US General Election","9408",TRUE,0.0416675046086312,NA,NA,-0.0416675046086312,0.0833324939012527
"9409btp04.w4b57",15,"By The People 2004 US General Election","9409",TRUE,0.026983663155919,TRUE,0.0833341727654139,-0.026983663155919,9.15744087892634e-07
"9410btp04.w4b57",15,"By The People 2004 US General Election","9410",TRUE,0.0256407742316905,FALSE,-0.0416674986481668,-0.0256407742316905,-0.0555555621782938
"9411btp04.w4b57",15,"By The People 2004 US General Election","9411",TRUE,0.0741423543761758,TRUE,0.111111660798391,-0.0741423543761758,-0.0515151877294887
"9412btp04.w4b57",15,"By The People 2004 US General Election","9412",FALSE,-0.172619463609798,FALSE,-0.333333333333333,0.172619463609798,0.0833339989185333
"9413btp04.w4b57",15,"By The People 2004 US General Election","9413",FALSE,-0.0158730951093493,FALSE,-0.0416666666666666,0.0158730951093493,0
"9414btp04.w4b57",15,"By The People 2004 US General Election","9414",TRUE,0.0694433301687241,TRUE,0.111109991868337,-0.0694433301687241,-0.0555544429355197
"9415btp04.w4b57",15,"By The People 2004 US General Election","9415",FALSE,-0.151513633402911,FALSE,-0.111109991868337,0.151513633402911,0.166664998978376
"9601sm.t1more",17,"San Mateo","9601",TRUE,0.305555552244186,TRUE,0.5,-0.305555552244186,-0.20833332836628
"9602sm.t1more",17,"San Mateo","9602",FALSE,-0.0448717986926054,TRUE,0.25,0.0448717986926054,0.11666667163372
"9603sm.t1more",17,"San Mateo","9603",FALSE,-0.428571445601327,FALSE,-0.333333373069764,0.428571445601327,0.466666674613953
"9604sm.t1more",17,"San Mateo","9604",TRUE,0.0555555621782939,FALSE,-0.125,-0.0555555621782939,-0.416666686534882
"9605sm.t1more",17,"San Mateo","9605",TRUE,0.0757575766606766,TRUE,0.0833333395421507,-0.0757575766606766,-0.0714285692998342
"9606sm.t1more",17,"San Mateo","9606",TRUE,0.396464645411029,TRUE,0.666666649281978,-0.396464645411029,-0.238095246255398
"9607sm.t1more",17,"San Mateo","9607",FALSE,-0.295940160846863,FALSE,-0.0416666679084303,0.295940160846863,0.425925910886791
"9608sm.t1more",17,"San Mateo","9608",TRUE,0.207575750486417,TRUE,0.424999987334013,-0.207575750486417,-0.0555555522441863
"9609sm.t1more",17,"San Mateo","9609",TRUE,0.375,TRUE,0.5,-0.375,-0.316666666666667
"9610sm.t1more",17,"San Mateo","9610",TRUE,0.0333333387970925,FALSE,0,-0.0333333387970925,-0.0476190554244179
"9611sm.t1more",17,"San Mateo","9611",FALSE,-0.0590909015048632,TRUE,0.11111111442248,0.0590909015048632,0.299999988079071
"9612sm.t1more",17,"San Mateo","9612",FALSE,-0.155555555472771,TRUE,9.93410764760227e-09,0.155555555472771,0.220238099939057
"9613sm.t1more",17,"San Mateo","9613",FALSE,-0.0151515115391125,TRUE,0.166666701436043,0.0151515115391125,0.0555555588669249
"9614sm.t1more",17,"San Mateo","9614",FALSE,-0.166666654869914,FALSE,0,0.166666654869914,0.190476176994187
"9615sm.t1more",17,"San Mateo","9615",FALSE,-0.0416666790843012,TRUE,0.25,0.0416666790843012,0.138888905445735
"9616sm.t1more",17,"San Mateo","9616",FALSE,-0.285714281456811,FALSE,-0.16666666418314,0.285714281456811,0.444444437821706
"9617sm.t1more",17,"San Mateo","9617",TRUE,0.111111102004846,FALSE,-0.166666701436043,-0.111111102004846,-0.166666662693024
"9618sm.t1more",17,"San Mateo","9618",TRUE,0.1185185086396,TRUE,0.083333322405815,-0.1185185086396,-0.133333325386047
"9619sm.t1more",17,"San Mateo","9619",TRUE,0.129629616936048,TRUE,0.0555555423100786,-0.129629616936048,-0.166666654249032
"9620sm.t1more",17,"San Mateo","9620",TRUE,0.333333335139535,TRUE,0.458333343267441,-0.333333335139535,-0.261904759066445
"9621sm.t1more",17,"San Mateo","9621",TRUE,0.233333340287209,FALSE,0,-0.233333340287209,-0.291666675359011
"9622sm.t1more",17,"San Mateo","9622",FALSE,-0.152777769913276,FALSE,-0.0555555522441863,0.152777769913276,0.249999987582366
"9623sm.t1more",17,"San Mateo","9623",TRUE,0.26984125872453,TRUE,0.416666656732559,-0.26984125872453,-0.166666653007269
"9624sm.t1more",17,"San Mateo","9624",FALSE,0,NA,NA,NA,NA
"9625sm.t1more",17,"San Mateo","9625",TRUE,0.149999995157123,TRUE,0.291666653007269,-0.149999995157123,0.0138888855775197
"9601sm.t1belowmrkt",17,"San Mateo","9601",TRUE,0.166666666666667,TRUE,0.75,-0.166666666666667,0.125
"9602sm.t1belowmrkt",17,"San Mateo","9602",FALSE,-0.243589739386852,TRUE,0.166666666666667,0.243589739386852,0.366666661202908
"9603sm.t1belowmrkt",17,"San Mateo","9603",FALSE,-0.0238095181328909,TRUE,0.333333343267441,0.0238095181328909,0.166666662693024
"9604sm.t1belowmrkt",17,"San Mateo","9604",TRUE,0.111111102004846,TRUE,0.166666656732559,-0.111111102004846,7.45058048590153e-09
"9605sm.t1belowmrkt",17,"San Mateo","9605",TRUE,0.00606059716506424,TRUE,0.0833333333333333,-0.00606059716506424,0.023809537291527
"9606sm.t1belowmrkt",17,"San Mateo","9606",TRUE,0.133838387262641,TRUE,0.388888871918122,-0.133838387262641,-0.0208333451300862
"9607sm.t1belowmrkt",17,"San Mateo","9607",FALSE,-0.089743591271914,TRUE,0.0416666530072688,0.089743591271914,0.148148144284884
"9608sm.t1belowmrkt",17,"San Mateo","9608",TRUE,0.062121210585941,TRUE,0.133333331346512,-0.062121210585941,0
"9609sm.t1belowmrkt",17,"San Mateo","9609",TRUE,0.0625,FALSE,0,-0.0625,-0.0833333333333334
"9610sm.t1belowmrkt",17,"San Mateo","9610",FALSE,-0.0722222220566537,FALSE,-0.111111124356588,0.0722222220566537,0.0476190447807312
"9611sm.t1belowmrkt",17,"San Mateo","9611",TRUE,0.0606060569936578,TRUE,0.166666656732559,-0.0606060569936578,0.0666666626930236
"9612sm.t1belowmrkt",17,"San Mateo","9612",TRUE,0.22222221766909,TRUE,0.25,-0.22222221766909,-0.208333326503634
"9613sm.t1belowmrkt",17,"San Mateo","9613",TRUE,0.166666666215116,TRUE,0.583333350718022,-0.166666666215116,-0.074074069658915
"9614sm.t1belowmrkt",17,"San Mateo","9614",FALSE,-0.312499998137355,FALSE,0,0.312499998137355,0.35714285501412
"9615sm.t1belowmrkt",17,"San Mateo","9615",FALSE,-0.0714285767504148,TRUE,0.166666656732559,0.0714285767504148,0.150000003973643
"9616sm.t1belowmrkt",17,"San Mateo","9616",FALSE,-0.0753968287081946,FALSE,-0.0416666716337205,0.0753968287081946,0.0833333333333334
"9617sm.t1belowmrkt",17,"San Mateo","9617",FALSE,-0.13888888557752,FALSE,0,0.13888888557752,0.166666662693024
"9618sm.t1belowmrkt",17,"San Mateo","9618",FALSE,-0.0254629635148579,FALSE,-0.174999994039535,0.0254629635148579,-0.0111111044883727
"9619sm.t1belowmrkt",17,"San Mateo","9619",TRUE,0.0185185223817825,FALSE,0,-0.0185185223817825,-0.0277777835726738
"9620sm.t1belowmrkt",17,"San Mateo","9620",TRUE,0.287878789684989,TRUE,0.5,-0.287878789684989,-0.166666669504983
"9621sm.t1belowmrkt",17,"San Mateo","9621",FALSE,0,FALSE,0,0,0
"9622sm.t1belowmrkt",17,"San Mateo","9622",FALSE,-0.124999996387597,FALSE,-0.0666666706403097,0.124999996387597,0.166666656732559
"9623sm.t1belowmrkt",17,"San Mateo","9623",FALSE,-0.0753968116782959,TRUE,0.138888900478681,0.0753968116782959,0.166666653007269
"9624sm.t1belowmrkt",17,"San Mateo","9624",TRUE,0.20833333581686,FALSE,0,-0.20833333581686,-0.238095240933555
"9625sm.t1belowmrkt",17,"San Mateo","9625",FALSE,-0.153703697853618,FALSE,-0.124999985098839,0.153703697853618,0.166666666666667
"9601sm.t1openspace",17,"San Mateo","9601",TRUE,0.027777781089147,FALSE,0,-0.027777781089147,-0.0416666716337205
"9602sm.t1openspace",17,"San Mateo","9602",FALSE,-0.294871793343471,FALSE,-0.166666666666667,0.294871793343471,0.333333331346512
"9603sm.t1openspace",17,"San Mateo","9603",FALSE,-0.0476190511669433,FALSE,-0.083333343267441,0.0476190511669433,0.0333333343267442
"9604sm.t1openspace",17,"San Mateo","9604",FALSE,-0.0277777686715125,TRUE,0.0416666753590108,0.0277777686715125,0.166666656732559
"9605sm.t1openspace",17,"San Mateo","9605",TRUE,0.184848479520191,TRUE,0.20833332836628,-0.184848479520191,-0.166666661699613
"9606sm.t1openspace",17,"San Mateo","9606",TRUE,0.0277777848144372,TRUE,0.20833333209157,-0.0277777848144372,0.062499988824129
"9607sm.t1openspace",17,"San Mateo","9607",FALSE,-0.123737376521934,FALSE,-0.083333338300387,0.123737376521934,0.15343915517368
"9608sm.t1openspace",17,"San Mateo","9608",TRUE,0.168181811544028,TRUE,0.308333338052034,-0.168181811544028,-0.083333318432172
"9609sm.t1openspace",17,"San Mateo","9609",FALSE,-0.0208333395421505,FALSE,-0.25,0.0208333395421505,-0.0555555472771327
"9610sm.t1openspace",17,"San Mateo","9610",TRUE,0.0833333283662796,TRUE,0.499999970197677,-0.0833333283662796,0.0952380895614623
"9611sm.t1openspace",17,"San Mateo","9611",TRUE,0.133333331346512,TRUE,0.333333340287209,-0.133333331346512,0.066666677594185
"9612sm.t1openspace",17,"San Mateo","9612",TRUE,0.0972222263614337,TRUE,0.166666675359011,-0.0972222263614337,-0.0625000018626451
"9613sm.t1openspace",17,"San Mateo","9613",TRUE,0.227272735400633,TRUE,0.333333343267441,-0.227272735400633,-0.203703711430232
"9614sm.t1openspace",17,"San Mateo","9614",TRUE,0.145833324640989,TRUE,0.333333298563957,-0.145833324640989,-0.119047614080565
"9615sm.t1openspace",17,"San Mateo","9615",FALSE,-0.10416666418314,FALSE,-0.25,0.10416666418314,0.0555555522441863
"9616sm.t1openspace",17,"San Mateo","9616",FALSE,-0.095238087432725,TRUE,1.86264517698653e-08,0.095238087432725,0.222222228844961
"9617sm.t1openspace",17,"San Mateo","9617",FALSE,-0.194444462656975,TRUE,0.166666612029075,0.194444462656975,0.266666677594185
"9618sm.t1openspace",17,"San Mateo","9618",TRUE,0.140740749571059,TRUE,0.283333331346512,-0.140740749571059,-1.78813935880484e-08
"9619sm.t1openspace",17,"San Mateo","9619",FALSE,-0.208333333954215,FALSE,-0.194444422920545,0.208333333954215,0.216666675607364
"9620sm.t1openspace",17,"San Mateo","9620",FALSE,-0.0909090841358357,FALSE,-0.20833333209157,0.0909090841358357,0.0238095138754163
"9621sm.t1openspace",17,"San Mateo","9621",TRUE,0.0249999977648259,TRUE,0.666666612029075,-0.0249999977648259,0.152777764946222
"9622sm.t1openspace",17,"San Mateo","9622",TRUE,0.0694444415469964,TRUE,0.027777781089147,-0.0694444415469964,-0.111111102004846
"9623sm.t1openspace",17,"San Mateo","9623",TRUE,0.0436507850175811,TRUE,0.333333333333333,-0.0436507850175811,0.0833333469927312
"9624sm.t1openspace",17,"San Mateo","9624",TRUE,0.249999986961484,TRUE,0.333333313465118,-0.249999986961484,-0.238095226032393
"9625sm.t1openspace",17,"San Mateo","9625",TRUE,0.0500000014901161,TRUE,0.25,-0.0500000014901161,0.0833333308498065
"9601sm.t1countyl",17,"San Mateo","9601",TRUE,0.227777772645156,TRUE,0.75,-0.227777772645156,0.0694444514811039
"9602sm.t1countyl",17,"San Mateo","9602",FALSE,-0.0940170893684412,TRUE,0.166666661699613,0.0940170893684412,0.175925918420156
"9603sm.t1countyl",17,"San Mateo","9603",FALSE,-0.0476190532956806,FALSE,0,0.0476190532956806,0.0666666746139528
"9604sm.t1countyl",17,"San Mateo","9604",TRUE,0.361111102004846,TRUE,0.333333324640989,-0.361111102004846,-0.416666656732559
"9605sm.t1countyl",17,"San Mateo","9605",TRUE,0.109090912206606,TRUE,0.33333332836628,-0.109090912206606,0.0238095156493641
"9606sm.t1countyl",17,"San Mateo","9606",FALSE,-0.0583333226541677,TRUE,0.0833333469927313,0.0583333226541677,0.116071419524295
"9607sm.t1countyl",17,"San Mateo","9607",TRUE,0.102564107913237,TRUE,0.124999985098838,-0.102564107913237,-0.0925926069418591
"9608sm.t1countyl",17,"San Mateo","9608",TRUE,0.060606063766913,FALSE,-0.166666659712791,-0.060606063766913,-0.25
"9609sm.t1countyl",17,"San Mateo","9609",FALSE,-0.208333345130086,TRUE,0.416666656732559,0.208333345130086,0.416666679084301
"9610sm.t1countyl",17,"San Mateo","9610",FALSE,-0.183333322405815,TRUE,0.0555555671453477,0.183333322405815,0.285714275070599
"9611sm.t1countyl",17,"San Mateo","9611",FALSE,-0.0212121226570823,TRUE,0.211111104488373,0.0212121226570823,0.266666662693024
"9612sm.t1countyl",17,"San Mateo","9612",FALSE,-0.0454545522278006,TRUE,0.291666661699613,0.0454545522278006,0.202380958944559
"9613sm.t1countyl",17,"San Mateo","9613",FALSE,-0.206060595133088,TRUE,0.083333343267441,0.206060595133088,0.259259247117572
"9614sm.t1countyl",17,"San Mateo","9614",FALSE,-0.145833322778344,FALSE,-0.166666612029075,0.145833322778344,0.142857138599668
"9615sm.t1countyl",17,"San Mateo","9615",FALSE,-0.0833333227783441,TRUE,0.333333350718022,0.0833333227783441,0.222222213943799
"9616sm.t1countyl",17,"San Mateo","9616",FALSE,-0.190476196152824,FALSE,-0.25,0.190476196152824,0.111111124356588
"9617sm.t1countyl",17,"San Mateo","9617",TRUE,0.055555562178294,TRUE,0.666666686534882,-0.055555562178294,0.0666666626930236
"9618sm.t1countyl",17,"San Mateo","9618",TRUE,0.0740740795930226,TRUE,0.316666669398546,-0.0740740795930226,0.233333325386047
"9619sm.t1countyl",17,"San Mateo","9619",FALSE,-0.0648148241970274,TRUE,0.055555562178294,0.0648148241970274,0.133333350718021
"9620sm.t1countyl",17,"San Mateo","9620",FALSE,-0.212121210315011,FALSE,-0.041666656732559,0.212121210315011,0.309523812362126
"9621sm.t1countyl",17,"San Mateo","9621",TRUE,0.266666677594185,FALSE,0,-0.266666677594185,-0.333333346992731
"9622sm.t1countyl",17,"San Mateo","9622",TRUE,0.083333340783914,TRUE,0.166666681567828,-0.083333340783914,0
"9623sm.t1countyl",17,"San Mateo","9623",TRUE,0.214285722800664,TRUE,0.555555562178294,-0.214285722800664,0.041666656732559
"9624sm.t1countyl",17,"San Mateo","9624",FALSE,-0.217261910438538,FALSE,0,0.217261910438538,0.257936514559246
"9625sm.t1countyl",17,"San Mateo","9625",TRUE,0.214814815256331,TRUE,0.54166667163372,-0.214814815256331,0.027777781089147
"9701btp05.t1reform",18,"BTP 2005 Health Education","9701",TRUE,0.0476190476190477,TRUE,0.05,-0.0476190476190477,0
"9702btp05.t1reform",18,"BTP 2005 Health Education","9702",FALSE,-0.107142857142857,FALSE,-0.142857142857143,0.107142857142857,0
"9703btp05.t1reform",18,"BTP 2005 Health Education","9703",FALSE,-0.114285714285714,FALSE,-0.021978021978022,0.114285714285714,0.285714285714286
"9704btp05.t1reform",18,"BTP 2005 Health Education","9704",FALSE,-0.0641025641025641,FALSE,-0.142857142857143,0.0641025641025641,0
"9705btp05.t1reform",18,"BTP 2005 Health Education","9705",FALSE,-0.0089285714285714,TRUE,0.0285714285714285,0.0089285714285714,0
"9706btp05.t1reform",18,"BTP 2005 Health Education","9706",FALSE,0,FALSE,0,0,0
"9707btp05.t1reform",18,"BTP 2005 Health Education","9707",FALSE,-0.110294117647059,FALSE,0,0.110294117647059,0.123809523809524
"9708btp05.t1reform",18,"BTP 2005 Health Education","9708",FALSE,-0.0588235294117646,TRUE,0.111111111111111,0.0588235294117646,0.25
"9709btp05.t1reform",18,"BTP 2005 Health Education","9709",FALSE,-0.0333333333333333,FALSE,-0.166666666666667,0.0333333333333333,-0.0666666666666667
"9710btp05.t1reform",18,"BTP 2005 Health Education","9710",TRUE,0.0666666666666667,TRUE,0.25,-0.0666666666666667,0
"9711btp05.t1reform",18,"BTP 2005 Health Education","9711",FALSE,0,FALSE,0,0,0
"9712btp05.t1reform",18,"BTP 2005 Health Education","9712",FALSE,-0.0313725490196078,FALSE,-0.00909090909090904,0.0313725490196078,0.1
"9713btp05.t1reform",18,"BTP 2005 Health Education","9713",TRUE,0.181818181818182,FALSE,0,-0.181818181818182,-0.2
"9714btp05.t1reform",18,"BTP 2005 Health Education","9714",TRUE,0.0588235294117647,TRUE,0.125,-0.0588235294117647,0
"9715btp05.t1reform",18,"BTP 2005 Health Education","9715",TRUE,0.222222222222222,TRUE,0.285714285714286,-0.222222222222222,0
"9716btp05.t1reform",18,"BTP 2005 Health Education","9716",FALSE,0,FALSE,0,0,0
"9717btp05.t1reform",18,"BTP 2005 Health Education","9717",FALSE,-0.00476190476190474,FALSE,0,0.00476190476190474,0
"9718btp05.t1reform",18,"BTP 2005 Health Education","9718",FALSE,-0.0909090909090908,FALSE,-0.125,0.0909090909090908,0
"9719btp05.t1reform",18,"BTP 2005 Health Education","9719",FALSE,-0.048951048951049,FALSE,-0.0505050505050505,0.048951048951049,0
"9720btp05.t1reform",18,"BTP 2005 Health Education","9720",FALSE,0,FALSE,0,0,0
"9721btp05.t1reform",18,"BTP 2005 Health Education","9721",FALSE,-0.0666666666666668,FALSE,0,0.0666666666666668,0.25
"9722btp05.t1reform",18,"BTP 2005 Health Education","9722",TRUE,0.0879120879120878,TRUE,0.1,-0.0879120879120878,0
"9723btp05.t1reform",18,"BTP 2005 Health Education","9723",TRUE,0.0730994152046783,TRUE,0.127272727272727,-0.0730994152046783,0
"9724btp05.t1reform",18,"BTP 2005 Health Education","9724",TRUE,0.0588235294117647,TRUE,0.0833333333333334,-0.0588235294117647,0
"9725btp05.t1reform",18,"BTP 2005 Health Education","9725",FALSE,-0.0964912280701755,FALSE,-0.0681818181818182,0.0964912280701755,0.142857142857143
"9726btp05.t1reform",18,"BTP 2005 Health Education","9726",FALSE,-0.107142857142857,FALSE,-0.119047619047619,0.107142857142857,0.0972222222222222
"9727btp05.t1reform",18,"BTP 2005 Health Education","9727",FALSE,-0.0625,FALSE,0,0.0625,0.142857142857143
"9728btp05.t1reform",18,"BTP 2005 Health Education","9728",TRUE,0.0494505494505494,FALSE,0,-0.0494505494505494,-0.0777777777777778
"9729btp05.t1reform",18,"BTP 2005 Health Education","9729",TRUE,0.0935672514619883,FALSE,-0.0303030303030303,-0.0935672514619883,-0.285714285714286
"9730btp05.t1reform",18,"BTP 2005 Health Education","9730",FALSE,-0.0541666666666667,FALSE,-0.119047619047619,0.0541666666666667,0
"9701btp05.t1fcvsch",18,"BTP 2005 Health Education","9701",TRUE,0.0615384553323735,TRUE,0.0099999883108669,-0.0615384553323735,-0.200000006705522
"9702btp05.t1fcvsch",18,"BTP 2005 Health Education","9702",FALSE,-7.98276583724444e-10,FALSE,-0.0142857134342194,7.98276583724444e-10,-0.0142857118376663
"9703btp05.t1fcvsch",18,"BTP 2005 Health Education","9703",FALSE,-0.00476190146236194,TRUE,2.39482950137315e-09,0.00476190146236194,0.0142857091767449
"9704btp05.t1fcvsch",18,"BTP 2005 Health Education","9704",FALSE,-0.0576923053998214,FALSE,-0.1428571375353,0.0576923053998214,-0.0416666654249032
"9705btp05.t1fcvsch",18,"BTP 2005 Health Education","9705",TRUE,0.081249998882413,TRUE,0.207142855439867,-0.081249998882413,0.0166666673289405
"9706btp05.t1fcvsch",18,"BTP 2005 Health Education","9706",TRUE,0.0423076966634163,TRUE,0.0200000077486038,-0.0423076966634163,-0.0562500022351741
"9707btp05.t1fcvsch",18,"BTP 2005 Health Education","9707",FALSE,-0.011111112518443,FALSE,-0.0333333313465116,0.011111112518443,0.00666666875282934
"9708btp05.t1fcvsch",18,"BTP 2005 Health Education","9708",FALSE,-0.0176470582099523,FALSE,-0.0388888832595613,0.0176470582099523,-0.0062499949708581
"9709btp05.t1fcvsch",18,"BTP 2005 Health Education","9709",FALSE,-0.0500000040320789,FALSE,-0.083333338300387,0.0500000040320789,0.0318181853402744
"9710btp05.t1fcvsch",18,"BTP 2005 Health Education","9710",TRUE,0.0166666686534881,TRUE,0.037500001490116,-0.0166666686534881,-0.00909091125835076
"9711btp05.t1fcvsch",18,"BTP 2005 Health Education","9711",FALSE,-2.29248620087219e-09,TRUE,0.0812499905005099,2.29248620087219e-09,0.12999999076128
"9712btp05.t1fcvsch",18,"BTP 2005 Health Education","9712",TRUE,0.0235294116770519,FALSE,-0.0272727229378441,-0.0235294116770519,-0.116666658471028
"9713btp05.t1fcvsch",18,"BTP 2005 Health Education","9713",TRUE,0.0181818255646662,FALSE,0,-0.0181818255646662,-0.0200000081211329
"9714btp05.t1fcvsch",18,"BTP 2005 Health Education","9714",TRUE,0.0617647074601229,TRUE,0.0687499982304871,-0.0617647074601229,-0.0555555601086881
"9715btp05.t1fcvsch",18,"BTP 2005 Health Education","9715",FALSE,-0.0444444417953492,FALSE,-0.0357142857142858,0.0444444417953492,0.0749999880790709
"9716btp05.t1fcvsch",18,"BTP 2005 Health Education","9716",FALSE,-0.137499997702738,FALSE,-0.0874999985098839,0.137499997702738,0.237499996088445
"9717btp05.t1fcvsch",18,"BTP 2005 Health Education","9717",TRUE,0.0566666642824808,TRUE,0.183333332339922,-0.0566666642824808,0.0277777810891469
"9718btp05.t1fcvsch",18,"BTP 2005 Health Education","9718",TRUE,0.00454545698382641,TRUE,0.0437499973922967,-0.00454545698382641,0.0999999841054279
"9719btp05.t1fcvsch",18,"BTP 2005 Health Education","9719",TRUE,0.0321428584200995,TRUE,0.0272727266631344,-0.0321428584200995,-0.0500000081956387
"9720btp05.t1fcvsch",18,"BTP 2005 Health Education","9720",TRUE,0.0437499932013453,TRUE,0.0374999903142453,-0.0437499932013453,-0.0499999960884453
"9721btp05.t1fcvsch",18,"BTP 2005 Health Education","9721",FALSE,-0.109375002095476,FALSE,-0.133333333147069,0.109375002095476,0.0375000089406967
"9722btp05.t1fcvsch",18,"BTP 2005 Health Education","9722",TRUE,0.0535714325628112,TRUE,0.0700000062584878,-0.0535714325628112,-0.0124999983236195
"9723btp05.t1fcvsch",18,"BTP 2005 Health Education","9723",FALSE,-0.0263157849641222,FALSE,-0.0136363584209572,0.0263157849641222,0.0437499964609742
"9724btp05.t1fcvsch",18,"BTP 2005 Health Education","9724",FALSE,-0.0558823526782148,FALSE,-0.0541666643694043,0.0558823526782148,0.06000000461936
"9725btp05.t1fcvsch",18,"BTP 2005 Health Education","9725",FALSE,-0.00789474048896838,FALSE,-0.0208333348855376,0.00789474048896838,-0.0142857070480076
"9726btp05.t1fcvsch",18,"BTP 2005 Health Education","9726",FALSE,-0.0531250000931323,TRUE,0.114285717053073,0.0531250000931323,0.183333335651292
"9727btp05.t1fcvsch",18,"BTP 2005 Health Education","9727",TRUE,0.0531249966006727,TRUE,0.0555555555555555,-0.0531249966006727,-0.0499999922301089
"9728btp05.t1fcvsch",18,"BTP 2005 Health Education","9728",FALSE,-0.00357143155166079,FALSE,-0.0750000057742,0.00357143155166079,-0.0249999981373549
"9729btp05.t1fcvsch",18,"BTP 2005 Health Education","9729",TRUE,0.0710526279320843,TRUE,0.0791666566704711,-0.0710526279320843,-0.057142864380564
"9730btp05.t1fcvsch",18,"BTP 2005 Health Education","9730",FALSE,-0.0823529421844904,FALSE,-0.018750002142042,0.0823529421844904,0.138888888888889
"9701btp05.t1mmtaxe",18,"BTP 2005 Health Education","9701",TRUE,0.0542857231838363,TRUE,0.0705000087618827,-0.0542857231838363,-0.0137500092387202
"9702btp05.t1mmtaxe",18,"BTP 2005 Health Education","9702",FALSE,-0.0260714343083757,TRUE,0.0478571355342864,0.0260714343083757,0.100000004151038
"9703btp05.t1mmtaxe",18,"BTP 2005 Health Education","9703",FALSE,-0.000476190022059786,TRUE,0.0164285706622261,0.000476190022059786,0.0342857113906315
"9704btp05.t1mmtaxe",18,"BTP 2005 Health Education","9704",TRUE,0.0184615460725932,TRUE,0.00857144062008186,-0.0184615460725932,-0.0300000024338564
"9705btp05.t1mmtaxe",18,"BTP 2005 Health Education","9705",FALSE,-0.00343749206513178,FALSE,-0.0371428493942533,0.00343749206513178,-0.0227777858575184
"9706btp05.t1mmtaxe",18,"BTP 2005 Health Education","9706",TRUE,0.061538462455456,TRUE,0.0680000066757201,-0.061538462455456,-0.0574999973177909
"9707btp05.t1mmtaxe",18,"BTP 2005 Health Education","9707",FALSE,-0.0113888933426805,TRUE,0.193333327770233,0.0113888933426805,0.0523333375652631
"9708btp05.t1mmtaxe",18,"BTP 2005 Health Education","9708",FALSE,-0.0423529457081767,FALSE,-0.0400000053147476,0.0423529457081767,0.0450000036507843
"9709btp05.t1mmtaxe",18,"BTP 2005 Health Education","9709",TRUE,0.0341176513363334,TRUE,0.136666677892208,-0.0341176513363334,0.0218181813305075
"9710btp05.t1mmtaxe",18,"BTP 2005 Health Education","9710",TRUE,0.0293333341677982,TRUE,3.72529007641731e-09,-0.0293333341677982,-0.0399999997832556
"9711btp05.t1mmtaxe",18,"BTP 2005 Health Education","9711",TRUE,0.036923069220323,FALSE,-0.00500000640749931,-0.036923069220323,-0.103999990224838
"9712btp05.t1mmtaxe",18,"BTP 2005 Health Education","9712",TRUE,0.0219607848454925,TRUE,0.0448484894904222,-0.0219607848454925,0.0200000070035455
"9713btp05.t1mmtaxe",18,"BTP 2005 Health Education","9713",TRUE,0.0681818154725159,TRUE,0.060000002384186,-0.0681818154725159,-0.068999996781349
"9714btp05.t1mmtaxe",18,"BTP 2005 Health Education","9714",FALSE,-0.0101960739668676,TRUE,0.0825000070035459,0.0101960739668676,0.0925925903850129
"9715btp05.t1mmtaxe",18,"BTP 2005 Health Education","9715",TRUE,0.0111111071374681,TRUE,0.0228571380887713,-0.0111111071374681,0.030000001192093
"9716btp05.t1mmtaxe",18,"BTP 2005 Health Education","9716",FALSE,-0.0311111140375335,TRUE,0.0283333272673191,0.0311111140375335,0.149999996647239
"9717btp05.t1mmtaxe",18,"BTP 2005 Health Education","9717",FALSE,-0.0371111045281091,FALSE,-0.0799999957283335,0.0371111045281091,0.00851851039462603
"9718btp05.t1mmtaxe",18,"BTP 2005 Health Education","9718",TRUE,0.0049999871037224,FALSE,-0.000625014305114746,-0.0049999871037224,-0.0199999908606213
"9719btp05.t1mmtaxe",18,"BTP 2005 Health Education","9719",FALSE,-0.0102380946851693,TRUE,0.0265151506120508,0.0102380946851693,0.129999995231628
"9720btp05.t1mmtaxe",18,"BTP 2005 Health Education","9720",TRUE,0.0600000079721212,TRUE,0.0699999891221526,-0.0600000079721212,-0.05000002682209
"9721btp05.t1mmtaxe",18,"BTP 2005 Health Education","9721",TRUE,0.0372916669584812,TRUE,0.0630555513004462,-0.0372916669584812,0.0399999860674142
"9722btp05.t1mmtaxe",18,"BTP 2005 Health Education","9722",TRUE,0.0642857141792774,TRUE,0.0554999999701977,-0.0642857141792774,-0.0862499997019766
"9723btp05.t1mmtaxe",18,"BTP 2005 Health Education","9723",FALSE,-0.0877192967424267,FALSE,-0.049696963957765,0.0877192967424267,0.140000004321337
"9724btp05.t1mmtaxe",18,"BTP 2005 Health Education","9724",TRUE,0.0511764621033388,TRUE,0.0858333284656206,-0.0511764621033388,0.0320000171661377
"9725btp05.t1mmtaxe",18,"BTP 2005 Health Education","9725",FALSE,-0.0431578825963171,FALSE,-0.0516666571299237,0.0431578825963171,0.0285714119672775
"9726btp05.t1mmtaxe",18,"BTP 2005 Health Education","9726",FALSE,-0.0281249992549419,TRUE,0.0685714398111615,0.0281249992549419,0.1033333407508
"9727btp05.t1mmtaxe",18,"BTP 2005 Health Education","9727",TRUE,0.0124999987892808,TRUE,0.0488888844847679,-0.0124999987892808,0.0342857113906315
"9728btp05.t1mmtaxe",18,"BTP 2005 Health Education","9728",FALSE,-0.00428571126290722,TRUE,0.019999999552965,0.00428571126290722,0.0139999955892562
"9729btp05.t1mmtaxe",18,"BTP 2005 Health Education","9729",TRUE,0.0539473714797118,TRUE,0.0837499977399904,-0.0539473714797118,-0.00285715503352035
"9730btp05.t1mmtaxe",18,"BTP 2005 Health Education","9730",TRUE,0.0220588265972979,FALSE,-0.00999999791383743,-0.0220588265972979,-0.0505555594960847
"9701btp05.t1stest",18,"BTP 2005 Health Education","9701",FALSE,-0.00357142090797419,TRUE,0.00500001050531867,0.00357142090797419,0.0249999994412065
"9702btp05.t1stest",18,"BTP 2005 Health Education","9702",FALSE,-0.0750000021819557,FALSE,-0.142857144453696,0.0750000021819557,0.00714285991021552
"9703btp05.t1stest",18,"BTP 2005 Health Education","9703",TRUE,0.0857142839758169,TRUE,0.0999999956360885,-0.0857142839758169,-0.0571428606552736
"9704btp05.t1stest",18,"BTP 2005 Health Education","9704",FALSE,-0.019230768084526,TRUE,0.0999999993613789,0.019230768084526,0.158333330104748
"9705btp05.t1stest",18,"BTP 2005 Health Education","9705",TRUE,0.00624999753199529,TRUE,0.0357142761349681,-0.00624999753199529,0.0166666636036501
"9706btp05.t1stest",18,"BTP 2005 Health Education","9706",TRUE,0.0807692299668606,TRUE,0.0900000005960464,-0.0807692299668606,-0.0749999983236194
"9707btp05.t1stest",18,"BTP 2005 Health Education","9707",FALSE,-0.0083333344923126,TRUE,0.0999999977648259,0.0083333344923126,0.0300000009437403
"9708btp05.t1stest",18,"BTP 2005 Health Education","9708",FALSE,-0.00294117695268464,TRUE,0.027777775708172,0.00294117695268464,0.0374999986961483
"9709btp05.t1stest",18,"BTP 2005 Health Education","9709",FALSE,-0.0264705938889699,FALSE,-0.108333335568508,0.0264705938889699,-0.0181818106635052
"9710btp05.t1stest",18,"BTP 2005 Health Education","9710",TRUE,0.0233333299557369,TRUE,0.0125000020489097,-0.0233333299557369,-0.0272727219218558
"9711btp05.t1stest",18,"BTP 2005 Health Education","9711",FALSE,-0.100000003209481,FALSE,-0.143750000745058,0.100000003209481,0.0300000071525572
"9712btp05.t1stest",18,"BTP 2005 Health Education","9712",FALSE,-0.0558823528973496,FALSE,-0.109090905636549,0.0558823528973496,-0.0416666604578495
"9713btp05.t1stest",18,"BTP 2005 Health Education","9713",TRUE,0.0454545485025104,TRUE,0.349999994039536,-0.0454545485025104,-0.0150000039488078
"9714btp05.t1stest",18,"BTP 2005 Health Education","9714",FALSE,-0.117647061234011,FALSE,-0.156250001862645,0.117647061234011,0.0833333362307813
"9715btp05.t1stest",18,"BTP 2005 Health Education","9715",FALSE,-0.0555555534859498,FALSE,-0.0571428537368774,0.0555555534859498,0.050000002607703
"9716btp05.t1stest",18,"BTP 2005 Health Education","9716",FALSE,-0.0166666706403097,TRUE,0.00624999403953547,0.0166666706403097,0.0625
"9717btp05.t1stest",18,"BTP 2005 Health Education","9717",FALSE,-0.05333333487312,FALSE,-0.058333340411385,0.05333333487312,0.04999999784761
"9718btp05.t1stest",18,"BTP 2005 Health Education","9718",FALSE,-0.0545454580675471,FALSE,-0.0312500037252902,0.0545454580675471,0.116666669646899
"9719btp05.t1stest",18,"BTP 2005 Health Education","9719",FALSE,0,TRUE,0.0136363638395613,0,0.075000001117587
"9720btp05.t1stest",18,"BTP 2005 Health Education","9720",FALSE,-0.0187500100582839,TRUE,0.124999985098839,0.0187500100582839,0.162500005215407
"9721btp05.t1stest",18,"BTP 2005 Health Education","9721",TRUE,0.0300000006953876,TRUE,0.031818181953647,-0.0300000006953876,-0.0250000022351742
"9722btp05.t1stest",18,"BTP 2005 Health Education","9722",FALSE,-0.117857140621969,FALSE,-0.139999996125698,0.117857140621969,0.0625000018626453
"9723btp05.t1stest",18,"BTP 2005 Health Education","9723",TRUE,0.0473684237191551,TRUE,0.0454545498571612,-0.0473684237191551,-0.0500000002793967
"9724btp05.t1stest",18,"BTP 2005 Health Education","9724",TRUE,0.0676470589550102,TRUE,0.0666666657974322,-0.0676470589550102,-0.0700000025331972
"9725btp05.t1stest",18,"BTP 2005 Health Education","9725",FALSE,-0.0416666684748486,FALSE,-0.0318181848040586,0.0416666684748486,0.0642857141792775
"9726btp05.t1stest",18,"BTP 2005 Health Education","9726",TRUE,0.0437499983236194,TRUE,0.142857135406562,-0.0437499983236194,0.0333333305186696
"9727btp05.t1stest",18,"BTP 2005 Health Education","9727",TRUE,0.0687499975319952,TRUE,0.161111108958721,-0.0687499975319952,0.0500000028737953
"9728btp05.t1stest",18,"BTP 2005 Health Education","9728",FALSE,-0.0178571439215115,TRUE,0.049999998882413,0.0178571439215115,0.0450000010430813
"9729btp05.t1stest",18,"BTP 2005 Health Education","9729",TRUE,0.0447368406151471,TRUE,0.145833330228925,-0.0447368406151471,0.128571427294186
"9730btp05.t1stest",18,"BTP 2005 Health Education","9730",TRUE,0.0117647054002566,FALSE,-0.00625000149011617,-0.0117647054002566,-0.027777778191699
"9701btp05.t1testsl",18,"BTP 2005 Health Education","9701",TRUE,0.428571428571429,TRUE,0.5,-0.428571428571429,-0.25
"9702btp05.t1testsl",18,"BTP 2005 Health Education","9702",FALSE,-0.166666666666667,FALSE,-0.0714285714285714,0.166666666666667,0.261904761904762
"9703btp05.t1testsl",18,"BTP 2005 Health Education","9703",FALSE,-0.0657894736842105,FALSE,-0.173076923076923,0.0657894736842105,-0.142857142857143
"9704btp05.t1testsl",18,"BTP 2005 Health Education","9704",TRUE,0.134615384615385,TRUE,0.238095238095238,-0.134615384615385,0
"9705btp05.t1testsl",18,"BTP 2005 Health Education","9705",TRUE,0.0166666666666667,FALSE,0,-0.0166666666666667,-0.0138888888888889
"9706btp05.t1testsl",18,"BTP 2005 Health Education","9706",TRUE,0.0769230769230769,TRUE,0.2,-0.0769230769230769,0
"9707btp05.t1testsl",18,"BTP 2005 Health Education","9707",FALSE,-0.0980392156862745,FALSE,0,0.0980392156862745,0.119047619047619
"9708btp05.t1testsl",18,"BTP 2005 Health Education","9708",TRUE,0.283333333333333,TRUE,0.444444444444444,-0.283333333333333,-0.0476190476190476
"9709btp05.t1testsl",18,"BTP 2005 Health Education","9709",TRUE,0.0357142857142857,TRUE,0.0333333333333334,-0.0357142857142857,-0.0333333333333333
"9710btp05.t1testsl",18,"BTP 2005 Health Education","9710",TRUE,0.247619047619048,TRUE,0.5,-0.247619047619048,-0.154545454545455
"9711btp05.t1testsl",18,"BTP 2005 Health Education","9711",TRUE,0.0833333333333333,FALSE,0,-0.0833333333333333,-0.2
"9712btp05.t1testsl",18,"BTP 2005 Health Education","9712",TRUE,0.125,TRUE,0.1,-0.125,-0.166666666666667
"9713btp05.t1testsl",18,"BTP 2005 Health Education","9713",TRUE,0.0909090909090909,TRUE,1,-0.0909090909090909,0
"9714btp05.t1testsl",18,"BTP 2005 Health Education","9714",TRUE,0.0238095238095238,FALSE,-0.0833333333333333,-0.0238095238095238,-0.0714285714285715
"9715btp05.t1testsl",18,"BTP 2005 Health Education","9715",FALSE,0,FALSE,0,0,0
"9716btp05.t1testsl",18,"BTP 2005 Health Education","9716",FALSE,-0.0833333333333333,FALSE,-0.125,0.0833333333333333,0
"9717btp05.t1testsl",18,"BTP 2005 Health Education","9717",FALSE,-0.0714285714285714,TRUE,0.0666666666666667,0.0714285714285714,0.138888888888889
"9718btp05.t1testsl",18,"BTP 2005 Health Education","9718",FALSE,-0.0138888888888889,FALSE,-0.0238095238095238,0.0138888888888889,0
"9719btp05.t1testsl",18,"BTP 2005 Health Education","9719",FALSE,-0.0989010989010989,FALSE,-0.0272727272727273,0.0989010989010989,0.333333333333333
"9720btp05.t1testsl",18,"BTP 2005 Health Education","9720",FALSE,0,TRUE,0.166666666666667,0,0
"9721btp05.t1testsl",18,"BTP 2005 Health Education","9721",TRUE,0.266666666666667,TRUE,0.181818181818182,-0.266666666666667,-0.5
"9722btp05.t1testsl",18,"BTP 2005 Health Education","9722",FALSE,0,TRUE,0.1,0,0.25
"9723btp05.t1testsl",18,"BTP 2005 Health Education","9723",TRUE,0.0906432748538011,TRUE,0.181818181818182,-0.0906432748538011,0.0357142857142857
"9724btp05.t1testsl",18,"BTP 2005 Health Education","9724",FALSE,-0.169117647058824,FALSE,-0.166666666666667,0.169117647058824,0.2
"9725btp05.t1testsl",18,"BTP 2005 Health Education","9725",FALSE,-0.131578947368421,FALSE,0,0.131578947368421,0.380952380952381
"9726btp05.t1testsl",18,"BTP 2005 Health Education","9726",TRUE,0.125,TRUE,0.142857142857143,-0.125,-0.0634920634920635
"9727btp05.t1testsl",18,"BTP 2005 Health Education","9727",TRUE,0.0833333333333333,TRUE,0.111111111111111,-0.0833333333333333,-0.0476190476190476
"9728btp05.t1testsl",18,"BTP 2005 Health Education","9728",FALSE,0,TRUE,0.0833333333333333,0,0.0333333333333333
"9729btp05.t1testsl",18,"BTP 2005 Health Education","9729",FALSE,-0.251461988304094,FALSE,-0.136363636363636,0.251461988304094,0.428571428571429
"9730btp05.t1testsl",18,"BTP 2005 Health Education","9730",TRUE,0.147058823529412,TRUE,0.339285714285714,-0.147058823529412,0
"9701btp05.t1nclb",18,"BTP 2005 Health Education","9701",TRUE,0.0384615384615385,TRUE,0.0555555555555556,-0.0384615384615385,0
"9702btp05.t1nclb",18,"BTP 2005 Health Education","9702",FALSE,-0.0357142857142857,TRUE,0.0357142857142857,0.0357142857142857,0.107142857142857
"9703btp05.t1nclb",18,"BTP 2005 Health Education","9703",TRUE,0.0148809523809523,TRUE,0.0247252747252747,-0.0148809523809523,0
"9704btp05.t1nclb",18,"BTP 2005 Health Education","9704",TRUE,0.119444444444444,TRUE,0.270833333333333,-0.119444444444444,0
"9705btp05.t1nclb",18,"BTP 2005 Health Education","9705",FALSE,-0.0857142857142857,FALSE,-0.0416666666666666,0.0857142857142857,0.118055555555556
"9706btp05.t1nclb",18,"BTP 2005 Health Education","9706",FALSE,-0.0384615384615384,FALSE,-0.05,0.0384615384615384,0.03125
"9707btp05.t1nclb",18,"BTP 2005 Health Education","9707",FALSE,-0.145098039215686,FALSE,0,0.145098039215686,0.169230769230769
"9708btp05.t1nclb",18,"BTP 2005 Health Education","9708",FALSE,-0.0735294117647058,TRUE,0.0555555555555556,0.0735294117647058,0.21875
"9709btp05.t1nclb",18,"BTP 2005 Health Education","9709",TRUE,0.0294117647058824,TRUE,0.208333333333333,-0.0294117647058824,0.0681818181818182
"9710btp05.t1nclb",18,"BTP 2005 Health Education","9710",TRUE,0.030952380952381,FALSE,0,-0.030952380952381,-0.0477272727272727
"9711btp05.t1nclb",18,"BTP 2005 Health Education","9711",TRUE,0.0240384615384616,TRUE,0.0848214285714286,-0.0240384615384616,0.0499999999999999
"9712btp05.t1nclb",18,"BTP 2005 Health Education","9712",FALSE,-0.0625,FALSE,-0.05,0.0625,0.0833333333333333
"9713btp05.t1nclb",18,"BTP 2005 Health Education","9713",FALSE,0,TRUE,0.75,0,0.075
"9714btp05.t1nclb",18,"BTP 2005 Health Education","9714",TRUE,0.0294117647058824,FALSE,0,-0.0294117647058824,-0.0555555555555556
"9715btp05.t1nclb",18,"BTP 2005 Health Education","9715",FALSE,-0.0833333333333334,FALSE,-0.0357142857142857,0.0833333333333334,0.25
"9716btp05.t1nclb",18,"BTP 2005 Health Education","9716",TRUE,0.0208333333333334,TRUE,0.0625,-0.0208333333333334,0.0625
"9717btp05.t1nclb",18,"BTP 2005 Health Education","9717",FALSE,-0.0641025641025641,FALSE,-0.1,0.0641025641025641,0.0347222222222222
"9718btp05.t1nclb",18,"BTP 2005 Health Education","9718",FALSE,0,FALSE,0,0,0
"9719btp05.t1nclb",18,"BTP 2005 Health Education","9719",FALSE,-0.0357142857142857,FALSE,-0.0227272727272727,0.0357142857142857,0.0833333333333334
"9720btp05.t1nclb",18,"BTP 2005 Health Education","9720",TRUE,0.03125,TRUE,0.1875,-0.03125,0.125
"9721btp05.t1nclb",18,"BTP 2005 Health Education","9721",FALSE,-0.0166666666666666,FALSE,0,0.0166666666666666,0.0625
"9722btp05.t1nclb",18,"BTP 2005 Health Education","9722",FALSE,-0.0535714285714286,FALSE,-0.05,0.0535714285714286,0.0625
"9723btp05.t1nclb",18,"BTP 2005 Health Education","9723",TRUE,0.0131578947368421,TRUE,0.0454545454545454,-0.0131578947368421,0.03125
"9724btp05.t1nclb",18,"BTP 2005 Health Education","9724",TRUE,0.0294117647058824,TRUE,0.0208333333333334,-0.0294117647058824,-0.05
"9725btp05.t1nclb",18,"BTP 2005 Health Education","9725",TRUE,0.0138888888888888,FALSE,-0.0435606060606061,-0.0138888888888888,-0.0892857142857143
"9726btp05.t1nclb",18,"BTP 2005 Health Education","9726",FALSE,-0.0166666666666667,TRUE,0.107142857142857,0.0166666666666667,0.125
"9727btp05.t1nclb",18,"BTP 2005 Health Education","9727",TRUE,0.0604166666666667,TRUE,0.0798611111111112,-0.0604166666666667,-0.0357142857142857
"9728btp05.t1nclb",18,"BTP 2005 Health Education","9728",FALSE,0,FALSE,0,0,0
"9729btp05.t1nclb",18,"BTP 2005 Health Education","9729",TRUE,0.0555555555555556,TRUE,0.113636363636364,-0.0555555555555556,0.0357142857142857
"9730btp05.t1nclb",18,"BTP 2005 Health Education","9730",FALSE,-0.0735294117647059,FALSE,-0.09375,0.0735294117647059,0.0555555555555556
"9701btp05.t1costcov",18,"BTP 2005 Health Education","9701",TRUE,0.0392857172659467,TRUE,0.0750000089406968,-0.0392857172659467,0.050000011920929
"9702btp05.t1costcov",18,"BTP 2005 Health Education","9702",FALSE,-0.00833333390099655,FALSE,-0.0333333356039864,0.00833333390099655,-0.0166666678019933
"9703btp05.t1costcov",18,"BTP 2005 Health Education","9703",FALSE,-0.0123015869231451,FALSE,-0.0255952392305647,0.0123015869231451,-0.014285717691694
"9704btp05.t1costcov",18,"BTP 2005 Health Education","9704",TRUE,0.00897436187817513,FALSE,-0.0297619019235882,-0.00897436187817513,-0.054166669646899
"9705btp05.t1costcov",18,"BTP 2005 Health Education","9705",FALSE,-0.0822916682809591,FALSE,-0.0630952460425241,0.0822916682809591,0.0972222189108529
"9706btp05.t1costcov",18,"BTP 2005 Health Education","9706",TRUE,0.0173076964341677,FALSE,-0.0849999904632568,-0.0173076964341677,-0.0812500007450581
"9707btp05.t1costcov",18,"BTP 2005 Health Education","9707",TRUE,0.0319444520605935,TRUE,0.0833333333333334,-0.0319444520605935,-0.0216666758060456
"9708btp05.t1costcov",18,"BTP 2005 Health Education","9708",TRUE,0.00294117717181941,TRUE,0.0250000026490953,-0.00294117717181941,0.0218750014901159
"9709btp05.t1costcov",18,"BTP 2005 Health Education","9709",TRUE,0.00784312802202558,TRUE,0.0374999940395355,-0.00784312802202558,0.00833334435116173
"9710btp05.t1costcov",18,"BTP 2005 Health Education","9710",TRUE,0.0166666666666667,TRUE,0.149999998509884,-0.0166666666666667,0.0318181812763214
"9711btp05.t1costcov",18,"BTP 2005 Health Education","9711",FALSE,-0.00384615017817569,FALSE,-0.00937500596046448,0.00384615017817569,-0.00500001907348635
"9712btp05.t1costcov",18,"BTP 2005 Health Education","9712",FALSE,-0.0029411754187415,TRUE,0.00227273594249378,0.0029411754187415,0.0125000129143396
"9713btp05.t1costcov",18,"BTP 2005 Health Education","9713",FALSE,-0.0128787891431288,TRUE,0.050000011920929,0.0128787891431288,0.0191666692495346
"9714btp05.t1costcov",18,"BTP 2005 Health Education","9714",FALSE,-0.00196078069069805,TRUE,0.0541666634380817,0.00196078069069805,0.0518518421385024
"9715btp05.t1costcov",18,"BTP 2005 Health Education","9715",TRUE,0.0324074228604635,TRUE,0.0238095436777389,-0.0324074228604635,-0.0625
"9716btp05.t1costcov",18,"BTP 2005 Health Education","9716",FALSE,-1.24176346982807e-09,TRUE,0.0343749988824129,1.24176346982807e-09,0.0687500014901162
"9717btp05.t1costcov",18,"BTP 2005 Health Education","9717",TRUE,0.0444444537162781,TRUE,0.0666666626930236,-0.0444444537162781,-0.0296296477317812
"9718btp05.t1costcov",18,"BTP 2005 Health Education","9718",FALSE,-0.0272727337750521,FALSE,-0.0531250014901161,0.0272727337750521,-0.0416666467984517
"9719btp05.t1costcov",18,"BTP 2005 Health Education","9719",FALSE,-0.0184523846421923,FALSE,-0.000757580453699447,0.0184523846421923,0.0833333333333334
"9720btp05.t1costcov",18,"BTP 2005 Health Education","9720",TRUE,0.0322916731238365,TRUE,0.0875000059604645,-0.0322916731238365,0.0229166597127914
"9721btp05.t1costcov",18,"BTP 2005 Health Education","9721",TRUE,0.00885416939854622,TRUE,0.0243055621782939,-0.00885416939854622,0.0375000089406967
"9722btp05.t1costcov",18,"BTP 2005 Health Education","9722",FALSE,-0.0660714294229234,FALSE,-0.0925000011920929,0.0660714294229234,0
"9723btp05.t1costcov",18,"BTP 2005 Health Education","9723",FALSE,-0.00526315758102824,TRUE,0.0181818170980974,0.00526315758102824,0.0374999977648259
"9724btp05.t1costcov",18,"BTP 2005 Health Education","9724",FALSE,-0.0102941201013678,FALSE,-0.0458333318432173,0.0102941201013678,-0.074999988079071
"9725btp05.t1costcov",18,"BTP 2005 Health Education","9725",FALSE,-0.0162280703845776,FALSE,-0.0208333308498064,0.0162280703845776,0.00833333815847115
"9726btp05.t1costcov",18,"BTP 2005 Health Education","9726",TRUE,0.0302083380520344,TRUE,0.0761904801641192,-0.0302083380520344,0.00555555025736487
"9727btp05.t1costcov",18,"BTP 2005 Health Education","9727",FALSE,-0.019791666418314,FALSE,-0.00740741027726077,0.019791666418314,0.0357142814568112
"9728btp05.t1costcov",18,"BTP 2005 Health Education","9728",TRUE,0.0119047590664455,TRUE,0.0875000059604645,-0.0119047590664455,0.0183333396911621
"9729btp05.t1costcov",18,"BTP 2005 Health Education","9729",TRUE,0.0460526274615213,TRUE,0.022916663127641,-0.0460526274615213,-0.0857142806053162
"9730btp05.t1costcov",18,"BTP 2005 Health Education","9730",FALSE,-0.0328431339824901,FALSE,-0.067708320915699,0.0328431339824901,0.00185185670852672
"9701btp05.t1govinv",18,"BTP 2005 Health Education","9701",FALSE,-0.0267857142857143,FALSE,-0.025,0.0267857142857143,0.03125
"9702btp05.t1govinv",18,"BTP 2005 Health Education","9702",FALSE,0,FALSE,0,0,0
"9703btp05.t1govinv",18,"BTP 2005 Health Education","9703",FALSE,0,FALSE,0,0,0
"9704btp05.t1govinv",18,"BTP 2005 Health Education","9704",FALSE,-0.144230769230769,FALSE,-0.214285714285714,0.144230769230769,0.0625
"9705btp05.t1govinv",18,"BTP 2005 Health Education","9705",FALSE,-0.0078125,FALSE,-0.0714285714285714,0.0078125,-0.0416666666666666
"9706btp05.t1govinv",18,"BTP 2005 Health Education","9706",FALSE,-0.0192307692307693,FALSE,0,0.0192307692307693,0.03125
"9707btp05.t1govinv",18,"BTP 2005 Health Education","9707",FALSE,-0.0555555555555556,FALSE,-0.125,0.0555555555555556,0.0416666666666666
"9708btp05.t1govinv",18,"BTP 2005 Health Education","9708",FALSE,-0.0147058823529412,TRUE,0.0138888888888888,0.0147058823529412,0.046875
"9709btp05.t1govinv",18,"BTP 2005 Health Education","9709",TRUE,0.0588235294117646,TRUE,0.104166666666667,-0.0588235294117646,-0.0340909090909091
"9710btp05.t1govinv",18,"BTP 2005 Health Education","9710",TRUE,0.0416666666666666,FALSE,-0.03125,-0.0416666666666666,-0.0681818181818182
"9711btp05.t1govinv",18,"BTP 2005 Health Education","9711",TRUE,0.0673076923076923,TRUE,0.09375,-0.0673076923076923,-0.025
"9712btp05.t1govinv",18,"BTP 2005 Health Education","9712",FALSE,-0.00735294117647056,FALSE,-0.0227272727272727,0.00735294117647056,-0.0208333333333333
"9713btp05.t1govinv",18,"BTP 2005 Health Education","9713",TRUE,0.0227272727272728,TRUE,0.75,-0.0227272727272728,0.05
"9714btp05.t1govinv",18,"BTP 2005 Health Education","9714",TRUE,0.0294117647058822,TRUE,0.015625,-0.0294117647058822,-0.0416666666666666
"9715btp05.t1govinv",18,"BTP 2005 Health Education","9715",FALSE,-0.0277777777777778,FALSE,-0.0178571428571428,0.0277777777777778,0.0625
"9716btp05.t1govinv",18,"BTP 2005 Health Education","9716",TRUE,0.03125,TRUE,0.0625,-0.03125,0.03125
"9717btp05.t1govinv",18,"BTP 2005 Health Education","9717",TRUE,0.025,TRUE,0.0416666666666666,-0.025,-0.013888888888889
"9718btp05.t1govinv",18,"BTP 2005 Health Education","9718",TRUE,0.0113636363636364,FALSE,0,-0.0113636363636364,-0.0416666666666666
"9719btp05.t1govinv",18,"BTP 2005 Health Education","9719",FALSE,-0.0446428571428571,FALSE,-0.0227272727272727,0.0446428571428571,0.125
"9720btp05.t1govinv",18,"BTP 2005 Health Education","9720",FALSE,-0.0066964285714286,FALSE,-0.03125,0.0066964285714286,0.03125
"9721btp05.t1govinv",18,"BTP 2005 Health Education","9721",FALSE,0,FALSE,-0.03125,0,-0.09375
"9722btp05.t1govinv",18,"BTP 2005 Health Education","9722",FALSE,-0.0714285714285715,FALSE,-0.0499999999999999,0.0714285714285715,0.125
"9723btp05.t1govinv",18,"BTP 2005 Health Education","9723",FALSE,-0.0281432748538012,FALSE,-0.0227272727272727,0.0281432748538012,0.0424107142857143
"9724btp05.t1govinv",18,"BTP 2005 Health Education","9724",FALSE,0,FALSE,0,0,0
"9725btp05.t1govinv",18,"BTP 2005 Health Education","9725",TRUE,0.00657894736842102,FALSE,-0.0208333333333334,-0.00657894736842102,-0.0535714285714285
"9726btp05.t1govinv",18,"BTP 2005 Health Education","9726",TRUE,0.046875,TRUE,0.0714285714285714,-0.046875,-0.0277777777777778
"9727btp05.t1govinv",18,"BTP 2005 Health Education","9727",TRUE,0.0390625,TRUE,0.0416666666666666,-0.0390625,-0.0357142857142857
"9728btp05.t1govinv",18,"BTP 2005 Health Education","9728",TRUE,0.0357142857142857,TRUE,0.09375,-0.0357142857142857,-0.0125
"9729btp05.t1govinv",18,"BTP 2005 Health Education","9729",TRUE,0.0526315789473684,TRUE,0.0104166666666667,-0.0526315789473684,-0.125
"9730btp05.t1govinv",18,"BTP 2005 Health Education","9730",TRUE,0.0661764705882353,TRUE,0.09375,-0.0661764705882353,-0.0416666666666666
"9701btp05.t1medqual",18,"BTP 2005 Health Education","9701",TRUE,0.0701465155560892,TRUE,0.0585185206598705,-0.0701465155560892,-0.0749999806284908
"9702btp05.t1medqual",18,"BTP 2005 Health Education","9702",TRUE,0.0880952371018274,TRUE,0.0857142763478415,-0.0880952371018274,-0.0904761978558133
"9703btp05.t1medqual",18,"BTP 2005 Health Education","9703",TRUE,0.00158730716932387,FALSE,-0.0226190494639534,-0.00158730716932387,-0.0500000204358784
"9704btp05.t1medqual",18,"BTP 2005 Health Education","9704",FALSE,-0.0179487054164592,TRUE,0.019047634942191,0.0179487054164592,0.0611111025015512
"9705btp05.t1medqual",18,"BTP 2005 Health Education","9705",FALSE,-0.024999987334013,TRUE,0.0142857262066433,0.024999987334013,0.0555555423100789
"9706btp05.t1medqual",18,"BTP 2005 Health Education","9706",TRUE,0.0692307662505369,TRUE,0.126666665077209,-0.0692307662505369,-0.0333333294838667
"9707btp05.t1medqual",18,"BTP 2005 Health Education","9707",TRUE,0.0629629542430243,TRUE,0.166666656732559,-0.0629629542430243,-0.0422222137451173
"9708btp05.t1medqual",18,"BTP 2005 Health Education","9708",TRUE,0.0784313775160733,TRUE,0.196296302808656,-0.0784313775160733,0.0541666634380817
"9709btp05.t1medqual",18,"BTP 2005 Health Education","9709",TRUE,0.0196078419685364,TRUE,0.0555555522441865,-0.0196078419685364,0
"9710btp05.t1medqual",18,"BTP 2005 Health Education","9710",TRUE,0.0741269933325903,TRUE,0.20833332836628,-0.0741269933325903,-0.0206060753627256
"9711btp05.t1medqual",18,"BTP 2005 Health Education","9711",FALSE,-0.0282051334014306,FALSE,-0.0375000163912773,0.0282051334014306,0.0133333206176758
"9712btp05.t1medqual",18,"BTP 2005 Health Education","9712",TRUE,0.00392156751716843,TRUE,0.0439393872564489,-0.00392156751716843,0.0694444353381793
"9713btp05.t1medqual",18,"BTP 2005 Health Education","9713",TRUE,0.0878787907687101,TRUE,0.133333384990692,-0.0878787907687101,-0.0833333313465119
"9714btp05.t1medqual",18,"BTP 2005 Health Education","9714",FALSE,-0.0352941335124127,FALSE,-0.0458333604037762,0.0352941335124127,0.025925931831201
"9715btp05.t1medqual",18,"BTP 2005 Health Education","9715",FALSE,-0.062962942653232,FALSE,-0.0285714098385401,0.062962942653232,0.183333307504653
"9716btp05.t1medqual",18,"BTP 2005 Health Education","9716",TRUE,0.154166668653488,TRUE,0.214583326131105,-0.154166668653488,-0.0333333536982537
"9717btp05.t1medqual",18,"BTP 2005 Health Education","9717",TRUE,0.0755555485685665,TRUE,0.0500000019868213,-0.0755555485685665,-0.0925925796230633
"9718btp05.t1medqual",18,"BTP 2005 Health Education","9718",FALSE,-0.0484848455949264,FALSE,-0.0541666597127916,0.0484848455949264,0.0333333412806193
"9719btp05.t1medqual",18,"BTP 2005 Health Education","9719",FALSE,-0.11190476162093,FALSE,-0.12727273052389,0.11190476162093,0.0555555423100786
"9720btp05.t1medqual",18,"BTP 2005 Health Education","9720",TRUE,0.0333333238959312,TRUE,0.0416666716337202,-0.0333333238959312,-0.0249999761581422
"9721btp05.t1medqual",18,"BTP 2005 Health Education","9721",FALSE,-0.110416661947966,FALSE,-0.0916666562358538,0.110416661947966,0.166666679084301
"9722btp05.t1medqual",18,"BTP 2005 Health Education","9722",FALSE,-0.0333333249602998,FALSE,-0.0366666555404661,0.0333333249602998,0.024999998509884
"9723btp05.t1medqual",18,"BTP 2005 Health Education","9723",FALSE,-0.0464912276518973,FALSE,-0.0969697020270608,0.0464912276518973,-0.0229166746139527
"9724btp05.t1medqual",18,"BTP 2005 Health Education","9724",TRUE,0.0156862726982903,TRUE,0.044444444278876,-0.0156862726982903,0.0533333390951156
"9725btp05.t1medqual",18,"BTP 2005 Health Education","9725",TRUE,0.0307017486346395,TRUE,0.0541666597127914,-0.0307017486346395,0.00952381321362095
"9726btp05.t1medqual",18,"BTP 2005 Health Education","9726",TRUE,0.0208333246409892,FALSE,-0.0190476306847166,-0.0208333246409892,-0.0518518454498714
"9727btp05.t1medqual",18,"BTP 2005 Health Education","9727",TRUE,0.0604166761040686,TRUE,0.100000003973643,-0.0604166761040686,-0.00952382598604473
"9728btp05.t1medqual",18,"BTP 2005 Health Education","9728",TRUE,0.00714286523205876,FALSE,-0.0166666507720951,-0.00714286523205876,-0.0166666716337204
"9729btp05.t1medqual",18,"BTP 2005 Health Education","9729",FALSE,-0.00877193243880037,FALSE,-0.0305555611848832,0.00877193243880037,-0.0285714311259131
"9730btp05.t1medqual",18,"BTP 2005 Health Education","9730",TRUE,0.0960784295902531,TRUE,0.0541666708886623,-0.0960784295902531,-0.133333326213889
"9701btp05.t1emplypay",18,"BTP 2005 Health Education","9701",FALSE,-0.214285714285714,FALSE,-0.225,0.214285714285714,0.1875
"9702btp05.t1emplypay",18,"BTP 2005 Health Education","9702",TRUE,0.0240384615384616,TRUE,0.075,-0.0240384615384616,0
"9703btp05.t1emplypay",18,"BTP 2005 Health Education","9703",FALSE,-0.00595238095238093,TRUE,0.00412087912087922,0.00595238095238093,0.0357142857142857
"9704btp05.t1emplypay",18,"BTP 2005 Health Education","9704",TRUE,0.144230769230769,TRUE,0.142857142857143,-0.144230769230769,-0.166666666666667
"9705btp05.t1emplypay",18,"BTP 2005 Health Education","9705",FALSE,-0.00104166666666666,FALSE,-0.0238095238095238,0.00104166666666666,0
"9706btp05.t1emplypay",18,"BTP 2005 Health Education","9706",FALSE,-0.155594405594406,FALSE,-0.25,0.155594405594406,0.102678571428571
"9707btp05.t1emplypay",18,"BTP 2005 Health Education","9707",TRUE,0.0302287581699346,TRUE,0.0416666666666666,-0.0302287581699346,-0.0333333333333333
"9708btp05.t1emplypay",18,"BTP 2005 Health Education","9708",TRUE,0.046875,TRUE,0.0555555555555556,-0.046875,-0.0357142857142857
"9709btp05.t1emplypay",18,"BTP 2005 Health Education","9709",TRUE,0.132352941176471,TRUE,0.208333333333333,-0.132352941176471,-0.0909090909090909
"9710btp05.t1emplypay",18,"BTP 2005 Health Education","9710",TRUE,0.2,TRUE,0.1875,-0.2,-0.204545454545455
"9711btp05.t1emplypay",18,"BTP 2005 Health Education","9711",FALSE,-0.00699300699300698,FALSE,-0.0625,0.00699300699300698,-0.05
"9712btp05.t1emplypay",18,"BTP 2005 Health Education","9712",TRUE,0.0147058823529411,TRUE,0.0227272727272727,-0.0147058823529411,0
"9713btp05.t1emplypay",18,"BTP 2005 Health Education","9713",TRUE,0.0909090909090909,FALSE,-0.25,-0.0909090909090909,-0.125
"9714btp05.t1emplypay",18,"BTP 2005 Health Education","9714",TRUE,0.235294117647059,TRUE,0.25,-0.235294117647059,-0.222222222222222
"9715btp05.t1emplypay",18,"BTP 2005 Health Education","9715",FALSE,0,FALSE,0,0,0
"9716btp05.t1emplypay",18,"BTP 2005 Health Education","9716",TRUE,0.0833333333333334,TRUE,0.03125,-0.0833333333333334,-0.1875
"9717btp05.t1emplypay",18,"BTP 2005 Health Education","9717",TRUE,0.0833333333333333,FALSE,0,-0.0833333333333333,-0.138888888888889
"9718btp05.t1emplypay",18,"BTP 2005 Health Education","9718",TRUE,0.113636363636364,TRUE,0.15625,-0.113636363636364,0
"9719btp05.t1emplypay",18,"BTP 2005 Health Education","9719",TRUE,0.125,TRUE,0.136363636363636,-0.125,-0.0833333333333333
"9720btp05.t1emplypay",18,"BTP 2005 Health Education","9720",TRUE,0.0178571428571429,TRUE,0.0625,-0.0178571428571429,0.0625
"9721btp05.t1emplypay",18,"BTP 2005 Health Education","9721",TRUE,0.109375,TRUE,0.0625,-0.109375,-0.25
"9722btp05.t1emplypay",18,"BTP 2005 Health Education","9722",TRUE,0.0535714285714286,TRUE,0.15,-0.0535714285714286,0.1875
"9723btp05.t1emplypay",18,"BTP 2005 Health Education","9723",FALSE,-0.0773993808049535,FALSE,-0.0886363636363636,0.0773993808049535,0.0625
"9724btp05.t1emplypay",18,"BTP 2005 Health Education","9724",FALSE,-0.102941176470588,FALSE,-0.104166666666667,0.102941176470588,0.1
"9725btp05.t1emplypay",18,"BTP 2005 Health Education","9725",FALSE,-0.207602339181287,FALSE,-0.208333333333333,0.207602339181287,0.214285714285714
"9726btp05.t1emplypay",18,"BTP 2005 Health Education","9726",TRUE,0.0489583333333333,TRUE,0.178571428571429,-0.0489583333333333,0.0590277777777778
"9727btp05.t1emplypay",18,"BTP 2005 Health Education","9727",FALSE,-0.05625,FALSE,-0.0277777777777777,0.05625,0.101190476190476
"9728btp05.t1emplypay",18,"BTP 2005 Health Education","9728",FALSE,-0.0892857142857142,TRUE,0.125,0.0892857142857142,0.175
"9729btp05.t1emplypay",18,"BTP 2005 Health Education","9729",TRUE,0.0657894736842105,FALSE,0,-0.0657894736842105,-0.178571428571429
"9730btp05.t1emplypay",18,"BTP 2005 Health Education","9730",FALSE,-0.00367647058823528,TRUE,0.1875,0.00367647058823528,0.166666666666667
"9701btp05.t1indivpay",18,"BTP 2005 Health Education","9701",TRUE,0.107142857142857,TRUE,0.125,-0.107142857142857,-0.0625
"9702btp05.t1indivpay",18,"BTP 2005 Health Education","9702",TRUE,0.00961538461538464,FALSE,-0.0714285714285715,-0.00961538461538464,-0.0892857142857143
"9703btp05.t1indivpay",18,"BTP 2005 Health Education","9703",TRUE,0.0642857142857143,TRUE,0.0892857142857142,-0.0642857142857143,0.00595238095238093
"9704btp05.t1indivpay",18,"BTP 2005 Health Education","9704",TRUE,0.153846153846154,TRUE,0.285714285714286,-0.153846153846154,0
"9705btp05.t1indivpay",18,"BTP 2005 Health Education","9705",FALSE,-0.140625,FALSE,-0.0357142857142858,0.140625,0.222222222222222
"9706btp05.t1indivpay",18,"BTP 2005 Health Education","9706",FALSE,-0.0384615384615384,FALSE,-0.05,0.0384615384615384,0.03125
"9707btp05.t1indivpay",18,"BTP 2005 Health Education","9707",FALSE,-0.013888888888889,FALSE,-0.0833333333333333,0.013888888888889,0
"9708btp05.t1indivpay",18,"BTP 2005 Health Education","9708",TRUE,0.015625,TRUE,0.0277777777777778,-0.015625,-0.0089285714285714
"9709btp05.t1indivpay",18,"BTP 2005 Health Education","9709",FALSE,-0.088235294117647,FALSE,0,0.088235294117647,0.136363636363636
"9710btp05.t1indivpay",18,"BTP 2005 Health Education","9710",TRUE,0.0428571428571429,FALSE,0,-0.0428571428571429,-0.0545454545454546
"9711btp05.t1indivpay",18,"BTP 2005 Health Education","9711",FALSE,-0.11698717948718,FALSE,-0.09375,0.11698717948718,0.15
"9712btp05.t1indivpay",18,"BTP 2005 Health Education","9712",TRUE,0.107536764705882,TRUE,0.168181818181818,-0.107536764705882,0
"9713btp05.t1indivpay",18,"BTP 2005 Health Education","9713",TRUE,0.295454545454546,TRUE,0.25,-0.295454545454546,-0.3
"9714btp05.t1indivpay",18,"BTP 2005 Health Education","9714",FALSE,-0.174632352941176,FALSE,-0.183035714285714,0.174632352941176,0.166666666666667
"9715btp05.t1indivpay",18,"BTP 2005 Health Education","9715",FALSE,-0.0277777777777777,FALSE,0,0.0277777777777777,0.125
"9716btp05.t1indivpay",18,"BTP 2005 Health Education","9716",TRUE,0.119318181818182,TRUE,0.125,-0.119318181818182,-0.0625
"9717btp05.t1indivpay",18,"BTP 2005 Health Education","9717",TRUE,0.166666666666667,TRUE,0.208333333333333,-0.166666666666667,-0.138888888888889
"9718btp05.t1indivpay",18,"BTP 2005 Health Education","9718",FALSE,-0.136363636363636,FALSE,-0.1875,0.136363636363636,0
"9719btp05.t1indivpay",18,"BTP 2005 Health Education","9719",FALSE,-0.0535714285714286,TRUE,0.0454545454545455,0.0535714285714286,0.416666666666667
"9720btp05.t1indivpay",18,"BTP 2005 Health Education","9720",FALSE,0,FALSE,0,0,0
"9721btp05.t1indivpay",18,"BTP 2005 Health Education","9721",TRUE,0.0333333333333333,TRUE,0.0681818181818182,-0.0333333333333333,0.0625
"9722btp05.t1indivpay",18,"BTP 2005 Health Education","9722",FALSE,-0.0164835164835165,TRUE,0.0083333333333333,0.0164835164835165,0.0625
"9723btp05.t1indivpay",18,"BTP 2005 Health Education","9723",FALSE,-0.148391812865497,FALSE,-0.0909090909090909,0.148391812865497,0.25
"9724btp05.t1indivpay",18,"BTP 2005 Health Education","9724",FALSE,-0.0294117647058824,FALSE,-0.0208333333333334,0.0294117647058824,0.0499999999999999
"9725btp05.t1indivpay",18,"BTP 2005 Health Education","9725",FALSE,-0.00877192982456138,TRUE,0.00757575757575757,0.00877192982456138,0.0357142857142857
"9726btp05.t1indivpay",18,"BTP 2005 Health Education","9726",FALSE,-0.129464285714286,FALSE,-0.0714285714285715,0.129464285714286,0.173611111111111
"9727btp05.t1indivpay",18,"BTP 2005 Health Education","9727",TRUE,0.109375,TRUE,0.138888888888889,-0.109375,-0.0714285714285714
"9728btp05.t1indivpay",18,"BTP 2005 Health Education","9728",TRUE,0.0892857142857142,TRUE,0.3125,-0.0892857142857142,0
"9729btp05.t1indivpay",18,"BTP 2005 Health Education","9729",TRUE,0.0394736842105263,TRUE,0.0625,-0.0394736842105263,0
"9730btp05.t1indivpay",18,"BTP 2005 Health Education","9730",FALSE,-0.0606617647058824,TRUE,0.0714285714285714,0.0606617647058824,0.166666666666667
"2001ukeu.eurelat1g",1,"UK EU","2001",FALSE,-0.0294444444444445,FALSE,-0.0593750000000002,0.0294444444444445,-0.00476190476190486
"2002ukeu.eurelat1g",1,"UK EU","2002",FALSE,-0.103508771929825,TRUE,0.00555555555555542,0.103508771929825,0.201666666666667
"2003ukeu.eurelat1g",1,"UK EU","2003",TRUE,0.0816391941391939,TRUE,0.0916666666666665,-0.0816391941391939,-0.0666666666666665
"2004ukeu.eurelat1g",1,"UK EU","2004",TRUE,0.112606837606838,TRUE,0.11087962962963,-0.112606837606838,-0.121111111111111
"2005ukeu.eurelat1g",1,"UK EU","2005",TRUE,0.0325396825396825,TRUE,0.075,-0.0325396825396825,0.0247222222222221
"2006ukeu.eurelat1g",1,"UK EU","2006",TRUE,0.00989583333333344,TRUE,0.097878787878788,-0.00989583333333344,0.186666666666666
"2007ukeu.eurelat1g",1,"UK EU","2007",FALSE,-0.05375,FALSE,-0.0930555555555556,0.05375,0.0142857142857143
"2008ukeu.eurelat1g",1,"UK EU","2008",TRUE,0.125757575757576,TRUE,0.126190476190476,-0.125757575757576,-0.125
"2009ukeu.eurelat1g",1,"UK EU","2009",TRUE,0.242628205128205,TRUE,0.255833333333333,-0.242628205128205,-0.219444444444445
"2010ukeu.eurelat1g",1,"UK EU","2010",FALSE,-0.067326388888889,FALSE,-0.00317460317460322,0.067326388888889,0.125925925925926
"2011ukeu.eurelat1g",1,"UK EU","2011",TRUE,0.0151709401709402,TRUE,0.0395502645502647,-0.0151709401709402,0.025
"2012ukeu.eurelat1g",1,"UK EU","2012",FALSE,-0.0492424242424243,FALSE,-0.0513888888888888,0.0492424242424243,0.0466666666666669
"2013ukeu.eurelat1g",1,"UK EU","2013",FALSE,-0.0906250000000002,FALSE,-0.0871794871794874,0.0906250000000002,0.105555555555556
"2014ukeu.eurelat1g",1,"UK EU","2014",TRUE,0.0147893772893772,TRUE,0.0418154761904762,-0.0147893772893772,0.0416666666666668
"2015ukeu.eurelat1g",1,"UK EU","2015",FALSE,-0.049537037037037,TRUE,0.0123015873015874,0.049537037037037,0.180555555555556
"2099ukeu.eurelat1g",1,"UK EU","2099",TRUE,0.355555555555555,TRUE,0.375,-0.355555555555555,-0.316666666666666
"2001ukeu.euscope1g",1,"UK EU","2001",FALSE,-0.236111111111111,FALSE,-0.171875,0.236111111111111,0.30952380952381
"2002ukeu.euscope1g",1,"UK EU","2002",FALSE,-0.221491228070176,FALSE,-0.189814814814815,0.221491228070176,0.25
"2003ukeu.euscope1g",1,"UK EU","2003",FALSE,-0.208333333333333,FALSE,-0.226851851851852,0.208333333333333,0.175
"2004ukeu.euscope1g",1,"UK EU","2004",TRUE,0.144444444444444,TRUE,0.157407407407407,-0.144444444444444,-0.125
"2005ukeu.euscope1g",1,"UK EU","2005",TRUE,0.119444444444445,TRUE,0.199074074074074,-0.119444444444445,0
"2006ukeu.euscope1g",1,"UK EU","2006",TRUE,0.166666666666667,TRUE,0.143939393939394,-0.166666666666667,-0.216666666666667
"2007ukeu.euscope1g",1,"UK EU","2007",FALSE,-0.0781250000000001,FALSE,-0.0509259259259262,0.0781250000000001,0.113095238095238
"2008ukeu.euscope1g",1,"UK EU","2008",TRUE,0.272727272727273,TRUE,0.285714285714286,-0.272727272727273,-0.25
"2009ukeu.euscope1g",1,"UK EU","2009",TRUE,0.110119047619048,TRUE,0.1375,-0.110119047619048,-0.0416666666666667
"2010ukeu.euscope1g",1,"UK EU","2010",TRUE,0.15625,TRUE,0.172619047619048,-0.15625,-0.143518518518519
"2011ukeu.euscope1g",1,"UK EU","2011",FALSE,-0.011111111111111,FALSE,-0.00925925925925919,0.011111111111111,0.0138888888888888
"2012ukeu.euscope1g",1,"UK EU","2012",FALSE,-0.234848484848485,FALSE,-0.263888888888889,0.234848484848485,0.2
"2013ukeu.euscope1g",1,"UK EU","2013",FALSE,-0.1796875,FALSE,-0.125,0.1796875,0.416666666666667
"2014ukeu.euscope1g",1,"UK EU","2014",FALSE,0,FALSE,0,0,0
"2015ukeu.euscope1g",1,"UK EU","2015",TRUE,0.141228070175439,TRUE,0.144688644688645,-0.141228070175439,-0.138888888888889
"2099ukeu.euscope1g",1,"UK EU","2099",TRUE,0.0555555555555554,TRUE,0.0416666666666665,-0.0555555555555554,-0.083333333333333
"2001ukeu.commies1r",1,"UK EU","2001",TRUE,0.258333333333333,TRUE,0.3125,-0.258333333333333,-0.196428571428571
"2002ukeu.commies1r",1,"UK EU","2002",FALSE,-0.30921052631579,FALSE,-0.291666666666667,0.30921052631579,0.325
"2003ukeu.commies1r",1,"UK EU","2003",TRUE,0.31043956043956,TRUE,0.375,-0.31043956043956,-0.1875
"2004ukeu.commies1r",1,"UK EU","2004",FALSE,-0.285897435897436,FALSE,-0.326388888888889,0.285897435897436,0.220833333333333
"2005ukeu.commies1r",1,"UK EU","2005",TRUE,0.235714285714286,TRUE,0.263888888888889,-0.235714285714286,-0.1875
"2006ukeu.commies1r",1,"UK EU","2006",TRUE,0.221875,TRUE,0.281818181818182,-0.221875,-0.1
"2007ukeu.commies1r",1,"UK EU","2007",TRUE,0.1796875,TRUE,0.119047619047619,-0.1796875,-0.232142857142857
"2008ukeu.commies1r",1,"UK EU","2008",FALSE,-0.306818181818182,FALSE,-0.321428571428571,0.306818181818182,0.28125
"2009ukeu.commies1r",1,"UK EU","2009",FALSE,-0.235119047619048,FALSE,-0.2,0.235119047619048,0.375
"2010ukeu.commies1r",1,"UK EU","2010",TRUE,0.3078125,TRUE,0.303571428571429,-0.3078125,-0.305555555555556
"2011ukeu.commies1r",1,"UK EU","2011",TRUE,0.342948717948718,TRUE,0.378968253968254,-0.342948717948718,-0.291666666666667
"2012ukeu.commies1r",1,"UK EU","2012",FALSE,-0.181818181818182,FALSE,-0.145833333333333,0.181818181818182,0.225
"2013ukeu.commies1r",1,"UK EU","2013",TRUE,0.3046875,TRUE,0.288461538461538,-0.3046875,-0.375
"2014ukeu.commies1r",1,"UK EU","2014",TRUE,0.31043956043956,TRUE,0.361607142857143,-0.31043956043956,-0.25
"2015ukeu.commies1r",1,"UK EU","2015",TRUE,0.244117647058823,TRUE,0.296266233766234,-0.244117647058823,-0.145833333333333
"2099ukeu.commies1r",1,"UK EU","2099",FALSE,-0.166666666666667,FALSE,-0.1875,0.166666666666667,0.125
"2001ukeu.favref1r",1,"UK EU","2001",TRUE,0.4,TRUE,0.421875,-0.4,-0.375
"2002ukeu.favref1r",1,"UK EU","2002",TRUE,0.447368421052632,TRUE,0.430555555555556,-0.447368421052632,-0.4625
"2003ukeu.favref1r",1,"UK EU","2003",FALSE,-0.410714285714286,FALSE,-0.416666666666667,0.410714285714286,0.3875
"2004ukeu.favref1r",1,"UK EU","2004",FALSE,-0.317948717948718,FALSE,-0.361111111111111,0.317948717948718,0.241666666666667
"2005ukeu.favref1r",1,"UK EU","2005",FALSE,0,FALSE,0,0,0
"2006ukeu.favref1r",1,"UK EU","2006",FALSE,-0.4296875,FALSE,-0.486363636363636,0.4296875,0.325
"2007ukeu.favref1r",1,"UK EU","2007",FALSE,-0.471354166666667,FALSE,-0.541666666666667,0.471354166666667,0.392857142857143
"2008ukeu.favref1r",1,"UK EU","2008",FALSE,-0.363636363636364,FALSE,-0.410714285714286,0.363636363636364,0.28125
"2009ukeu.favref1r",1,"UK EU","2009",FALSE,-0.576236263736264,FALSE,-0.5875,0.576236263736264,0.520833333333333
"2010ukeu.favref1r",1,"UK EU","2010",FALSE,-0.492708333333333,FALSE,-0.505952380952381,0.492708333333333,0.486111111111111
"2011ukeu.favref1r",1,"UK EU","2011",TRUE,0.438461538461538,TRUE,0.474206349206349,-0.438461538461538,-0.395833333333333
"2012ukeu.favref1r",1,"UK EU","2012",FALSE,-0.431818181818182,FALSE,-0.354166666666667,0.431818181818182,0.525
"2013ukeu.favref1r",1,"UK EU","2013",FALSE,-0.4609375,FALSE,-0.480769230769231,0.4609375,0.375
"2014ukeu.favref1r",1,"UK EU","2014",TRUE,0.429945054945055,TRUE,0.493303571428571,-0.429945054945055,-0.354166666666667
"2015ukeu.favref1r",1,"UK EU","2015",FALSE,-0.461805555555556,FALSE,-0.538690476190476,0.461805555555556,0.3125
"2099ukeu.favref1r",1,"UK EU","2099",FALSE,0,FALSE,0,0,0
"2201ukhealth.t1payhlt",2,"UK Health","2201",TRUE,0.0795454545454546,TRUE,0.130952380952381,-0.0795454545454546,0
"2202ukhealth.t1payhlt",2,"UK Health","2202",FALSE,0,TRUE,0.0555555555555556,0,0.125
"2203ukhealth.t1payhlt",2,"UK Health","2203",TRUE,0.15,TRUE,0.223214285714286,-0.15,-0.0714285714285714
"2204ukhealth.t1payhlt",2,"UK Health","2204",TRUE,0.0934065934065934,FALSE,0,-0.0934065934065934,-0.166666666666667
"2205ukhealth.t1payhlt",2,"UK Health","2205",FALSE,-0.0851648351648352,FALSE,-0.0446428571428572,0.0851648351648352,0.128571428571429
"2206ukhealth.t1payhlt",2,"UK Health","2206",TRUE,0.0214285714285715,TRUE,0.0178571428571428,-0.0214285714285715,0
"2207ukhealth.t1payhlt",2,"UK Health","2207",FALSE,-0.115384615384615,FALSE,-0.125,0.115384615384615,0.122222222222222
"2208ukhealth.t1payhlt",2,"UK Health","2208",FALSE,-0.06875,FALSE,-0.0833333333333333,0.06875,0.0555555555555555
"2209ukhealth.t1payhlt",2,"UK Health","2209",FALSE,-0.1375,FALSE,0,0.1375,0.169871794871795
"2210ukhealth.t1payhlt",2,"UK Health","2210",TRUE,0.025,FALSE,-0.0833333333333333,-0.025,-0.0803571428571428
"2211ukhealth.t1payhlt",2,"UK Health","2211",TRUE,0.0375,TRUE,0.2,-0.0375,0.05
"2212ukhealth.t1payhlt",2,"UK Health","2212",TRUE,0.104166666666667,TRUE,0.0857142857142857,-0.104166666666667,-0.119047619047619
"2213ukhealth.t1payhlt",2,"UK Health","2213",TRUE,0.0673076923076923,TRUE,0.159722222222222,-0.0673076923076923,0.125
"2214ukhealth.t1payhlt",2,"UK Health","2214",TRUE,0.147058823529412,TRUE,0.136363636363636,-0.147058823529412,-0.166666666666667
"2215ukhealth.t1payhlt",2,"UK Health","2215",FALSE,-0.0564102564102564,TRUE,0.0238095238095238,0.0564102564102564,0.125
"2201ukhealth.t1poora",2,"UK Health","2201",FALSE,-0.0208333333333334,TRUE,0.0238095238095237,0.0208333333333334,0.0833333333333334
"2202ukhealth.t1poora",2,"UK Health","2202",FALSE,-0.068452380952381,FALSE,-0.05,0.068452380952381,0.125
"2203ukhealth.t1poora",2,"UK Health","2203",FALSE,-0.0875,FALSE,-0.169642857142857,0.0875,0
"2204ukhealth.t1poora",2,"UK Health","2204",FALSE,-0.0192307692307693,FALSE,-0.0491071428571429,0.0192307692307693,-0.0416666666666667
"2205ukhealth.t1poora",2,"UK Health","2205",TRUE,0.107142857142857,TRUE,0.209821428571429,-0.107142857142857,0.0238095238095237
"2206ukhealth.t1poora",2,"UK Health","2206",FALSE,-0.0401785714285714,TRUE,0.0729166666666666,0.0401785714285714,0.15625
"2207ukhealth.t1poora",2,"UK Health","2207",TRUE,0.196428571428571,TRUE,0.5625,-0.196428571428571,-0.0375
"2208ukhealth.t1poora",2,"UK Health","2208",FALSE,-0.125,FALSE,-0.0714285714285715,0.125,0.163888888888889
"2209ukhealth.t1poora",2,"UK Health","2209",FALSE,-0.234375,FALSE,-0.166666666666667,0.234375,0.25
"2210ukhealth.t1poora",2,"UK Health","2210",FALSE,-0.134615384615385,FALSE,-0.05,0.134615384615385,0.1875
"2211ukhealth.t1poora",2,"UK Health","2211",TRUE,0.046875,TRUE,0.208333333333333,-0.046875,0.05
"2212ukhealth.t1poora",2,"UK Health","2212",FALSE,-0.0643382352941176,TRUE,0.107142857142857,0.0643382352941176,0.186111111111111
"2213ukhealth.t1poora",2,"UK Health","2213",FALSE,-0.0178571428571429,FALSE,0,0.0178571428571429,0.0625
"2214ukhealth.t1poora",2,"UK Health","2214",TRUE,0.117647058823529,TRUE,0.159090909090909,-0.117647058823529,-0.0416666666666666
"2215ukhealth.t1poora",2,"UK Health","2215",TRUE,0.125,TRUE,0.011904761904762,-0.125,-0.25
"2201ukhealth.t1option",2,"UK Health","2201",FALSE,0,FALSE,0,0,0.0166666666666666
"2202ukhealth.t1option",2,"UK Health","2202",FALSE,0,FALSE,0,0,0
"2203ukhealth.t1option",2,"UK Health","2203",FALSE,0,FALSE,0,0,0
"2204ukhealth.t1option",2,"UK Health","2204",FALSE,-0.0666666666666667,FALSE,0,0.0666666666666667,0.142857142857143
"2205ukhealth.t1option",2,"UK Health","2205",TRUE,0.0576923076923077,TRUE,0.1875,-0.0576923076923077,0.0238095238095237
"2206ukhealth.t1option",2,"UK Health","2206",FALSE,0,FALSE,0,0,0
"2207ukhealth.t1option",2,"UK Health","2207",TRUE,0.0384615384615385,TRUE,0.125,-0.0384615384615385,0
"2208ukhealth.t1option",2,"UK Health","2208",TRUE,0.0238970588235294,FALSE,0,-0.0238970588235294,-0.0444444444444444
"2209ukhealth.t1option",2,"UK Health","2209",FALSE,-0.0541666666666667,FALSE,-0.166666666666667,0.0541666666666667,0.032051282051282
"2210ukhealth.t1option",2,"UK Health","2210",TRUE,0.0979020979020979,TRUE,0.375,-0.0979020979020979,0.0625
"2211ukhealth.t1option",2,"UK Health","2211",TRUE,0.0291666666666667,FALSE,0,-0.0291666666666667,-0.0444444444444444
"2212ukhealth.t1option",2,"UK Health","2212",TRUE,0.0955882352941176,TRUE,0.166666666666667,-0.0955882352941176,-0.0499999999999999
"2213ukhealth.t1option",2,"UK Health","2213",FALSE,-0.0521978021978021,FALSE,-0.0222222222222223,0.0521978021978021,0.125
"2214ukhealth.t1option",2,"UK Health","2214",TRUE,0.00551470588235292,FALSE,-0.0363636363636364,-0.00551470588235292,-0.0833333333333334
"2215ukhealth.t1option",2,"UK Health","2215",TRUE,0.057142857142857,TRUE,0.0714285714285714,-0.057142857142857,-0.0446428571428571
"2201ukhealth.t1hlthfu",2,"UK Health","2201",FALSE,-0.0611111111111111,FALSE,-0.0083333333333333,0.0611111111111111,0.113888888888889
"2202ukhealth.t1hlthfu",2,"UK Health","2202",FALSE,-0.0163961038961039,FALSE,-0.00464285714285717,0.0163961038961039,0.075
"2203ukhealth.t1hlthfu",2,"UK Health","2203",FALSE,-0.0223958333333333,FALSE,-0.0572916666666667,0.0223958333333333,-0.0125
"2204ukhealth.t1hlthfu",2,"UK Health","2204",FALSE,-0.0322222222222222,TRUE,0.0208333333333334,0.0322222222222222,0.0928571428571429
"2205ukhealth.t1hlthfu",2,"UK Health","2205",TRUE,0.133076923076923,TRUE,0.0791666666666667,-0.133076923076923,-0.171428571428571
"2206ukhealth.t1hlthfu",2,"UK Health","2206",TRUE,0.0723958333333333,TRUE,0.182291666666667,-0.0723958333333333,0.0375
"2207ukhealth.t1hlthfu",2,"UK Health","2207",TRUE,0.0464285714285714,TRUE,0.0875,-0.0464285714285714,-0.03
"2208ukhealth.t1hlthfu",2,"UK Health","2208",TRUE,0.102297794117647,TRUE,0.180357142857143,-0.102297794117647,-0.0436111111111111
"2209ukhealth.t1hlthfu",2,"UK Health","2209",TRUE,0.14140625,TRUE,0.1,-0.14140625,-0.150961538461539
"2210ukhealth.t1hlthfu",2,"UK Health","2210",TRUE,0.0769230769230769,TRUE,0.21,-0.0769230769230769,0.00624999999999998
"2211ukhealth.t1hlthfu",2,"UK Health","2211",FALSE,-0.105572916666667,FALSE,-0.125,0.105572916666667,0.0945833333333333
"2212ukhealth.t1hlthfu",2,"UK Health","2212",TRUE,0.0267156862745099,TRUE,0.093452380952381,-0.0267156862745099,0.02
"2213ukhealth.t1hlthfu",2,"UK Health","2213",FALSE,-0.177083333333333,FALSE,-0.1075,0.177083333333333,0.325
"2214ukhealth.t1hlthfu",2,"UK Health","2214",FALSE,-0.00367647058823528,TRUE,0.0193181818181818,0.00367647058823528,0.0458333333333333
"2215ukhealth.t1hlthfu",2,"UK Health","2215",FALSE,-0.0589285714285714,FALSE,-0.0666666666666667,0.0589285714285714,0.053125
"2201ukhealth.t1ctexpt",2,"UK Health","2201",TRUE,0.094551282051282,TRUE,0.193452380952381,-0.094551282051282,0.0104166666666666
"2202ukhealth.t1ctexpt",2,"UK Health","2202",TRUE,0.0256410256410257,TRUE,0.0717592592592592,-0.0256410256410257,0.078125
"2203ukhealth.t1ctexpt",2,"UK Health","2203",FALSE,-0.0208333333333334,FALSE,-0.0952380952380953,0.0208333333333334,-0.0442708333333334
"2204ukhealth.t1ctexpt",2,"UK Health","2204",FALSE,-0.0805555555555556,FALSE,-0.0156249999999999,0.0805555555555556,0.154761904761905
"2205ukhealth.t1ctexpt",2,"UK Health","2205",TRUE,0.0125,TRUE,0.0572916666666666,-0.0125,0.0386904761904762
"2206ukhealth.t1ctexpt",2,"UK Health","2206",FALSE,-0.00520833333333326,FALSE,-0.0104166666666666,0.00520833333333326,0
"2207ukhealth.t1ctexpt",2,"UK Health","2207",TRUE,0.0330815018315018,FALSE,-0.078125,-0.0330815018315018,-0.0826388888888889
"2208ukhealth.t1ctexpt",2,"UK Health","2208",TRUE,0.0211397058823529,TRUE,0.0089285714285714,-0.0211397058823529,-0.0402777777777777
"2209ukhealth.t1ctexpt",2,"UK Health","2209",TRUE,0.0134548611111112,FALSE,-0.0208333333333334,-0.0134548611111112,-0.0272435897435898
"2210ukhealth.t1ctexpt",2,"UK Health","2210",FALSE,-0.0865384615384616,FALSE,-0.1625,0.0865384615384616,0.0390625
"2211ukhealth.t1ctexpt",2,"UK Health","2211",FALSE,-0.09375,TRUE,0.0625,0.09375,0.1875
"2212ukhealth.t1ctexpt",2,"UK Health","2212",TRUE,0.0638020833333333,FALSE,0,-0.0638020833333333,-0.113425925925926
"2213ukhealth.t1ctexpt",2,"UK Health","2213",TRUE,0.0401785714285714,TRUE,0.0567708333333333,-0.0401785714285714,0.015625
"2214ukhealth.t1ctexpt",2,"UK Health","2214",TRUE,0.126225490196078,TRUE,0.132575757575758,-0.126225490196078,-0.114583333333333
"2215ukhealth.t1ctexpt",2,"UK Health","2215",TRUE,0.0892857142857143,TRUE,0.126488095238095,-0.0892857142857143,-0.0792410714285714
"2201ukhealth.t1pritre",2,"UK Health","2201",FALSE,0,FALSE,0,0,0
"2202ukhealth.t1pritre",2,"UK Health","2202",TRUE,0.0307539682539684,TRUE,0.0979166666666668,-0.0307539682539684,0.104166666666667
"2203ukhealth.t1pritre",2,"UK Health","2203",TRUE,0.0260416666666668,TRUE,0.125,-0.0260416666666668,0.0729166666666666
"2204ukhealth.t1pritre",2,"UK Health","2204",FALSE,-0.111111111111111,TRUE,0.0208333333333334,0.111111111111111,0.261904761904762
"2205ukhealth.t1pritre",2,"UK Health","2205",FALSE,-0.163888888888889,FALSE,-0.104166666666667,0.163888888888889,0.232142857142857
"2206ukhealth.t1pritre",2,"UK Health","2206",TRUE,0.147743055555556,TRUE,0.167410714285714,-0.147743055555556,-0.130208333333333
"2207ukhealth.t1pritre",2,"UK Health","2207",TRUE,0.0810439560439562,TRUE,0.208333333333333,-0.0810439560439562,-0.0277777777777778
"2208ukhealth.t1pritre",2,"UK Health","2208",TRUE,0.0168504901960783,TRUE,0.0714285714285713,-0.0168504901960783,0.0231481481481481
"2209ukhealth.t1pritre",2,"UK Health","2209",TRUE,0.0569444444444445,FALSE,-0.0138888888888888,-0.0569444444444445,-0.0641025641025642
"2210ukhealth.t1pritre",2,"UK Health","2210",TRUE,0.0544871794871794,TRUE,0.0916666666666666,-0.0544871794871794,-0.0312499999999999
"2211ukhealth.t1pritre",2,"UK Health","2211",FALSE,-0.0454861111111111,FALSE,0,0.0454861111111111,0.075
"2212ukhealth.t1pritre",2,"UK Health","2212",TRUE,0.104166666666666,TRUE,0.130952380952381,-0.104166666666666,-0.0833333333333332
"2213ukhealth.t1pritre",2,"UK Health","2213",TRUE,0.0146520146520147,TRUE,0.0148148148148147,-0.0146520146520147,-0.0208333333333333
"2214ukhealth.t1pritre",2,"UK Health","2214",FALSE,-0.073529411764706,FALSE,-0.116666666666667,0.073529411764706,0.00694444444444464
"2215ukhealth.t1pritre",2,"UK Health","2215",FALSE,-0.0517399267399268,FALSE,-0.00694444444444464,0.0517399267399268,0.0818452380952382
"2201ukhealth.t1severi",2,"UK Health","2201",FALSE,-0.194444444444445,FALSE,-0.190476190476191,0.194444444444445,0.205555555555556
"2202ukhealth.t1severi",2,"UK Health","2202",TRUE,0.100641025641026,TRUE,0.163359788359788,-0.100641025641026,0.0416666666666666
"2203ukhealth.t1severi",2,"UK Health","2203",FALSE,-0.16017316017316,FALSE,-0.0595238095238096,0.16017316017316,0.227678571428571
"2204ukhealth.t1severi",2,"UK Health","2204",FALSE,-0.150058275058275,FALSE,-0.138888888888889,0.150058275058275,0.153571428571429
"2205ukhealth.t1severi",2,"UK Health","2205",FALSE,-0.138278388278389,FALSE,-0.103174603174603,0.138278388278389,0.178571428571429
"2206ukhealth.t1severi",2,"UK Health","2206",FALSE,-0.170238095238095,FALSE,-0.0813492063492063,0.170238095238095,0.239583333333333
"2207ukhealth.t1severi",2,"UK Health","2207",FALSE,-0.0920329670329672,FALSE,0,0.0920329670329672,0.125
"2208ukhealth.t1severi",2,"UK Health","2208",FALSE,-0.068452380952381,FALSE,-0.0952380952380953,0.068452380952381,0.0375000000000001
"2209ukhealth.t1severi",2,"UK Health","2209",TRUE,0.00399305555555557,FALSE,-0.0833333333333335,-0.00399305555555557,-0.00961538461538469
"2210ukhealth.t1severi",2,"UK Health","2210",TRUE,0.107954545454545,TRUE,0.194444444444444,-0.107954545454545,-0.0744047619047619
"2211ukhealth.t1severi",2,"UK Health","2211",FALSE,-0.1296875,FALSE,-0.027777777777778,0.1296875,0.191203703703704
"2212ukhealth.t1severi",2,"UK Health","2212",FALSE,-0.00653594771241839,TRUE,0.148809523809524,0.00653594771241839,0.125
"2213ukhealth.t1severi",2,"UK Health","2213",TRUE,0.0902777777777778,TRUE,0.194444444444445,-0.0902777777777778,0.138888888888889
"2214ukhealth.t1severi",2,"UK Health","2214",FALSE,-0.168137254901961,FALSE,-0.140151515151515,0.168137254901961,0.225
"2215ukhealth.t1severi",2,"UK Health","2215",TRUE,0.11492673992674,TRUE,0.196428571428572,-0.11492673992674,-0.0550595238095238
"2201ukhealth.t1preven",2,"UK Health","2201",FALSE,-0.115384615384615,FALSE,-0.0833333333333333,0.115384615384615,0.166666666666667
"2202ukhealth.t1preven",2,"UK Health","2202",TRUE,0.0487012987012987,TRUE,0.125,-0.0487012987012987,0.125
"2203ukhealth.t1preven",2,"UK Health","2203",TRUE,0.015625,TRUE,0.09375,-0.015625,0.0580357142857143
"2204ukhealth.t1preven",2,"UK Health","2204",TRUE,0.094047619047619,TRUE,0.0892857142857143,-0.094047619047619,-0.107142857142857
"2205ukhealth.t1preven",2,"UK Health","2205",TRUE,0.0837912087912088,TRUE,0.255952380952381,-0.0837912087912088,0.0714285714285715
"2206ukhealth.t1preven",2,"UK Health","2206",TRUE,0.114583333333333,TRUE,0.174107142857143,-0.114583333333333,-0.0625
"2207ukhealth.t1preven",2,"UK Health","2207",FALSE,-0.0714285714285714,TRUE,0.104166666666667,0.0714285714285714,0.130555555555556
"2208ukhealth.t1preven",2,"UK Health","2208",TRUE,0.0833333333333333,TRUE,0.208333333333333,-0.0833333333333333,0
"2209ukhealth.t1preven",2,"UK Health","2209",TRUE,0.09375,FALSE,-0.0833333333333333,-0.09375,-0.134615384615385
"2210ukhealth.t1preven",2,"UK Health","2210",FALSE,-0.0625,TRUE,0.075,0.0625,0.138392857142857
"2211ukhealth.t1preven",2,"UK Health","2211",FALSE,-0.276190476190476,FALSE,-0.0416666666666666,0.276190476190476,0.416666666666667
"2212ukhealth.t1preven",2,"UK Health","2212",TRUE,0.0733173076923077,TRUE,0.142857142857143,-0.0733173076923077,-0.00396825396825407
"2213ukhealth.t1preven",2,"UK Health","2213",FALSE,-0.165584415584416,FALSE,-0.05,0.165584415584416,0.4375
"2214ukhealth.t1preven",2,"UK Health","2214",FALSE,-0.0625,TRUE,0.025,0.0625,0.208333333333333
"2215ukhealth.t1preven",2,"UK Health","2215",TRUE,0.0151098901098901,FALSE,-0.0357142857142857,-0.0151098901098901,-0.0714285714285714
"2201ukhealth.t1dispub",2,"UK Health","2201",TRUE,0.0524475524475525,TRUE,0.154761904761905,-0.0524475524475525,0.0666666666666667
"2202ukhealth.t1dispub",2,"UK Health","2202",FALSE,-0.0611888111888111,FALSE,-0.0357142857142857,0.0611888111888111,0.125
"2203ukhealth.t1dispub",2,"UK Health","2203",TRUE,0.0384615384615384,TRUE,0.0833333333333334,-0.0384615384615384,-0.0044642857142857
"2204ukhealth.t1dispub",2,"UK Health","2204",TRUE,0.0178571428571429,FALSE,-0.0044642857142857,-0.0178571428571429,-0.0357142857142857
"2205ukhealth.t1dispub",2,"UK Health","2205",FALSE,-0.0503246753246753,TRUE,0.0357142857142857,0.0503246753246753,0.125
"2206ukhealth.t1dispub",2,"UK Health","2206",FALSE,-0.125,FALSE,-0.141666666666667,0.125,0.116071428571429
"2207ukhealth.t1dispub",2,"UK Health","2207",TRUE,0.0741758241758241,TRUE,0.0625,-0.0741758241758241,-0.0750000000000001
"2208ukhealth.t1dispub",2,"UK Health","2208",TRUE,0.046875,FALSE,-0.011904761904762,-0.046875,-0.119444444444444
"2209ukhealth.t1dispub",2,"UK Health","2209",TRUE,0.0958333333333333,TRUE,0.0833333333333334,-0.0958333333333333,-0.0977564102564102
"2210ukhealth.t1dispub",2,"UK Health","2210",TRUE,0.134615384615385,TRUE,0.1,-0.134615384615385,-0.15625
"2211ukhealth.t1dispub",2,"UK Health","2211",TRUE,0.0791666666666667,TRUE,0.166666666666667,-0.0791666666666667,-0.025
"2212ukhealth.t1dispub",2,"UK Health","2212",FALSE,-0.122549019607843,FALSE,-0.0535714285714286,0.122549019607843,0.169444444444444
"2213ukhealth.t1dispub",2,"UK Health","2213",FALSE,-0.0833333333333334,TRUE,0.0625,0.0833333333333334,0.3125
"2214ukhealth.t1dispub",2,"UK Health","2214",FALSE,-0.0901442307692307,FALSE,-0.0285714285714286,0.0901442307692307,0.166666666666667
"2215ukhealth.t1dispub",2,"UK Health","2215",FALSE,-0.0782051282051283,TRUE,0.0892857142857143,0.0782051282051283,0.223214285714286
"2302ukmonarchy.t1supmon",3,"UK Monarchy","2302",TRUE,0.103444437185923,TRUE,0.108349996805191,-0.103444437185923,-0.0973124876618386
"2303ukmonarchy.t1supmon",3,"UK Monarchy","2303",TRUE,0.114851845635308,TRUE,0.092145822942257,-0.114851845635308,-0.160263891021411
"2304ukmonarchy.t1supmon",3,"UK Monarchy","2304",TRUE,0.0209313718711631,FALSE,-0.00592856747763482,-0.0209313718711631,-0.0397333294153214
"2305ukmonarchy.t1supmon",3,"UK Monarchy","2305",TRUE,0.148737184130229,TRUE,0.123968750238419,-0.148737184130229,-0.188366678357124
"2306ukmonarchy.t1supmon",3,"UK Monarchy","2306",TRUE,0.132432261405633,TRUE,0.107128202096447,-0.132432261405633,-0.211716675758362
"2307ukmonarchy.t1supmon",3,"UK Monarchy","2307",TRUE,0.0225735333035975,FALSE,-0.051999990429197,-0.0225735333035975,-0.0747749999165536
"2308ukmonarchy.t1supmon",3,"UK Monarchy","2308",FALSE,-0.0771805617130467,FALSE,-0.0831136442720892,0.0771805617130467,0.0678571462631227
"2309ukmonarchy.t1supmon",3,"UK Monarchy","2309",TRUE,0.079394729513871,TRUE,0.0311416640877725,-0.079394729513871,-0.13300924665398
"2310ukmonarchy.t1supmon",3,"UK Monarchy","2310",FALSE,-0.115025397744917,FALSE,-0.0264166719280183,0.115025397744917,0.222412694068182
"2311ukmonarchy.t1supmon",3,"UK Monarchy","2311",TRUE,0.0640263171180299,TRUE,0.0344444473584494,-0.0640263171180299,-0.174958328716457
"2312ukmonarchy.t1supmon",3,"UK Monarchy","2312",FALSE,-0.109558513661956,FALSE,-0.184583326632326,0.109558513661956,-0.0137388865152991
"2313ukmonarchy.t1supmon",3,"UK Monarchy","2313",FALSE,-0.124656251631677,FALSE,-0.0991833344101907,0.124656251631677,0.167111113667488
"2314ukmonarchy.t1supmon",3,"UK Monarchy","2314",FALSE,-0.128870363036792,FALSE,-0.132173605263233,0.128870363036792,0.122263878583908
"2315ukmonarchy.t1supmon",3,"UK Monarchy","2315",TRUE,0.0927833368380865,TRUE,0.0841136412187057,-0.0927833368380865,-0.116624999791384
"2316ukmonarchy.t1supmon",3,"UK Monarchy","2316",FALSE,-0.107197374889725,FALSE,-0.106284732619922,0.107197374889725,0.108761904495103
"2302ukmonarchy.t1mpop",3,"UK Monarchy","2302",FALSE,-0.000925920075840359,FALSE,-0.0308333337306976,0.000925920075840359,-0.0364583469927314
"2303ukmonarchy.t1mpop",3,"UK Monarchy","2303",TRUE,0.0972222139437992,TRUE,0.0833333209156987,-0.0972222139437992,-0.125
"2304ukmonarchy.t1mpop",3,"UK Monarchy","2304",TRUE,0.0117647069341996,TRUE,0.0535714328289033,-0.0117647069341996,0.0175000011920929
"2305ukmonarchy.t1mpop",3,"UK Monarchy","2305",FALSE,-0.0352564110205724,FALSE,-0.0312499962747096,0.0352564110205724,0.0416666746139528
"2306ukmonarchy.t1mpop",3,"UK Monarchy","2306",FALSE,-0.0528508769838434,FALSE,-0.0657738085303987,0.0528508769838434,0.0166666686534882
"2307ukmonarchy.t1mpop",3,"UK Monarchy","2307",FALSE,-0.0245098015841315,FALSE,-0.0416666652475084,0.0245098015841315,0.0124999970197678
"2308ukmonarchy.t1mpop",3,"UK Monarchy","2308",FALSE,-0.0138888855775197,FALSE,-0.00378787246617396,0.0138888855775197,0.029761906181063
"2309ukmonarchy.t1mpop",3,"UK Monarchy","2309",FALSE,-0.0307017596144427,FALSE,-0.0375,0.0307017596144427,0.0231481591860457
"2310ukmonarchy.t1mpop",3,"UK Monarchy","2310",FALSE,-0.0499999999999999,FALSE,-0.0156249925494193,0.0499999999999999,0.0892857228006637
"2311ukmonarchy.t1mpop",3,"UK Monarchy","2311",FALSE,-0.0021929827175643,TRUE,0.00277777810891466,0.0021929827175643,0.0208333358168602
"2312ukmonarchy.t1mpop",3,"UK Monarchy","2312",TRUE,0.0794117608491112,TRUE,0.113636355508457,-0.0794117608491112,-0.0166666706403098
"2313ukmonarchy.t1mpop",3,"UK Monarchy","2313",TRUE,0.0494791669771075,TRUE,0.0791666641831397,-0.0494791669771075,-4.96705387931229e-09
"2314ukmonarchy.t1mpop",3,"UK Monarchy","2314",FALSE,-0.0370370381408267,FALSE,-0.0625000024835269,0.0370370381408267,-0.0138888905445734
"2315ukmonarchy.t1mpop",3,"UK Monarchy","2315",TRUE,0.0972222258647283,TRUE,0.0984848534519023,-0.0972222258647283,-0.09375
"2316ukmonarchy.t1mpop",3,"UK Monarchy","2316",FALSE,-0.0745613998488376,FALSE,-0.0277777736385663,0.0745613998488376,0.154761901923588
"2302ukmonarchy.t1pwrm",3,"UK Monarchy","2302",FALSE,0,FALSE,0,0,0
"2303ukmonarchy.t1pwrm",3,"UK Monarchy","2303",TRUE,0.131944444444444,TRUE,0.09375,-0.131944444444444,-0.208333333333333
"2304ukmonarchy.t1pwrm",3,"UK Monarchy","2304",FALSE,-0.0308823529411765,TRUE,0.0178571428571428,0.0308823529411765,0.059375
"2305ukmonarchy.t1pwrm",3,"UK Monarchy","2305",TRUE,0.0288461538461539,TRUE,0.0625,-0.0288461538461539,0.025
"2306ukmonarchy.t1pwrm",3,"UK Monarchy","2306",TRUE,0.0807748538011696,TRUE,0.0748626373626374,-0.0807748538011696,-0.1
"2307ukmonarchy.t1pwrm",3,"UK Monarchy","2307",FALSE,-0.0133272058823529,FALSE,-0.0238095238095238,0.0133272058823529,0.0125
"2308ukmonarchy.t1pwrm",3,"UK Monarchy","2308",TRUE,0.118055555555556,TRUE,0.181818181818182,-0.118055555555556,-0.0178571428571429
"2309ukmonarchy.t1pwrm",3,"UK Monarchy","2309",FALSE,-0.0968567251461989,FALSE,-0.143055555555556,0.0968567251461989,0.0555555555555556
"2310ukmonarchy.t1pwrm",3,"UK Monarchy","2310",FALSE,-0.158333333333333,FALSE,-0.171875,0.158333333333333,0.142857142857143
"2311ukmonarchy.t1pwrm",3,"UK Monarchy","2311",FALSE,-0.177631578947368,FALSE,-0.208333333333333,0.177631578947368,0.0625
"2312ukmonarchy.t1pwrm",3,"UK Monarchy","2312",TRUE,0.00827205882352944,FALSE,-0.0318181818181818,-0.00827205882352944,-0.0625
"2313ukmonarchy.t1pwrm",3,"UK Monarchy","2313",FALSE,-0.0416666666666667,FALSE,-0.0347222222222222,0.0416666666666667,0.0625
"2314ukmonarchy.t1pwrm",3,"UK Monarchy","2314",FALSE,-0.152777777777778,FALSE,-0.104166666666667,0.152777777777778,0.25
"2315ukmonarchy.t1pwrm",3,"UK Monarchy","2315",TRUE,0.030952380952381,FALSE,-0.0375,-0.030952380952381,-0.1875
"2316ukmonarchy.t1pwrm",3,"UK Monarchy","2316",FALSE,-0.0328947368421052,FALSE,-0.0520833333333333,0.0328947368421052,0
"2302ukmonarchy.t1reflor",3,"UK Monarchy","2302",FALSE,-0.00925925374031045,TRUE,0.0500000059604646,0.00925925374031045,0.0833333283662796
"2303ukmonarchy.t1reflor",3,"UK Monarchy","2303",FALSE,-0.00571895303095094,TRUE,0.0094696913253175,0.00571895303095094,0.0277777637044586
"2304ukmonarchy.t1reflor",3,"UK Monarchy","2304",FALSE,-0.0885416641831397,FALSE,-0.0119047590664455,0.0885416641831397,0.148148145940569
"2305ukmonarchy.t1reflor",3,"UK Monarchy","2305",FALSE,-0.00641024800447298,TRUE,0.0312500111758712,0.00641024800447298,0.0666666626930236
"2306ukmonarchy.t1reflor",3,"UK Monarchy","2306",TRUE,0.0740740688310728,TRUE,0.0833333283662796,-0.0740740688310728,-0.0499999940395354
"2307ukmonarchy.t1reflor",3,"UK Monarchy","2307",TRUE,0.0588235259056091,TRUE,0.166666658861297,-0.0588235259056091,0.0166666671633721
"2308ukmonarchy.t1reflor",3,"UK Monarchy","2308",FALSE,-0.12037037157764,FALSE,-0.0808080817111815,0.12037037157764,0.14285714498588
"2309ukmonarchy.t1reflor",3,"UK Monarchy","2309",TRUE,0.0138888930281005,FALSE,-0.0185185107919903,-0.0138888930281005,-0.0462962968481912
"2310ukmonarchy.t1reflor",3,"UK Monarchy","2310",FALSE,-4.96705387931229e-09,FALSE,-0.0312500018626453,4.96705387931229e-09,-0.0357142771993363
"2311ukmonarchy.t1reflor",3,"UK Monarchy","2311",TRUE,0.14035087566801,TRUE,0.16031746246985,-0.14035087566801,-0.0624999850988385
"2312ukmonarchy.t1reflor",3,"UK Monarchy","2312",TRUE,0.130208329297602,TRUE,0.241666658222675,-0.130208329297602,0.0555555522441863
"2313ukmonarchy.t1reflor",3,"UK Monarchy","2313",TRUE,0.161458330228925,TRUE,0.174999997019768,-0.161458330228925,-0.13888888557752
"2314ukmonarchy.t1reflor",3,"UK Monarchy","2314",TRUE,0.0882352906114914,TRUE,0.187499994129845,-0.0882352906114914,0.136111108462016
"2315ukmonarchy.t1reflor",3,"UK Monarchy","2315",TRUE,0.136904754808971,TRUE,0.258333325386047,-0.136904754808971,0.16666667163372
"2316ukmonarchy.t1reflor",3,"UK Monarchy","2316",FALSE,-0.00877193322307201,TRUE,0.048611105730136,0.00877193322307201,0.107142857142857
"2501ukbge.t1redist",4,"UK General Election","2501",FALSE,-0.0555555572112402,FALSE,-0.0300000111262007,0.0555555572112402,0.06833333025376
"2502ukbge.t1redist",4,"UK General Election","2502",TRUE,0.055238093648638,TRUE,0.044545449993827,-0.055238093648638,-0.06700000166893
"2503ukbge.t1redist",4,"UK General Election","2503",FALSE,-0.0214052314267439,TRUE,0.0674444417158762,0.0214052314267439,0.126250002533197
"2504ukbge.t1redist",4,"UK General Election","2504",FALSE,-0.097523815007437,FALSE,-0.0913333406051002,0.097523815007437,0.113333337836796
"2505ukbge.t1redist",4,"UK General Election","2505",TRUE,0.0355555481380885,TRUE,0.0674999902645744,-0.0355555481380885,0.0283333361148835
"2506ukbge.t1redist",4,"UK General Election","2506",FALSE,-0.0751754391873093,TRUE,0.0173484832048415,0.0751754391873093,0.212857142090797
"2507ukbge.t1redist",4,"UK General Election","2507",TRUE,0.147058826159029,TRUE,0.0957142923559463,-0.147058826159029,-0.182999999821186
"2508ukbge.t1redist",4,"UK General Election","2508",FALSE,-0.065999998152256,FALSE,-0.0833333345750968,0.065999998152256,0.0399999935179948
"2509ukbge.t1redist",4,"UK General Election","2509",TRUE,0.043529408326482,TRUE,0.11857142831598,-0.043529408326482,0.014444450206227
"2510ukbge.t1redist",4,"UK General Election","2510",TRUE,0.0491830054061865,TRUE,0.0446153843823152,-0.0491830054061865,-0.0659999966621398
"2511ukbge.t1redist",4,"UK General Election","2511",FALSE,-0.070220590404728,FALSE,-0.130000000198682,0.070220590404728,0.00464286149612514
"2512ukbge.t1redist",4,"UK General Election","2512",FALSE,-0.0483333377374545,FALSE,-0.0283333311478297,0.0483333377374545,0.0583333410322667
"2513ukbge.t1redist",4,"UK General Election","2513",FALSE,-0.158538009339606,FALSE,-0.153999998503261,0.158538009339606,0.166666663355297
"2514ukbge.t1redist",4,"UK General Election","2514",TRUE,0.0409999974071978,FALSE,-0.00100000202655803,-0.0409999974071978,-0.0829999968409537
"2515ukbge.t1redist",4,"UK General Election","2515",FALSE,-0.133333331346512,FALSE,-0.118571421929768,0.133333331346512,0.146250002086163
"2501ukbge.t1tax",4,"UK General Election","2501",TRUE,0.12888888683584,TRUE,0.0266666660706202,-0.12888888683584,-0.17999999721845
"2502ukbge.t1tax",4,"UK General Election","2502",TRUE,0.0276190468243189,TRUE,0.0227272727272727,-0.0276190468243189,-0.0329999983310699
"2503ukbge.t1tax",4,"UK General Election","2503",TRUE,0.0388235274483176,TRUE,0.0382222188843621,-0.0388235274483176,-0.0357142857142857
"2504ukbge.t1tax",4,"UK General Election","2504",TRUE,0.107450983337328,TRUE,0.0416666666666667,-0.107450983337328,-0.15242424697587
"2505ukbge.t1tax",4,"UK General Election","2505",TRUE,0.150490191442514,TRUE,0.187575754794207,-0.150490191442514,-0.0816666583220161
"2506ukbge.t1tax",4,"UK General Election","2506",TRUE,0.020361845430575,TRUE,0.00333333611488351,-0.020361845430575,-0.0476190518765224
"2507ukbge.t1tax",4,"UK General Election","2507",FALSE,-0.131764702937182,FALSE,-0.082857140472957,0.131764702937182,0.16599999666214
"2508ukbge.t1tax",4,"UK General Election","2508",FALSE,-0.078947367636781,FALSE,-0.00560606214584725,0.078947367636781,0.183571423803057
"2509ukbge.t1tax",4,"UK General Election","2509",FALSE,-0.249669119715691,FALSE,-0.108095240734872,0.249669119715691,0.34200000166893
"2510ukbge.t1tax",4,"UK General Election","2510",FALSE,-0.0996732026143791,FALSE,-0.128461539745331,0.0996732026143791,0.0324999958276747
"2511ukbge.t1tax",4,"UK General Election","2511",FALSE,-0.0672058804946787,FALSE,-0.00347222056653751,0.0672058804946787,0.134999997913837
"2512ukbge.t1tax",4,"UK General Election","2512",FALSE,-0.0347368403484947,TRUE,0.178571428571428,0.0347368403484947,0.159166663885116
"2513ukbge.t1tax",4,"UK General Election","2513",TRUE,0.137832811188771,TRUE,0.17849999666214,-0.137832811188771,-0.0999999907281661
"2514ukbge.t1tax",4,"UK General Election","2514",FALSE,-0.135444441106584,FALSE,-0.12674999833107,0.135444441106584,0.14899999499321
"2515ukbge.t1tax",4,"UK General Election","2515",TRUE,0.0970476221470606,TRUE,0.148809523809524,-0.0970476221470606,-0.052500005811453
"2501ukbge.t1wage",4,"UK General Election","2501",FALSE,-0.0294117647058824,FALSE,0,0.0294117647058824,0.0454545454545454
"2502ukbge.t1wage",4,"UK General Election","2502",FALSE,-0.158095236335482,FALSE,-0.196363634683869,0.158095236335482,0.115999998152256
"2503ukbge.t1wage",4,"UK General Election","2503",TRUE,0.102111109263367,TRUE,0.154999995231628,-0.102111109263367,-0.0323214302105563
"2504ukbge.t1wage",4,"UK General Election","2504",FALSE,-0.0294117655824212,TRUE,0.109999996920427,0.0294117655824212,0.105454545129429
"2505ukbge.t1wage",4,"UK General Election","2505",FALSE,-0.133169938633645,FALSE,-0.126666675011317,0.133169938633645,0.143333327770233
"2506ukbge.t1wage",4,"UK General Election","2506",TRUE,0.0361111064751941,TRUE,0.0299999984827908,-0.0361111064751941,-0.0457142761775423
"2507ukbge.t1wage",4,"UK General Election","2507",TRUE,0.00161764814573173,FALSE,-0.0045238123053597,-0.00161764814573173,-0.00100000351667406
"2508ukbge.t1wage",4,"UK General Election","2508",TRUE,0.086725152549688,TRUE,0.137424243896296,-0.086725152549688,-0.00285715716225798
"2509ukbge.t1wage",4,"UK General Election","2509",TRUE,0.0569411720130957,TRUE,0.11976190337113,-0.0569411720130957,-0.0107777713073622
"2510ukbge.t1wage",4,"UK General Election","2510",FALSE,-0.033006528721136,TRUE,0.00801282567091499,0.033006528721136,0.131999987363815
"2511ukbge.t1wage",4,"UK General Election","2511",TRUE,0.0616862757533204,TRUE,0.0803174650858319,-0.0616862757533204,-0.0412499979138374
"2512ukbge.t1wage",4,"UK General Election","2512",TRUE,0.000555559992790333,FALSE,-0.149761899596169,-0.000555559992790333,-0.0748484891020891
"2513ukbge.t1wage",4,"UK General Election","2513",FALSE,-0.0254970744949335,FALSE,-0.0728888892465167,0.0254970744949335,-0.0188888923989403
"2514ukbge.t1wage",4,"UK General Election","2514",TRUE,0.106842104384774,TRUE,0.11700000166893,-0.106842104384774,-0.0993333299954732
"2515ukbge.t1wage",4,"UK General Election","2515",TRUE,0.0192499962945779,TRUE,0.100357138684818,-0.0192499962945779,0.0412500035017729
"2501ukbge.t1eu",4,"UK General Election","2501",TRUE,9.5235804716709e-05,FALSE,-0.0485000021755697,-9.5235804716709e-05,-0.0149999976158141
"2502ukbge.t1eu",4,"UK General Election","2502",TRUE,0.116552632968677,TRUE,0.100999999046326,-0.116552632968677,-0.134777781698439
"2503ukbge.t1eu",4,"UK General Election","2503",FALSE,-0.0615384640929464,FALSE,-0.0100000041226548,0.0615384640929464,0.143809526449158
"2504ukbge.t1eu",4,"UK General Election","2504",TRUE,0.220541670297583,TRUE,0.263000004490217,-0.220541670297583,-0.18400000333786
"2505ukbge.t1eu",4,"UK General Election","2505",TRUE,0.192708333022892,TRUE,0.27966666618983,-0.192708333022892,0
"2506ukbge.t1eu",4,"UK General Election","2506",TRUE,0.130555556880103,TRUE,0.213636369867759,-0.130555556880103,6.38621222570634e-09
"2507ukbge.t1eu",4,"UK General Election","2507",TRUE,0.249374997802079,TRUE,0.417142854559989,-0.249374997802079,-0.133777775367101
"2508ukbge.t1eu",4,"UK General Election","2508",TRUE,0.135964911278577,TRUE,0.152666666855415,-0.135964911278577,-0.0644642830427204
"2509ukbge.t1eu",4,"UK General Election","2509",TRUE,0.201333325166328,TRUE,0.237428559575762,-0.201333325166328,-0.164999994635582
"2510ukbge.t1eu",4,"UK General Election","2510",TRUE,0.12169934448853,TRUE,0.156794870224519,-0.12169934448853,-0.0339999973773954
"2511ukbge.t1eu",4,"UK General Election","2511",TRUE,0.0928205140890221,TRUE,0.0591071426336255,-0.0928205140890221,-0.128571431551661
"2512ukbge.t1eu",4,"UK General Election","2512",TRUE,0.0172222165597808,TRUE,0.19166665772597,-0.0172222165597808,0.0700000040233136
"2513ukbge.t1eu",4,"UK General Election","2513",FALSE,-0.222647062119316,FALSE,-0.152142862656287,0.222647062119316,0.290634922091923
"2514ukbge.t1eu",4,"UK General Election","2514",FALSE,-0.253555551254087,FALSE,-0.270749998092652,0.253555551254087,0.249999994039535
"2515ukbge.t1eu",4,"UK General Election","2515",TRUE,0.0213736314531212,TRUE,0.164285719749473,-0.0213736314531212,0.0942857095173427
"2601aus.republican1",5,"Australia Republic Referendum","2601",FALSE,-0.114583333333333,FALSE,-0.0749999999999998,0.114583333333333,0.180555555555556
"2602aus.republican1",5,"Australia Republic Referendum","2602",TRUE,0.0392156862745097,TRUE,0.113636363636363,-0.0392156862745097,0.0972222222222222
"2603aus.republican1",5,"Australia Republic Referendum","2603",FALSE,-0.154761904761905,FALSE,-0.0925925925925926,0.154761904761905,0.266666666666666
"2604aus.republican1",5,"Australia Republic Referendum","2604",TRUE,0.0156249999999998,TRUE,0.0729166666666666,-0.0156249999999998,0.0416666666666669
"2605aus.republican1",5,"Australia Republic Referendum","2605",TRUE,0.237179487179487,TRUE,0.277777777777778,-0.237179487179487,-0.202380952380952
"2606aus.republican1",5,"Australia Republic Referendum","2606",TRUE,0.0703124999999999,TRUE,0.0719696969696969,-0.0703124999999999,-0.0666666666666665
"2607aus.republican1",5,"Australia Republic Referendum","2607",TRUE,0.0555555555555555,TRUE,0.0416666666666667,-0.0555555555555555,-0.0606060606060606
"2608aus.republican1",5,"Australia Republic Referendum","2608",FALSE,-0.0347222222222222,FALSE,0,0.0347222222222222,0.0595238095238094
"2609aus.republican1",5,"Australia Republic Referendum","2609",TRUE,0.09375,TRUE,0.104166666666667,-0.09375,-0.0833333333333334
"2610aus.republican1",5,"Australia Republic Referendum","2610",FALSE,-0.00595238095238115,TRUE,0.166666666666666,0.00595238095238115,0.0530303030303031
"2611aus.republican1",5,"Australia Republic Referendum","2611",TRUE,0.0654761904761904,TRUE,0.229166666666667,-0.0654761904761904,0
"2612aus.republican1",5,"Australia Republic Referendum","2612",FALSE,-0.130952380952381,FALSE,-0.0937499999999999,0.130952380952381,0.180555555555556
"2613aus.republican1",5,"Australia Republic Referendum","2613",FALSE,-0.109375,TRUE,0.0277777777777778,0.109375,0.285714285714286
"2614aus.republican1",5,"Australia Republic Referendum","2614",TRUE,0.0714285714285716,TRUE,0.107142857142857,-0.0714285714285716,-0.035714285714286
"2615aus.republican1",5,"Australia Republic Referendum","2615",TRUE,0.0505952380952381,TRUE,0.0892857142857143,-0.0505952380952381,-0.011904761904762
"2616aus.republican1",5,"Australia Republic Referendum","2616",TRUE,0.166666666666667,TRUE,0.236111111111111,-0.166666666666667,-0.12037037037037
"2617aus.republican1",5,"Australia Republic Referendum","2617",TRUE,0.0238095238095239,TRUE,0.055555555555556,-0.0238095238095239,-0.0151515151515152
"2618aus.republican1",5,"Australia Republic Referendum","2618",TRUE,0.111111111111111,TRUE,0.125,-0.111111111111111,-0.108333333333333
"2619aus.republican1",5,"Australia Republic Referendum","2619",FALSE,-0.1,FALSE,0,0.1,0.15
"2620aus.republican1",5,"Australia Republic Referendum","2620",FALSE,-0.0572916666666669,FALSE,-0.0694444444444445,0.0572916666666669,0.0208333333333335
"2621aus.republican1",5,"Australia Republic Referendum","2621",TRUE,0.147435897435897,TRUE,0.270833333333333,-0.147435897435897,-0.0925925925925926
"2622aus.republican1",5,"Australia Republic Referendum","2622",TRUE,0.122222222222222,TRUE,0.116666666666667,-0.122222222222222,-0.125
"2623aus.republican1",5,"Australia Republic Referendum","2623",TRUE,0.121794871794872,TRUE,0.125,-0.121794871794872,-0.116666666666667
"2624aus.republican1",5,"Australia Republic Referendum","2624",TRUE,0.0576923076923076,TRUE,0.0416666666666667,-0.0576923076923076,-0.083333333333333
"2601aus.popparl1",5,"Australia Republic Referendum","2601",TRUE,0.308238636363636,TRUE,0.282142857142857,-0.308238636363636,-0.354166666666667
"2602aus.popparl1",5,"Australia Republic Referendum","2602",TRUE,0.410427807486631,TRUE,0.594155844155844,-0.410427807486631,-0.0833333333333334
"2603aus.popparl1",5,"Australia Republic Referendum","2603",TRUE,0.223214285714286,TRUE,0.229166666666667,-0.223214285714286,-0.1125
"2604aus.popparl1",5,"Australia Republic Referendum","2604",TRUE,0.265625,TRUE,0.145833333333333,-0.265625,-0.385416666666667
"2605aus.popparl1",5,"Australia Republic Referendum","2605",TRUE,0.402097902097902,TRUE,0.291666666666667,-0.402097902097902,-0.55
"2606aus.popparl1",5,"Australia Republic Referendum","2606",TRUE,0.246875,TRUE,0.287878787878788,-0.246875,-0.075
"2607aus.popparl1",5,"Australia Republic Referendum","2607",FALSE,-0.25,FALSE,-0.104166666666667,0.25,0.297727272727273
"2608aus.popparl1",5,"Australia Republic Referendum","2608",TRUE,0.291666666666667,TRUE,0.3,-0.291666666666667,-0.285714285714286
"2609aus.popparl1",5,"Australia Republic Referendum","2609",TRUE,0.359375,TRUE,0.410714285714286,-0.359375,-0.308035714285714
"2610aus.popparl1",5,"Australia Republic Referendum","2610",TRUE,0.0446428571428572,FALSE,0,-0.0446428571428572,-0.0707070707070707
"2611aus.popparl1",5,"Australia Republic Referendum","2611",TRUE,0.461038961038961,FALSE,0,-0.461038961038961,-0.475
"2612aus.popparl1",5,"Australia Republic Referendum","2612",FALSE,-0.299603174603175,FALSE,-0.29375,0.299603174603175,0.3125
"2613aus.popparl1",5,"Australia Republic Referendum","2613",FALSE,-0.301136363636364,FALSE,-0.125,0.301136363636364,0.521428571428571
"2614aus.popparl1",5,"Australia Republic Referendum","2614",FALSE,-0.339285714285714,FALSE,-0.3,0.339285714285714,0.366071428571429
"2615aus.popparl1",5,"Australia Republic Referendum","2615",TRUE,0.212912087912088,TRUE,0.178571428571428,-0.212912087912088,-0.267857142857143
"2616aus.popparl1",5,"Australia Republic Referendum","2616",TRUE,0.516666666666667,TRUE,0.433333333333333,-0.516666666666667,-0.555555555555556
"2617aus.popparl1",5,"Australia Republic Referendum","2617",TRUE,0.300824175824176,TRUE,0.458333333333333,-0.300824175824176,-0.25
"2618aus.popparl1",5,"Australia Republic Referendum","2618",TRUE,0.473214285714286,TRUE,0.625,-0.473214285714286,-0.441666666666667
"2619aus.popparl1",5,"Australia Republic Referendum","2619",TRUE,0.220238095238095,TRUE,0.25,-0.220238095238095,-0.2
"2620aus.popparl1",5,"Australia Republic Referendum","2620",TRUE,0.109375,TRUE,0.166666666666667,-0.109375,0.0625
"2621aus.popparl1",5,"Australia Republic Referendum","2621",TRUE,0.477272727272727,TRUE,0.5625,-0.477272727272727,-0.440972222222222
"2622aus.popparl1",5,"Australia Republic Referendum","2622",TRUE,0.229487179487179,TRUE,0.45,-0.229487179487179,-0.1125
"2623aus.popparl1",5,"Australia Republic Referendum","2623",TRUE,0.495192307692308,TRUE,0.522321428571429,-0.495192307692308,-0.45
"2624aus.popparl1",5,"Australia Republic Referendum","2624",TRUE,0.217948717948718,TRUE,0.191964285714286,-0.217948717948718,-0.25
"2701ukcrime.rootcauset1",6,"UK Crime","2701",TRUE,0.0637254901960785,TRUE,0.0606060606060608,-0.0637254901960785,-0.0694444444444444
"2702ukcrime.rootcauset1",6,"UK Crime","2702",FALSE,-0.0245098039215687,TRUE,0.0092592592592593,0.0245098039215687,0.0625
"2703ukcrime.rootcauset1",6,"UK Crime","2703",TRUE,0.0343137254901961,TRUE,0.0476190476190477,-0.0343137254901961,0.0277777777777777
"2704ukcrime.rootcauset1",6,"UK Crime","2704",TRUE,0.0777777777777778,TRUE,0.128787878787879,-0.0777777777777778,0.0625
"2705ukcrime.rootcauset1",6,"UK Crime","2705",FALSE,-0.0156250000000001,FALSE,-0.0151515151515151,0.0156250000000001,0.0166666666666669
"2706ukcrime.rootcauset1",6,"UK Crime","2706",FALSE,-0.0535714285714284,FALSE,-0.125,0.0535714285714284,0.0249999999999998
"2707ukcrime.rootcauset1",6,"UK Crime","2707",FALSE,-0.113636363636364,FALSE,-0.0333333333333331,0.113636363636364,0.180555555555556
"2708ukcrime.rootcauset1",6,"UK Crime","2708",TRUE,0.064102564102564,TRUE,0.0952380952380951,-0.064102564102564,-0.0277777777777777
"2709ukcrime.rootcauset1",6,"UK Crime","2709",FALSE,-0.0416666666666666,FALSE,-0.0357142857142857,0.0416666666666666,0.0833333333333335
"2710ukcrime.rootcauset1",6,"UK Crime","2710",FALSE,-0.0111111111111112,FALSE,-0.00757575757575779,0.0111111111111112,0.0208333333333333
"2711ukcrime.rootcauset1",6,"UK Crime","2711",TRUE,0.0277777777777778,TRUE,0.0625,-0.0277777777777778,0.0416666666666669
"2712ukcrime.rootcauset1",6,"UK Crime","2712",TRUE,0.0277777777777778,TRUE,0.0297619047619048,-0.0277777777777778,0
"2713ukcrime.rootcauset1",6,"UK Crime","2713",TRUE,0.00694444444444442,TRUE,0.0416666666666667,-0.00694444444444442,0.0625
"2714ukcrime.rootcauset1",6,"UK Crime","2714",FALSE,-0.0138888888888888,FALSE,-0.0454545454545454,0.0138888888888888,-0.0357142857142857
"2715ukcrime.rootcauset1",6,"UK Crime","2715",TRUE,0.03125,TRUE,0.0666666666666665,-0.03125,0.0277777777777777
"2716ukcrime.rootcauset1",6,"UK Crime","2716",TRUE,0.111111111111111,TRUE,0.09375,-0.111111111111111,-0.145833333333334
"2717ukcrime.rootcauset1",6,"UK Crime","2717",FALSE,0,FALSE,-0.0312500000000001,0,-0.0500000000000002
"2718ukcrime.rootcauset1",6,"UK Crime","2718",TRUE,0.0171568627450981,TRUE,0.00833333333333341,-0.0171568627450981,-0.083333333333333
"2719ukcrime.rootcauset1",6,"UK Crime","2719",FALSE,-0.0705128205128206,FALSE,-0.0416666666666667,0.0705128205128206,0.116666666666667
"2720ukcrime.rootcauset1",6,"UK Crime","2720",TRUE,0.0119047619047619,FALSE,0,-0.0119047619047619,-0.0333333333333333
"2701ukcrime.policet1",6,"UK Crime","2701",FALSE,-0.0955882352941176,FALSE,-0.0568181818181819,0.0955882352941176,0.166666666666667
"2702ukcrime.policet1",6,"UK Crime","2702",TRUE,0.117647058823529,TRUE,0.111111111111111,-0.117647058823529,-0.125
"2703ukcrime.policet1",6,"UK Crime","2703",FALSE,-0.0735294117647058,FALSE,-0.0714285714285714,0.0735294117647058,0.0833333333333333
"2704ukcrime.policet1",6,"UK Crime","2704",TRUE,0.0833333333333334,TRUE,0.113636363636364,-0.0833333333333334,0
"2705ukcrime.policet1",6,"UK Crime","2705",TRUE,0.0625,TRUE,0.0795454545454545,-0.0625,-0.025
"2706ukcrime.policet1",6,"UK Crime","2706",TRUE,0.0357142857142857,TRUE,0.03125,-0.0357142857142857,-0.0375
"2707ukcrime.policet1",6,"UK Crime","2707",TRUE,0.0113636363636364,FALSE,-0.0499999999999999,-0.0113636363636364,-0.0625
"2708ukcrime.policet1",6,"UK Crime","2708",TRUE,0.0576923076923077,TRUE,0.0714285714285714,-0.0576923076923077,-0.0416666666666666
"2709ukcrime.policet1",6,"UK Crime","2709",FALSE,-0.0703125,FALSE,-0.0535714285714286,0.0703125,0.1875
"2710ukcrime.policet1",6,"UK Crime","2710",TRUE,0.0583333333333333,TRUE,0.0681818181818182,-0.0583333333333333,-0.03125
"2711ukcrime.policet1",6,"UK Crime","2711",TRUE,0.152777777777778,TRUE,0.15625,-0.152777777777778,-0.145833333333333
"2712ukcrime.policet1",6,"UK Crime","2712",FALSE,-0.1,FALSE,-0.0982142857142857,0.1,0.125
"2713ukcrime.policet1",6,"UK Crime","2713",FALSE,-0.0208333333333334,TRUE,0.046875,0.0208333333333334,0.15625
"2714ukcrime.policet1",6,"UK Crime","2714",TRUE,0.0555555555555555,TRUE,0.0681818181818182,-0.0555555555555555,-0.0357142857142857
"2715ukcrime.policet1",6,"UK Crime","2715",TRUE,0.0390625,FALSE,0,-0.0390625,-0.104166666666667
"2716ukcrime.policet1",6,"UK Crime","2716",FALSE,0,TRUE,0.046875,0,0.09375
"2717ukcrime.policet1",6,"UK Crime","2717",TRUE,0.0673076923076923,TRUE,0.046875,-0.0673076923076923,-0.1
"2718ukcrime.policet1",6,"UK Crime","2718",FALSE,-0.0220588235294118,FALSE,-0.0166666666666667,0.0220588235294118,0.0625
"2719ukcrime.policet1",6,"UK Crime","2719",TRUE,0.0480769230769231,TRUE,0.0625,-0.0480769230769231,-0.0249999999999999
"2720ukcrime.policet1",6,"UK Crime","2720",TRUE,0.0089285714285714,FALSE,0,-0.0089285714285714,-0.025
"2701ukcrime.punisht1",6,"UK Crime","2701",FALSE,-0.0175420168067227,TRUE,0.00622294372294374,0.0175420168067227,0.0611111111111113
"2702ukcrime.punisht1",6,"UK Crime","2702",TRUE,0.134441049146931,TRUE,0.152248677248677,-0.134441049146931,-0.114407467532468
"2703ukcrime.punisht1",6,"UK Crime","2703",FALSE,-0.10063025210084,FALSE,-0.0864795918367346,0.10063025210084,0.166666666666667
"2704ukcrime.punisht1",6,"UK Crime","2704",TRUE,0.0776862026862026,TRUE,0.0747668997668997,-0.0776862026862026,-0.0857142857142857
"2705ukcrime.punisht1",6,"UK Crime","2705",TRUE,0.0215029761904763,TRUE,0.038961038961039,-0.0215029761904763,0.0169047619047618
"2706ukcrime.punisht1",6,"UK Crime","2706",TRUE,0.133928571428571,TRUE,0.157142857142857,-0.133928571428571,-0.124642857142857
"2707ukcrime.punisht1",6,"UK Crime","2707",TRUE,0.0633116883116885,TRUE,0.0557142857142857,-0.0633116883116885,-0.0696428571428573
"2708ukcrime.punisht1",6,"UK Crime","2708",FALSE,-0.0512820512820513,FALSE,-0.0595238095238094,0.0512820512820513,0.0416666666666669
"2709ukcrime.punisht1",6,"UK Crime","2709",FALSE,-0.0573288690476191,FALSE,-0.0417091836734694,0.0573288690476191,0.166666666666667
"2710ukcrime.punisht1",6,"UK Crime","2710",TRUE,0.086388888888889,TRUE,0.0733225108225108,-0.086388888888889,-0.122321428571428
"2711ukcrime.punisht1",6,"UK Crime","2711",TRUE,0.0659095534095535,TRUE,0.0738643301143302,-0.0659095534095535,-0.0499999999999999
"2712ukcrime.punisht1",6,"UK Crime","2712",FALSE,-0.0326617826617827,FALSE,-0.0326138147566718,0.0326617826617827,0.033333333333334
"2713ukcrime.punisht1",6,"UK Crime","2713",FALSE,-0.0147997835497836,FALSE,-0.00553300865800876,0.0147997835497836,0.0333333333333333
"2714ukcrime.punisht1",6,"UK Crime","2714",TRUE,0.071759259259259,TRUE,0.0589826839826837,-0.071759259259259,-0.0918367346938774
"2715ukcrime.punisht1",6,"UK Crime","2715",TRUE,0.0761160714285715,TRUE,0.0784523809523809,-0.0761160714285715,-0.0722222222222224
"2716ukcrime.punisht1",6,"UK Crime","2716",TRUE,0.0354166666666665,TRUE,0.121875,-0.0354166666666665,0.1375
"2717ukcrime.punisht1",6,"UK Crime","2717",TRUE,0.0493589743589743,TRUE,0.0354166666666668,-0.0493589743589743,-0.0716666666666663
"2718ukcrime.punisht1",6,"UK Crime","2718",TRUE,0.071078431372549,TRUE,0.0676984126984127,-0.071078431372549,-0.0964285714285715
"2719ukcrime.punisht1",6,"UK Crime","2719",FALSE,-0.0661172161172161,FALSE,-0.0324404761904763,0.0661172161172161,0.12
"2720ukcrime.punisht1",6,"UK Crime","2720",TRUE,0.0206011250654107,TRUE,0.0116758241758241,-0.0206011250654107,-0.0366666666666666
"2701ukcrime.procrightst1",6,"UK Crime","2701",FALSE,-0.0716911764705882,FALSE,-0.0568181818181818,0.0716911764705882,0.0989583333333333
"2702ukcrime.procrightst1",6,"UK Crime","2702",TRUE,0.0404411764705882,TRUE,0.0436507936507937,-0.0404411764705882,-0.0368303571428571
"2703ukcrime.procrightst1",6,"UK Crime","2703",FALSE,-0.0414390756302521,FALSE,-0.0369260204081633,0.0414390756302521,0.0625
"2704ukcrime.procrightst1",6,"UK Crime","2704",TRUE,0.05,TRUE,0.0511363636363636,-0.05,-0.046875
"2705ukcrime.procrightst1",6,"UK Crime","2705",TRUE,0.0305059523809524,TRUE,0.0662878787878788,-0.0305059523809524,0.0482142857142858
"2706ukcrime.procrightst1",6,"UK Crime","2706",TRUE,0.084375,TRUE,0.1703125,-0.084375,-0.05
"2707ukcrime.procrightst1",6,"UK Crime","2707",TRUE,0.0478896103896103,TRUE,0.0241071428571428,-0.0478896103896103,-0.0677083333333333
"2708ukcrime.procrightst1",6,"UK Crime","2708",FALSE,-0.0432692307692308,FALSE,-0.0178571428571428,0.0432692307692308,0.0729166666666667
"2709ukcrime.procrightst1",6,"UK Crime","2709",FALSE,-0.0653831845238095,FALSE,-0.0661139455782313,0.0653831845238095,0.060267857142857
"2710ukcrime.procrightst1",6,"UK Crime","2710",TRUE,0.00244047619047622,FALSE,-0.00235389610389608,-0.00244047619047622,-0.015625
"2711ukcrime.procrightst1",6,"UK Crime","2711",TRUE,0.0470734126984127,TRUE,0.0523809523809524,-0.0470734126984127,-0.0364583333333333
"2712ukcrime.procrightst1",6,"UK Crime","2712",FALSE,-0.09375,FALSE,-0.0892857142857143,0.09375,0.15625
"2713ukcrime.procrightst1",6,"UK Crime","2713",FALSE,-0.0305059523809524,TRUE,0.0050223214285714,0.0305059523809524,0.1015625
"2714ukcrime.procrightst1",6,"UK Crime","2714",TRUE,0.116071428571429,TRUE,0.0998376623376624,-0.116071428571429,-0.141581632653061
"2715ukcrime.procrightst1",6,"UK Crime","2715",TRUE,0.0686383928571429,TRUE,0.0785714285714286,-0.0686383928571429,-0.0520833333333334
"2716ukcrime.procrightst1",6,"UK Crime","2716",TRUE,0.0253314393939393,FALSE,-0.00669642857142855,-0.0253314393939393,-0.078125
"2717ukcrime.procrightst1",6,"UK Crime","2717",TRUE,0.0192307692307693,TRUE,0.046875,-0.0192307692307693,0.025
"2718ukcrime.procrightst1",6,"UK Crime","2718",FALSE,-0.0502450980392157,FALSE,-0.0486111111111112,0.0502450980392157,0.0625
"2719ukcrime.procrightst1",6,"UK Crime","2719",TRUE,0.03125,TRUE,0.01953125,-0.03125,-0.05
"2720ukcrime.procrightst1",6,"UK Crime","2720",TRUE,0.0567602040816326,TRUE,0.0257936507936508,-0.0567602040816326,-0.1125
"2701ukcrime.selfprotectt1",6,"UK Crime","2701",TRUE,0.149509803921569,TRUE,0.140151515151515,-0.149509803921569,-0.166666666666667
"2702ukcrime.selfprotectt1",6,"UK Crime","2702",TRUE,0.053921568627451,TRUE,0.12037037037037,-0.053921568627451,0.0208333333333333
"2703ukcrime.selfprotectt1",6,"UK Crime","2703",FALSE,-0.0294117647058822,FALSE,-0.0416666666666665,0.0294117647058822,-0.0277777777777777
"2704ukcrime.selfprotectt1",6,"UK Crime","2704",TRUE,0.0388888888888889,TRUE,0.0454545454545454,-0.0388888888888889,-0.0208333333333333
"2705ukcrime.selfprotectt1",6,"UK Crime","2705",TRUE,0.0338541666666667,TRUE,0.0492424242424242,-0.0338541666666667,0
"2706ukcrime.selfprotectt1",6,"UK Crime","2706",TRUE,0.0654761904761904,TRUE,0.145833333333333,-0.0654761904761904,-0.0333333333333332
"2707ukcrime.selfprotectt1",6,"UK Crime","2707",FALSE,-0.0151515151515151,FALSE,-0.0333333333333333,0.0151515151515151,0
"2708ukcrime.selfprotectt1",6,"UK Crime","2708",TRUE,0.0192307692307692,TRUE,0.0714285714285715,-0.0192307692307692,0.0416666666666666
"2709ukcrime.selfprotectt1",6,"UK Crime","2709",TRUE,0.0520833333333333,TRUE,0.0535714285714286,-0.0520833333333333,-0.0416666666666665
"2710ukcrime.selfprotectt1",6,"UK Crime","2710",TRUE,0.0472222222222223,TRUE,0.071969696969697,-0.0472222222222223,0.0208333333333333
"2711ukcrime.selfprotectt1",6,"UK Crime","2711",TRUE,0.0509259259259259,TRUE,0.0208333333333333,-0.0509259259259259,-0.111111111111111
"2712ukcrime.selfprotectt1",6,"UK Crime","2712",FALSE,-0.0111111111111111,FALSE,-0.0119047619047619,0.0111111111111111,0
"2713ukcrime.selfprotectt1",6,"UK Crime","2713",FALSE,-0.0277777777777777,FALSE,-0.0833333333333334,0.0277777777777777,-0.0833333333333335
"2714ukcrime.selfprotectt1",6,"UK Crime","2714",TRUE,0.0601851851851852,TRUE,0.0530303030303032,-0.0601851851851852,-0.0714285714285712
"2715ukcrime.selfprotectt1",6,"UK Crime","2715",FALSE,-0.00520833333333348,TRUE,0.0249999999999999,0.00520833333333348,0.0555555555555556
"2716ukcrime.selfprotectt1",6,"UK Crime","2716",TRUE,0.0694444444444443,TRUE,0.0624999999999998,-0.0694444444444443,-0.0833333333333333
"2717ukcrime.selfprotectt1",6,"UK Crime","2717",TRUE,0.0192307692307692,FALSE,0,-0.0192307692307692,-0.05
"2718ukcrime.selfprotectt1",6,"UK Crime","2718",FALSE,0,FALSE,0,0,0
"2719ukcrime.selfprotectt1",6,"UK Crime","2719",FALSE,-0.0512820512820512,TRUE,0.0312500000000002,0.0512820512820512,0.183333333333333
"2720ukcrime.selfprotectt1",6,"UK Crime","2720",FALSE,-0.0238095238095237,FALSE,-0.0185185185185183,0.0238095238095237,0.0333333333333334
"2801eu.support_eu_membership_t1",7,"Tomorrow's Europe (EU)","2801",TRUE,0.106578947368421,TRUE,0.185606060606061,-0.106578947368421,0.0125
"2802eu.support_eu_membership_t1",7,"Tomorrow's Europe (EU)","2802",FALSE,-0.0588235294117647,TRUE,0.0333333333333333,0.0588235294117647,0.109090909090909
"2803eu.support_eu_membership_t1",7,"Tomorrow's Europe (EU)","2803",FALSE,-0.1,FALSE,0,0.1,0.166666666666667
"2804eu.support_eu_membership_t1",7,"Tomorrow's Europe (EU)","2804",TRUE,0.075,TRUE,0.0777777777777778,-0.075,-0.0714285714285714
"2805eu.support_eu_membership_t1",7,"Tomorrow's Europe (EU)","2805",TRUE,0.154807692307692,TRUE,0.175,-0.154807692307692,-0.134285714285714
"2806eu.support_eu_membership_t1",7,"Tomorrow's Europe (EU)","2806",FALSE,-0.0105263157894737,TRUE,0.0333333333333333,0.0105263157894737,0.0499999999999999
"2807eu.support_eu_membership_t1",7,"Tomorrow's Europe (EU)","2807",FALSE,-0.0388888888888889,FALSE,-0.01,0.0388888888888889,0.0397435897435897
"2808eu.support_eu_membership_t1",7,"Tomorrow's Europe (EU)","2808",FALSE,-0.0502392344497609,FALSE,-0.211428571428572,0.0502392344497609,-0.00619047619047619
"2809eu.support_eu_membership_t1",7,"Tomorrow's Europe (EU)","2809",TRUE,0.0538461538461539,TRUE,0.24,-0.0538461538461539,0.0625
"2810eu.support_eu_membership_t1",7,"Tomorrow's Europe (EU)","2810",TRUE,0.0368421052631579,TRUE,0.11,-0.0368421052631579,0.0444444444444444
"2811eu.support_eu_membership_t1",7,"Tomorrow's Europe (EU)","2811",FALSE,-0.0782352941176471,FALSE,-0.105,0.0782352941176471,0.0702564102564103
"2812eu.support_eu_membership_t1",7,"Tomorrow's Europe (EU)","2812",FALSE,-0.0336363636363636,FALSE,0,0.0336363636363636,0.0428571428571428
"2813eu.support_eu_membership_t1",7,"Tomorrow's Europe (EU)","2813",TRUE,0.0157894736842106,FALSE,0,-0.0157894736842106,-0.0272727272727273
"2814eu.support_eu_membership_t1",7,"Tomorrow's Europe (EU)","2814",TRUE,0.05,TRUE,0.0750000000000001,-0.05,-0.0249999999999999
"2815eu.support_eu_membership_t1",7,"Tomorrow's Europe (EU)","2815",TRUE,0.062857142857143,TRUE,0.14469696969697,-0.062857142857143,0.0444444444444444
"2816eu.support_eu_membership_t1",7,"Tomorrow's Europe (EU)","2816",TRUE,0.0487179487179487,TRUE,0.183333333333333,-0.0487179487179487,0.0857142857142857
"2817eu.support_eu_membership_t1",7,"Tomorrow's Europe (EU)","2817",FALSE,-0.0789473684210527,FALSE,-0.0125000000000001,0.0789473684210527,0.127272727272727
"2818eu.support_eu_membership_t1",7,"Tomorrow's Europe (EU)","2818",FALSE,-0.0416666666666666,FALSE,-0.102380952380952,0.0416666666666666,-0.0190476190476191
"2801eu.att_towards_privatization_t1",7,"Tomorrow's Europe (EU)","2801",FALSE,-0.113333333333333,FALSE,-0.0766666666666667,0.113333333333333,0.1625
"2802eu.att_towards_privatization_t1",7,"Tomorrow's Europe (EU)","2802",TRUE,0.0529411764705883,TRUE,0.2,-0.0529411764705883,0.0272727272727273
"2803eu.att_towards_privatization_t1",7,"Tomorrow's Europe (EU)","2803",FALSE,-0.121842105263158,FALSE,-0.0499999999999999,0.121842105263158,0.16969696969697
"2804eu.att_towards_privatization_t1",7,"Tomorrow's Europe (EU)","2804",TRUE,0.000416666666666676,FALSE,-0.0125,-0.000416666666666676,-0.0285714285714286
"2805eu.att_towards_privatization_t1",7,"Tomorrow's Europe (EU)","2805",TRUE,0.0466346153846154,TRUE,0.0208333333333333,-0.0466346153846154,-0.0885714285714286
"2806eu.att_towards_privatization_t1",7,"Tomorrow's Europe (EU)","2806",TRUE,0.215789473684211,TRUE,0.311111111111111,-0.215789473684211,-0.13
"2807eu.att_towards_privatization_t1",7,"Tomorrow's Europe (EU)","2807",TRUE,0.085,TRUE,0.228571428571429,-0.085,-0.00769230769230766
"2808eu.att_towards_privatization_t1",7,"Tomorrow's Europe (EU)","2808",FALSE,-0.0277777777777778,TRUE,0.168571428571429,0.0277777777777778,0.115384615384615
"2809eu.att_towards_privatization_t1",7,"Tomorrow's Europe (EU)","2809",TRUE,0.153846153846154,TRUE,0.34,-0.153846153846154,-0.0375
"2810eu.att_towards_privatization_t1",7,"Tomorrow's Europe (EU)","2810",TRUE,0.163157894736842,TRUE,0.17,-0.163157894736842,-0.155555555555556
"2811eu.att_towards_privatization_t1",7,"Tomorrow's Europe (EU)","2811",FALSE,-0.000619195046439591,TRUE,0.1,0.000619195046439591,0.0246153846153846
"2812eu.att_towards_privatization_t1",7,"Tomorrow's Europe (EU)","2812",TRUE,0.273181818181818,TRUE,0.408928571428571,-0.273181818181818,-0.197802197802198
"2813eu.att_towards_privatization_t1",7,"Tomorrow's Europe (EU)","2813",FALSE,-0.101754385964912,FALSE,-0.0357142857142857,0.101754385964912,0.145454545454545
"2814eu.att_towards_privatization_t1",7,"Tomorrow's Europe (EU)","2814",TRUE,0.30625,TRUE,0.3875,-0.30625,-0.225
"2815eu.att_towards_privatization_t1",7,"Tomorrow's Europe (EU)","2815",FALSE,-0.12,FALSE,-0.0454545454545454,0.12,0.211111111111111
"2816eu.att_towards_privatization_t1",7,"Tomorrow's Europe (EU)","2816",TRUE,0.149358974358974,TRUE,0.323333333333333,-0.149358974358974,-0.0142857142857143
"2817eu.att_towards_privatization_t1",7,"Tomorrow's Europe (EU)","2817",TRUE,0.278637770897833,TRUE,0.241071428571429,-0.278637770897833,-0.308181818181818
"2818eu.att_towards_privatization_t1",7,"Tomorrow's Europe (EU)","2818",FALSE,-0.245054945054945,FALSE,-0.109523809523809,0.245054945054945,0.371428571428571
"2801eu.attitude_towards_migration_t1",7,"Tomorrow's Europe (EU)","2801",TRUE,0.0555555555555556,TRUE,0.0795454545454546,-0.0555555555555556,-0.0267857142857143
"2802eu.attitude_towards_migration_t1",7,"Tomorrow's Europe (EU)","2802",FALSE,-0.264705882352941,FALSE,0,0.264705882352941,0.409090909090909
"2803eu.attitude_towards_migration_t1",7,"Tomorrow's Europe (EU)","2803",TRUE,0.0381578947368422,TRUE,0.03125,-0.0381578947368422,-0.0473484848484849
"2804eu.attitude_towards_migration_t1",7,"Tomorrow's Europe (EU)","2804",TRUE,0.03125,TRUE,0.0277777777777778,-0.03125,-0.0357142857142857
"2805eu.attitude_towards_migration_t1",7,"Tomorrow's Europe (EU)","2805",TRUE,0.0714285714285714,TRUE,0.138888888888889,-0.0714285714285714,0.0178571428571429
"2806eu.attitude_towards_migration_t1",7,"Tomorrow's Europe (EU)","2806",TRUE,0.0921052631578947,TRUE,0.0277777777777778,-0.0921052631578947,-0.15
"2807eu.attitude_towards_migration_t1",7,"Tomorrow's Europe (EU)","2807",TRUE,0.0394736842105263,TRUE,0.107142857142857,-0.0394736842105263,0.0016025641025641
"2808eu.attitude_towards_migration_t1",7,"Tomorrow's Europe (EU)","2808",TRUE,0.0761904761904761,TRUE,0.31547619047619,-0.0761904761904761,0.0357142857142857
"2809eu.attitude_towards_migration_t1",7,"Tomorrow's Europe (EU)","2809",TRUE,0.0192307692307693,FALSE,0,-0.0192307692307693,-0.03125
"2810eu.attitude_towards_migration_t1",7,"Tomorrow's Europe (EU)","2810",TRUE,0.376461988304094,TRUE,0.516666666666667,-0.376461988304094,-0.222222222222222
"2811eu.attitude_towards_migration_t1",7,"Tomorrow's Europe (EU)","2811",TRUE,0.236764705882353,TRUE,0.7625,-0.236764705882353,-0.0717948717948718
"2812eu.attitude_towards_migration_t1",7,"Tomorrow's Europe (EU)","2812",FALSE,-0.00595238095238093,TRUE,0.0491071428571429,0.00595238095238093,0.0357142857142858
"2813eu.attitude_towards_migration_t1",7,"Tomorrow's Europe (EU)","2813",FALSE,0,FALSE,0,0,0
"2814eu.attitude_towards_migration_t1",7,"Tomorrow's Europe (EU)","2814",TRUE,0.09375,TRUE,0.0625,-0.09375,-0.125
"2815eu.attitude_towards_migration_t1",7,"Tomorrow's Europe (EU)","2815",TRUE,0.355952380952381,TRUE,0.395833333333333,-0.355952380952381,-0.305555555555556
"2816eu.attitude_towards_migration_t1",7,"Tomorrow's Europe (EU)","2816",FALSE,-0.551282051282051,FALSE,-0.566666666666667,0.551282051282051,0.535714285714286
"2817eu.attitude_towards_migration_t1",7,"Tomorrow's Europe (EU)","2817",TRUE,0.0263157894736842,TRUE,0.125,-0.0263157894736842,0.0454545454545454
"2818eu.attitude_towards_migration_t1",7,"Tomorrow's Europe (EU)","2818",FALSE,-0.0357142857142857,FALSE,-0.0714285714285714,0.0357142857142857,0
"2801eu.mil_att_11_12_t1",7,"Tomorrow's Europe (EU)","2801",FALSE,-0.06625,FALSE,-0.00416666666666665,0.06625,0.159375
"2802eu.mil_att_11_12_t1",7,"Tomorrow's Europe (EU)","2802",FALSE,-0.0220588235294118,TRUE,0.0541666666666667,0.0220588235294118,0.0636363636363637
"2803eu.mil_att_11_12_t1",7,"Tomorrow's Europe (EU)","2803",FALSE,-0.043344298245614,TRUE,0.0161458333333334,0.043344298245614,0.0813446969696969
"2804eu.mil_att_11_12_t1",7,"Tomorrow's Europe (EU)","2804",TRUE,0.0171875,TRUE,0.0152777777777778,-0.0171875,-0.0196428571428572
"2805eu.mil_att_11_12_t1",7,"Tomorrow's Europe (EU)","2805",TRUE,0.0446056547619047,TRUE,0.0732060185185185,-0.0446056547619047,-0.00952380952380949
"2806eu.mil_att_11_12_t1",7,"Tomorrow's Europe (EU)","2806",TRUE,0.00877192982456143,TRUE,0.0277777777777778,-0.00877192982456143,0.0083333333333333
"2807eu.mil_att_11_12_t1",7,"Tomorrow's Europe (EU)","2807",TRUE,0.0333333333333333,TRUE,0.104166666666667,-0.0333333333333333,0.00480769230769229
"2808eu.mil_att_11_12_t1",7,"Tomorrow's Europe (EU)","2808",TRUE,0.0103977272727273,TRUE,0.074702380952381,-0.0103977272727273,0.0173809523809524
"2809eu.mil_att_11_12_t1",7,"Tomorrow's Europe (EU)","2809",TRUE,0.0346153846153846,TRUE,0.00750000000000001,-0.0346153846153846,-0.0515625
"2810eu.mil_att_11_12_t1",7,"Tomorrow's Europe (EU)","2810",TRUE,0.0431530214424951,TRUE,0.044398148148148,-0.0431530214424951,-0.0388888888888889
"2811eu.mil_att_11_12_t1",7,"Tomorrow's Europe (EU)","2811",TRUE,0.0567708333333334,TRUE,0.0268750000000001,-0.0567708333333334,-0.0667361111111111
"2812eu.mil_att_11_12_t1",7,"Tomorrow's Europe (EU)","2812",FALSE,-0.0304924242424243,TRUE,0.03125,0.0304924242424243,0.0657738095238095
"2813eu.mil_att_11_12_t1",7,"Tomorrow's Europe (EU)","2813",FALSE,-0.00830896686159843,TRUE,0.0154017857142857,0.00830896686159843,0.0242424242424242
"2814eu.mil_att_11_12_t1",7,"Tomorrow's Europe (EU)","2814",TRUE,0.0455729166666666,TRUE,0.1015625,-0.0455729166666666,0.0104166666666667
"2815eu.mil_att_11_12_t1",7,"Tomorrow's Europe (EU)","2815",TRUE,0.0202380952380953,TRUE,0.0218750000000001,-0.0202380952380953,-0.0180555555555556
"2816eu.mil_att_11_12_t1",7,"Tomorrow's Europe (EU)","2816",FALSE,-0.0121794871794871,FALSE,-0.0395833333333333,0.0121794871794871,-0.00535714285714284
"2817eu.mil_att_11_12_t1",7,"Tomorrow's Europe (EU)","2817",FALSE,-0.0646929824561404,FALSE,-0.103645833333333,0.0646929824561404,0.0363636363636364
"2818eu.mil_att_11_12_t1",7,"Tomorrow's Europe (EU)","2818",TRUE,0.0398809523809524,FALSE,-0.00714285714285723,-0.0398809523809524,-0.0869047619047618
"2801eu.t1q11b",7,"Tomorrow's Europe (EU)","2801",TRUE,0.0375,TRUE,0.0416666666666666,-0.0375,-0.03125
"2802eu.t1q11b",7,"Tomorrow's Europe (EU)","2802",FALSE,-0.0992647058823529,FALSE,-0.125,0.0992647058823529,0.0772727272727273
"2803eu.t1q11b",7,"Tomorrow's Europe (EU)","2803",TRUE,0.0430555555555556,TRUE,0.0758928571428572,-0.0430555555555556,-0.0189393939393939
"2804eu.t1q11b",7,"Tomorrow's Europe (EU)","2804",TRUE,0.161458333333333,TRUE,0.138888888888889,-0.161458333333333,-0.226190476190476
"2805eu.t1q11b",7,"Tomorrow's Europe (EU)","2805",FALSE,-0.0558035714285715,TRUE,0.159722222222222,0.0558035714285715,0.339285714285714
"2806eu.t1q11b",7,"Tomorrow's Europe (EU)","2806",TRUE,0.0131578947368421,TRUE,0.0555555555555556,-0.0131578947368421,0.025
"2807eu.t1q11b",7,"Tomorrow's Europe (EU)","2807",FALSE,-0.15625,FALSE,-0.0714285714285715,0.15625,0.209401709401709
"2808eu.t1q11b",7,"Tomorrow's Europe (EU)","2808",FALSE,-0.182539682539683,FALSE,-0.229166666666667,0.182539682539683,0.196428571428571
"2809eu.t1q11b",7,"Tomorrow's Europe (EU)","2809",TRUE,0.153846153846154,TRUE,0.425,-0.153846153846154,0.00892857142857145
"2810eu.t1q11b",7,"Tomorrow's Europe (EU)","2810",FALSE,-0.111111111111111,FALSE,-0.0833333333333333,0.111111111111111,0.138888888888889
"2811eu.t1q11b",7,"Tomorrow's Europe (EU)","2811",TRUE,0.104166666666667,FALSE,-0.1,-0.104166666666667,-0.154166666666667
"2812eu.t1q11b",7,"Tomorrow's Europe (EU)","2812",TRUE,0.031547619047619,TRUE,0.0357142857142858,-0.031547619047619,-0.0274725274725275
"2813eu.t1q11b",7,"Tomorrow's Europe (EU)","2813",TRUE,0.00735294117647056,FALSE,-0.0357142857142856,-0.00735294117647056,-0.0340909090909091
"2814eu.t1q11b",7,"Tomorrow's Europe (EU)","2814",TRUE,0.053125,TRUE,0.125,-0.053125,0.0223214285714285
"2815eu.t1q11b",7,"Tomorrow's Europe (EU)","2815",TRUE,0.0375,TRUE,0.0277777777777778,-0.0375,-0.0476190476190476
"2816eu.t1q11b",7,"Tomorrow's Europe (EU)","2816",FALSE,-0.0972222222222222,FALSE,-0.0625,0.0972222222222222,0.128571428571429
"2817eu.t1q11b",7,"Tomorrow's Europe (EU)","2817",TRUE,0.064327485380117,TRUE,0.03125,-0.064327485380117,-0.0909090909090909
"2818eu.t1q11b",7,"Tomorrow's Europe (EU)","2818",FALSE,-0.106818181818182,FALSE,-0.1,0.106818181818182,0.142857142857143
"2801eu.turkey_enlargement_att_t1",7,"Tomorrow's Europe (EU)","2801",TRUE,0.0249999999999999,TRUE,0.125,-0.0249999999999999,0.125
"2802eu.turkey_enlargement_att_t1",7,"Tomorrow's Europe (EU)","2802",TRUE,0.102941176470588,TRUE,0.0833333333333334,-0.102941176470588,-0.113636363636364
"2803eu.turkey_enlargement_att_t1",7,"Tomorrow's Europe (EU)","2803",TRUE,0.1125,TRUE,0.491071428571429,-0.1125,0.138257575757576
"2804eu.turkey_enlargement_att_t1",7,"Tomorrow's Europe (EU)","2804",FALSE,-0.046875,FALSE,-0.0555555555555556,0.046875,0.0357142857142857
"2805eu.turkey_enlargement_att_t1",7,"Tomorrow's Europe (EU)","2805",TRUE,0.0528846153846154,TRUE,0.119047619047619,-0.0528846153846154,0.0416666666666666
"2806eu.turkey_enlargement_att_t1",7,"Tomorrow's Europe (EU)","2806",FALSE,-0.0921052631578948,FALSE,-0.138888888888889,0.0921052631578948,0.05
"2807eu.turkey_enlargement_att_t1",7,"Tomorrow's Europe (EU)","2807",FALSE,-0.0677631578947369,FALSE,-0.107142857142857,0.0677631578947369,0.0400641025641026
"2808eu.turkey_enlargement_att_t1",7,"Tomorrow's Europe (EU)","2808",FALSE,-0.142857142857143,FALSE,-0.142857142857143,0.142857142857143,0.142857142857143
"2809eu.turkey_enlargement_att_t1",7,"Tomorrow's Europe (EU)","2809",FALSE,-0.145833333333333,FALSE,-0.15,0.145833333333333,0.151785714285714
"2810eu.turkey_enlargement_att_t1",7,"Tomorrow's Europe (EU)","2810",TRUE,0.156432748538012,TRUE,0.275,-0.156432748538012,-0.0104166666666666
"2811eu.turkey_enlargement_att_t1",7,"Tomorrow's Europe (EU)","2811",TRUE,0.1625,TRUE,0.225,-0.1625,-0.142424242424242
"2812eu.turkey_enlargement_att_t1",7,"Tomorrow's Europe (EU)","2812",TRUE,0.0178571428571429,TRUE,0.191964285714286,-0.0178571428571429,0.0714285714285715
"2813eu.turkey_enlargement_att_t1",7,"Tomorrow's Europe (EU)","2813",TRUE,0.0580065359477124,TRUE,0.214285714285714,-0.0580065359477124,0.0522727272727273
"2814eu.turkey_enlargement_att_t1",7,"Tomorrow's Europe (EU)","2814",FALSE,-0.0625,FALSE,-0.03125,0.0625,0.09375
"2815eu.turkey_enlargement_att_t1",7,"Tomorrow's Europe (EU)","2815",FALSE,-0.164786967418546,FALSE,-0.00416666666666665,0.164786967418546,0.361111111111111
"2816eu.turkey_enlargement_att_t1",7,"Tomorrow's Europe (EU)","2816",TRUE,0.0961538461538461,TRUE,0.25,-0.0961538461538461,0.0357142857142857
"2817eu.turkey_enlargement_att_t1",7,"Tomorrow's Europe (EU)","2817",FALSE,-0.0263157894736843,FALSE,-0.09375,0.0263157894736843,-0.0227272727272727
"2818eu.turkey_enlargement_att_t1",7,"Tomorrow's Europe (EU)","2818",FALSE,-0.107142857142857,TRUE,0.214285714285714,0.107142857142857,0.428571428571429
"2801eu.eu_veto_support_t1",7,"Tomorrow's Europe (EU)","2801",FALSE,-0.005,TRUE,0.0145833333333334,0.005,0.034375
"2802eu.eu_veto_support_t1",7,"Tomorrow's Europe (EU)","2802",FALSE,-0.190196078431373,FALSE,-0.2,0.190196078431373,0.184848484848485
"2803eu.eu_veto_support_t1",7,"Tomorrow's Europe (EU)","2803",FALSE,-0.141118421052632,FALSE,-0.11875,0.141118421052632,0.153787878787879
"2804eu.eu_veto_support_t1",7,"Tomorrow's Europe (EU)","2804",FALSE,-0.0453125,FALSE,-0.1,0.0453125,-0.025
"2805eu.eu_veto_support_t1",7,"Tomorrow's Europe (EU)","2805",TRUE,0.0402777777777779,TRUE,0.0885416666666667,-0.0402777777777779,0.050297619047619
"2806eu.eu_veto_support_t1",7,"Tomorrow's Europe (EU)","2806",FALSE,-0.138157894736842,FALSE,-0.169444444444444,0.138157894736842,0.11
"2807eu.eu_veto_support_t1",7,"Tomorrow's Europe (EU)","2807",TRUE,0.101754385964912,TRUE,0.128571428571429,-0.101754385964912,-0.0867521367521369
"2808eu.eu_veto_support_t1",7,"Tomorrow's Europe (EU)","2808",TRUE,0.0515819964349377,FALSE,-0.13422619047619,-0.0515819964349377,-0.097905982905983
"2809eu.eu_veto_support_t1",7,"Tomorrow's Europe (EU)","2809",FALSE,-0.0541666666666667,TRUE,0.13125,0.0541666666666667,0.159375
"2810eu.eu_veto_support_t1",7,"Tomorrow's Europe (EU)","2810",FALSE,-0.0235136452241714,TRUE,0.0216666666666667,0.0235136452241714,0.0732638888888889
"2811eu.eu_veto_support_t1",7,"Tomorrow's Europe (EU)","2811",FALSE,-0.0120833333333332,FALSE,-0.015,0.0120833333333332,0.0083333333333333
"2812eu.eu_veto_support_t1",7,"Tomorrow's Europe (EU)","2812",FALSE,-0.0409090909090909,TRUE,0.1,0.0409090909090909,0.121428571428571
"2813eu.eu_veto_support_t1",7,"Tomorrow's Europe (EU)","2813",FALSE,-0.282301341589267,FALSE,-0.157291666666667,0.282301341589267,0.35530303030303
"2814eu.eu_veto_support_t1",7,"Tomorrow's Europe (EU)","2814",FALSE,-0.25,FALSE,-0.0924107142857143,0.25,0.390625
"2815eu.eu_veto_support_t1",7,"Tomorrow's Europe (EU)","2815",FALSE,-0.0380952380952381,TRUE,0.0145833333333334,0.0380952380952381,0.108333333333333
"2816eu.eu_veto_support_t1",7,"Tomorrow's Europe (EU)","2816",FALSE,-0.00705128205128214,FALSE,-0.0111111111111112,0.00705128205128214,0.00357142857142861
"2817eu.eu_veto_support_t1",7,"Tomorrow's Europe (EU)","2817",FALSE,-0.0505604288499026,FALSE,-0.078125,0.0505604288499026,0.0323484848484848
"2818eu.eu_veto_support_t1",7,"Tomorrow's Europe (EU)","2818",FALSE,-0.0743589743589744,FALSE,-0.123611111111111,0.0743589743589744,0.0321428571428573
"29101cpl.t1res",8,"Central Power & Light","29101",TRUE,0.0961538461538461,TRUE,0.15,-0.0961538461538461,-0.01
"29102cpl.t1res",8,"Central Power & Light","29102",FALSE,-0.0458333333333333,FALSE,-0.01,0.0458333333333333,0.0714285714285714
"29103cpl.t1res",8,"Central Power & Light","29103",FALSE,-0.171969696969697,FALSE,-0.2375,0.171969696969697,0.139285714285714
"29104cpl.t1res",8,"Central Power & Light","29104",TRUE,0.123076923076923,TRUE,0.316666666666667,-0.123076923076923,-0.0650000000000001
"29105cpl.t1res",8,"Central Power & Light","29105",TRUE,0.18,TRUE,0.2375,-0.18,-0.141666666666667
"29106cpl.t1res",8,"Central Power & Light","29106",FALSE,-0.0678571428571428,FALSE,-0.133333333333333,0.0678571428571428,0.05
"29107cpl.t1res",8,"Central Power & Light","29107",FALSE,-0.0958333333333333,FALSE,-0.125,0.0958333333333333,0.0812499999999999
"29108cpl.t1res",8,"Central Power & Light","29108",FALSE,-0.103333333333333,FALSE,-0.00714285714285712,0.103333333333333,0.1875
"29109cpl.t1res",8,"Central Power & Light","29109",TRUE,0.0846153846153846,TRUE,0.183333333333333,-0.0846153846153846,-0.055
"29110cpl.t1res",8,"Central Power & Light","29110",FALSE,-0.0307692307692308,TRUE,0.00714285714285712,0.0307692307692308,0.075
"29111cpl.t1res",8,"Central Power & Light","29111",FALSE,-0.1125,FALSE,-0.1,0.1125,0.125
"29112cpl.t1res",8,"Central Power & Light","29112",FALSE,-0.261538461538461,FALSE,-0.183333333333333,0.261538461538461,0.328571428571429
"29113cpl.t1res",8,"Central Power & Light","29113",TRUE,0.153125,TRUE,0.20625,-0.153125,-0.1
"29114cpl.t1res",8,"Central Power & Light","29114",TRUE,0.0531250000000001,TRUE,0.0249999999999999,-0.0531250000000001,-0.0700000000000001
"29115cpl.t1res",8,"Central Power & Light","29115",TRUE,0.078125,TRUE,0.0607142857142857,-0.078125,-0.0888888888888889
"29116cpl.t1res",8,"Central Power & Light","29116",TRUE,0.142307692307692,TRUE,0.1125,-0.142307692307692,-0.19
"29101cpl.t1cons",8,"Central Power & Light","29101",TRUE,0.0617408906882592,TRUE,0.0976973684210528,-0.0617408906882592,-0.00421052631578944
"29102cpl.t1cons",8,"Central Power & Light","29102",TRUE,0.00229266347687407,FALSE,-0.0642105263157896,-0.00229266347687407,-0.042731829573935
"29103cpl.t1cons",8,"Central Power & Light","29103",FALSE,-0.100657894736842,FALSE,-0.0322368421052632,0.100657894736842,0.134868421052632
"29104cpl.t1cons",8,"Central Power & Light","29104",TRUE,0.0955465587044534,TRUE,0.414035087719298,-0.0955465587044534,0
"29105cpl.t1cons",8,"Central Power & Light","29105",FALSE,-0.0973684210526315,TRUE,0.0592105263157895,0.0973684210526315,0.201754385964912
"29106cpl.t1cons",8,"Central Power & Light","29106",FALSE,-0.0911654135338347,TRUE,0.0929824561403507,0.0911654135338347,0.141387559808613
"29107cpl.t1cons",8,"Central Power & Light","29107",FALSE,-0.0381578947368423,FALSE,-0.0447368421052633,0.0381578947368423,0.0348684210526318
"29108cpl.t1cons",8,"Central Power & Light","29108",FALSE,-0.0128070175438596,TRUE,0.0443609022556392,0.0128070175438596,0.062828947368421
"29109cpl.t1cons",8,"Central Power & Light","29109",FALSE,-0.054655870445344,TRUE,0.062280701754386,0.054655870445344,0.0897368421052631
"29110cpl.t1cons",8,"Central Power & Light","29110",FALSE,-0.0188259109311741,FALSE,-0.018045112781955,0.0188259109311741,0.0197368421052631
"29111cpl.t1cons",8,"Central Power & Light","29111",FALSE,-0.133552631578947,FALSE,-0.105263157894737,0.133552631578947,0.161842105263158
"29112cpl.t1cons",8,"Central Power & Light","29112",FALSE,-0.0593117408906882,TRUE,0.0868421052631578,0.0593117408906882,0.184586466165413
"29113cpl.t1cons",8,"Central Power & Light","29113",TRUE,0.0155701754385965,FALSE,-0.0150375939849623,-0.0155701754385965,-0.0411184210526316
"29114cpl.t1cons",8,"Central Power & Light","29114",FALSE,-0.00246710526315796,TRUE,0.050877192982456,0.00246710526315796,0.0344736842105262
"29115cpl.t1cons",8,"Central Power & Light","29115",FALSE,-0.0552631578947368,FALSE,-0.0289473684210527,0.0552631578947368,0.0757309941520468
"29116cpl.t1cons",8,"Central Power & Light","29116",FALSE,-0.0799595141700404,FALSE,-0.0582236842105263,0.0799595141700404,0.114736842105263
"29101cpl.t1poor",8,"Central Power & Light","29101",FALSE,-0.130769230769231,FALSE,-0.125,0.130769230769231,0.14
"29102cpl.t1poor",8,"Central Power & Light","29102",FALSE,-0.137689393939394,FALSE,-0.085,0.137689393939394,0.177380952380952
"29103cpl.t1poor",8,"Central Power & Light","29103",TRUE,0.0958333333333333,FALSE,-0.03125,-0.0958333333333333,-0.159375
"29104cpl.t1poor",8,"Central Power & Light","29104",TRUE,0.075,TRUE,0.0583333333333333,-0.075,-0.08
"29105cpl.t1poor",8,"Central Power & Light","29105",TRUE,0.035,TRUE,0.08125,-0.035,-0.00416666666666676
"29106cpl.t1poor",8,"Central Power & Light","29106",TRUE,0.0857142857142858,TRUE,0.191666666666667,-0.0857142857142858,-0.0568181818181819
"29107cpl.t1poor",8,"Central Power & Light","29107",FALSE,-0.0604166666666666,FALSE,-0.03125,0.0604166666666666,0.075
"29108cpl.t1poor",8,"Central Power & Light","29108",TRUE,0.0633333333333334,TRUE,0.167857142857143,-0.0633333333333334,0.028125
"29109cpl.t1poor",8,"Central Power & Light","29109",TRUE,0.0173076923076922,FALSE,-0.0166666666666666,-0.0173076923076922,-0.0275
"29110cpl.t1poor",8,"Central Power & Light","29110",FALSE,-0.0269230769230769,TRUE,0.00714285714285712,0.0269230769230769,0.0666666666666667
"29111cpl.t1poor",8,"Central Power & Light","29111",TRUE,0.122916666666667,TRUE,0.195833333333333,-0.122916666666667,-0.05
"29112cpl.t1poor",8,"Central Power & Light","29112",TRUE,0.0769230769230769,TRUE,0.170833333333333,-0.0769230769230769,0.00357142857142856
"29113cpl.t1poor",8,"Central Power & Light","29113",TRUE,0.0583333333333333,TRUE,0.210714285714286,-0.0583333333333333,0.0750000000000001
"29114cpl.t1poor",8,"Central Power & Light","29114",TRUE,0.0765625,TRUE,0.229166666666667,-0.0765625,0.015
"29115cpl.t1poor",8,"Central Power & Light","29115",FALSE,-0.065625,FALSE,-0.0607142857142857,0.065625,0.0694444444444445
"29116cpl.t1poor",8,"Central Power & Light","29116",TRUE,0.0384615384615385,TRUE,0.0875,-0.0384615384615385,0.04
"29101cpl.t1renew",8,"Central Power & Light","29101",FALSE,-0.123076923076923,FALSE,-0.15,0.123076923076923,0.0800000000000001
"29102cpl.t1renew",8,"Central Power & Light","29102",FALSE,-0.0761363636363636,TRUE,0.0399999999999999,0.0761363636363636,0.160714285714286
"29103cpl.t1renew",8,"Central Power & Light","29103",TRUE,0.0125,FALSE,0,-0.0125,-0.0187499999999999
"29104cpl.t1renew",8,"Central Power & Light","29104",FALSE,-0.076923076923077,TRUE,0.133333333333333,0.076923076923077,0.14
"29105cpl.t1renew",8,"Central Power & Light","29105",FALSE,-0.02,TRUE,0.1375,0.02,0.125
"29106cpl.t1renew",8,"Central Power & Light","29106",TRUE,0.075,TRUE,0.0166666666666667,-0.075,-0.0909090909090909
"29107cpl.t1renew",8,"Central Power & Light","29107",TRUE,0.0333333333333333,TRUE,0.1375,-0.0333333333333333,0.0187499999999999
"29108cpl.t1renew",8,"Central Power & Light","29108",TRUE,0.0266666666666666,TRUE,0.0428571428571428,-0.0266666666666666,-0.0125
"29109cpl.t1renew",8,"Central Power & Light","29109",FALSE,-0.0115384615384616,TRUE,0.0833333333333334,0.0115384615384616,0.0399999999999999
"29110cpl.t1renew",8,"Central Power & Light","29110",TRUE,0.0153846153846154,TRUE,0.121428571428571,-0.0153846153846154,0.108333333333333
"29111cpl.t1renew",8,"Central Power & Light","29111",TRUE,0.00833333333333341,TRUE,0.025,-0.00833333333333341,0.0083333333333333
"29112cpl.t1renew",8,"Central Power & Light","29112",TRUE,0.0153846153846154,TRUE,0.141666666666667,-0.0153846153846154,0.0928571428571429
"29113cpl.t1renew",8,"Central Power & Light","29113",TRUE,0.078125,TRUE,0.075,-0.078125,-0.0812499999999999
"29114cpl.t1renew",8,"Central Power & Light","29114",FALSE,0,FALSE,0,0,0
"29115cpl.t1renew",8,"Central Power & Light","29115",FALSE,-0.0375000000000001,FALSE,-0.0428571428571429,0.0375000000000001,0.0333333333333333
"29116cpl.t1renew",8,"Central Power & Light","29116",TRUE,0.0625,TRUE,0.122321428571429,-0.0625,0.01
"29101cpl.t1fossil",8,"Central Power & Light","29101",TRUE,0.128703703703704,TRUE,0.122420634920635,-0.128703703703704,-0.1
"29102cpl.t1fossil",8,"Central Power & Light","29102",FALSE,0,FALSE,0,0,0
"29103cpl.t1fossil",8,"Central Power & Light","29103",TRUE,0.148148148148148,TRUE,0.366666666666667,-0.148148148148148,-0.038888888888889
"29104cpl.t1fossil",8,"Central Power & Light","29104",TRUE,0.10940170940171,FALSE,-0.0148148148148146,-0.10940170940171,-0.146666666666667
"29105cpl.t1fossil",8,"Central Power & Light","29105",TRUE,0.0466666666666667,TRUE,0.063888888888889,-0.0466666666666667,-0.0351851851851851
"29106cpl.t1fossil",8,"Central Power & Light","29106",FALSE,-0.222222222222222,FALSE,-0.388888888888889,0.222222222222222,0.194949494949495
"29107cpl.t1fossil",8,"Central Power & Light","29107",FALSE,-0.0120370370370372,FALSE,-0.111111111111111,0.0120370370370372,-0.0374999999999999
"29108cpl.t1fossil",8,"Central Power & Light","29108",TRUE,0.0162962962962963,TRUE,0.0936507936507937,-0.0162962962962963,0.0513888888888889
"29109cpl.t1fossil",8,"Central Power & Light","29109",FALSE,-0.156125356125356,FALSE,-0.1,0.156125356125356,0.182222222222222
"29110cpl.t1fossil",8,"Central Power & Light","29110",FALSE,-0.114529914529915,FALSE,-0.0206349206349206,0.114529914529915,0.224074074074074
"29111cpl.t1fossil",8,"Central Power & Light","29111",FALSE,-0.00370370370370365,TRUE,0.0388888888888889,0.00370370370370365,0.0462962962962963
"29112cpl.t1fossil",8,"Central Power & Light","29112",TRUE,0.181196581196581,TRUE,0.344444444444445,-0.181196581196581,-0.0412698412698412
"29113cpl.t1fossil",8,"Central Power & Light","29113",TRUE,0.0656565656565656,TRUE,0.238412698412698,-0.0656565656565656,0.0777777777777778
"29114cpl.t1fossil",8,"Central Power & Light","29114",FALSE,-0.0753205128205128,TRUE,0.102222222222222,0.0753205128205128,0.1875
"29115cpl.t1fossil",8,"Central Power & Light","29115",TRUE,0.118055555555556,TRUE,0.295238095238095,-0.118055555555556,0.0197530864197529
"29116cpl.t1fossil",8,"Central Power & Light","29116",TRUE,0.012051282051282,TRUE,0.0516666666666665,-0.012051282051282,0.0333333333333332
"29101cpl.t1buypwr",8,"Central Power & Light","29101",FALSE,-0.000769230769230744,TRUE,0.0553571428571429,0.000769230769230744,0.1
"29102cpl.t1buypwr",8,"Central Power & Light","29102",TRUE,0.00530303030303025,TRUE,0.06,-0.00530303030303025,0.0452380952380952
"29103cpl.t1buypwr",8,"Central Power & Light","29103",FALSE,-0.046969696969697,FALSE,-0.175,0.046969696969697,-0.0089285714285714
"29104cpl.t1buypwr",8,"Central Power & Light","29104",FALSE,-0.138461538461538,FALSE,-0.233333333333333,0.138461538461538,0.115555555555556
"29105cpl.t1buypwr",8,"Central Power & Light","29105",FALSE,-0.12,TRUE,0.125,0.12,0.283333333333333
"29106cpl.t1buypwr",8,"Central Power & Light","29106",TRUE,0.253846153846154,TRUE,0.216666666666667,-0.253846153846154,-0.243636363636364
"29107cpl.t1buypwr",8,"Central Power & Light","29107",TRUE,0.00833333333333336,TRUE,0.425,-0.00833333333333336,0.2
"29108cpl.t1buypwr",8,"Central Power & Light","29108",TRUE,0.213333333333333,TRUE,0.142857142857143,-0.213333333333333,-0.275
"29109cpl.t1buypwr",8,"Central Power & Light","29109",FALSE,-0.212179487179487,FALSE,-0.516666666666667,0.212179487179487,0.16
"29110cpl.t1buypwr",8,"Central Power & Light","29110",TRUE,0.0147435897435897,TRUE,0.0666666666666667,-0.0147435897435897,0.0333333333333333
"29111cpl.t1buypwr",8,"Central Power & Light","29111",TRUE,0.0166666666666667,TRUE,0.0333333333333333,-0.0166666666666667,0
"29112cpl.t1buypwr",8,"Central Power & Light","29112",FALSE,-0.0153846153846153,TRUE,0.0333333333333333,0.0153846153846153,0.0571428571428571
"29113cpl.t1buypwr",8,"Central Power & Light","29113",FALSE,-0.0975757575757576,FALSE,-0.0714285714285714,0.0975757575757576,0.125
"29114cpl.t1buypwr",8,"Central Power & Light","29114",TRUE,0.11875,TRUE,0.166666666666667,-0.11875,-0.09
"29115cpl.t1buypwr",8,"Central Power & Light","29115",FALSE,-0.11875,FALSE,0,0.11875,0.23015873015873
"29116cpl.t1buypwr",8,"Central Power & Light","29116",FALSE,-0.0958041958041959,FALSE,-0.0208333333333333,0.0958041958041959,0.2
"986201wtu.t1att1",19,"West Texas Utilities","986201",TRUE,0.325,TRUE,0.383333333333333,-0.325,-0.3
"986202wtu.t1att1",19,"West Texas Utilities","986202",TRUE,0.12,TRUE,0.357142857142857,-0.12,0.00769230769230766
"986203wtu.t1att1",19,"West Texas Utilities","986203",TRUE,0.321052631578947,TRUE,0.383333333333333,-0.321052631578947,-0.292307692307692
"986204wtu.t1att1",19,"West Texas Utilities","986204",FALSE,-0.252631578947368,FALSE,-0.225,0.252631578947368,0.26
"986205wtu.t1att1",19,"West Texas Utilities","986205",FALSE,-0.178947368421053,FALSE,-0.05,0.178947368421053,0.322222222222222
"986206wtu.t1att1",19,"West Texas Utilities","986206",FALSE,-0.325,FALSE,-0.3375,0.325,0.316666666666667
"986207wtu.t1att1",19,"West Texas Utilities","986207",TRUE,0.194736842105263,TRUE,0.075,-0.194736842105263,-0.226666666666667
"986208wtu.t1att1",19,"West Texas Utilities","986208",TRUE,0.142857142857143,TRUE,0.0750000000000001,-0.142857142857143,-0.184615384615385
"986209wtu.t1att1",19,"West Texas Utilities","986209",FALSE,-0.217647058823529,TRUE,0.1,0.217647058823529,0.285714285714286
"986210wtu.t1att1",19,"West Texas Utilities","986210",TRUE,0.211764705882353,TRUE,0.5,-0.211764705882353,-0.123076923076923
"986211wtu.t1att1",19,"West Texas Utilities","986211",FALSE,-0.177777777777778,FALSE,-0.0666666666666668,0.177777777777778,0.233333333333333
"986212wtu.t1att1",19,"West Texas Utilities","986212",FALSE,-0.0222222222222221,FALSE,-0.175,0.0222222222222221,-0.1
"986213wtu.t1att1",19,"West Texas Utilities","986213",FALSE,-0.0555555555555556,FALSE,0,0.0555555555555556,0.125
"986214wtu.t1att1",19,"West Texas Utilities","986214",TRUE,0.227272727272727,TRUE,0.12,-0.227272727272727,-0.316666666666667
"986201wtu.t1att3",19,"West Texas Utilities","986201",TRUE,0.119196428571428,TRUE,0.287202380952381,-0.119196428571428,-0.0471938775510202
"986202wtu.t1att3",19,"West Texas Utilities","986202",FALSE,-0.0330357142857145,TRUE,0.0471938775510201,0.0330357142857145,0.0762362637362638
"986203wtu.t1att3",19,"West Texas Utilities","986203",FALSE,-0.0108082706766917,FALSE,-0.00297619047619035,0.0108082706766917,0.014423076923077
"986204wtu.t1att3",19,"West Texas Utilities","986204",FALSE,-0.0305451127819548,TRUE,0.0401785714285715,0.0305451127819548,0.0494047619047618
"986205wtu.t1att3",19,"West Texas Utilities","986205",FALSE,-0.111842105263158,FALSE,-0.0428571428571428,0.111842105263158,0.188492063492063
"986206wtu.t1att3",19,"West Texas Utilities","986206",FALSE,-0.0558035714285715,FALSE,-0.0435267857142858,0.0558035714285715,0.0639880952380953
"986207wtu.t1att3",19,"West Texas Utilities","986207",TRUE,0.00798872180451149,TRUE,0.080357142857143,-0.00798872180451149,0.0113095238095238
"986208wtu.t1att3",19,"West Texas Utilities","986208",FALSE,-0.00935374149659873,FALSE,-0.113839285714286,0.00935374149659873,-0.0549450549450547
"986209wtu.t1att3",19,"West Texas Utilities","986209",FALSE,-0.0341386554621846,FALSE,-0.0178571428571427,0.0341386554621846,0.037627551020408
"986210wtu.t1att3",19,"West Texas Utilities","986210",TRUE,0.0194327731092436,TRUE,0.136160714285714,-0.0194327731092436,0.0164835164835165
"986211wtu.t1att3",19,"West Texas Utilities","986211",FALSE,-0.0277777777777777,FALSE,-0.0238095238095236,0.0277777777777777,0.0297619047619047
"986212wtu.t1att3",19,"West Texas Utilities","986212",TRUE,0.201388888888889,TRUE,0.314732142857143,-0.201388888888889,-0.110714285714286
"986213wtu.t1att3",19,"West Texas Utilities","986213",FALSE,-0.118055555555555,FALSE,-0.167857142857143,0.118055555555555,0.0558035714285712
"986214wtu.t1att3",19,"West Texas Utilities","986214",TRUE,0.193993506493506,TRUE,0.253571428571428,-0.193993506493506,-0.144345238095238
"986201wtu.t1att4",19,"West Texas Utilities","986201",TRUE,0.165,TRUE,0.366666666666667,-0.165,-0.0785714285714285
"986202wtu.t1att4",19,"West Texas Utilities","986202",FALSE,-0.085,FALSE,-0.0428571428571429,0.085,0.107692307692308
"986203wtu.t1att4",19,"West Texas Utilities","986203",FALSE,0,FALSE,0,0,0
"986204wtu.t1att4",19,"West Texas Utilities","986204",TRUE,0.031578947368421,TRUE,0.175,-0.031578947368421,0.00666666666666671
"986205wtu.t1att4",19,"West Texas Utilities","986205",TRUE,0.0578947368421052,TRUE,0.16,-0.0578947368421052,0.0555555555555556
"986206wtu.t1att4",19,"West Texas Utilities","986206",TRUE,0.13,TRUE,0.2125,-0.13,-0.075
"986207wtu.t1att4",19,"West Texas Utilities","986207",TRUE,0.0684210526315789,TRUE,0.325,-0.0684210526315789,0
"986208wtu.t1att4",19,"West Texas Utilities","986208",TRUE,0.0809523809523809,TRUE,0.1375,-0.0809523809523809,-0.0461538461538462
"986209wtu.t1att4",19,"West Texas Utilities","986209",TRUE,0.141176470588235,TRUE,0.5,-0.141176470588235,-0.0642857142857143
"986210wtu.t1att4",19,"West Texas Utilities","986210",TRUE,0.0235294117647059,TRUE,0.175,-0.0235294117647059,0.0230769230769231
"986211wtu.t1att4",19,"West Texas Utilities","986211",FALSE,-0.0666666666666667,TRUE,0.0333333333333333,0.0666666666666667,0.116666666666667
"986212wtu.t1att4",19,"West Texas Utilities","986212",FALSE,-0.177777777777778,FALSE,-0.2,0.177777777777778,0.16
"986213wtu.t1att4",19,"West Texas Utilities","986213",FALSE,-0.0888888888888889,FALSE,-0.02,0.0888888888888889,0.175
"986214wtu.t1att4",19,"West Texas Utilities","986214",FALSE,-0.0727272727272726,FALSE,-0.0800000000000001,0.0727272727272726,0.0666666666666667
"986201wtu.t1att5",19,"West Texas Utilities","986201",FALSE,-0.0366666666666667,FALSE,-0.122222222222222,0.0366666666666667,0
"986202wtu.t1att5",19,"West Texas Utilities","986202",FALSE,-0.0433333333333333,FALSE,-0.0761904761904765,0.0433333333333333,0.0256410256410257
"986203wtu.t1att5",19,"West Texas Utilities","986203",TRUE,0.0491228070175439,TRUE,0.133333333333333,-0.0491228070175439,-0.0102564102564102
"986204wtu.t1att5",19,"West Texas Utilities","986204",FALSE,-0.0947368421052632,FALSE,-0.0166666666666667,0.0947368421052632,0.115555555555556
"986205wtu.t1att5",19,"West Texas Utilities","986205",FALSE,-0.0140350877192983,FALSE,-0.0266666666666667,0.0140350877192983,0
"986206wtu.t1att5",19,"West Texas Utilities","986206",FALSE,-0.106666666666667,FALSE,-0.233333333333333,0.106666666666667,0.0222222222222223
"986207wtu.t1att5",19,"West Texas Utilities","986207",FALSE,-0.0140350877192983,FALSE,0,0.0140350877192983,0.0177777777777779
"986208wtu.t1att5",19,"West Texas Utilities","986208",FALSE,-0.00952380952380971,FALSE,-0.0500000000000002,0.00952380952380971,-0.0153846153846152
"986209wtu.t1att5",19,"West Texas Utilities","986209",TRUE,0.00392156862745097,FALSE,-0.111111111111111,-0.00392156862745097,-0.0285714285714286
"986210wtu.t1att5",19,"West Texas Utilities","986210",TRUE,0.0470588235294118,TRUE,0.1,-0.0470588235294118,-0.0307692307692309
"986211wtu.t1att5",19,"West Texas Utilities","986211",TRUE,0.037037037037037,TRUE,0.0888888888888886,-0.037037037037037,-0.0111111111111112
"986212wtu.t1att5",19,"West Texas Utilities","986212",TRUE,0.0666666666666667,FALSE,0,-0.0666666666666667,-0.12
"986213wtu.t1att5",19,"West Texas Utilities","986213",FALSE,-0.0074074074074072,TRUE,0.0933333333333336,0.0074074074074072,0.133333333333333
"986214wtu.t1att5",19,"West Texas Utilities","986214",TRUE,0.115151515151515,TRUE,0.2,-0.115151515151515,-0.0444444444444445
"986201wtu.t1att6",19,"West Texas Utilities","986201",TRUE,0.0605555555555555,TRUE,0.2,-0.0605555555555555,-0.000793650793650791
"986202wtu.t1att6",19,"West Texas Utilities","986202",FALSE,-0.0133333333333334,TRUE,0.0206349206349207,0.0133333333333334,0.0316239316239318
"986203wtu.t1att6",19,"West Texas Utilities","986203",TRUE,0.0807017543859649,TRUE,0.290740740740741,-0.0807017543859649,0.0162393162393161
"986204wtu.t1att6",19,"West Texas Utilities","986204",FALSE,-0.0678362573099415,FALSE,-0.0583333333333335,0.0678362573099415,0.0703703703703704
"986205wtu.t1att6",19,"West Texas Utilities","986205",TRUE,0.318713450292398,TRUE,0.274444444444445,-0.318713450292398,-0.367901234567901
"986206wtu.t1att6",19,"West Texas Utilities","986206",TRUE,0.208888888888889,TRUE,0.120833333333333,-0.208888888888889,-0.267592592592593
"986207wtu.t1att6",19,"West Texas Utilities","986207",TRUE,0.148538011695906,TRUE,0.227777777777778,-0.148538011695906,-0.127407407407407
"986208wtu.t1att6",19,"West Texas Utilities","986208",TRUE,0.110582010582011,TRUE,0.1875,-0.110582010582011,-0.0632478632478632
"986209wtu.t1att6",19,"West Texas Utilities","986209",TRUE,0.22483660130719,TRUE,0.233333333333333,-0.22483660130719,-0.223015873015873
"986210wtu.t1att6",19,"West Texas Utilities","986210",FALSE,-0.187581699346405,FALSE,-0.0722222222222222,0.187581699346405,0.223076923076923
"986211wtu.t1att6",19,"West Texas Utilities","986211",TRUE,0.0901234567901235,FALSE,-0.0111111111111113,-0.0901234567901235,-0.140740740740741
"986212wtu.t1att6",19,"West Texas Utilities","986212",TRUE,0.0950617283950618,TRUE,0.263888888888889,-0.0950617283950618,0.0399999999999998
"986213wtu.t1att6",19,"West Texas Utilities","986213",FALSE,-0.176543209876543,FALSE,-0.168888888888889,0.176543209876543,0.186111111111111
"986214wtu.t1att6",19,"West Texas Utilities","986214",FALSE,-0.00909090909090926,FALSE,-0.0266666666666668,0.00909090909090926,-0.00555555555555531
"986201wtu.t1att7",19,"West Texas Utilities","986201",FALSE,-0.13,FALSE,-0.1,0.13,0.142857142857143
"986202wtu.t1att7",19,"West Texas Utilities","986202",FALSE,-0.07,FALSE,-0.0857142857142857,0.07,0.0615384615384615
"986203wtu.t1att7",19,"West Texas Utilities","986203",FALSE,-0.0736842105263158,FALSE,-0.0166666666666667,0.0736842105263158,0.1
"986204wtu.t1att7",19,"West Texas Utilities","986204",TRUE,0.0894736842105263,TRUE,0.025,-0.0894736842105263,-0.106666666666667
"986205wtu.t1att7",19,"West Texas Utilities","986205",FALSE,-0.0526315789473685,FALSE,-0.0399999999999999,0.0526315789473685,0.0666666666666667
"986206wtu.t1att7",19,"West Texas Utilities","986206",TRUE,0.105,TRUE,0.125,-0.105,-0.0916666666666667
"986207wtu.t1att7",19,"West Texas Utilities","986207",FALSE,-0.0526315789473685,TRUE,0.075,0.0526315789473685,0.0866666666666666
"986208wtu.t1att7",19,"West Texas Utilities","986208",TRUE,0.0476190476190477,TRUE,0.125,-0.0476190476190477,0
"986209wtu.t1att7",19,"West Texas Utilities","986209",FALSE,-0.0470588235294117,FALSE,0,0.0470588235294117,0.0571428571428572
"986210wtu.t1att7",19,"West Texas Utilities","986210",TRUE,0.111764705882353,TRUE,0.075,-0.111764705882353,-0.123076923076923
"986211wtu.t1att7",19,"West Texas Utilities","986211",FALSE,-0.0444444444444444,FALSE,0,0.0444444444444444,0.0666666666666667
"986212wtu.t1att7",19,"West Texas Utilities","986212",FALSE,0,TRUE,0.175,0,0.14
"986213wtu.t1att7",19,"West Texas Utilities","986213",FALSE,0,FALSE,0,0,0
"986214wtu.t1att7",19,"West Texas Utilities","986214",TRUE,0.0545454545454545,TRUE,0.2,-0.0545454545454545,0.0666666666666667
"3000301swp.t1att1",21,"Southwestern Electric Power","3000301",FALSE,-0.0714285714285714,TRUE,0.08,0.0714285714285714,0.155555555555556
"3000302swp.t1att1",21,"Southwestern Electric Power","3000302",TRUE,0.12,TRUE,0.0833333333333334,-0.12,-0.144444444444444
"3000303swp.t1att1",21,"Southwestern Electric Power","3000303",FALSE,-0.0235294117647059,TRUE,0.12,0.0235294117647059,0.0833333333333333
"3000304swp.t1att1",21,"Southwestern Electric Power","3000304",FALSE,-0.0352941176470589,TRUE,0.15,0.0352941176470589,0.0599999999999999
"3000305swp.t1att1",21,"Southwestern Electric Power","3000305",TRUE,0.26875,TRUE,0.32,-0.26875,-0.245454545454545
"3000307swp.t1att1",21,"Southwestern Electric Power","3000307",FALSE,-0.1625,FALSE,-0.04,0.1625,0.218181818181818
"3000308swp.t1att1",21,"Southwestern Electric Power","3000308",FALSE,-0.05,TRUE,0.0499999999999999,0.05,0.13
"3000309swp.t1att1",21,"Southwestern Electric Power","3000309",TRUE,0.38125,TRUE,0.3,-0.38125,-0.43
"3000310swp.t1att1",21,"Southwestern Electric Power","3000310",TRUE,0.0722222222222222,FALSE,-0.0599999999999999,-0.0722222222222222,-0.123076923076923
"3000311swp.t1att1",21,"Southwestern Electric Power","3000311",TRUE,0.075,TRUE,0.111111111111111,-0.075,-0.0285714285714286
"3000312swp.t1att1",21,"Southwestern Electric Power","3000312",TRUE,0.1,TRUE,0.0857142857142857,-0.1,-0.11
"3000313swp.t1att1",21,"Southwestern Electric Power","3000313",FALSE,-0.24375,FALSE,-0.133333333333333,0.24375,0.31
"3000314swp.t1att1",21,"Southwestern Electric Power","3000314",FALSE,-0.0764705882352941,TRUE,0.116666666666667,0.0764705882352941,0.181818181818182
"3000315swp.t1att1",21,"Southwestern Electric Power","3000315",TRUE,0.272222222222222,TRUE,0.4375,-0.272222222222222,-0.14
"3000301swp.t1att3",21,"Southwestern Electric Power","3000301",FALSE,-0.204081632653061,FALSE,-0.16,0.204081632653061,0.228571428571429
"3000302swp.t1att3",21,"Southwestern Electric Power","3000302",FALSE,-0.138095238095238,FALSE,-0.0642857142857144,0.138095238095238,0.187301587301587
"3000303swp.t1att3",21,"Southwestern Electric Power","3000303",FALSE,-0.132773109243697,FALSE,-0.148571428571428,0.132773109243697,0.126190476190476
"3000304swp.t1att3",21,"Southwestern Electric Power","3000304",TRUE,0.0663865546218488,TRUE,0.107142857142857,-0.0663865546218488,-0.0609523809523811
"3000305swp.t1att3",21,"Southwestern Electric Power","3000305",FALSE,-0.0267857142857142,TRUE,0.217142857142857,0.0267857142857142,0.137662337662338
"3000307swp.t1att3",21,"Southwestern Electric Power","3000307",FALSE,-0.145535714285714,FALSE,-0.0971428571428573,0.145535714285714,0.167532467532468
"3000308swp.t1att3",21,"Southwestern Electric Power","3000308",FALSE,-0.0571428571428572,FALSE,-0.0892857142857144,0.0571428571428572,0.0314285714285715
"3000309swp.t1att3",21,"Southwestern Electric Power","3000309",TRUE,0.227678571428571,TRUE,0.297619047619048,-0.227678571428571,-0.185714285714286
"3000310swp.t1att3",21,"Southwestern Electric Power","3000310",TRUE,0.146031746031746,TRUE,0.18,-0.146031746031746,-0.132967032967033
"3000311swp.t1att3",21,"Southwestern Electric Power","3000311",TRUE,0.157142857142857,TRUE,0.134920634920635,-0.157142857142857,-0.185714285714286
"3000312swp.t1att3",21,"Southwestern Electric Power","3000312",FALSE,-0.00252100840336122,TRUE,0.0816326530612246,0.00252100840336122,0.0614285714285714
"3000313swp.t1att3",21,"Southwestern Electric Power","3000313",FALSE,-0.163392857142857,FALSE,-0.228571428571429,0.163392857142857,0.124285714285714
"3000314swp.t1att3",21,"Southwestern Electric Power","3000314",FALSE,-0.0915966386554621,TRUE,0.0380952380952382,0.0915966386554621,0.162337662337662
"3000315swp.t1att3",21,"Southwestern Electric Power","3000315",TRUE,0.271428571428571,TRUE,0.303571428571428,-0.271428571428571,-0.245714285714286
"3000301swp.t1att4",21,"Southwestern Electric Power","3000301",TRUE,0.121428571428571,TRUE,0.0199999999999999,-0.121428571428571,-0.177777777777778
"3000302swp.t1att4",21,"Southwestern Electric Power","3000302",TRUE,0.0133333333333333,TRUE,0.283333333333333,-0.0133333333333333,0.166666666666667
"3000303swp.t1att4",21,"Southwestern Electric Power","3000303",TRUE,0.2,TRUE,0.28,-0.2,-0.166666666666667
"3000304swp.t1att4",21,"Southwestern Electric Power","3000304",TRUE,0.0588235294117647,TRUE,0.5,-0.0588235294117647,0
"3000305swp.t1att4",21,"Southwestern Electric Power","3000305",TRUE,0.03125,TRUE,0.02,-0.03125,-0.0363636363636364
"3000307swp.t1att4",21,"Southwestern Electric Power","3000307",TRUE,0.1125,TRUE,0.14,-0.1125,-0.1
"3000308swp.t1att4",21,"Southwestern Electric Power","3000308",FALSE,-0.0166666666666667,TRUE,0.05,0.0166666666666667,0.07
"3000309swp.t1att4",21,"Southwestern Electric Power","3000309",TRUE,0.1,TRUE,0.15,-0.1,-0.0700000000000001
"3000310swp.t1att4",21,"Southwestern Electric Power","3000310",FALSE,0,FALSE,0,0,0
"3000311swp.t1att4",21,"Southwestern Electric Power","3000311",FALSE,0,TRUE,0.0111111111111112,0,0.0142857142857143
"3000312swp.t1att4",21,"Southwestern Electric Power","3000312",FALSE,-0.117647058823529,FALSE,-0.214285714285714,0.117647058823529,0.0499999999999999
"3000313swp.t1att4",21,"Southwestern Electric Power","3000313",TRUE,0.01875,TRUE,0.183333333333333,-0.01875,0.08
"3000314swp.t1att4",21,"Southwestern Electric Power","3000314",FALSE,-0.0235294117647059,TRUE,0.116666666666667,0.0235294117647059,0.1
"3000315swp.t1att4",21,"Southwestern Electric Power","3000315",FALSE,-0.122222222222222,FALSE,-0.1375,0.122222222222222,0.11
"3000301swp.t1att5",21,"Southwestern Electric Power","3000301",TRUE,0.0305555555555556,FALSE,0,-0.0305555555555556,-0.0475308641975308
"3000302swp.t1att5",21,"Southwestern Electric Power","3000302",TRUE,0.00259259259259259,TRUE,0.0101851851851851,-0.00259259259259259,0.0024691358024691
"3000303swp.t1att5",21,"Southwestern Electric Power","3000303",TRUE,0.112418300653595,TRUE,0.33,-0.112418300653595,-0.0217592592592593
"3000304swp.t1att5",21,"Southwestern Electric Power","3000304",TRUE,0.00849673202614376,FALSE,0,-0.00849673202614376,-0.00962962962962954
"3000305swp.t1att5",21,"Southwestern Electric Power","3000305",TRUE,0.0944444444444444,TRUE,0.276666666666667,-0.0944444444444444,-0.0116161616161616
"3000307swp.t1att5",21,"Southwestern Electric Power","3000307",TRUE,0.0993055555555554,TRUE,0.26,-0.0993055555555554,-0.0262626262626262
"3000308swp.t1att5",21,"Southwestern Electric Power","3000308",TRUE,0.0481481481481482,TRUE,0.0583333333333333,-0.0481481481481482,-0.0399999999999999
"3000309swp.t1att5",21,"Southwestern Electric Power","3000309",TRUE,0.0427083333333332,TRUE,0.0425925925925927,-0.0427083333333332,-0.0427777777777777
"3000310swp.t1att5",21,"Southwestern Electric Power","3000310",TRUE,0.0231481481481481,FALSE,-0.0222222222222223,-0.0231481481481481,-0.0405982905982907
"3000311swp.t1att5",21,"Southwestern Electric Power","3000311",TRUE,0.0885416666666666,TRUE,0.0648148148148148,-0.0885416666666666,-0.119047619047619
"3000312swp.t1att5",21,"Southwestern Electric Power","3000312",TRUE,0.038235294117647,FALSE,-0.0428571428571428,-0.038235294117647,-0.095
"3000313swp.t1att5",21,"Southwestern Electric Power","3000313",TRUE,0.0576388888888888,TRUE,0.214814814814815,-0.0576388888888888,0.0366666666666667
"3000314swp.t1att5",21,"Southwestern Electric Power","3000314",TRUE,0.170915032679738,TRUE,0.115740740740741,-0.170915032679738,-0.201010101010101
"3000315swp.t1att5",21,"Southwestern Electric Power","3000315",FALSE,-0.00648148148148153,TRUE,0.106944444444444,0.00648148148148153,0.0972222222222222
"3000301swp.t1att6",21,"Southwestern Electric Power","3000301",FALSE,-0.157142857142857,FALSE,-0.06,0.157142857142857,0.211111111111111
"3000302swp.t1att6",21,"Southwestern Electric Power","3000302",FALSE,-0.0333333333333333,FALSE,-0.0166666666666666,0.0333333333333333,0.0444444444444444
"3000303swp.t1att6",21,"Southwestern Electric Power","3000303",TRUE,0.1,TRUE,0.0800000000000001,-0.1,-0.108333333333333
"3000304swp.t1att6",21,"Southwestern Electric Power","3000304",TRUE,0.0764705882352942,TRUE,0.4,-0.0764705882352942,-0.0333333333333333
"3000305swp.t1att6",21,"Southwestern Electric Power","3000305",TRUE,0.04375,TRUE,0.04,-0.04375,-0.0454545454545455
"3000307swp.t1att6",21,"Southwestern Electric Power","3000307",TRUE,0.2,TRUE,0.22,-0.2,-0.190909090909091
"3000308swp.t1att6",21,"Southwestern Electric Power","3000308",FALSE,-0.0222222222222223,FALSE,0,0.0222222222222223,0.04
"3000309swp.t1att6",21,"Southwestern Electric Power","3000309",TRUE,0.23125,TRUE,0.35,-0.23125,-0.16
"3000310swp.t1att6",21,"Southwestern Electric Power","3000310",TRUE,0.277777777777778,TRUE,0.48,-0.277777777777778,-0.2
"3000311swp.t1att6",21,"Southwestern Electric Power","3000311",FALSE,-0.11875,FALSE,-0.0222222222222223,0.11875,0.242857142857143
"3000312swp.t1att6",21,"Southwestern Electric Power","3000312",FALSE,-0.18235294117647,FALSE,-0.114285714285714,0.18235294117647,0.23
"3000313swp.t1att6",21,"Southwestern Electric Power","3000313",TRUE,0.1875,TRUE,0.233333333333333,-0.1875,-0.16
"3000314swp.t1att6",21,"Southwestern Electric Power","3000314",FALSE,-0.182352941176471,FALSE,-0.15,0.182352941176471,0.2
"3000315swp.t1att6",21,"Southwestern Electric Power","3000315",FALSE,-0.172222222222222,FALSE,-0.1375,0.172222222222222,0.2
"3000301swp.t1att7",21,"Southwestern Electric Power","3000301",TRUE,0.1,TRUE,0.12,-0.1,-0.088888888888889
"3000302swp.t1att7",21,"Southwestern Electric Power","3000302",TRUE,0.1,TRUE,0.0499999999999999,-0.1,-0.133333333333333
"3000303swp.t1att7",21,"Southwestern Electric Power","3000303",FALSE,-0.0529411764705883,FALSE,-0.06,0.0529411764705883,0.05
"3000304swp.t1att7",21,"Southwestern Electric Power","3000304",TRUE,0.147058823529412,TRUE,0.3,-0.147058823529412,-0.126666666666667
"3000305swp.t1att7",21,"Southwestern Electric Power","3000305",FALSE,-0.0375,FALSE,-0.08,0.0375,0.0181818181818182
"3000307swp.t1att7",21,"Southwestern Electric Power","3000307",TRUE,0.1875,TRUE,0.18,-0.1875,-0.190909090909091
"3000308swp.t1att7",21,"Southwestern Electric Power","3000308",TRUE,0.0944444444444446,TRUE,0.2,-0.0944444444444446,-0.01
"3000309swp.t1att7",21,"Southwestern Electric Power","3000309",FALSE,-0.01875,TRUE,0.0166666666666667,0.01875,0.04
"3000310swp.t1att7",21,"Southwestern Electric Power","3000310",TRUE,0.144444444444444,TRUE,0.22,-0.144444444444444,-0.115384615384615
"3000311swp.t1att7",21,"Southwestern Electric Power","3000311",FALSE,-0.1125,FALSE,-0.166666666666667,0.1125,0.0428571428571428
"3000312swp.t1att7",21,"Southwestern Electric Power","3000312",FALSE,-0.0470588235294117,TRUE,0.114285714285714,0.0470588235294117,0.16
"3000313swp.t1att7",21,"Southwestern Electric Power","3000313",TRUE,0.0375,TRUE,0.116666666666667,-0.0375,0.01
"3000314swp.t1att7",21,"Southwestern Electric Power","3000314",TRUE,0.0294117647058824,TRUE,0.233333333333333,-0.0294117647058824,0.0818181818181819
"3000315swp.t1att7",21,"Southwestern Electric Power","3000315",FALSE,-0.0722222222222222,FALSE,-0.1375,0.0722222222222222,0.02
"5301bulgaria.bulgaria.t1tghpc",10,"Bulgarian National","5301",TRUE,0.0048253680853283,TRUE,0.000992063965116308,-0.0048253680853283,-0.03125
"5302bulgaria.bulgaria.t1tghpc",10,"Bulgarian National","5302",FALSE,-0.116804533145007,FALSE,-0.101076005906849,0.116804533145007,0.1875
"5303bulgaria.bulgaria.t1tghpc",10,"Bulgarian National","5303",TRUE,0.0282738095238095,FALSE,-0.00833333532015479,-0.0282738095238095,-0.208333343267441
"5304bulgaria.bulgaria.t1tghpc",10,"Bulgarian National","5304",TRUE,0.141666665424903,TRUE,0.136790291621135,-0.141666665424903,-0.15625
"5305bulgaria.bulgaria.t1tghpc",10,"Bulgarian National","5305",TRUE,0.013710172737346,FALSE,-0.0169413905222338,-0.013710172737346,-0.145833333333333
"5306bulgaria.bulgaria.t1tghpc",10,"Bulgarian National","5306",TRUE,0.245098040384405,TRUE,0.224358975887299,-0.245098040384405,-0.3125
"5307bulgaria.bulgaria.t1tghpc",10,"Bulgarian National","5307",FALSE,-0.211111110448837,FALSE,-0.19097222139438,0.211111110448837,0.291666666666667
"5308bulgaria.bulgaria.t1tghpc",10,"Bulgarian National","5308",FALSE,-0.041666667251026,FALSE,-0.0347222228844961,0.041666667251026,0.09375
"5309bulgaria.bulgaria.t1tghpc",10,"Bulgarian National","5309",TRUE,0.171568632125855,TRUE,0.165277783075969,-0.171568632125855,-0.21875
"5310bulgaria.bulgaria.t1tghpc",10,"Bulgarian National","5310",FALSE,-0.104166665497948,FALSE,-0.0805555542310079,0.104166665497948,0.28125
"5311bulgaria.bulgaria.t1tghpc",10,"Bulgarian National","5311",TRUE,0.263020831160247,TRUE,0.259615382322898,-0.263020831160247,-0.277777776122093
"5312bulgaria.bulgaria.t1tghpc",10,"Bulgarian National","5312",TRUE,0.227777779102325,TRUE,0.282196971503171,-0.227777779102325,-0.078125
"5313bulgaria.bulgaria.t1tghpc",10,"Bulgarian National","5313",TRUE,0.248842593696382,TRUE,0.248611112435659,-0.248842593696382,-0.25
"5314bulgaria.bulgaria.t1tghpc",10,"Bulgarian National","5314",TRUE,0.0876736124356589,TRUE,0.0655715828522658,-0.0876736124356589,-0.1875
"5315bulgaria.bulgaria.t1tghpc",10,"Bulgarian National","5315",FALSE,-0.0833333373069763,FALSE,-0.0769230815080496,0.0833333373069763,0.125
"5317bulgaria.bulgaria.t1tghpc",10,"Bulgarian National","5317",FALSE,-0.209635416045785,FALSE,-0.251736111938953,0.209635416045785,0.0833333283662795
"5301bulgaria.bulgaria.t1clibe",10,"Bulgarian National","5301",TRUE,0.0430147042224074,TRUE,0.0946428567171097,-0.0430147042224074,0.325000010430813
"5302bulgaria.bulgaria.t1clibe",10,"Bulgarian National","5302",TRUE,0.0485294167609776,TRUE,0.030357149030481,-0.0485294167609776,-0.133333332836628
"5303bulgaria.bulgaria.t1clibe",10,"Bulgarian National","5303",FALSE,-0.0279761869460344,FALSE,-0.0701388875022531,0.0279761869460344,-0.225000016391277
"5304bulgaria.bulgaria.t1clibe",10,"Bulgarian National","5304",FALSE,-0.0733159606034557,FALSE,-0.060508227119079,0.0733159606034557,0.175000008195639
"5305bulgaria.bulgaria.t1clibe",10,"Bulgarian National","5305",FALSE,-0.0985294078641079,FALSE,-0.123214284490262,0.0985294078641079,-0.016666683057944
"5306bulgaria.bulgaria.t1clibe",10,"Bulgarian National","5306",TRUE,0.0698529451208955,TRUE,0.0721153874809926,-0.0698529451208955,-0.0625000074505802
"5307bulgaria.bulgaria.t1clibe",10,"Bulgarian National","5307",TRUE,0.121944440652927,TRUE,0.160763886136313,-0.121944440652927,0.033333341280619
"5308bulgaria.bulgaria.t1clibe",10,"Bulgarian National","5308",FALSE,-0.0732843183419284,FALSE,-0.0636111160119375,0.0732843183419284,0.14583333581686
"5309bulgaria.bulgaria.t1clibe",10,"Bulgarian National","5309",TRUE,0.0955882344175787,TRUE,0.0916666646798451,-0.0955882344175787,-0.12500000745058
"5310bulgaria.bulgaria.t1clibe",10,"Bulgarian National","5310",FALSE,-0.142938113949426,FALSE,-0.117956348632773,0.142938113949426,0.325000014156103
"5311bulgaria.bulgaria.t1clibe",10,"Bulgarian National","5311",TRUE,0.0492187493946402,TRUE,0.0721153846153845,-0.0492187493946402,0.050000003228585
"5312bulgaria.bulgaria.t1clibe",10,"Bulgarian National","5312",TRUE,0.0625000019868215,TRUE,0.109090909361839,-0.0625000019868215,0.0656249932944772
"5313bulgaria.bulgaria.t1clibe",10,"Bulgarian National","5313",TRUE,0.0583333329608042,TRUE,0.0100000003973644,-0.0583333329608042,-0.299999995778004
"5314bulgaria.bulgaria.t1clibe",10,"Bulgarian National","5314",TRUE,0.0124999994877726,TRUE,0.100000000916995,-0.0124999994877726,0.366666673372189
"5315bulgaria.bulgaria.t1clibe",10,"Bulgarian National","5315",FALSE,-0.00277777612209307,TRUE,0.027564102640519,0.00277777612209307,0.199999988079071
"5317bulgaria.bulgaria.t1clibe",10,"Bulgarian National","5317",FALSE,-0.0343750016763805,TRUE,0.0124999980131786,0.0343750016763805,0.175000000745058
"5301bulgaria.bulgaria.t1q8_7",10,"Bulgarian National","5301",TRUE,0.0906593406593407,TRUE,0.128787878787879,-0.0906593406593407,0.125
"5302bulgaria.bulgaria.t1q8_7",10,"Bulgarian National","5302",FALSE,-0.14047619047619,FALSE,-0.179924242424242,0.14047619047619,0
"5303bulgaria.bulgaria.t1q8_7",10,"Bulgarian National","5303",TRUE,0.0629370629370629,TRUE,0.0883838383838385,-0.0629370629370629,0.125
"5304bulgaria.bulgaria.t1q8_7",10,"Bulgarian National","5304",FALSE,-0.162946428571429,FALSE,-0.169642857142857,0.162946428571429,0.125
"5305bulgaria.bulgaria.t1q8_7",10,"Bulgarian National","5305",TRUE,0.0243589743589744,TRUE,0.0262237762237761,-0.0243589743589744,0
"5306bulgaria.bulgaria.t1q8_7",10,"Bulgarian National","5306",FALSE,-0.143382352941177,FALSE,-0.0689102564102565,0.143382352941177,0.375
"5307bulgaria.bulgaria.t1q8_7",10,"Bulgarian National","5307",FALSE,-0.125,FALSE,-0.0909090909090909,0.125,0.25
"5308bulgaria.bulgaria.t1q8_7",10,"Bulgarian National","5308",FALSE,-0.0424107142857143,FALSE,-0.0922619047619048,0.0424107142857143,-0.25
"5309bulgaria.bulgaria.t1q8_7",10,"Bulgarian National","5309",FALSE,-0.142463235294118,FALSE,-0.163095238095238,0.142463235294118,0
"5310bulgaria.bulgaria.t1q8_7",10,"Bulgarian National","5310",FALSE,-0.0892857142857143,FALSE,-0.00595238095238093,0.0892857142857143,0.625
"5311bulgaria.bulgaria.t1q8_7",10,"Bulgarian National","5311",TRUE,0.111607142857143,TRUE,0.138111888111888,-0.111607142857143,0
"5312bulgaria.bulgaria.t1q8_7",10,"Bulgarian National","5312",TRUE,0.0404761904761904,TRUE,0.175,-0.0404761904761904,0.3125
"5313bulgaria.bulgaria.t1q8_7",10,"Bulgarian National","5313",TRUE,0.073529411764706,TRUE,0.0714285714285714,-0.073529411764706,-0.0833333333333333
"5314bulgaria.bulgaria.t1q8_7",10,"Bulgarian National","5314",FALSE,-0.0733173076923077,FALSE,-0.107692307692308,0.0733173076923077,-0.0833333333333333
"5315bulgaria.bulgaria.t1q8_7",10,"Bulgarian National","5315",TRUE,0.0393939393939394,TRUE,0.113247863247863,-0.0393939393939394,0.375
"5317bulgaria.bulgaria.t1q8_7",10,"Bulgarian National","5317",FALSE,-0.230952380952381,FALSE,-0.204545454545455,0.230952380952381,0.291666666666667
"5301bulgaria.bulgaria.t1q8_1",10,"Bulgarian National","5301",TRUE,0.0529411764705882,TRUE,0.0974358974358974,-0.0529411764705882,0.25
"5302bulgaria.bulgaria.t1q8_1",10,"Bulgarian National","5302",FALSE,-0.101102941176471,FALSE,-0.122252747252747,0.101102941176471,0
"5303bulgaria.bulgaria.t1q8_1",10,"Bulgarian National","5303",TRUE,0.00961538461538458,TRUE,0.0321969696969697,-0.00961538461538458,0.125
"5304bulgaria.bulgaria.t1q8_1",10,"Bulgarian National","5304",TRUE,0.025,TRUE,0.0302197802197802,-0.025,0
"5305bulgaria.bulgaria.t1q8_1",10,"Bulgarian National","5305",TRUE,0.0200892857142857,TRUE,0.0244755244755245,-0.0200892857142857,0
"5306bulgaria.bulgaria.t1q8_1",10,"Bulgarian National","5306",FALSE,0,TRUE,0.0192307692307693,0,0.0625
"5307bulgaria.bulgaria.t1q8_1",10,"Bulgarian National","5307",FALSE,0,FALSE,0,0,0
"5308bulgaria.bulgaria.t1q8_1",10,"Bulgarian National","5308",TRUE,0.0147058823529411,TRUE,0.0166666666666667,-0.0147058823529411,0
"5309bulgaria.bulgaria.t1q8_1",10,"Bulgarian National","5309",TRUE,0.0395220588235294,TRUE,0.0619047619047619,-0.0395220588235294,0.125
"5310bulgaria.bulgaria.t1q8_1",10,"Bulgarian National","5310",FALSE,-0.0514705882352942,TRUE,0.025,0.0514705882352942,0.625
"5311bulgaria.bulgaria.t1q8_1",10,"Bulgarian National","5311",FALSE,-0.0927083333333333,FALSE,-0.0560897435897435,0.0927083333333333,0.25
"5312bulgaria.bulgaria.t1q8_1",10,"Bulgarian National","5312",FALSE,-0.0666666666666667,FALSE,-0.113636363636364,0.0666666666666667,-0.0625
"5313bulgaria.bulgaria.t1q8_1",10,"Bulgarian National","5313",FALSE,-0.0138888888888888,TRUE,0.0166666666666666,0.0138888888888888,0.166666666666667
"5314bulgaria.bulgaria.t1q8_1",10,"Bulgarian National","5314",FALSE,0,FALSE,-0.0192307692307692,0,-0.0833333333333333
"5315bulgaria.bulgaria.t1q8_1",10,"Bulgarian National","5315",FALSE,-0.00238095238095237,TRUE,0.0176282051282051,0.00238095238095237,0.125
"5317bulgaria.bulgaria.t1q8_1",10,"Bulgarian National","5317",FALSE,-0.046875,FALSE,-0.0416666666666666,0.046875,0.0625
"5301bulgaria.bulgaria.t1q8_8",10,"Bulgarian National","5301",TRUE,0.0072916666666667,TRUE,0.00961538461538458,-0.0072916666666667,0
"5302bulgaria.bulgaria.t1q8_8",10,"Bulgarian National","5302",TRUE,0.0384615384615384,TRUE,0.0499999999999999,-0.0384615384615384,0
"5303bulgaria.bulgaria.t1q8_8",10,"Bulgarian National","5303",TRUE,0.0909090909090909,TRUE,0.0722222222222222,-0.0909090909090909,0
"5304bulgaria.bulgaria.t1q8_8",10,"Bulgarian National","5304",TRUE,0.025,TRUE,0.0480769230769231,-0.025,0.125
"5305bulgaria.bulgaria.t1q8_8",10,"Bulgarian National","5305",TRUE,0.108391608391608,TRUE,0.2,-0.108391608391608,0.166666666666667
"5306bulgaria.bulgaria.t1q8_8",10,"Bulgarian National","5306",FALSE,-0.120833333333333,FALSE,-0.0625,0.120833333333333,0.333333333333333
"5307bulgaria.bulgaria.t1q8_8",10,"Bulgarian National","5307",TRUE,0.0178571428571429,TRUE,0.0681818181818181,-0.0178571428571429,0.166666666666667
"5308bulgaria.bulgaria.t1q8_8",10,"Bulgarian National","5308",TRUE,0.0476190476190477,TRUE,0.0769230769230769,-0.0476190476190477,0.125
"5309bulgaria.bulgaria.t1q8_8",10,"Bulgarian National","5309",TRUE,0.0142857142857143,TRUE,0.0544871794871795,-0.0142857142857143,0.25
"5310bulgaria.bulgaria.t1q8_8",10,"Bulgarian National","5310",FALSE,-0.141666666666667,FALSE,-0.142628205128205,0.141666666666667,0.125
"5311bulgaria.bulgaria.t1q8_8",10,"Bulgarian National","5311",TRUE,0.00714285714285712,TRUE,0.00757575757575757,-0.00714285714285712,0
"5312bulgaria.bulgaria.t1q8_8",10,"Bulgarian National","5312",TRUE,0.214285714285714,TRUE,0.309090909090909,-0.214285714285714,0.0416666666666666
"5313bulgaria.bulgaria.t1q8_8",10,"Bulgarian National","5313",FALSE,-0.015625,TRUE,0.0384615384615384,0.015625,0.25
"5314bulgaria.bulgaria.t1q8_8",10,"Bulgarian National","5314",FALSE,-0.11025641025641,FALSE,-0.0958333333333333,0.11025641025641,0.166666666666667
"5315bulgaria.bulgaria.t1q8_8",10,"Bulgarian National","5315",FALSE,-0.0499999999999999,FALSE,-0.0576923076923077,0.0499999999999999,0
"5317bulgaria.bulgaria.t1q8_8",10,"Bulgarian National","5317",TRUE,0.109375,TRUE,0.125,-0.109375,-0.0625
"5301bulgaria.bulgaria.t1q8_11",10,"Bulgarian National","5301",TRUE,0.278846153846154,TRUE,0.279220779220779,-0.278846153846154,-0.25
"5302bulgaria.bulgaria.t1q8_11",10,"Bulgarian National","5302",TRUE,0.0357142857142857,TRUE,0.041958041958042,-0.0357142857142857,0.0416666666666666
"5303bulgaria.bulgaria.t1q8_11",10,"Bulgarian National","5303",FALSE,-0.0892857142857143,FALSE,-0.1125,0.0892857142857143,0
"5304bulgaria.bulgaria.t1q8_11",10,"Bulgarian National","5304",FALSE,-0.258333333333333,FALSE,-0.213461538461538,0.258333333333333,0.5
"5305bulgaria.bulgaria.t1q8_11",10,"Bulgarian National","5305",TRUE,0.0642857142857143,TRUE,0.0833333333333333,-0.0642857142857143,0.0416666666666666
"5306bulgaria.bulgaria.t1q8_11",10,"Bulgarian National","5306",TRUE,0.284926470588235,TRUE,0.288461538461538,-0.284926470588235,-0.3125
"5307bulgaria.bulgaria.t1q8_11",10,"Bulgarian National","5307",TRUE,0.267857142857143,TRUE,0.181818181818182,-0.267857142857143,-0.583333333333333
"5308bulgaria.bulgaria.t1q8_11",10,"Bulgarian National","5308",TRUE,0.0556722689075629,TRUE,0.0708333333333334,-0.0556722689075629,0
"5309bulgaria.bulgaria.t1q8_11",10,"Bulgarian National","5309",TRUE,0.225,TRUE,0.258241758241758,-0.225,0
"5310bulgaria.bulgaria.t1q8_11",10,"Bulgarian National","5310",TRUE,0.0066964285714286,TRUE,0.011904761904762,-0.0066964285714286,0
"5311bulgaria.bulgaria.t1q8_11",10,"Bulgarian National","5311",TRUE,0.0125,FALSE,-0.00961538461538458,-0.0125,-0.0833333333333333
"5312bulgaria.bulgaria.t1q8_11",10,"Bulgarian National","5312",TRUE,0.0988095238095238,TRUE,0.136363636363636,-0.0988095238095238,0
"5313bulgaria.bulgaria.t1q8_11",10,"Bulgarian National","5313",TRUE,0.136948529411765,TRUE,0.148351648351648,-0.136948529411765,-0.0833333333333334
"5314bulgaria.bulgaria.t1q8_11",10,"Bulgarian National","5314",FALSE,-0.00238095238095237,TRUE,0.0189393939393939,0.00238095238095237,0.0833333333333334
"5315bulgaria.bulgaria.t1q8_11",10,"Bulgarian National","5315",FALSE,-0.138461538461538,FALSE,-0.145104895104895,0.138461538461538,0.125
"5317bulgaria.bulgaria.t1q8_11",10,"Bulgarian National","5317",FALSE,-0.116666666666667,FALSE,-0.125,0.116666666666667,0.0833333333333333
"5301bulgaria.bulgaria.t1q10_3",10,"Bulgarian National","5301",FALSE,-0.147058823529412,FALSE,-0.154166666666667,0.147058823529412,0.125
"5302bulgaria.bulgaria.t1q10_3",10,"Bulgarian National","5302",FALSE,-0.0395833333333333,TRUE,0.0528846153846154,0.0395833333333333,0.416666666666667
"5303bulgaria.bulgaria.t1q10_3",10,"Bulgarian National","5303",FALSE,-0.163461538461538,FALSE,-0.1,0.163461538461538,0.5
"5304bulgaria.bulgaria.t1q10_3",10,"Bulgarian National","5304",FALSE,-0.183333333333333,FALSE,-0.193681318681319,0.183333333333333,0.125
"5305bulgaria.bulgaria.t1q10_3",10,"Bulgarian National","5305",TRUE,0.115546218487395,TRUE,0.116883116883117,-0.115546218487395,-0.0833333333333333
"5306bulgaria.bulgaria.t1q10_3",10,"Bulgarian National","5306",TRUE,0.269301470588235,TRUE,0.25,-0.269301470588235,-0.375
"5307bulgaria.bulgaria.t1q10_3",10,"Bulgarian National","5307",FALSE,-0.316666666666667,FALSE,-0.254166666666667,0.316666666666667,0.625
"5308bulgaria.bulgaria.t1q10_3",10,"Bulgarian National","5308",TRUE,0.0128676470588235,TRUE,0.0321428571428571,-0.0128676470588235,0.125
"5309bulgaria.bulgaria.t1q10_3",10,"Bulgarian National","5309",TRUE,0.401785714285714,TRUE,0.398809523809524,-0.401785714285714,-0.375
"5310bulgaria.bulgaria.t1q10_3",10,"Bulgarian National","5310",FALSE,-0.088235294117647,FALSE,-0.05,0.088235294117647,0.375
"5311bulgaria.bulgaria.t1q10_3",10,"Bulgarian National","5311",TRUE,0.25,TRUE,0.230769230769231,-0.25,-0.333333333333333
"5312bulgaria.bulgaria.t1q10_3",10,"Bulgarian National","5312",TRUE,0.0511904761904762,TRUE,0.111363636363636,-0.0511904761904762,0.125
"5313bulgaria.bulgaria.t1q10_3",10,"Bulgarian National","5313",FALSE,-0.139705882352941,FALSE,-0.0782967032967032,0.139705882352941,0.416666666666667
"5314bulgaria.bulgaria.t1q10_3",10,"Bulgarian National","5314",FALSE,-0.015625,FALSE,-0.0192307692307693,0.015625,0
"5315bulgaria.bulgaria.t1q10_3",10,"Bulgarian National","5315",TRUE,0.0595238095238095,TRUE,0.129807692307692,-0.0595238095238095,0.375
"5317bulgaria.bulgaria.t1q10_3",10,"Bulgarian National","5317",FALSE,-0.291666666666667,FALSE,-0.136363636363636,0.291666666666667,0.75
"5301bulgaria.bulgaria.t1q16",10,"Bulgarian National","5301",TRUE,0.170955882352941,TRUE,0.141666666666667,-0.170955882352941,-0.375
"5302bulgaria.bulgaria.t1q16",10,"Bulgarian National","5302",TRUE,0.0552083333333333,FALSE,-0.0064102564102565,-0.0552083333333333,-0.333333333333333
"5303bulgaria.bulgaria.t1q16",10,"Bulgarian National","5303",FALSE,-0.192307692307692,FALSE,-0.140151515151515,0.192307692307692,0.5
"5304bulgaria.bulgaria.t1q16",10,"Bulgarian National","5304",FALSE,-0.151282051282051,FALSE,-0.159090909090909,0.151282051282051,0.125
"5305bulgaria.bulgaria.t1q16",10,"Bulgarian National","5305",FALSE,-0.0422794117647059,FALSE,-0.104395604395604,0.0422794117647059,-0.25
"5306bulgaria.bulgaria.t1q16",10,"Bulgarian National","5306",FALSE,-0.145220588235294,FALSE,-0.0576923076923077,0.145220588235294,0.479166666666667
"5307bulgaria.bulgaria.t1q16",10,"Bulgarian National","5307",FALSE,-0.0892857142857143,FALSE,-0.143939393939394,0.0892857142857143,-0.0416666666666666
"5308bulgaria.bulgaria.t1q16",10,"Bulgarian National","5308",TRUE,0.0901960784313725,TRUE,0.091025641025641,-0.0901960784313725,-0.125
"5309bulgaria.bulgaria.t1q16",10,"Bulgarian National","5309",TRUE,0.034375,TRUE,0.00686813186813184,-0.034375,-0.25
"5310bulgaria.bulgaria.t1q16",10,"Bulgarian National","5310",TRUE,0.0959821428571429,TRUE,0.1875,-0.0959821428571429,0.5
"5311bulgaria.bulgaria.t1q16",10,"Bulgarian National","5311",TRUE,0.00600961538461542,TRUE,0.0437062937062936,-0.00600961538461542,0.208333333333333
"5312bulgaria.bulgaria.t1q16",10,"Bulgarian National","5312",TRUE,0.2,TRUE,0.227272727272727,-0.2,-0.125
"5313bulgaria.bulgaria.t1q16",10,"Bulgarian National","5313",FALSE,0,FALSE,0,0,0
"5314bulgaria.bulgaria.t1q16",10,"Bulgarian National","5314",FALSE,-0.0291666666666666,FALSE,-0.0160256410256411,0.0291666666666666,0.0833333333333333
"5315bulgaria.bulgaria.t1q16",10,"Bulgarian National","5315",FALSE,-0.122252747252747,FALSE,-0.0208333333333334,0.122252747252747,0.75
"5317bulgaria.bulgaria.t1q16",10,"Bulgarian National","5317",TRUE,0.0491071428571429,TRUE,0.145833333333333,-0.0491071428571429,0.3125
"5301bulgaria.bulgaria.t1q21",10,"Bulgarian National","5301",FALSE,-0.0666666666666667,TRUE,0.0153846153846154,0.0666666666666667,0.5
"5302bulgaria.bulgaria.t1q21",10,"Bulgarian National","5302",TRUE,0.043956043956044,TRUE,0.245454545454545,-0.043956043956044,0.666666666666667
"5303bulgaria.bulgaria.t1q21",10,"Bulgarian National","5303",TRUE,0.25,TRUE,0.3,-0.25,0
"5304bulgaria.bulgaria.t1q21",10,"Bulgarian National","5304",NA,NA,NA,NA,0,NA
"5305bulgaria.bulgaria.t1q21",10,"Bulgarian National","5305",TRUE,0.278787878787879,TRUE,0.416666666666667,-0.278787878787879,0
"5306bulgaria.bulgaria.t1q21",10,"Bulgarian National","5306",TRUE,0.266666666666667,TRUE,0.272727272727273,-0.266666666666667,-0.25
"5307bulgaria.bulgaria.t1q21",10,"Bulgarian National","5307",TRUE,0.157142857142857,TRUE,0.204545454545455,-0.157142857142857,0
"5308bulgaria.bulgaria.t1q21",10,"Bulgarian National","5308",FALSE,-0.106060606060606,FALSE,-0.122222222222222,0.106060606060606,0
"5309bulgaria.bulgaria.t1q21",10,"Bulgarian National","5309",TRUE,0.245192307692308,TRUE,0.292207792207792,-0.245192307692308,0
"5310bulgaria.bulgaria.t1q21",10,"Bulgarian National","5310",FALSE,-0.133333333333333,FALSE,-0.153846153846154,0.133333333333333,0
"5311bulgaria.bulgaria.t1q21",10,"Bulgarian National","5311",TRUE,0.428571428571429,TRUE,0.5,-0.428571428571429,0
"5312bulgaria.bulgaria.t1q21",10,"Bulgarian National","5312",TRUE,0.15,TRUE,0.0535714285714286,-0.15,-0.333333333333333
"5313bulgaria.bulgaria.t1q21",10,"Bulgarian National","5313",TRUE,0.1875,TRUE,0.153846153846154,-0.1875,-0.333333333333333
"5314bulgaria.bulgaria.t1q21",10,"Bulgarian National","5314",TRUE,0.12987012987013,TRUE,0.151515151515152,-0.12987012987013,0
"5315bulgaria.bulgaria.t1q21",10,"Bulgarian National","5315",TRUE,0.201298701298701,TRUE,0.25,-0.201298701298701,0
"5317bulgaria.bulgaria.t1q21",10,"Bulgarian National","5317",TRUE,0.508928571428571,TRUE,0.553030303030303,-0.508928571428571,-0.333333333333333
"5301bulgaria.bulgaria.t1q22",10,"Bulgarian National","5301",FALSE,-0.363636363636364,FALSE,-0.333333333333333,0.363636363636364,0.5
"5302bulgaria.bulgaria.t1q22",10,"Bulgarian National","5302",TRUE,0.324175824175824,TRUE,0.418181818181818,-0.324175824175824,0
"5303bulgaria.bulgaria.t1q22",10,"Bulgarian National","5303",TRUE,0.262820512820513,TRUE,0.318181818181818,-0.262820512820513,0
"5304bulgaria.bulgaria.t1q22",10,"Bulgarian National","5304",TRUE,0.285714285714286,TRUE,0.333333333333333,-0.285714285714286,0
"5305bulgaria.bulgaria.t1q22",10,"Bulgarian National","5305",FALSE,-0.391608391608392,FALSE,-0.4,0.391608391608392,0.333333333333333
"5306bulgaria.bulgaria.t1q22",10,"Bulgarian National","5306",FALSE,-0.39047619047619,FALSE,-0.318181818181818,0.39047619047619,0.666666666666667
"5307bulgaria.bulgaria.t1q22",10,"Bulgarian National","5307",FALSE,-0.133333333333333,FALSE,-0.0833333333333333,0.133333333333333,0.333333333333333
"5308bulgaria.bulgaria.t1q22",10,"Bulgarian National","5308",TRUE,0.20979020979021,TRUE,0.353535353535353,-0.20979020979021,0.5
"5309bulgaria.bulgaria.t1q22",10,"Bulgarian National","5309",FALSE,-0.441176470588235,FALSE,-0.387878787878788,0.441176470588235,1
"5310bulgaria.bulgaria.t1q22",10,"Bulgarian National","5310",TRUE,0.0888888888888889,TRUE,0.230769230769231,-0.0888888888888889,0.5
"5311bulgaria.bulgaria.t1q22",10,"Bulgarian National","5311",TRUE,0.134615384615385,TRUE,0.223776223776224,-0.134615384615385,0.333333333333333
"5312bulgaria.bulgaria.t1q22",10,"Bulgarian National","5312",FALSE,-0.3,FALSE,-0.25,0.3,0.5
"5313bulgaria.bulgaria.t1q22",10,"Bulgarian National","5313",FALSE,-0.290196078431373,FALSE,-0.247252747252747,0.290196078431373,0.5
"5314bulgaria.bulgaria.t1q22",10,"Bulgarian National","5314",TRUE,0.157142857142857,TRUE,0.196969696969697,-0.157142857142857,0
"5315bulgaria.bulgaria.t1q22",10,"Bulgarian National","5315",TRUE,0.1,TRUE,0.104895104895105,-0.1,0
"5317bulgaria.bulgaria.t1q22",10,"Bulgarian National","5317",TRUE,0.208333333333333,TRUE,0.291666666666667,-0.208333333333333,0
"5301bulgaria.bulgaria.t1q23",10,"Bulgarian National","5301",FALSE,-0.300699300699301,FALSE,-0.218181818181818,0.300699300699301,1
"5302bulgaria.bulgaria.t1q23",10,"Bulgarian National","5302",TRUE,0.136752136752137,TRUE,0.2,-0.136752136752137,0
"5303bulgaria.bulgaria.t1q23",10,"Bulgarian National","5303",FALSE,-0.166666666666667,FALSE,-0.1,0.166666666666667,0.5
"5304bulgaria.bulgaria.t1q23",10,"Bulgarian National","5304",FALSE,-0.0153846153846154,FALSE,-0.111888111888112,0.0153846153846154,-0.5
"5305bulgaria.bulgaria.t1q23",10,"Bulgarian National","5305",FALSE,-0.0833333333333333,FALSE,-0.0833333333333333,0.0833333333333333,0
"5306bulgaria.bulgaria.t1q23",10,"Bulgarian National","5306",FALSE,-0.0627450980392157,FALSE,-0.128205128205128,0.0627450980392157,-0.25
"5307bulgaria.bulgaria.t1q23",10,"Bulgarian National","5307",FALSE,-0.482051282051282,FALSE,-0.516666666666667,0.482051282051282,0.333333333333333
"5308bulgaria.bulgaria.t1q23",10,"Bulgarian National","5308",FALSE,-0.174825174825175,FALSE,-0.121212121212121,0.174825174825175,0.5
"5309bulgaria.bulgaria.t1q23",10,"Bulgarian National","5309",FALSE,-0.0795454545454545,FALSE,-0.0158730158730159,0.0795454545454545,0.5
"5310bulgaria.bulgaria.t1q23",10,"Bulgarian National","5310",TRUE,0.252747252747253,TRUE,0.287878787878788,-0.252747252747253,0
"5311bulgaria.bulgaria.t1q23",10,"Bulgarian National","5311",TRUE,0.0166666666666667,TRUE,0.166666666666667,-0.0166666666666667,0.666666666666667
"5312bulgaria.bulgaria.t1q23",10,"Bulgarian National","5312",TRUE,0.205128205128205,TRUE,0.26984126984127,-0.205128205128205,0
"5313bulgaria.bulgaria.t1q23",10,"Bulgarian National","5313",TRUE,0.0833333333333333,TRUE,0.0979020979020979,-0.0833333333333333,0.333333333333333
"5314bulgaria.bulgaria.t1q23",10,"Bulgarian National","5314",FALSE,-0.233333333333333,FALSE,-0.166666666666667,0.233333333333333,0.333333333333333
"5315bulgaria.bulgaria.t1q23",10,"Bulgarian National","5315",FALSE,-0.25,FALSE,-0.228571428571429,0.25,0.5
"5317bulgaria.bulgaria.t1q23",10,"Bulgarian National","5317",FALSE,-0.0416666666666667,TRUE,0.111111111111111,0.0416666666666667,0.5
"5301bulgaria.bulgaria.t1q19",10,"Bulgarian National","5301",FALSE,0,FALSE,0,0,0
"5302bulgaria.bulgaria.t1q19",10,"Bulgarian National","5302",TRUE,0.015625,TRUE,0.0576923076923077,-0.015625,0.166666666666667
"5303bulgaria.bulgaria.t1q19",10,"Bulgarian National","5303",FALSE,-0.0769230769230769,FALSE,-0.0454545454545454,0.0769230769230769,0.25
"5304bulgaria.bulgaria.t1q19",10,"Bulgarian National","5304",TRUE,0.0333333333333333,TRUE,0.0576923076923077,-0.0333333333333333,0.125
"5305bulgaria.bulgaria.t1q19",10,"Bulgarian National","5305",FALSE,-0.0095238095238096,FALSE,-0.0511363636363636,0.0095238095238096,-0.166666666666667
"5306bulgaria.bulgaria.t1q19",10,"Bulgarian National","5306",TRUE,0.315686274509804,TRUE,0.344551282051282,-0.315686274509804,-0.1875
"5307bulgaria.bulgaria.t1q19",10,"Bulgarian National","5307",FALSE,-0.309065934065934,FALSE,-0.295454545454545,0.309065934065934,0.416666666666667
"5308bulgaria.bulgaria.t1q19",10,"Bulgarian National","5308",FALSE,-0.0285714285714286,FALSE,-0.0384615384615384,0.0285714285714286,0.125
"5309bulgaria.bulgaria.t1q19",10,"Bulgarian National","5309",TRUE,0.109375,TRUE,0.099025974025974,-0.109375,-0.25
"5310bulgaria.bulgaria.t1q19",10,"Bulgarian National","5310",TRUE,0.255656108597285,TRUE,0.266666666666667,-0.255656108597285,0
"5311bulgaria.bulgaria.t1q19",10,"Bulgarian National","5311",TRUE,0.361607142857143,TRUE,0.421328671328671,-0.361607142857143,-0.0833333333333333
"5312bulgaria.bulgaria.t1q19",10,"Bulgarian National","5312",TRUE,0.330357142857143,TRUE,0.389204545454545,-0.330357142857143,-0.166666666666667
"5313bulgaria.bulgaria.t1q19",10,"Bulgarian National","5313",TRUE,0.190359477124183,TRUE,0.195238095238095,-0.190359477124183,-0.166666666666667
"5314bulgaria.bulgaria.t1q19",10,"Bulgarian National","5314",TRUE,0.0290178571428571,TRUE,0.0174825174825175,-0.0290178571428571,-0.0833333333333334
"5315bulgaria.bulgaria.t1q19",10,"Bulgarian National","5315",FALSE,-0.166666666666667,FALSE,-0.181818181818182,0.166666666666667,0
"5317bulgaria.bulgaria.t1q19",10,"Bulgarian National","5317",FALSE,-0.0357142857142857,FALSE,-0.0166666666666666,0.0357142857142857,0.0625
"5201chi.t1att1",9,"Zeguo Township","5201",FALSE,-0.207142851182393,FALSE,-0.191666662693024,0.207142851182393,0.299999982118607
"5202chi.t1att1",9,"Zeguo Township","5202",TRUE,0.0818181796507403,FALSE,-0.0208333358168602,-0.0818181796507403,-0.355555554231008
"5203chi.t1att1",9,"Zeguo Township","5203",FALSE,-0.0384615384615384,FALSE,-0.0444444442788758,0.0384615384615384,-0.033333331346511
"5204chi.t1att1",9,"Zeguo Township","5204",FALSE,-0.0736111092070738,TRUE,0.197222220400969,0.0736111092070738,0.344444438815117
"5205chi.t1att1",9,"Zeguo Township","5205",FALSE,-0.130769232144723,FALSE,-0.145454546267336,0.130769232144723,0.050000004470348
"5206chi.t1att1",9,"Zeguo Township","5206",FALSE,-0.0261904772903238,FALSE,-0.0128205149219586,0.0261904772903238,0.199999988079071
"5207chi.t1att1",9,"Zeguo Township","5207",TRUE,0.0288888856768608,TRUE,0.0694444427887598,-0.0288888856768608,0.133333342770736
"5208chi.t1att1",9,"Zeguo Township","5208",FALSE,-0.00666666726271326,TRUE,0.0273809496845516,0.00666666726271326,0.483333304524422
"5209chi.t1att1",9,"Zeguo Township","5209",TRUE,0.073611109207074,TRUE,0.0969696952538058,-0.073611109207074,0.183333337306976
"5210chi.t1att1",9,"Zeguo Township","5210",TRUE,0.0833333233992258,TRUE,0.306666660308838,-0.0833333233992258,0.195833347737789
"5211chi.t1att1",9,"Zeguo Township","5211",TRUE,0.0511111070712408,TRUE,0.0819444383184116,-0.0511111070712408,0.0722222179174424
"5213chi.t1att1",9,"Zeguo Township","5213",FALSE,-0.12023809711848,FALSE,-0.059090908955444,0.12023809711848,0.344444453716278
"5214chi.t1att1",9,"Zeguo Township","5214",TRUE,0.0761904705848012,TRUE,0.12564101929848,-0.0761904705848012,0.566666662693024
"5215chi.t1att1",9,"Zeguo Township","5215",TRUE,0.0535714200564793,TRUE,0.0555555489328173,-0.0535714200564793,-0.0499999880790708
"5216chi.t1att1",9,"Zeguo Township","5216",TRUE,0.0296296295192507,TRUE,0.127777777612209,-0.0296296295192507,0.166666666666667
"5201chi.t1att2",9,"Zeguo Township","5201",FALSE,-0.130952375275748,FALSE,-0.158333331346512,0.130952375275748,-0.0333333611488345
"5202chi.t1att2",9,"Zeguo Township","5202",TRUE,0.0621212124824524,FALSE,-0.0145833306014537,-0.0621212124824524,-0.266666660706202
"5203chi.t1att2",9,"Zeguo Township","5203",FALSE,-0.198717955213327,FALSE,-0.204166671882073,0.198717955213327,0.13333335518837
"5204chi.t1att2",9,"Zeguo Township","5204",FALSE,-0.0763888930281004,FALSE,-0.105555554231008,0.0763888930281004,0.0472222318251927
"5205chi.t1att2",9,"Zeguo Township","5205",FALSE,-0.167948718254383,FALSE,-0.159090907736258,0.167948718254383,0.216666676104069
"5206chi.t1att2",9,"Zeguo Township","5206",TRUE,0.0773809504296098,TRUE,0.108974355344589,-0.0773809504296098,0.333333313465118
"5207chi.t1att2",9,"Zeguo Township","5207",FALSE,-0.102380950961794,FALSE,-0.0444444430371127,0.102380950961794,0.372222219904264
"5208chi.t1att2",9,"Zeguo Township","5208",TRUE,0.0811111142237982,TRUE,0.105952385280814,-0.0811111142237982,0.266666680574418
"5209chi.t1att2",9,"Zeguo Township","5209",FALSE,-0.272222223381202,FALSE,-0.24848484992981,0.272222223381202,0.533333331346512
"5210chi.t1att2",9,"Zeguo Township","5210",FALSE,-0.118518521388372,TRUE,0.0533333301544189,0.118518521388372,0.33333333581686
"5211chi.t1att2",9,"Zeguo Township","5211",TRUE,0.0455555548270544,TRUE,0.0722222172965606,-0.0455555548270544,0.0611110950509707
"5213chi.t1att2",9,"Zeguo Township","5213",TRUE,0.0976190492510797,TRUE,0.0848484865643763,-0.0976190492510797,-0.144444445768992
"5214chi.t1att2",9,"Zeguo Township","5214",FALSE,-0.00833332857915325,TRUE,0.0192307703770124,0.00833332857915325,0.366666615009308
"5215chi.t1att2",9,"Zeguo Township","5215",TRUE,0.147619037755898,TRUE,0.131481476955944,-0.147619037755898,-0.176666647195816
"5216chi.t1att2",9,"Zeguo Township","5216",TRUE,0.396296297510465,TRUE,0.511111112932364,-0.396296297510465,-0.166666666666667
"5201chi.t1att3",9,"Zeguo Township","5201",FALSE,0,FALSE,0,0,0
"5202chi.t1att3",9,"Zeguo Township","5202",FALSE,0,FALSE,0,0,0
"5203chi.t1att3",9,"Zeguo Township","5203",FALSE,0,FALSE,0,0,0
"5204chi.t1att3",9,"Zeguo Township","5204",FALSE,0,FALSE,0,0,0
"5205chi.t1att3",9,"Zeguo Township","5205",FALSE,0,FALSE,0,0,0
"5206chi.t1att3",9,"Zeguo Township","5206",FALSE,0,FALSE,0,0,0
"5207chi.t1att3",9,"Zeguo Township","5207",FALSE,0,FALSE,0,0,0
"5208chi.t1att3",9,"Zeguo Township","5208",FALSE,0,FALSE,0,0,0
"5209chi.t1att3",9,"Zeguo Township","5209",FALSE,0,FALSE,0,0,0
"5210chi.t1att3",9,"Zeguo Township","5210",FALSE,0,FALSE,0,0,0
"5211chi.t1att3",9,"Zeguo Township","5211",FALSE,0,FALSE,0,0,0
"5213chi.t1att3",9,"Zeguo Township","5213",FALSE,0,FALSE,0,0,0
"5214chi.t1att3",9,"Zeguo Township","5214",FALSE,0,FALSE,0,0,0
"5215chi.t1att3",9,"Zeguo Township","5215",FALSE,0,FALSE,0,0,0
"5216chi.t1att3",9,"Zeguo Township","5216",FALSE,0,FALSE,0,0,0
"5201chi.t1att4",9,"Zeguo Township","5201",TRUE,0.132142847137792,TRUE,0.1708333256344,-0.132142847137792,0.100000023841858
"5202chi.t1att4",9,"Zeguo Township","5202",FALSE,-0.0318181812763214,FALSE,-0.0124999992549421,0.0318181812763214,0.0833333333333334
"5203chi.t1att4",9,"Zeguo Township","5203",FALSE,-0.0692307696892664,FALSE,-0.0916666661699612,0.0692307696892664,-0.199999988079071
"5204chi.t1att4",9,"Zeguo Township","5204",TRUE,0.120833334823449,TRUE,0.258333335320155,-0.120833334823449,0.016666665673256
"5205chi.t1att4",9,"Zeguo Township","5205",FALSE,-0.111538460621467,FALSE,-0.163636362010782,0.111538460621467,-0.174999997019768
"5206chi.t1att4",9,"Zeguo Township","5206",FALSE,-0.0999999977648258,FALSE,-0.0692307668236585,0.0999999977648258,0.5
"5207chi.t1att4",9,"Zeguo Township","5207",FALSE,-0.056666668256124,FALSE,-0.0125000029802323,0.056666668256124,0.23333332935969
"5208chi.t1att4",9,"Zeguo Township","5208",TRUE,0.00666666825612383,TRUE,0.0107142882687705,-0.00666666825612383,0.050000011920929
"5209chi.t1att4",9,"Zeguo Township","5209",FALSE,-0.20416667064031,FALSE,-0.195454548705708,0.20416667064031,0.300000011920929
"5210chi.t1att4",9,"Zeguo Township","5210",FALSE,-0.0444444467624029,TRUE,0.129999998211861,0.0444444467624029,0.262500002980232
"5211chi.t1att4",9,"Zeguo Township","5211",FALSE,-0.0566666702429454,FALSE,-0.00416667014360417,0.0566666702429454,0.26666667064031
"5213chi.t1att4",9,"Zeguo Township","5213",TRUE,0.064285716840199,TRUE,0.090909093618393,-0.064285716840199,0.033333331346512
"5214chi.t1att4",9,"Zeguo Township","5214",FALSE,-0.121428572705814,FALSE,-0.0923076936831841,0.121428572705814,0.5
"5215chi.t1att4",9,"Zeguo Township","5215",TRUE,0.0499999970197678,FALSE,-0.011111103826099,-0.0499999970197678,-0.159999978542328
"5216chi.t1att4",9,"Zeguo Township","5216",FALSE,-0.0555555555555555,TRUE,0.0666666676600772,0.0555555555555555,0.300000001986821
"5201chi.t1att5",9,"Zeguo Township","5201",FALSE,-0.13535714830671,FALSE,-0.113472227255503,0.13535714830671,0.266666674613953
"5202chi.t1att5",9,"Zeguo Township","5202",TRUE,0.0227272673086686,TRUE,0.147916661202907,-0.0227272673086686,0.311111116409302
"5203chi.t1att5",9,"Zeguo Township","5203",FALSE,-0.106282048958999,FALSE,-0.119305553038915,0.106282048958999,-0.05
"5204chi.t1att5",9,"Zeguo Township","5204",FALSE,-0.0566666672627131,FALSE,-0.187777775526047,0.0566666672627131,-0.0744444410006205
"5205chi.t1att5",9,"Zeguo Township","5205",FALSE,-0.113717946639428,FALSE,-0.106515149636702,0.113717946639428,0.153333330154419
"5206chi.t1att5",9,"Zeguo Township","5206",FALSE,-0.11119047829083,FALSE,-0.0876923075089088,0.11119047829083,0.416666698455811
"5207chi.t1att5",9,"Zeguo Township","5207",TRUE,0.0228888845443727,TRUE,0.0480555494626365,-0.0228888845443727,0.0777777751286823
"5208chi.t1att5",9,"Zeguo Township","5208",TRUE,0.0627777783075968,TRUE,0.0839285697255816,-0.0627777783075968,0.23333330154419
"5209chi.t1att5",9,"Zeguo Township","5209",TRUE,0.05694444278876,TRUE,0.0621212103150109,-0.05694444278876,0
"5210chi.t1att5",9,"Zeguo Township","5210",TRUE,0.329629630512661,TRUE,0.450000004768372,-0.329629630512661,-0.179166662693024
"5211chi.t1att5",9,"Zeguo Township","5211",FALSE,-0.0997777811686196,FALSE,-0.0845833361148833,0.0997777811686196,0.160555561383565
"5213chi.t1att5",9,"Zeguo Township","5213",TRUE,0.0172619002205985,TRUE,0.052272722937844,-0.0172619002205985,0.111111116409302
"5214chi.t1att5",9,"Zeguo Township","5214",TRUE,0.080476188659668,TRUE,0.102051283763005,-0.080476188659668,0.200000047683716
"5215chi.t1att5",9,"Zeguo Township","5215",TRUE,0.0460714272090365,TRUE,0.0864814811282686,-0.0460714272090365,0.0266666698455813
"5216chi.t1att5",9,"Zeguo Township","5216",TRUE,0.127777779102325,TRUE,0.18611111442248,-0.127777779102325,-0.0111111084620157
"5201chi.t1att6",9,"Zeguo Township","5201",FALSE,-0.0607142916747502,FALSE,-0.0763888905445734,0.0607142916747502,-0.0333333015441895
"5202chi.t1att6",9,"Zeguo Township","5202",TRUE,0.130303038250316,TRUE,0.137500008940697,-0.130303038250316,-0.111111116409302
"5203chi.t1att6",9,"Zeguo Township","5203",TRUE,0.0525641028697673,TRUE,0.101388887564341,-0.0525641028697673,0.533333313465119
"5204chi.t1att6",9,"Zeguo Township","5204",FALSE,-0.0513888915379842,TRUE,0.0444444338480632,0.0513888915379842,0.147222216924032
"5205chi.t1att6",9,"Zeguo Township","5205",FALSE,-0.0294871788758498,FALSE,-0.0166666637767445,0.0294871788758498,0.100000011920928
"5206chi.t1att6",9,"Zeguo Township","5206",TRUE,0.116666663544519,TRUE,0.125641022278712,-0.116666663544519,0
"5207chi.t1att6",9,"Zeguo Township","5207",TRUE,0.0611111148198445,TRUE,0.0347222268581391,-0.0611111148198445,-0.166666666666667
"5208chi.t1att6",9,"Zeguo Township","5208",FALSE,-0.0822222169240316,FALSE,-0.0547619002205986,0.0822222169240316,0.466666650772095
"5209chi.t1att6",9,"Zeguo Township","5209",TRUE,0.0152777810891469,FALSE,-0.00454545237801285,-0.0152777810891469,-0.233333349227905
"5210chi.t1att6",9,"Zeguo Township","5210",FALSE,-0.0814814858966404,FALSE,-0.200000004768372,0.0814814858966404,-0.0666666626930237
"5211chi.t1att6",9,"Zeguo Township","5211",FALSE,-0.0266666666666666,FALSE,-0.0402777751286824,0.0266666666666666,-0.0277777671813967
"5213chi.t1att6",9,"Zeguo Township","5213",TRUE,0.091666671207973,TRUE,0.0954545497894287,-0.091666671207973,-0.0777777830759684
"5214chi.t1att6",9,"Zeguo Township","5214",FALSE,-0.134523807253156,FALSE,-0.106410255798927,0.134523807253156,0.499999976158142
"5215chi.t1att6",9,"Zeguo Township","5215",FALSE,-0.0464285697255814,TRUE,0.0148148139317832,0.0464285697255814,0.156666660308838
"5216chi.t1att6",9,"Zeguo Township","5216",TRUE,0.142592594358656,TRUE,0.158333335320155,-0.142592594358656,-0.111111112435659
"5201chi.t1att7",9,"Zeguo Township","5201",FALSE,0,FALSE,0,0,0
"5202chi.t1att7",9,"Zeguo Township","5202",TRUE,0.168181818181818,TRUE,0.15625,-0.168181818181818,-0.2
"5203chi.t1att7",9,"Zeguo Township","5203",TRUE,0.103846153846154,TRUE,0.1375,-0.103846153846154,0.3
"5204chi.t1att7",9,"Zeguo Township","5204",FALSE,-0.05,TRUE,0.0833333333333334,0.05,0.183333333333333
"5205chi.t1att7",9,"Zeguo Township","5205",TRUE,0.0615384615384615,TRUE,0.00909090909090915,-0.0615384615384615,-0.35
"5206chi.t1att7",9,"Zeguo Township","5206",TRUE,0.0464285714285715,TRUE,0.05,-0.0464285714285715,0
"5207chi.t1att7",9,"Zeguo Township","5207",FALSE,-0.0633333333333334,FALSE,-0.0458333333333333,0.0633333333333334,0.133333333333333
"5208chi.t1att7",9,"Zeguo Township","5208",FALSE,-0.113333333333333,FALSE,-0.121428571428571,0.113333333333333,0
"5209chi.t1att7",9,"Zeguo Township","5209",TRUE,0.233333333333333,TRUE,0.209090909090909,-0.233333333333333,-0.5
"5210chi.t1att7",9,"Zeguo Township","5210",FALSE,-0.0222222222222223,TRUE,0.13,0.0222222222222223,0.2125
"5211chi.t1att7",9,"Zeguo Township","5211",TRUE,0.0800000000000001,TRUE,0.1625,-0.0800000000000001,0.25
"5213chi.t1att7",9,"Zeguo Township","5213",FALSE,-0.0285714285714286,FALSE,-0.00909090909090904,0.0285714285714286,0.1
"5214chi.t1att7",9,"Zeguo Township","5214",FALSE,-0.0642857142857143,FALSE,-0.023076923076923,0.0642857142857143,0.6
"5215chi.t1att7",9,"Zeguo Township","5215",FALSE,-0.139285714285714,TRUE,0.0388888888888889,0.139285714285714,0.46
"5216chi.t1att7",9,"Zeguo Township","5216",TRUE,0.111111111111111,TRUE,0.0833333333333333,-0.111111111111111,-0.166666666666667
"5201chi.t1att8",9,"Zeguo Township","5201",FALSE,-0.0571428516081401,FALSE,-0.070833332836628,0.0571428516081401,-0.025000035762787
"5202chi.t1att8",9,"Zeguo Township","5202",TRUE,0.104545452378013,TRUE,0.0812499970197678,-0.104545452378013,-0.166666666666667
"5203chi.t1att8",9,"Zeguo Township","5203",TRUE,0.0346154008920377,TRUE,0.0750000166396301,-0.0346154008920377,0.449999988079071
"5204chi.t1att8",9,"Zeguo Township","5204",FALSE,-0.274999991059303,FALSE,-0.116666654745738,0.274999991059303,0.433333327372869
"5205chi.t1att8",9,"Zeguo Township","5205",TRUE,0.0999999940395355,TRUE,0.0727272683923894,-0.0999999940395355,-0.249999985098839
"5206chi.t1att8",9,"Zeguo Township","5206",TRUE,0.0892857164144516,TRUE,0.092307693683184,-0.0892857164144516,-0.050000011920929
"5207chi.t1att8",9,"Zeguo Township","5207",FALSE,-0.209999998410543,FALSE,-0.224999999006589,0.209999998410543,0.149999996026357
"5208chi.t1att8",9,"Zeguo Township","5208",TRUE,0.0499999999999999,TRUE,0.0642857125827243,-0.0499999999999999,0.149999976158142
"5209chi.t1att8",9,"Zeguo Township","5209",TRUE,0.216666668032606,TRUE,0.200000001625581,-0.216666668032606,-0.399999998509884
"5210chi.t1att8",9,"Zeguo Township","5210",FALSE,-0.0277777678436703,FALSE,-0.069999986886978,0.0277777678436703,-0.0250000059604645
"5211chi.t1att8",9,"Zeguo Township","5211",FALSE,-0.0199999968210856,TRUE,0.0291666711370151,0.0199999968210856,0.216666668653488
"5213chi.t1att8",9,"Zeguo Township","5213",TRUE,0.0142857139664038,TRUE,6.7732552899713e-10,-0.0142857139664038,-0.0666666626930237
"5214chi.t1att8",9,"Zeguo Township","5214",FALSE,-0.157142861347113,FALSE,-0.126923079674061,0.157142861347113,0.5500000230968
"5215chi.t1att8",9,"Zeguo Township","5215",FALSE,-0.114285713593875,FALSE,-0.0388888894683785,0.114285713593875,0.249999997019768
"5216chi.t1att8",9,"Zeguo Township","5216",FALSE,-0.172222221891085,FALSE,-0.216666666169961,0.172222221891085,0.0833333333333333
"5201chi.t1att9",9,"Zeguo Township","5201",FALSE,-0.114285715988704,FALSE,-0.0916666686534882,0.114285715988704,0.25
"5202chi.t1att9",9,"Zeguo Township","5202",TRUE,0.189393937587738,TRUE,0.172916665673256,-0.189393937587738,-0.23333332935969
"5203chi.t1att9",9,"Zeguo Township","5203",FALSE,-0.0294871742908771,FALSE,-0.0256944398085276,0.0294871742908771,0.0749999880790709
"5204chi.t1att9",9,"Zeguo Township","5204",FALSE,-0.0847222208976747,FALSE,-0.0986111064751943,0.0847222208976747,0.0708333353201548
"5205chi.t1att9",9,"Zeguo Township","5205",FALSE,-0.128205129733452,FALSE,-0.149242422797463,0.128205129733452,0.0125000178813934
"5206chi.t1att9",9,"Zeguo Township","5206",TRUE,0.108333336455481,TRUE,0.128205129733452,-0.108333336455481,0.149999976158142
"5207chi.t1att9",9,"Zeguo Township","5207",TRUE,0.107222219308217,TRUE,0.0944444437821705,-0.107222219308217,-0.158333321412404
"5208chi.t1att9",9,"Zeguo Township","5208",TRUE,0.0316666662693024,TRUE,0.033928571002824,-0.0316666662693024,0
"5209chi.t1att9",9,"Zeguo Township","5209",TRUE,0.0493055532375971,TRUE,0.060606062412262,-0.0493055532375971,0.075000047683716
"5210chi.t1att9",9,"Zeguo Township","5210",TRUE,0.217592583762275,TRUE,0.311666655540466,-0.217592583762275,-0.0999999940395355
"5211chi.t1att9",9,"Zeguo Township","5211",TRUE,0.0488888839880625,TRUE,0.0444444393118222,-0.0488888839880625,-0.0666666626930237
"5213chi.t1att9",9,"Zeguo Township","5213",TRUE,0.027976189606956,TRUE,0.0356060594997623,-0.027976189606956,0
"5214chi.t1att9",9,"Zeguo Township","5214",TRUE,0.269047617912292,TRUE,0.28974358852093,-0.269047617912292,0
"5215chi.t1att9",9,"Zeguo Township","5215",TRUE,0.198214284011296,TRUE,0.247222218248579,-0.198214284011296,-0.110000002384186
"5216chi.t1att9",9,"Zeguo Township","5216",TRUE,0.158333334657881,TRUE,0.279166668653488,-0.158333334657881,0.0833333333333334
"9501btp04pr.t1trade",16,"By the People 2004 US Presidential Primaries","9501",FALSE,-0.251988095187006,FALSE,-0.249952381565457,0.251988095187006,0.254023808808554
"9502btp04pr.t1trade",16,"By the People 2004 US Presidential Primaries","9502",FALSE,-0.0079809518087478,TRUE,0.103023811465218,0.0079809518087478,0.104125000536442
"9503btp04pr.t1trade",16,"By the People 2004 US Presidential Primaries","9503",FALSE,-0.0862999975681308,FALSE,-0.166833331187566,0.0862999975681308,0.0557499974966053
"9504btp04pr.t1trade",16,"By the People 2004 US Presidential Primaries","9504",TRUE,0.0214666653902105,FALSE,-0.0476190476190477,-0.0214666653902105,-0.0835178547671866
"9505btp04pr.t1trade",16,"By the People 2004 US Presidential Primaries","9505",FALSE,-0.0745804197304732,FALSE,-0.0139583324392638,0.0745804197304732,0.133200001716614
"9506btp04pr.t1trade",16,"By the People 2004 US Presidential Primaries","9506",FALSE,-0.122266666094462,FALSE,-0.190428572041648,0.122266666094462,0.0626249983906748
"9507btp04pr.t1trade",16,"By the People 2004 US Presidential Primaries","9507",FALSE,-0.00427499860525138,FALSE,0,0.00427499860525138,0.0144285695893426
"9508btp04pr.t1trade",16,"By the People 2004 US Presidential Primaries","9508",FALSE,-0.145791667203108,FALSE,-0.0556666652361553,0.145791667203108,0.19986666838328
"9509btp04pr.t1trade",16,"By the People 2004 US Presidential Primaries","9509",FALSE,-0.0585497066988583,FALSE,-0.10618181662126,0.0585497066988583,0
"9510btp04pr.t1trade",16,"By the People 2004 US Presidential Primaries","9510",FALSE,-0.117902779744731,FALSE,-0.083499997854233,0.117902779744731,0.122761908031645
"9511btp04pr.t1trade",16,"By the People 2004 US Presidential Primaries","9511",FALSE,-0.0746223772322382,FALSE,-0.041500002145767,0.0746223772322382,0.0556666652361554
"9512btp04pr.t1trade",16,"By the People 2004 US Presidential Primaries","9512",FALSE,-0.00694444444444442,TRUE,0.111083333690961,0.00694444444444442,0.1
"9513btp04pr.t1trade",16,"By the People 2004 US Presidential Primaries","9513",TRUE,0.0390817010714336,TRUE,0.0740000009536742,-0.0390817010714336,0.000194441941049672
"9514btp04pr.t1trade",16,"By the People 2004 US Presidential Primaries","9514",TRUE,0.041500002145767,TRUE,0.0666000008583068,-0.041500002145767,0.000333329041799335
"9515btp04pr.t1trade",16,"By the People 2004 US Presidential Primaries","9515",TRUE,0.0502307690106906,TRUE,0.0556666652361553,-0.0502307690106906,-0.0592444446351793
"9516btp04pr.t1trade",16,"By the People 2004 US Presidential Primaries","9516",TRUE,0.182791667679946,TRUE,0.333000004291534,-0.182791667679946,-0.163642857755933
"9501btp04pr.t1mindex",16,"By the People 2004 US Presidential Primaries","9501",TRUE,0.0843809491821699,TRUE,0.0655000060796739,-0.0843809491821699,-0.103261892284666
"9502btp04pr.t1mindex",16,"By the People 2004 US Presidential Primaries","9502",FALSE,-0.0320937586948273,TRUE,0.065452371324812,0.0320937586948273,0.107962970932325
"9503btp04pr.t1mindex",16,"By the People 2004 US Presidential Primaries","9503",FALSE,-0.0849895789287982,FALSE,-0.0137916654348372,0.0849895789287982,0.108722216760119
"9504btp04pr.t1mindex",16,"By the People 2004 US Presidential Primaries","9504",FALSE,-0.0490777748326461,FALSE,-0.0455476130758011,0.0490777748326461,0.0521666663698855
"9505btp04pr.t1mindex",16,"By the People 2004 US Presidential Primaries","9505",TRUE,0.0673333440835661,TRUE,0.119791677221656,-0.0673333440835661,0.0165999889373777
"9506btp04pr.t1mindex",16,"By the People 2004 US Presidential Primaries","9506",FALSE,-0.095377779006958,FALSE,-0.0436190537043979,0.095377779006958,0.140666663646698
"9507btp04pr.t1mindex",16,"By the People 2004 US Presidential Primaries","9507",TRUE,0.0126060599630531,FALSE,-0.0555833391845223,-0.0126060599630531,-0.0515714309045247
"9508btp04pr.t1mindex",16,"By the People 2004 US Presidential Primaries","9508",FALSE,-0.0486333280801772,TRUE,0.023111124833425,0.0486333280801772,0.0793809507574353
"9509btp04pr.t1mindex",16,"By the People 2004 US Presidential Primaries","9509",TRUE,0.0570526366171084,TRUE,0.0656969764015892,-0.0570526366171084,-0.0451666694134474
"9510btp04pr.t1mindex",16,"By the People 2004 US Presidential Primaries","9510",TRUE,0.0194666706025601,TRUE,0.194499999284744,-0.0194666706025601,0.0242916615679859
"9511btp04pr.t1mindex",16,"By the People 2004 US Presidential Primaries","9511",FALSE,-0.0654999975647246,FALSE,-0.116666668653488,0.0654999975647246,0.0370740691820781
"9512btp04pr.t1mindex",16,"By the People 2004 US Presidential Primaries","9512",TRUE,0.0555925961169933,TRUE,0.118000000715256,-0.0555925961169933,-0.00566667243838331
"9513btp04pr.t1mindex",16,"By the People 2004 US Presidential Primaries","9513",TRUE,0.0145555539500146,TRUE,0.0404242365197702,-0.0145555539500146,0.0138999968767166
"9514btp04pr.t1mindex",16,"By the People 2004 US Presidential Primaries","9514",FALSE,-0.0249999970197677,FALSE,-0.027761902127947,0.0249999970197677,0.0185555517673496
"9515btp04pr.t1mindex",16,"By the People 2004 US Presidential Primaries","9515",TRUE,0.0171025641835653,FALSE,-0.0463333328564963,-0.0171025641835653,-0.0361333332955838
"9516btp04pr.t1mindex",16,"By the People 2004 US Presidential Primaries","9516",FALSE,-0.0391515114090659,TRUE,0.0763333141803739,0.0391515114090659,0.0648148059844971
"9501btp04pr.t1services",16,"By the People 2004 US Presidential Primaries","9501",TRUE,7.14276518141155e-05,FALSE,-0.0239999975476949,-7.14276518141155e-05,-0.0241428528513232
"9502btp04pr.t1services",16,"By the People 2004 US Presidential Primaries","9502",FALSE,0,FALSE,0,0,0
"9503btp04pr.t1services",16,"By the People 2004 US Presidential Primaries","9503",FALSE,-0.0250416661302248,FALSE,-0.138750001788139,0.0250416661302248,8.33322604497644e-05
"9504btp04pr.t1services",16,"By the People 2004 US Presidential Primaries","9504",FALSE,-0.0222000002861023,FALSE,-0.000142855303628342,0.0222000002861023,0.041500002145767
"9505btp04pr.t1services",16,"By the People 2004 US Presidential Primaries","9505",TRUE,0.0138333340485889,FALSE,-0.0475714291845049,-0.0138333340485889,-0.0998000025749204
"9506btp04pr.t1services",16,"By the People 2004 US Presidential Primaries","9506",FALSE,-0.0183523796853566,FALSE,-0.0556190468016126,0.0183523796853566,0.000124998390674813
"9507btp04pr.t1services",16,"By the People 2004 US Presidential Primaries","9507",TRUE,0.0500999987125398,TRUE,0.111333330472311,-0.0500999987125398,-0.0238571422440665
"9508btp04pr.t1services",16,"By the People 2004 US Presidential Primaries","9508",TRUE,0.00925555560323921,TRUE,0.0833333333333334,-0.00925555560323921,0
"9509btp04pr.t1services",16,"By the People 2004 US Presidential Primaries","9509",FALSE,-0.00928104547114161,FALSE,-0.0167999982833864,0.00928104547114161,0.0147500016859598
"9510btp04pr.t1services",16,"By the People 2004 US Presidential Primaries","9510",TRUE,0.0333999991416932,TRUE,0.166500002145767,-0.0333999991416932,-0.000124998390674813
"9511btp04pr.t1services",16,"By the People 2004 US Presidential Primaries","9511",FALSE,-0.0204102549797451,TRUE,0.0135833372672395,0.0204102549797451,0.0185555550787184
"9512btp04pr.t1services",16,"By the People 2004 US Presidential Primaries","9512",FALSE,-0.0503015868247502,FALSE,-0.041999995708466,0.0503015868247502,-0.0333999991416932
"9513btp04pr.t1services",16,"By the People 2004 US Presidential Primaries","9513",TRUE,0.0713809529940286,TRUE,0.166636364026503,-0.0713809529940286,0.0333999991416932
"9514btp04pr.t1services",16,"By the People 2004 US Presidential Primaries","9514",TRUE,0.00219444599416507,TRUE,0.0332000017166136,-0.00219444599416507,0.0556666652361554
"9515btp04pr.t1services",16,"By the People 2004 US Presidential Primaries","9515",TRUE,0.0211794896003524,FALSE,-0.222333331902822,-0.0211794896003524,-0.103488891654544
"9516btp04pr.t1services",16,"By the People 2004 US Presidential Primaries","9516",FALSE,-0.0304545435038482,FALSE,-0.00049999356269903,0.0304545435038482,0.037111110157437
"9301btp03.olt1usseca",14,"By the People: National","9301",TRUE,0.0107142861400332,FALSE,-0.00749999284744307,-0.0107142861400332,-0.0137499993046126
"9302btp03.olt1usseca",14,"By the People: National","9302",TRUE,0.011125010251999,TRUE,0.020000040531158,-0.011125010251999,-0.0101388957765368
"9303btp03.olt1usseca",14,"By the People: National","9303",TRUE,0.0391176553333507,TRUE,0.0200000107288357,-0.0391176553333507,-0.0450000075193553
"9304btp03.olt1usseca",14,"By the People: National","9304",TRUE,0.0245454528115011,FALSE,-0.0400000214576726,-0.0245454528115011,-0.0388888915379841
"9305btp03.olt1usseca",14,"By the People: National","9305",TRUE,0.0108333329359688,FALSE,-0.015000015497208,-0.0108333329359688,-0.0160000026226041
"9306btp03.olt1usseca",14,"By the People: National","9306",FALSE,-0.0265686266562519,TRUE,0.0724999904632565,0.0265686266562519,0.0397777756055198
"9307btp03.olt1usseca",14,"By the People: National","9307",FALSE,-0.0189052264090457,TRUE,0.0500000119209287,0.0189052264090457,0.0317857140586488
"9308btp03.olt1usseca",14,"By the People: National","9308",TRUE,0.0157142962728227,TRUE,0.0225000083446503,-0.0157142962728227,-0.0130000114440918
"9309btp03.olt1usseca",14,"By the People: National","9309",TRUE,0.00499999026457476,TRUE,0.0225000083446505,-0.00499999026457476,-0.00149998664855966
"9310btp03.olt1usseca",14,"By the People: National","9310",FALSE,-0.0269444336493811,TRUE,0.00249999761581399,0.0269444336493811,0.0306249875575305
"9311btp03.olt1usseca",14,"By the People: National","9311",FALSE,-0.0202380958057585,FALSE,-0.0091176453758689,0.0202380958057585,0.0675000101327895
"9312btp03.olt1usseca",14,"By the People: National","9312",FALSE,-0.0271739117477249,FALSE,-0.0529999951521553,0.0271739117477249,-0.0212499946355822
"9313btp03.olt1usseca",14,"By the People: National","9313",FALSE,-0.0302380990414393,TRUE,0.060999995470047,0.0302380990414393,0.0587500035762787
"9314btp03.olt1usseca",14,"By the People: National","9314",TRUE,0.00899999886751179,TRUE,0.0231818177483298,-0.00899999886751179,0.00833333532015468
"9315btp03.olt1usseca",14,"By the People: National","9315",TRUE,0.0255882371874415,FALSE,-0.010999995470047,-0.0255882371874415,-0.0778571409838539
"9301btp03.olt1humrh2",14,"By the People: National","9301",FALSE,-0.028571424207517,TRUE,0.149999991059304,0.028571424207517,0.0583333267519871
"9302btp03.olt1humrh2",14,"By the People: National","9302",TRUE,0.0322222164935535,TRUE,0.199999988079071,-0.0322222164935535,-0.0124999951157304
"9303btp03.olt1humrh2",14,"By the People: National","9303",FALSE,-3.9444250088394e-09,FALSE,-0.050000000745058,3.9444250088394e-09,-0.0153846104557698
"9304btp03.olt1humrh2",14,"By the People: National","9304",TRUE,0.0181818225167014,FALSE,-0.149999998509884,-0.0181818225167014,-0.0555555605226093
"9305btp03.olt1humrh2",14,"By the People: National","9305",FALSE,-0.116666667163372,FALSE,-0.0999999940395355,0.116666667163372,0.120000001788139
"9306btp03.olt1humrh2",14,"By the People: National","9306",TRUE,0.105882348821444,TRUE,0.149999998509884,-0.105882348821444,-0.0999999955296517
"9307btp03.olt1humrh2",14,"By the People: National","9307",FALSE,-0.0614379029842763,FALSE,-0.0666666527589159,0.0614379029842763,0.0595238059049561
"9308btp03.olt1humrh2",14,"By the People: National","9308",FALSE,-0.0642857157758305,FALSE,-0.0750000029802322,0.0642857157758305,0.0600000008940698
"9309btp03.olt1humrh2",14,"By the People: National","9309",FALSE,-0.100000003973643,FALSE,-0.050000011920929,0.100000003973643,0.110000002384186
"9310btp03.olt1humrh2",14,"By the People: National","9310",FALSE,-0.0166666698124674,FALSE,0,0.0166666698124674,0.0187500035390259
"9311btp03.olt1humrh2",14,"By the People: National","9311",TRUE,0.0571428516081401,TRUE,0.0647058776196312,-0.0571428516081401,-0.0249999910593033
"9312btp03.olt1humrh2",14,"By the People: National","9312",FALSE,-0.00434782323629967,FALSE,-0.0199999948342641,0.00434782323629967,-0.0249999985098839
"9313btp03.olt1humrh2",14,"By the People: National","9313",FALSE,-0.0285714222561745,FALSE,-0.019999998807907,0.0285714222561745,0.0312499920837581
"9314btp03.olt1humrh2",14,"By the People: National","9314",TRUE,0.0599999956786632,TRUE,0.127272725105286,-0.0599999956786632,0.0222222291760975
"9315btp03.olt1humrh2",14,"By the People: National","9315",TRUE,0.0470588242306428,TRUE,0.0700000002980232,-0.0470588242306428,-0.0142857155629567
"9301btp03.olt1envir",14,"By the People: National","9301",TRUE,0.0482142869649188,FALSE,-0.025000013411045,-0.0482142869649188,-0.0604166703609129
"9302btp03.olt1envir",14,"By the People: National","9302",FALSE,-0.0425000056624413,TRUE,0.225000023841858,0.0425000056624413,0.072222231162919
"9303btp03.olt1envir",14,"By the People: National","9303",TRUE,0.0196078406537281,FALSE,-0.0104166716337203,-0.0196078406537281,-0.0288461521267892
"9304btp03.olt1envir",14,"By the People: National","9304",FALSE,-0.0310606103051794,FALSE,-0.0250000059604645,0.0310606103051794,0.0324074112706715
"9305btp03.olt1envir",14,"By the People: National","9305",TRUE,0.0118055626129111,TRUE,0.0125000178813934,-0.0118055626129111,-0.0116666715592145
"9306btp03.olt1envir",14,"By the People: National","9306",TRUE,0.0166666640297455,TRUE,0.125,-0.0166666640297455,-0.00222221923371158
"9307btp03.olt1envir",14,"By the People: National","9307",FALSE,-0.0550381213767466,FALSE,-0.025000015894572,0.0550381213767466,0.0612698318525438
"9308btp03.olt1envir",14,"By the People: National","9308",TRUE,0.0261904756937708,TRUE,0.143750008195639,-0.0261904756937708,0.0208333373069765
"9309btp03.olt1envir",14,"By the People: National","9309",FALSE,-0.0243055547277133,TRUE,0.0499999821186066,0.0243055547277133,0.0391666620969773
"9310btp03.olt1envir",14,"By the People: National","9310",TRUE,0.0796296281947029,TRUE,0.075000002980232,-0.0796296281947029,-0.0802083313465118
"9311btp03.olt1envir",14,"By the People: National","9311",TRUE,0.053174602133887,TRUE,0.0808823494350208,-0.053174602133887,0.0645833238959312
"9312btp03.olt1envir",14,"By the People: National","9312",FALSE,-0.0583333321239637,FALSE,-0.0850000003973642,0.0583333321239637,0.00833332911133766
"9313btp03.olt1envir",14,"By the People: National","9313",TRUE,0.019841275754429,TRUE,0.105000007152557,-0.019841275754429,0.00677082780748617
"9314btp03.olt1envir",14,"By the People: National","9314",TRUE,0.0283333390951157,TRUE,0.0174242447723042,-0.0283333390951157,-0.0416666766007743
"9315btp03.olt1envir",14,"By the People: National","9315",FALSE,-0.0470588207244873,FALSE,-0.0474999994039536,0.0470588207244873,0.0464285654681069
"9301btp03.olt1inter",14,"By the People: National","9301",TRUE,0.0892857142857143,FALSE,0,-0.0892857142857143,-0.104166666666667
"9302btp03.olt1inter",14,"By the People: National","9302",TRUE,0.075,TRUE,0.5,-0.075,-0.0277777777777778
"9303btp03.olt1inter",14,"By the People: National","9303",FALSE,-0.161764705882353,FALSE,0,0.161764705882353,0.211538461538462
"9304btp03.olt1inter",14,"By the People: National","9304",FALSE,-0.0909090909090909,FALSE,-0.125,0.0909090909090909,0.0833333333333333
"9305btp03.olt1inter",14,"By the People: National","9305",FALSE,-0.15719696969697,FALSE,-0.25,0.15719696969697,0.138888888888889
"9306btp03.olt1inter",14,"By the People: National","9306",FALSE,-0.0294117647058824,FALSE,0,0.0294117647058824,0.0333333333333333
"9307btp03.olt1inter",14,"By the People: National","9307",TRUE,0.0939542483660131,FALSE,-0.0833333333333334,-0.0939542483660131,-0.13452380952381
"9308btp03.olt1inter",14,"By the People: National","9308",FALSE,-0.0357142857142857,TRUE,0.1875,0.0357142857142857,0.125
"9309btp03.olt1inter",14,"By the People: National","9309",FALSE,-0.160984848484848,FALSE,0,0.160984848484848,0.194444444444444
"9310btp03.olt1inter",14,"By the People: National","9310",FALSE,-0.111111111111111,FALSE,-0.125,0.111111111111111,0.109375
"9311btp03.olt1inter",14,"By the People: National","9311",FALSE,0,FALSE,0,0,0
"9312btp03.olt1inter",14,"By the People: National","9312",TRUE,0.0597826086956522,TRUE,0.113095238095238,-0.0597826086956522,0.03125
"9313btp03.olt1inter",14,"By the People: National","9313",TRUE,0.107738095238095,TRUE,0.2625,-0.107738095238095,-0.0625
"9314btp03.olt1inter",14,"By the People: National","9314",FALSE,-0.0625,FALSE,-0.126262626262626,0.0625,0
"9315btp03.olt1inter",14,"By the People: National","9315",FALSE,-0.0294117647058824,FALSE,-0.0499999999999999,0.0294117647058824,0
"9301btp03.olt1multi",14,"By the People: National","9301",FALSE,-0.0245287588664462,FALSE,-0.0479166507720945,0.0245287588664462,0.0206307768821715
"9302btp03.olt1multi",14,"By the People: National","9302",FALSE,-0.0479166746139527,FALSE,-0.182291686534882,0.0479166746139527,0.0329861177338494
"9303btp03.olt1multi",14,"By the People: National","9303",TRUE,0.0318306491655461,TRUE,0.0445932596921923,-0.0318306491655461,-0.0279036920804243
"9304btp03.olt1multi",14,"By the People: National","9304",FALSE,-0.0272321430119602,FALSE,-0.00989583134651195,0.0272321430119602,0.0310846567153931
"9305btp03.olt1multi",14,"By the People: National","9305",FALSE,-0.00187664975722635,FALSE,-0.110937491059304,0.00187664975722635,-0.0199355185031892
"9306btp03.olt1multi",14,"By the People: National","9306",TRUE,0.0702404230833052,TRUE,0.209598183631897,-0.0702404230833052,-0.0516593883434932
"9307btp03.olt1multi",14,"By the People: National","9307",TRUE,0.00494572958525508,FALSE,-0.023958345254262,-0.00494572958525508,-0.0115993522462392
"9308btp03.olt1multi",14,"By the People: National","9308",TRUE,0.0309700816869733,FALSE,-0.0819072574377062,-0.0309700816869733,-0.0761210173368452
"9309btp03.olt1multi",14,"By the People: National","9309",FALSE,-0.0498511865735054,TRUE,0.0863839387893675,0.0498511865735054,0.0770982116460799
"9310btp03.olt1multi",14,"By the People: National","9310",FALSE,-0.0458746684922112,FALSE,-0.0973958373069765,0.0458746684922112,0.0394345223903656
"9311btp03.olt1multi",14,"By the People: National","9311",TRUE,0.0262306346779778,TRUE,0.0303834028103772,-0.0262306346779778,-0.00858137011528015
"9312btp03.olt1multi",14,"By the People: National","9312",FALSE,-0.0383902723374575,FALSE,-0.0439742088317874,0.0383902723374575,0.0279203914105891
"9313btp03.olt1multi",14,"By the People: National","9313",TRUE,0.0284235633554912,TRUE,0.102503979206085,-0.0284235633554912,-0.00527343340218056
"9314btp03.olt1multi",14,"By the People: National","9314",TRUE,0.0224057540297506,TRUE,0.0430781055580485,-0.0224057540297506,0.00286045339372432
"9315btp03.olt1multi",14,"By the People: National","9315",TRUE,0.0454423497704898,TRUE,0.0593799650669098,-0.0454423497704898,-0.0255314707756041
"9301btp03.olt1demo",14,"By the People: National","9301",TRUE,0.06269842173372,TRUE,0.197222232818603,-0.06269842173372,-0.040277786552906
"9302btp03.olt1demo",14,"By the People: National","9302",FALSE,-0.00444444566965108,TRUE,0.072222173213959,0.00444444566965108,0.0129629588789412
"9303btp03.olt1demo",14,"By the People: National","9303",TRUE,0.0351307216812583,TRUE,0.136805556714535,-0.0351307216812583,-0.00384615705563485
"9304btp03.olt1demo",14,"By the People: National","9304",TRUE,0.027777767994187,TRUE,0.0499999821186065,-0.027777767994187,-0.0228394981887605
"9305btp03.olt1demo",14,"By the People: National","9305",FALSE,-0.0467592601974805,FALSE,-0.0194444507360461,0.0467592601974805,0.0522222220897675
"9306btp03.olt1demo",14,"By the People: National","9306",TRUE,0.0519607864758548,TRUE,0.0388888865709305,-0.0519607864758548,-0.0537037064631781
"9307btp03.olt1demo",14,"By the People: National","9307",FALSE,-0.015940446820524,TRUE,0.0870370467503864,0.015940446820524,0.0366666645521208
"9308btp03.olt1demo",14,"By the People: National","9308",FALSE,-0.0585317441395352,TRUE,0.037500001490116,0.0585317441395352,0.0969444423913958
"9309btp03.olt1demo",14,"By the People: National","9309",TRUE,0.0312962979078292,FALSE,-0.011111095547676,-0.0312962979078292,-0.0397777765989303
"9310btp03.olt1demo",14,"By the People: National","9310",FALSE,-0.0486111119389534,TRUE,0.0125000178813934,0.0486111119389534,0.0562500031664968
"9311btp03.olt1demo",14,"By the People: National","9311",TRUE,0.0412698416482834,TRUE,0.0372549014932969,-0.0412698416482834,-0.0583333373069762
"9312btp03.olt1demo",14,"By the People: National","9312",FALSE,-0.000845412197320261,TRUE,0.0279629637797674,0.000845412197320261,0.0548611171543596
"9313btp03.olt1demo",14,"By the People: National","9313",FALSE,-0.0327513175351281,TRUE,0.0588888823986054,0.0327513175351281,0.0613888800144197
"9314btp03.olt1demo",14,"By the People: National","9314",TRUE,0.0658333361148835,TRUE,0.0984848520972513,-0.0658333361148835,-0.0259259276919894
"9315btp03.olt1demo",14,"By the People: National","9315",FALSE,-0.00424836838946607,FALSE,-0.00888888835906987,0.00424836838946607,-0.00238094585282472
"9301btp03.olt1forai1",14,"By the People: National","9301",TRUE,0.0741758241758242,FALSE,0,-0.0741758241758242,-0.0833333333333334
"9302btp03.olt1forai1",14,"By the People: National","9302",TRUE,0.15,FALSE,0,-0.15,-0.166666666666667
"9303btp03.olt1forai1",14,"By the People: National","9303",TRUE,0.125,TRUE,0.0416666666666667,-0.125,-0.137820512820513
"9304btp03.olt1forai1",14,"By the People: National","9304",FALSE,0,FALSE,0,0,0
"9305btp03.olt1forai1",14,"By the People: National","9305",FALSE,-0.0083333333333333,TRUE,0.5,0.0083333333333333,0.0833333333333333
"9306btp03.olt1forai1",14,"By the People: National","9306",TRUE,0.09375,TRUE,0.25,-0.09375,-0.0779220779220779
"9307btp03.olt1forai1",14,"By the People: National","9307",TRUE,0.0214285714285715,FALSE,0,-0.0214285714285715,-0.0303030303030303
"9308btp03.olt1forai1",14,"By the People: National","9308",TRUE,0.032051282051282,TRUE,0.125,-0.032051282051282,0
"9309btp03.olt1forai1",14,"By the People: National","9309",TRUE,0.222222222222222,TRUE,0.25,-0.222222222222222,-0.214285714285714
"9310btp03.olt1forai1",14,"By the People: National","9310",FALSE,-0.289583333333333,FALSE,0,0.289583333333333,0.332417582417582
"9311btp03.olt1forai1",14,"By the People: National","9311",FALSE,-0.103618421052632,FALSE,-0.10952380952381,0.103618421052632,0.125
"9312btp03.olt1forai1",14,"By the People: National","9312",TRUE,0.182539682539683,TRUE,0.146153846153846,-0.182539682539683,-0.25
"9313btp03.olt1forai1",14,"By the People: National","9313",TRUE,0.0833333333333333,TRUE,0.333333333333333,-0.0833333333333333,-0.0375
"9314btp03.olt1forai1",14,"By the People: National","9314",TRUE,0.223684210526316,TRUE,0.333333333333333,-0.223684210526316,-0.111111111111111
"9315btp03.olt1forai1",14,"By the People: National","9315",TRUE,0.0666666666666667,TRUE,0.111111111111111,-0.0666666666666667,0
"9301btp03.olt1global",14,"By the People: National","9301",TRUE,0.0468253950987543,TRUE,0.0583333224058156,-0.0468253950987543,-0.0449074072142441
"9302btp03.olt1global",14,"By the People: National","9302",TRUE,0.0213888898491859,TRUE,0.066666662693024,-0.0213888898491859,-0.0163580261998706
"9303btp03.olt1global",14,"By the People: National","9303",FALSE,-0.0333333357292062,FALSE,-0.0145833417773243,0.0333333357292062,0.0391025646374776
"9304btp03.olt1global",14,"By the People: National","9304",FALSE,-0.0249999978325582,FALSE,-0.0416666716337205,0.0249999978325582,0.021296292543411
"9305btp03.olt1global",14,"By the People: National","9305",FALSE,-0.0722222266097863,FALSE,-0.019444465637207,0.0722222266097863,0.0827777788043021
"9306btp03.olt1global",14,"By the People: National","9306",TRUE,0.0610457544817645,TRUE,0.00777776539325703,-0.0610457544817645,-0.0681481530268988
"9307btp03.olt1global",14,"By the People: National","9307",FALSE,-0.035012703754154,TRUE,0.019444445768992,0.035012703754154,0.045873010087581
"9308btp03.olt1global",14,"By the People: National","9308",TRUE,0.0255952243294035,FALSE,-0.0187500193715095,-0.0255952243294035,-0.0433333218097687
"9309btp03.olt1global",14,"By the People: National","9309",TRUE,0.0349537115544082,TRUE,0.0555555522441865,-0.0349537115544082,-0.0308333434164526
"9310btp03.olt1global",14,"By the People: National","9310",FALSE,-0.0597222199042638,TRUE,0.0222222208976739,0.0597222199042638,0.0699652750045061
"9311btp03.olt1global",14,"By the People: National","9311",TRUE,0.0599735400506427,TRUE,0.0734313700129003,-0.0599735400506427,-0.00277776271104779
"9312btp03.olt1global",14,"By the People: National","9312",FALSE,-0.0135748849614806,TRUE,0.00418518086274478,0.0135748849614806,0.0468750083819032
"9313btp03.olt1global",14,"By the People: National","9313",FALSE,-0.000595231850942013,TRUE,0.0630555689334868,0.000595231850942013,0.020486107096076
"9314btp03.olt1global",14,"By the People: National","9314",TRUE,0.0472916617989542,TRUE,0.0794191888787532,-0.0472916617989542,-0.00802468425697767
"9315btp03.olt1global",14,"By the People: National","9315",TRUE,0.0214052235378939,TRUE,0.0358333319425583,-0.0214052235378939,-0.000793640102659032
"9301btp03.olt1trade",14,"By the People: National","9301",FALSE,-0.192857142857143,FALSE,0,0.192857142857143,0.25
"9302btp03.olt1trade",14,"By the People: National","9302",FALSE,0,NA,NA,NA,NA
"9303btp03.olt1trade",14,"By the People: National","9303",FALSE,-0.0297619047619048,FALSE,0,0.0297619047619048,0.05
"9304btp03.olt1trade",14,"By the People: National","9304",FALSE,-0.05,TRUE,0.25,0.05,0.138888888888889
"9305btp03.olt1trade",14,"By the People: National","9305",TRUE,0.305555555555556,TRUE,0.5,-0.305555555555556,-0.25
"9306btp03.olt1trade",14,"By the People: National","9306",FALSE,-0.2,TRUE,0.5,0.2,0.277777777777778
"9307btp03.olt1trade",14,"By the People: National","9307",FALSE,0,FALSE,0,0,0
"9308btp03.olt1trade",14,"By the People: National","9308",TRUE,0.0208333333333334,TRUE,0.5,-0.0208333333333334,0.107142857142857
"9309btp03.olt1trade",14,"By the People: National","9309",FALSE,-0.298611111111111,FALSE,0,0.298611111111111,0.339285714285714
"9310btp03.olt1trade",14,"By the People: National","9310",TRUE,0.186813186813187,FALSE,0,-0.186813186813187,-0.198717948717949
"9311btp03.olt1trade",14,"By the People: National","9311",FALSE,-0.1,FALSE,-0.075,0.1,0.5
"9312btp03.olt1trade",14,"By the People: National","9312",TRUE,0.0833333333333333,TRUE,0.1625,-0.0833333333333333,-0.0142857142857143
"9313btp03.olt1trade",14,"By the People: National","9313",TRUE,0.0686813186813187,FALSE,0,-0.0686813186813187,-0.0833333333333334
"9314btp03.olt1trade",14,"By the People: National","9314",FALSE,-0.073076923076923,TRUE,0.333333333333333,0.073076923076923,0.232142857142857
"9315btp03.olt1trade",14,"By the People: National","9315",TRUE,0.104166666666667,TRUE,0.425,-0.104166666666667,0.178571428571429
"711eu2009.cc1",11,"Europolis","711",FALSE,-0.15,FALSE,-0.04,0.15,0.228571428571429
"7110eu2009.cc1",11,"Europolis","7110",TRUE,0.171428571428571,TRUE,0.342857142857143,-0.171428571428571,-0.0142857142857143
"7111eu2009.cc1",11,"Europolis","7111",TRUE,0.1,TRUE,0.166666666666667,-0.1,-0.0428571428571428
"7112eu2009.cc1",11,"Europolis","7112",TRUE,0.124175824175824,TRUE,0.2,-0.124175824175824,-0.0660714285714286
"7113eu2009.cc1",11,"Europolis","7113",FALSE,-0.361538461538462,FALSE,-0.214285714285714,0.361538461538462,0.533333333333333
"7114eu2009.cc1",11,"Europolis","7114",TRUE,0.0428571428571428,TRUE,0.0444444444444444,-0.0428571428571428,-0.04
"7115eu2009.cc1",11,"Europolis","7115",TRUE,0.0233333333333333,FALSE,-0.01,-0.0233333333333333,-0.08
"7116eu2009.cc1",11,"Europolis","7116",TRUE,0.0152380952380953,TRUE,0.0305555555555556,-0.0152380952380953,0
"7117eu2009.cc1",11,"Europolis","7117",TRUE,0.0133333333333333,TRUE,0.0571428571428572,-0.0133333333333333,0.025
"7118eu2009.cc1",11,"Europolis","7118",TRUE,0.0909090909090908,TRUE,0.0666666666666667,-0.0909090909090908,-0.12
"7119eu2009.cc1",11,"Europolis","7119",TRUE,0.142857142857143,TRUE,0.1,-0.142857142857143,-0.170833333333333
"712eu2009.cc1",11,"Europolis","712",TRUE,0.0214285714285715,TRUE,0.2125,-0.0214285714285715,0.230952380952381
"7120eu2009.cc1",11,"Europolis","7120",FALSE,-0.0523809523809524,TRUE,0.0141414141414142,0.0523809523809524,0.175
"7121eu2009.cc1",11,"Europolis","7121",TRUE,0.0333333333333333,TRUE,0.157142857142857,-0.0333333333333333,0.0750000000000001
"7122eu2009.cc1",11,"Europolis","7122",TRUE,0.0262820512820513,FALSE,-0.05,-0.0262820512820513,-0.135
"7123eu2009.cc1",11,"Europolis","7123",TRUE,0.192857142857143,TRUE,0.271428571428571,-0.192857142857143,-0.114285714285714
"7124eu2009.cc1",11,"Europolis","7124",FALSE,-0.0692307692307692,FALSE,-0.1,0.0692307692307692,0.05
"7125eu2009.cc1",11,"Europolis","7125",TRUE,0.0562499999999999,TRUE,0.0428571428571428,-0.0562499999999999,-0.0666666666666667
"713eu2009.cc1",11,"Europolis","713",TRUE,0.142857142857143,TRUE,0.171428571428571,-0.142857142857143,-0.114285714285714
"714eu2009.cc1",11,"Europolis","714",TRUE,0.271428571428571,TRUE,0.3375,-0.271428571428571,-0.183333333333333
"715eu2009.cc1",11,"Europolis","715",TRUE,0.0833333333333334,TRUE,0.09,-0.0833333333333334,-0.05
"716eu2009.cc1",11,"Europolis","716",FALSE,-0.0357142857142857,FALSE,-0.00909090909090904,0.0357142857142857,0.133333333333333
"717eu2009.cc1",11,"Europolis","717",TRUE,0.159722222222222,TRUE,0.24,-0.159722222222222,0.00833333333333336
"718eu2009.cc1",11,"Europolis","718",TRUE,0.134722222222222,TRUE,0.343333333333333,-0.134722222222222,0.233333333333333
"719eu2009.cc1",11,"Europolis","719",TRUE,0.0428571428571428,TRUE,0.09,-0.0428571428571428,0.0750000000000001
"711eu2009.imm1",11,"Europolis","711",TRUE,0.0833333333333334,TRUE,0.15,-0.0833333333333334,-0.0357142857142857
"7110eu2009.imm1",11,"Europolis","7110",TRUE,0.0178571428571428,FALSE,-0.0357142857142857,-0.0178571428571428,-0.0714285714285714
"7111eu2009.imm1",11,"Europolis","7111",FALSE,-0.0176282051282051,TRUE,0.0833333333333333,0.0176282051282051,0.107142857142857
"7112eu2009.imm1",11,"Europolis","7112",TRUE,0.0384615384615385,TRUE,0.0416666666666667,-0.0384615384615385,-0.0357142857142857
"7113eu2009.imm1",11,"Europolis","7113",TRUE,0.0192307692307692,FALSE,-0.0714285714285714,-0.0192307692307692,-0.125
"7114eu2009.imm1",11,"Europolis","7114",FALSE,-0.0892857142857143,FALSE,-0.0555555555555556,0.0892857142857143,0.15
"7115eu2009.imm1",11,"Europolis","7115",FALSE,-0.225,FALSE,-0.25,0.225,0.2
"7116eu2009.imm1",11,"Europolis","7116",TRUE,0.0714285714285715,TRUE,0.290178571428571,-0.0714285714285715,0.225
"7117eu2009.imm1",11,"Europolis","7117",TRUE,0.152380952380952,TRUE,0.0595238095238095,-0.152380952380952,-0.21875
"7118eu2009.imm1",11,"Europolis","7118",TRUE,0.0909090909090909,TRUE,0.0833333333333334,-0.0909090909090909,-0.1
"7119eu2009.imm1",11,"Europolis","7119",TRUE,0.0666666666666667,TRUE,0.0833333333333333,-0.0666666666666667,-0.0555555555555556
"712eu2009.imm1",11,"Europolis","712",FALSE,-0.0952380952380952,FALSE,-0.120535714285714,0.0952380952380952,0.0714285714285714
"7120eu2009.imm1",11,"Europolis","7120",TRUE,0.09375,TRUE,0.0909090909090909,-0.09375,-0.1
"7121eu2009.imm1",11,"Europolis","7121",TRUE,0.05,TRUE,0.142857142857143,-0.05,0.03125
"7122eu2009.imm1",11,"Europolis","7122",TRUE,0.115384615384615,TRUE,0.09375,-0.115384615384615,-0.15
"7123eu2009.imm1",11,"Europolis","7123",TRUE,0.032967032967033,TRUE,0.101190476190476,-0.032967032967033,0.0357142857142857
"7124eu2009.imm1",11,"Europolis","7124",TRUE,0.0769230769230769,FALSE,-0.05,-0.0769230769230769,-0.151785714285714
"7125eu2009.imm1",11,"Europolis","7125",TRUE,0.03125,TRUE,0.0357142857142857,-0.03125,-0.0277777777777778
"713eu2009.imm1",11,"Europolis","713",TRUE,0.0535714285714285,FALSE,0,-0.0535714285714285,-0.107142857142857
"714eu2009.imm1",11,"Europolis","714",TRUE,0.0892857142857143,FALSE,0,-0.0892857142857143,-0.208333333333333
"715eu2009.imm1",11,"Europolis","715",FALSE,-0.0833333333333334,TRUE,0.025,0.0833333333333334,0.625
"716eu2009.imm1",11,"Europolis","716",FALSE,-0.0178571428571428,TRUE,0.0227272727272727,0.0178571428571428,0.166666666666667
"717eu2009.imm1",11,"Europolis","717",FALSE,-0.25,FALSE,-0.35,0.25,0.125
"718eu2009.imm1",11,"Europolis","718",FALSE,-0.0555555555555555,FALSE,0,0.0555555555555555,0.125
"719eu2009.imm1",11,"Europolis","719",TRUE,0.125,TRUE,0.225,-0.125,0.125
