"poll_id","source_poll_id","poll_name","issue_id","group_key","pair_id","dimension","group_id","adv_t1","dis_t1","adv_t2","dis_t2","grp_t1","grp_t2","disadvantaged_share","n_eligible","reference_tie","no_group_movement","ext_grp","ext_dis","ext_grp_mir","ext_adv_mir","ext_adv","adv_t1_paired","dis_t1_paired","adv_t2_paired","dis_t2_paired","grp_t1_paired","grp_t2_paired","disadvantaged_share_paired","n_eligible_paired","reference_tie_paired","no_group_movement_paired","ext_grp_paired","ext_dis_paired","ext_grp_mir_paired","ext_adv_mir_paired","ext_adv_paired","freqgrp_grp","freqdis_grp","freqgrp_mir","freqadv_mir","freqadv_grp"
12,91,"New Haven","nh.t1manvol","12:9101","12:9101::nh.t1manvol","triple","9101",0.4375,0.5625,0.166666666666667,0.375,0.46875,0.21875,0.25,4,FALSE,FALSE,0.25,0.1875,-0.25,-0.270833333333333,0.270833333333333,0.4375,0.5625,0.166666666666667,0.375,0.46875,0.21875,0.25,4,FALSE,FALSE,0.25,0.1875,-0.25,-0.270833333333333,0.270833333333333,TRUE,TRUE,FALSE,FALSE,TRUE
12,91,"New Haven","nh.t1manvol","12:9103","12:9103::nh.t1manvol","triple","9103",0.5,0.40625,0.1875,0.21875,0.4375,0.208333333333333,0.666666666666667,6,FALSE,FALSE,-0.229166666666667,-0.1875,0.229166666666667,0.3125,-0.3125,0.5,0.40625,0.1875,0.21875,0.4375,0.208333333333333,0.666666666666667,6,FALSE,FALSE,-0.229166666666667,-0.1875,0.229166666666667,0.3125,-0.3125,FALSE,FALSE,TRUE,TRUE,FALSE
12,91,"New Haven","nh.t1manvol","12:9104","12:9104::nh.t1manvol","triple","9104",0.375,0.46875,0.270833333333333,0.364583333333333,0.4375,0.333333333333333,0.666666666666667,9,FALSE,FALSE,0.104166666666667,0.104166666666667,-0.104166666666667,-0.104166666666667,0.104166666666667,0.375,0.46875,0.270833333333333,0.364583333333333,0.4375,0.333333333333333,0.666666666666667,9,FALSE,FALSE,0.104166666666667,0.104166666666667,-0.104166666666667,-0.104166666666667,0.104166666666667,TRUE,TRUE,FALSE,FALSE,TRUE
12,91,"New Haven","nh.t1manvol","12:9108","12:9108::nh.t1manvol","triple","9108",0.46875,0.421875,0.40625,0.390625,0.4453125,0.3984375,0.5,8,FALSE,FALSE,-0.046875,-0.03125,0.046875,0.0625,-0.0625,0.46875,0.421875,0.40625,0.390625,0.4453125,0.3984375,0.5,8,FALSE,FALSE,-0.046875,-0.03125,0.046875,0.0625,-0.0625,FALSE,FALSE,TRUE,TRUE,FALSE
12,91,"New Haven","nh.t1manvol","12:9109","12:9109::nh.t1manvol","triple","9109",0.1875,0.446428571428571,0.375,0.321428571428571,0.4140625,0.328125,0.875,8,FALSE,FALSE,0.0859375,0.125,-0.0859375,0.1875,-0.1875,0.1875,0.446428571428571,0.375,0.321428571428571,0.4140625,0.328125,0.875,8,FALSE,FALSE,0.0859375,0.125,-0.0859375,0.1875,-0.1875,TRUE,TRUE,FALSE,TRUE,FALSE
12,91,"New Haven","nh.t1manvol","12:9110","12:9110::nh.t1manvol","triple","9110",0.4375,0.4375,0.25,0.34375,0.4375,0.2875,0.4,5,TRUE,FALSE,NA,NA,NA,NA,NA,0.4375,0.4375,0.25,0.34375,0.4375,0.2875,0.4,5,TRUE,FALSE,NA,NA,NA,NA,NA,NA,NA,NA,NA,NA
12,91,"New Haven","nh.t1manvol","12:9111","12:9111::nh.t1manvol","triple","9111",0.125,0.40625,0.1875,0.2109375,0.35,0.20625,0.8,10,FALSE,FALSE,0.14375,0.1953125,-0.14375,0.0625,-0.0625,0.125,0.40625,0.1875,0.2109375,0.35,0.20625,0.8,10,FALSE,FALSE,0.14375,0.1953125,-0.14375,0.0625,-0.0625,TRUE,TRUE,FALSE,TRUE,FALSE
12,91,"New Haven","nh.t1manvol","12:9112","12:9112::nh.t1manvol","triple","9112",0.0625,0.475,0,0.3125,0.40625,0.260416666666667,0.833333333333333,6,FALSE,FALSE,0.145833333333333,0.1625,-0.145833333333333,-0.0625,0.0625,0.0625,0.475,0,0.3125,0.40625,0.260416666666667,0.833333333333333,6,FALSE,FALSE,0.145833333333333,0.1625,-0.145833333333333,-0.0625,0.0625,TRUE,TRUE,FALSE,FALSE,TRUE
12,91,"New Haven","nh.t1manvol","12:9113","12:9113::nh.t1manvol","triple","9113",0.4375,0.4375,0.1875,0.325,0.4375,0.302083333333333,0.833333333333333,6,TRUE,FALSE,NA,NA,NA,NA,NA,0.4375,0.4375,0.1875,0.325,0.4375,0.302083333333333,0.833333333333333,6,TRUE,FALSE,NA,NA,NA,NA,NA,NA,NA,NA,NA,NA
12,91,"New Haven","nh.t1manvol","12:9114","12:9114::nh.t1manvol","triple","9114",0.375,0.475,0.5625,0.4125,0.446428571428571,0.455357142857143,0.714285714285714,7,FALSE,FALSE,-0.0089285714285714,0.0625,0.0089285714285714,0.1875,-0.1875,0.375,0.475,0.5625,0.4125,0.446428571428571,0.455357142857143,0.714285714285714,7,FALSE,FALSE,-0.0089285714285714,0.0625,0.0089285714285714,0.1875,-0.1875,FALSE,TRUE,TRUE,TRUE,FALSE
12,91,"New Haven","nh.t1manvol","12:9115","12:9115::nh.t1manvol","triple","9115",0.1875,0.465277777777778,0.3125,0.375,0.414772727272727,0.363636363636364,0.818181818181818,11,FALSE,FALSE,0.0511363636363636,0.0902777777777778,-0.0511363636363636,0.125,-0.125,0.1875,0.465277777777778,0.3125,0.375,0.414772727272727,0.363636363636364,0.818181818181818,11,FALSE,FALSE,0.0511363636363636,0.0902777777777778,-0.0511363636363636,0.125,-0.125,TRUE,TRUE,FALSE,TRUE,FALSE
12,91,"New Haven","nh.t1manvol","12:9116","12:9116::nh.t1manvol","triple","9116",0.4375,0.416666666666667,0.46875,0.541666666666667,0.425,0.5125,0.6,5,FALSE,FALSE,0.0875,0.125,-0.0875,-0.03125,0.03125,0.4375,0.416666666666667,0.46875,0.541666666666667,0.425,0.5125,0.6,5,FALSE,FALSE,0.0875,0.125,-0.0875,-0.03125,0.03125,TRUE,TRUE,FALSE,FALSE,TRUE
12,91,"New Haven","nh.t1endexp","12:9101","12:9101::nh.t1endexp","triple","9101",0.75,0.675000011920929,0.916666666666667,0.5,0.731250002980232,0.8125,0.25,4,FALSE,FALSE,0.0812499970197678,-0.175000011920929,-0.0812499970197678,-0.166666666666667,0.166666666666667,0.75,0.675000011920929,0.916666666666667,0.5,0.731250002980232,0.8125,0.25,4,FALSE,FALSE,0.0812499970197678,-0.175000011920929,-0.0812499970197678,-0.166666666666667,0.166666666666667,TRUE,FALSE,FALSE,FALSE,TRUE
12,91,"New Haven","nh.t1endexp","12:9103","12:9103::nh.t1endexp","triple","9103",0.837500005960464,0.9375,0.9375,0.9375,0.904166668653488,0.9375,0.666666666666667,6,FALSE,FALSE,-0.0333333313465118,0,0.0333333313465118,0.0999999940395355,-0.0999999940395355,0.837500005960464,0.9375,0.9375,0.9375,0.904166668653488,0.9375,0.666666666666667,6,FALSE,FALSE,-0.0333333313465118,0,0.0333333313465118,0.0999999940395355,-0.0999999940395355,FALSE,FALSE,TRUE,TRUE,FALSE
12,91,"New Haven","nh.t1endexp","12:9104","12:9104::nh.t1endexp","triple","9104",0.833333333333333,0.708333333333333,0.916666666666667,0.625,0.75,0.722222222222222,0.666666666666667,9,FALSE,FALSE,-0.0277777777777778,-0.0833333333333334,0.0277777777777778,-0.0833333333333333,0.0833333333333333,0.833333333333333,0.708333333333333,0.916666666666667,0.625,0.75,0.722222222222222,0.666666666666667,9,FALSE,FALSE,-0.0277777777777778,-0.0833333333333334,0.0277777777777778,-0.0833333333333333,0.0833333333333333,FALSE,FALSE,TRUE,FALSE,TRUE
12,91,"New Haven","nh.t1endexp","12:9108","12:9108::nh.t1endexp","triple","9108",0.40625,0.887500002980232,0.40625,0.59375,0.646875001490116,0.5,0.5,8,FALSE,FALSE,0.146875001490116,0.293750002980232,-0.146875001490116,0,0,0.40625,0.887500002980232,0.40625,0.59375,0.646875001490116,0.5,0.5,8,FALSE,FALSE,0.146875001490116,0.293750002980232,-0.146875001490116,0,0,TRUE,TRUE,FALSE,FALSE,FALSE
12,91,"New Haven","nh.t1endexp","12:9109","12:9109::nh.t1endexp","triple","9109",0.875,0.714285714285714,1,0.678571428571429,0.734375,0.71875,0.875,8,FALSE,FALSE,-0.015625,-0.0357142857142857,0.015625,-0.125,0.125,0.875,0.714285714285714,1,0.678571428571429,0.734375,0.71875,0.875,8,FALSE,FALSE,-0.015625,-0.0357142857142857,0.015625,-0.125,0.125,FALSE,FALSE,TRUE,FALSE,TRUE
12,91,"New Haven","nh.t1endexp","12:9110","12:9110::nh.t1endexp","triple","9110",0.683333337306976,0.875,0.833333333333333,0.587500005960464,0.760000002384186,0.735000002384186,0.4,5,FALSE,FALSE,0.0249999999999999,0.287499994039536,-0.0249999999999999,0.149999996026357,-0.149999996026357,0.683333337306976,0.875,0.833333333333333,0.587500005960464,0.760000002384186,0.735000002384186,0.4,5,FALSE,FALSE,0.0249999999999999,0.287499994039536,-0.0249999999999999,0.149999996026357,-0.149999996026357,TRUE,TRUE,FALSE,TRUE,FALSE
12,91,"New Haven","nh.t1endexp","12:9111","12:9111::nh.t1endexp","triple","9111",0.875,0.756250001490116,0.9375,0.78125,0.780000001192093,0.8125,0.8,10,FALSE,FALSE,0.0324999988079071,0.0249999985098839,-0.0324999988079071,-0.0625,0.0625,0.875,0.756250001490116,0.9375,0.78125,0.780000001192093,0.8125,0.8,10,FALSE,FALSE,0.0324999988079071,0.0249999985098839,-0.0324999988079071,-0.0625,0.0625,TRUE,TRUE,FALSE,FALSE,TRUE
12,91,"New Haven","nh.t1endexp","12:9112","12:9112::nh.t1endexp","triple","9112",1,0.910000002384186,1,0.875,0.925000001986822,0.895833333333333,0.833333333333333,6,FALSE,FALSE,-0.0291666686534882,-0.0350000023841858,0.0291666686534882,0,0,1,0.910000002384186,1,0.875,0.925000001986822,0.895833333333333,0.833333333333333,6,FALSE,FALSE,-0.0291666686534882,-0.0350000023841858,0.0291666686534882,0,0,FALSE,FALSE,TRUE,FALSE,FALSE
12,91,"New Haven","nh.t1endexp","12:9113","12:9113::nh.t1endexp","triple","9113",1,0.860000002384186,1,0.95,0.883333335320155,0.958333333333333,0.833333333333333,6,FALSE,FALSE,0.0749999980131786,0.0899999976158141,-0.0749999980131786,0,0,1,0.860000002384186,1,0.95,0.883333335320155,0.958333333333333,0.833333333333333,6,FALSE,FALSE,0.0749999980131786,0.0899999976158141,-0.0749999980131786,0,0,TRUE,TRUE,FALSE,FALSE,FALSE
12,91,"New Haven","nh.t1endexp","12:9114","12:9114::nh.t1endexp","triple","9114",1,0.875,0.0625,0.85,0.910714285714286,0.625,0.714285714285714,7,FALSE,FALSE,-0.285714285714286,-0.025,0.285714285714286,0.9375,-0.9375,1,0.875,0.0625,0.85,0.910714285714286,0.625,0.714285714285714,7,FALSE,FALSE,-0.285714285714286,-0.025,0.285714285714286,0.9375,-0.9375,FALSE,FALSE,TRUE,TRUE,FALSE
12,91,"New Haven","nh.t1endexp","12:9115","12:9115::nh.t1endexp","triple","9115",0.9375,0.79722222354677,0.9375,0.644444445768992,0.822727273810994,0.697727273810994,0.818181818181818,11,FALSE,FALSE,-0.125,-0.152777777777778,0.125,0,0,0.9375,0.79722222354677,0.9375,0.644444445768992,0.822727273810994,0.697727273810994,0.818181818181818,11,FALSE,FALSE,-0.125,-0.152777777777778,0.125,0,0,FALSE,FALSE,TRUE,FALSE,FALSE
12,91,"New Haven","nh.t1endexp","12:9116","12:9116::nh.t1endexp","triple","9116",0.9375,0.725000003973643,0.9375,0.833333333333333,0.810000002384186,0.875,0.6,5,FALSE,FALSE,0.0649999976158142,0.10833332935969,-0.0649999976158142,0,0,0.9375,0.725000003973643,0.9375,0.833333333333333,0.810000002384186,0.875,0.6,5,FALSE,FALSE,0.0649999976158142,0.10833332935969,-0.0649999976158142,0,0,TRUE,TRUE,FALSE,FALSE,FALSE
13,92,"National Issues Convention 2","nic2.t1envir","13:9201","13:9201::nic2.t1envir","triple","9201",0.625,0.892592589060465,0.841666658719381,0.902777771155039,0.825694441795349,0.887499993046125,0.75,12,FALSE,FALSE,-0.0618055512507756,-0.010185182094574,0.0618055512507756,0.216666658719381,-0.216666658719381,0.625,0.892592589060465,0.841666658719381,0.902777771155039,0.825694441795349,0.887499993046125,0.75,12,FALSE,FALSE,-0.0618055512507756,-0.010185182094574,0.0618055512507756,0.216666658719381,-0.216666658719381,FALSE,FALSE,TRUE,TRUE,FALSE
13,92,"National Issues Convention 2","nic2.t1envir","13:9202","13:9202::nic2.t1envir","triple","9202",0.799999997019768,0.858333332972093,0.774999991059303,0.763636364178224,0.84277777671814,0.766666664679845,0.733333333333333,15,FALSE,FALSE,0.0761111120382946,0.0946969687938691,-0.0761111120382946,-0.0250000059604645,0.0250000059604645,0.799999997019768,0.858333332972093,0.774999991059303,0.763636364178224,0.84277777671814,0.766666664679845,0.733333333333333,15,FALSE,FALSE,0.0761111120382946,0.0946969687938691,-0.0761111120382946,-0.0250000059604645,0.0250000059604645,TRUE,TRUE,FALSE,FALSE,TRUE
13,92,"National Issues Convention 2","nic2.t1envir","13:9203","13:9203::nic2.t1envir","triple","9203",0.731250000186265,0.785416671385368,0.756250001490116,0.789583335320155,0.771875003585592,0.781250001862645,0.75,16,FALSE,FALSE,-0.00937499827705324,-0.00416666393478704,0.00937499827705324,0.0250000013038517,-0.0250000013038517,0.731250000186265,0.785416671385368,0.756250001490116,0.789583335320155,0.771875003585592,0.781250001862645,0.75,16,FALSE,FALSE,-0.00937499827705324,-0.00416666393478704,0.00937499827705324,0.0250000013038517,-0.0250000013038517,FALSE,FALSE,TRUE,TRUE,FALSE
13,92,"National Issues Convention 2","nic2.t1envir","13:9204","13:9204::nic2.t1envir","triple","9204",0.791666666666667,0.767500007152557,0.691666682561239,0.737499997019768,0.77307692857889,0.726923078298569,0.769230769230769,13,FALSE,FALSE,-0.0461538502803216,-0.0300000101327896,0.0461538502803216,0.099999984105428,-0.099999984105428,0.791666666666667,0.767500007152557,0.691666682561239,0.737499997019768,0.77307692857889,0.726923078298569,0.769230769230769,13,FALSE,FALSE,-0.0461538502803216,-0.0300000101327896,0.0461538502803216,0.099999984105428,-0.099999984105428,FALSE,FALSE,TRUE,TRUE,FALSE
13,92,"National Issues Convention 2","nic2.t1envir","13:9205","13:9205::nic2.t1envir","triple","9205",0.41666667535901,0.850000002167442,0.462499998509884,0.861363638531078,0.783333336504606,0.80000000160474,0.846153846153846,13,FALSE,FALSE,-0.0166666651001344,-0.0113636363636364,0.0166666651001344,0.0458333231508735,-0.0458333231508735,0.41666667535901,0.850000002167442,0.462499998509884,0.861363638531078,0.783333336504606,0.80000000160474,0.846153846153846,13,FALSE,FALSE,-0.0166666651001344,-0.0113636363636364,0.0166666651001344,0.0458333231508735,-0.0458333231508735,FALSE,FALSE,TRUE,TRUE,FALSE
13,92,"National Issues Convention 2","nic2.t1envir","13:9206","13:9206::nic2.t1envir","triple","9206",0.100000001490116,0.825000004334883,0.300000011920929,0.834090915593234,0.764583337431153,0.789583340287209,0.916666666666667,12,FALSE,FALSE,-0.0250000028560559,-0.00909091125835071,0.0250000028560559,0.200000010430813,-0.200000010430813,0.100000001490116,0.825000004334883,0.300000011920929,0.834090915593234,0.764583337431153,0.789583340287209,0.916666666666667,12,FALSE,FALSE,-0.0250000028560559,-0.00909091125835071,0.0250000028560559,0.200000010430813,-0.200000010430813,FALSE,FALSE,TRUE,TRUE,FALSE
13,92,"National Issues Convention 2","nic2.t1envir","13:9207","13:9207::nic2.t1envir","triple","9207",0.662499994039536,0.80059523667608,0.549999982118606,0.758928573557309,0.783333331346512,0.732812499627471,0.875,16,FALSE,FALSE,0.0505208317190409,0.0416666631187711,-0.0505208317190409,-0.112500011920929,0.112500011920929,0.662499994039536,0.80059523667608,0.549999982118606,0.758928573557309,0.783333331346512,0.732812499627471,0.875,16,FALSE,FALSE,0.0505208317190409,0.0416666631187711,-0.0505208317190409,-0.112500011920929,0.112500011920929,TRUE,TRUE,FALSE,FALSE,TRUE
13,92,"National Issues Convention 2","nic2.t1envir","13:9208","13:9208::nic2.t1envir","triple","9208",0.5625,0.695000004768372,0.787500023841858,0.727500008046627,0.67291667064031,0.737500010679166,0.833333333333333,12,FALSE,FALSE,-0.0645833400388559,-0.0325000032782554,0.0645833400388559,0.225000023841858,-0.225000023841858,0.5625,0.695000004768372,0.787500023841858,0.727500008046627,0.67291667064031,0.737500010679166,0.833333333333333,12,FALSE,FALSE,-0.0645833400388559,-0.0325000032782554,0.0645833400388559,0.225000023841858,-0.225000023841858,FALSE,FALSE,TRUE,TRUE,FALSE
13,92,"National Issues Convention 2","nic2.t1envir","13:9209","13:9209::nic2.t1envir","triple","9209",0.735000002384186,0.729761907032558,0.680000001192093,0.678571428571429,0.731944446762403,0.679166667163372,0.583333333333333,12,FALSE,FALSE,-0.0527777795990308,-0.0511904784611295,0.0527777795990308,0.0550000011920928,-0.0550000011920928,0.735000002384186,0.729761907032558,0.680000001192093,0.678571428571429,0.731944446762403,0.679166667163372,0.583333333333333,12,FALSE,FALSE,-0.0527777795990308,-0.0511904784611295,0.0527777795990308,0.0550000011920928,-0.0550000011920928,FALSE,FALSE,TRUE,TRUE,FALSE
13,92,"National Issues Convention 2","nic2.t1envir","13:9211","13:9211::nic2.t1envir","triple","9211",0.587499991059304,0.792592591709561,0.6875,0.721296292212274,0.755303027954969,0.715151511810043,0.818181818181818,11,FALSE,FALSE,0.0401515161449258,0.0712962994972864,-0.0401515161449258,0.100000008940696,-0.100000008940696,0.587499991059304,0.792592591709561,0.6875,0.721296292212274,0.755303027954969,0.715151511810043,0.818181818181818,11,FALSE,FALSE,0.0401515161449258,0.0712962994972864,-0.0401515161449258,0.100000008940696,-0.100000008940696,TRUE,TRUE,FALSE,TRUE,FALSE
13,92,"National Issues Convention 2","nic2.t1envir","13:9212","13:9212::nic2.t1envir","triple","9212",0.75,0.720833334326744,0.5,0.714999994635582,0.723484849387949,0.695454540577802,0.909090909090909,11,FALSE,FALSE,-0.0280303088101475,-0.00583333969116218,0.0280303088101475,0.25,-0.25,0.75,0.720833334326744,0.5,0.714999994635582,0.723484849387949,0.695454540577802,0.909090909090909,11,FALSE,FALSE,-0.0280303088101475,-0.00583333969116218,0.0280303088101475,0.25,-0.25,FALSE,FALSE,TRUE,TRUE,FALSE
13,92,"National Issues Convention 2","nic2.t1envir","13:9213","13:9213::nic2.t1envir","triple","9213",0.75,0.689743599066368,0.725000023841858,0.703846156597137,0.694047627704484,0.705357147114617,0.928571428571429,14,FALSE,FALSE,0.0113095194101334,0.0141025575307699,-0.0113095194101334,0.024999976158142,-0.024999976158142,0.75,0.689743599066368,0.725000023841858,0.703846156597137,0.694047627704484,0.705357147114617,0.928571428571429,14,FALSE,FALSE,0.0113095194101334,0.0141025575307699,-0.0113095194101334,0.024999976158142,-0.024999976158142,TRUE,TRUE,FALSE,TRUE,FALSE
13,92,"National Issues Convention 2","nic2.t1envir","13:9214","13:9214::nic2.t1envir","triple","9214",0.90625,0.800757578828118,0.96875,0.782575761730021,0.82888889114062,0.832222225268682,0.733333333333333,15,FALSE,FALSE,0.00333333412806203,-0.0181818170980972,-0.00333333412806203,-0.0625,0.0625,0.90625,0.800757578828118,0.96875,0.782575761730021,0.82888889114062,0.832222225268682,0.733333333333333,15,FALSE,FALSE,0.00333333412806203,-0.0181818170980972,-0.00333333412806203,-0.0625,0.0625,TRUE,FALSE,FALSE,FALSE,TRUE
13,92,"National Issues Convention 2","nic2.t1envir","13:9215","13:9215::nic2.t1envir","triple","9215",0.810000002384186,0.805555562178294,0.805000001192093,0.763888882266151,0.807142862251827,0.778571424739701,0.642857142857143,14,FALSE,FALSE,-0.0285714375121253,-0.0416666799121433,0.0285714375121253,0.00500000119209276,-0.00500000119209276,0.810000002384186,0.805555562178294,0.805000001192093,0.763888882266151,0.807142862251827,0.778571424739701,0.642857142857143,14,FALSE,FALSE,-0.0285714375121253,-0.0416666799121433,0.0285714375121253,0.00500000119209276,-0.00500000119209276,FALSE,FALSE,TRUE,TRUE,FALSE
13,92,"National Issues Convention 2","nic2.t1envir","13:9216","13:9216::nic2.t1envir","triple","9216",0.450000002980232,0.903472229838371,0.599999994039536,0.893750001986822,0.838690483144351,0.851785715137209,0.857142857142857,14,FALSE,FALSE,-0.0130952319928578,0.00972222785154975,0.0130952319928578,0.149999991059304,-0.149999991059304,0.450000002980232,0.903472229838371,0.599999994039536,0.893750001986822,0.838690483144351,0.851785715137209,0.857142857142857,14,FALSE,FALSE,-0.0130952319928578,0.00972222785154975,0.0130952319928578,0.149999991059304,-0.149999991059304,FALSE,TRUE,TRUE,TRUE,FALSE
13,92,"National Issues Convention 2","nic2.t1envir","13:9217","13:9217::nic2.t1envir","triple","9217",0.73888889948527,0.750925931665633,0.758333345254262,0.777777784400516,0.747916673620542,0.772916674613953,0.75,12,FALSE,FALSE,-0.0250000009934106,-0.0268518527348836,0.0250000009934106,0.019444445768992,-0.019444445768992,0.73888889948527,0.750925931665633,0.758333345254262,0.777777784400516,0.747916673620542,0.772916674613953,0.75,12,FALSE,FALSE,-0.0250000009934106,-0.0268518527348836,0.0250000009934106,0.019444445768992,-0.019444445768992,FALSE,FALSE,TRUE,TRUE,FALSE
13,92,"National Issues Convention 2","nic2.t1envir","13:9218","13:9218::nic2.t1envir","triple","9218",0.875,0.748611109952132,0.899999976158142,0.75208333445092,0.758333332263506,0.763461537659168,0.923076923076923,13,FALSE,FALSE,0.00512820539566183,0.00347222449878859,-0.00512820539566183,-0.024999976158142,0.024999976158142,0.875,0.748611109952132,0.899999976158142,0.75208333445092,0.758333332263506,0.763461537659168,0.923076923076923,13,FALSE,FALSE,0.00512820539566183,0.00347222449878859,-0.00512820539566183,-0.024999976158142,0.024999976158142,TRUE,TRUE,FALSE,FALSE,TRUE
13,92,"National Issues Convention 2","nic2.t1envir","13:9219","13:9219::nic2.t1envir","triple","9219",0.700000017881393,0.775641019527729,0.824999988079071,0.780769231227728,0.765555552641551,0.786666665474574,0.866666666666667,15,FALSE,FALSE,-0.0211111128330231,-0.00512821169999944,0.0211111128330231,0.124999970197678,-0.124999970197678,0.700000017881393,0.775641019527729,0.824999988079071,0.780769231227728,0.765555552641551,0.786666665474574,0.866666666666667,15,FALSE,FALSE,-0.0211111128330231,-0.00512821169999944,0.0211111128330231,0.124999970197678,-0.124999970197678,FALSE,FALSE,TRUE,TRUE,FALSE
13,92,"National Issues Convention 2","nic2.t1envir","13:9220","13:9220::nic2.t1envir","triple","9220",0.887499988079071,0.880555560191472,0.900000005960464,0.792361112932364,0.881547621318272,0.807738097650664,0.857142857142857,14,FALSE,FALSE,-0.0738095236676081,-0.0881944472591082,0.0738095236676081,-0.0125000178813934,0.0125000178813934,0.887499988079071,0.880555560191472,0.900000005960464,0.792361112932364,0.881547621318272,0.807738097650664,0.857142857142857,14,FALSE,FALSE,-0.0738095236676081,-0.0881944472591082,0.0738095236676081,-0.0125000178813934,0.0125000178813934,FALSE,FALSE,TRUE,FALSE,TRUE
13,92,"National Issues Convention 2","nic2.t1envir","13:9221","13:9221::nic2.t1envir","triple","9221",0.841666678587596,0.727500009536743,0.875000019868215,0.732500000298023,0.753846163933094,0.765384620198837,0.769230769230769,13,FALSE,FALSE,0.0115384562657429,0.00499999076127999,-0.0115384562657429,-0.0333333412806193,0.0333333412806193,0.841666678587596,0.727500009536743,0.875000019868215,0.732500000298023,0.753846163933094,0.765384620198837,0.769230769230769,13,FALSE,FALSE,0.0115384562657429,0.00499999076127999,-0.0115384562657429,-0.0333333412806193,0.0333333412806193,TRUE,TRUE,FALSE,FALSE,TRUE
13,92,"National Issues Convention 2","nic2.t1envir","13:9222","13:9222::nic2.t1envir","triple","9222",0.912499994039536,0.803125001490116,0.775000005960464,0.806249998509884,0.825,0.8,0.8,10,FALSE,FALSE,-0.025,0.00312499701976776,0.025,0.137499988079071,-0.137499988079071,0.912499994039536,0.803125001490116,0.775000005960464,0.806249998509884,0.825,0.8,0.8,10,FALSE,FALSE,-0.025,0.00312499701976776,0.025,0.137499988079071,-0.137499988079071,FALSE,TRUE,TRUE,TRUE,FALSE
13,92,"National Issues Convention 2","nic2.t1envir","13:9223","13:9223::nic2.t1envir","triple","9223",0.808333317438761,0.740151510997252,0.775000015894572,0.730303024703806,0.754761898091861,0.739880951387542,0.785714285714286,14,FALSE,FALSE,-0.0148809467043195,-0.00984848629344592,0.0148809467043195,0.0333333015441893,-0.0333333015441893,0.808333317438761,0.740151510997252,0.775000015894572,0.730303024703806,0.754761898091861,0.739880951387542,0.785714285714286,14,FALSE,FALSE,-0.0148809467043195,-0.00984848629344592,0.0148809467043195,0.0333333015441893,-0.0333333015441893,FALSE,FALSE,TRUE,TRUE,FALSE
13,92,"National Issues Convention 2","nic2.t1envir","13:9224","13:9224::nic2.t1envir","triple","9224",0.9375,0.669047615357808,0.793750002980232,0.564285714711462,0.766666664318605,0.647727274081924,0.636363636363636,11,FALSE,FALSE,-0.118939390236681,-0.104761900646346,0.118939390236681,0.143749997019768,-0.143749997019768,0.9375,0.669047615357808,0.793750002980232,0.564285714711462,0.766666664318605,0.647727274081924,0.636363636363636,11,FALSE,FALSE,-0.118939390236681,-0.104761900646346,0.118939390236681,0.143749997019768,-0.143749997019768,FALSE,FALSE,TRUE,TRUE,FALSE
13,92,"National Issues Convention 2","nic2.t1usseca","13:9201","13:9201::nic2.t1usseca","triple","9201",0.805000007152557,0.828888893127441,0.813333332538605,0.822222219573127,0.82291667163372,0.819999997814496,0.75,12,FALSE,FALSE,0.00291667381922411,0.00666667355431461,-0.00291667381922411,0.00833332538604759,-0.00833332538604759,0.805000007152557,0.828888893127441,0.813333332538605,0.822222219573127,0.82291667163372,0.819999997814496,0.75,12,FALSE,FALSE,0.00291667381922411,0.00666667355431461,-0.00291667381922411,0.00833332538604759,-0.00833332538604759,TRUE,TRUE,FALSE,TRUE,FALSE
13,92,"National Issues Convention 2","nic2.t1usseca","13:9202","13:9202::nic2.t1usseca","triple","9202",0.856250017881393,0.753636368296363,0.916250005364418,0.756818186153065,0.781000008185704,0.799333337942759,0.733333333333333,15,FALSE,FALSE,0.0183333297570546,0.00318181785670191,-0.0183333297570546,-0.0599999874830246,0.0599999874830246,0.856250017881393,0.753636368296363,0.916250005364418,0.756818186153065,0.781000008185704,0.799333337942759,0.733333333333333,15,FALSE,FALSE,0.0183333297570546,0.00318181785670191,-0.0183333297570546,-0.0599999874830246,0.0599999874830246,TRUE,TRUE,FALSE,FALSE,TRUE
13,92,"National Issues Convention 2","nic2.t1usseca","13:9203","13:9203::nic2.t1usseca","triple","9203",0.771250009536743,0.719583335022132,0.823749989271164,0.75583333025376,0.732500003650785,0.772812495008111,0.75,16,FALSE,FALSE,0.0403124913573263,0.0362499952316283,-0.0403124913573263,-0.0524999797344204,0.0524999797344204,0.771250009536743,0.719583335022132,0.823749989271164,0.75583333025376,0.732500003650785,0.772812495008111,0.75,16,FALSE,FALSE,0.0403124913573263,0.0362499952316283,-0.0403124913573263,-0.0524999797344204,0.0524999797344204,TRUE,TRUE,FALSE,FALSE,TRUE
13,92,"National Issues Convention 2","nic2.t1usseca","13:9204","13:9204::nic2.t1usseca","triple","9204",0.886666655540466,0.775999999046326,0.798333346843719,0.804999995231628,0.801538458237281,0.803461537911342,0.769230769230769,13,FALSE,FALSE,0.00192307967406058,0.0289999961853029,-0.00192307967406058,0.0883333086967469,-0.0883333086967469,0.886666655540466,0.775999999046326,0.798333346843719,0.804999995231628,0.801538458237281,0.803461537911342,0.769230769230769,13,FALSE,FALSE,0.00192307967406058,0.0289999961853029,-0.00192307967406058,0.0883333086967469,-0.0883333086967469,TRUE,TRUE,FALSE,TRUE,FALSE
13,92,"National Issues Convention 2","nic2.t1usseca","13:9205","13:9205::nic2.t1usseca","triple","9205",0.8299999833107,0.692727270451459,0.802500009536743,0.779090903022073,0.713846149352881,0.78269230402433,0.846153846153846,13,FALSE,FALSE,0.068846154671449,0.0863636325706135,-0.068846154671449,0.0274999737739565,-0.0274999737739565,0.8299999833107,0.692727270451459,0.802500009536743,0.779090903022073,0.713846149352881,0.78269230402433,0.846153846153846,13,FALSE,FALSE,0.068846154671449,0.0863636325706135,-0.068846154671449,0.0274999737739565,-0.0274999737739565,TRUE,TRUE,FALSE,TRUE,FALSE
13,92,"National Issues Convention 2","nic2.t1usseca","13:9206","13:9206::nic2.t1usseca","triple","9206",0.915000021457672,0.824545448476618,0.925000011920929,0.819090902805328,0.832083329558372,0.827916661898295,0.916666666666667,12,FALSE,FALSE,-0.00416666766007745,-0.00545454567128978,0.00416666766007745,-0.00999999046325695,0.00999999046325695,0.915000021457672,0.824545448476618,0.925000011920929,0.819090902805328,0.832083329558372,0.827916661898295,0.916666666666667,12,FALSE,FALSE,-0.00416666766007745,-0.00545454567128978,0.00416666766007745,-0.00999999046325695,0.00999999046325695,FALSE,FALSE,TRUE,FALSE,TRUE
13,92,"National Issues Convention 2","nic2.t1usseca","13:9207","13:9207::nic2.t1usseca","triple","9207",0.819999992847443,0.760267857994352,0.875,0.786785711135183,0.767734374850988,0.797812497243285,0.875,16,FALSE,FALSE,0.0300781223922968,0.026517853140831,-0.0300781223922968,-0.0550000071525575,0.0550000071525575,0.819999992847443,0.760267857994352,0.875,0.786785711135183,0.767734374850988,0.797812497243285,0.875,16,FALSE,FALSE,0.0300781223922968,0.026517853140831,-0.0300781223922968,-0.0550000071525575,0.0550000071525575,TRUE,TRUE,FALSE,FALSE,TRUE
13,92,"National Issues Convention 2","nic2.t1usseca","13:9208","13:9208::nic2.t1usseca","triple","9208",0.865000009536743,0.701500000059605,0.799999982118607,0.75900000333786,0.728750001639128,0.765833333134651,0.833333333333333,12,FALSE,FALSE,0.0370833314955233,0.0575000032782554,-0.0370833314955233,0.0650000274181369,-0.0650000274181369,0.865000009536743,0.701500000059605,0.799999982118607,0.75900000333786,0.728750001639128,0.765833333134651,0.833333333333333,12,FALSE,FALSE,0.0370833314955233,0.0575000032782554,-0.0370833314955233,0.0650000274181369,-0.0650000274181369,TRUE,TRUE,FALSE,TRUE,FALSE
13,92,"National Issues Convention 2","nic2.t1usseca","13:9209","13:9209::nic2.t1usseca","triple","9209",0.789999997615814,0.881428582327706,0.871000003814697,0.821428579943521,0.843333338697751,0.842083339889844,0.583333333333333,12,FALSE,FALSE,0.00124999880790699,0.0600000023841857,-0.00124999880790699,0.081000006198883,-0.081000006198883,0.789999997615814,0.881428582327706,0.871000003814697,0.821428579943521,0.843333338697751,0.842083339889844,0.583333333333333,12,FALSE,FALSE,0.00124999880790699,0.0600000023841857,-0.00124999880790699,0.081000006198883,-0.081000006198883,TRUE,TRUE,FALSE,TRUE,FALSE
13,92,"National Issues Convention 2","nic2.t1usseca","13:9211","13:9211::nic2.t1usseca","triple","9211",0.582500010728836,0.893888884120517,0.935000002384186,0.874444431728787,0.83727272532203,0.885454535484314,0.818181818181818,11,FALSE,FALSE,-0.0481818101622842,0.0194444523917304,0.0481818101622842,0.35249999165535,-0.35249999165535,0.582500010728836,0.893888884120517,0.935000002384186,0.874444431728787,0.83727272532203,0.885454535484314,0.818181818181818,11,FALSE,FALSE,-0.0481818101622842,0.0194444523917304,0.0481818101622842,0.35249999165535,-0.35249999165535,FALSE,TRUE,TRUE,TRUE,FALSE
13,92,"National Issues Convention 2","nic2.t1usseca","13:9212","13:9212::nic2.t1usseca","triple","9212",0.740000009536743,0.868500000238419,0.899999976158142,0.873500001430511,0.856818182901903,0.875909090042114,0.909090909090909,11,FALSE,FALSE,-0.0190909071402114,-0.00500000119209276,0.0190909071402114,0.159999966621399,-0.159999966621399,0.740000009536743,0.868500000238419,0.899999976158142,0.873500001430511,0.856818182901903,0.875909090042114,0.909090909090909,11,FALSE,FALSE,-0.0190909071402114,-0.00500000119209276,0.0190909071402114,0.159999966621399,-0.159999966621399,FALSE,FALSE,TRUE,TRUE,FALSE
13,92,"National Issues Convention 2","nic2.t1usseca","13:9213","13:9213::nic2.t1usseca","triple","9213",0.819999992847443,0.808076918125153,0.819999992847443,0.769230764645797,0.808928566319602,0.772857138088771,0.928571428571429,14,FALSE,FALSE,-0.0360714282308306,-0.0388461534793562,0.0360714282308306,0,0,0.819999992847443,0.808076918125153,0.819999992847443,0.769230764645797,0.808928566319602,0.772857138088771,0.928571428571429,14,FALSE,FALSE,-0.0360714282308306,-0.0388461534793562,0.0360714282308306,0,0,FALSE,FALSE,TRUE,FALSE,FALSE
13,92,"National Issues Convention 2","nic2.t1usseca","13:9214","13:9214::nic2.t1usseca","triple","9214",0.930000007152557,0.77863636341962,0.921250000596046,0.846363636580381,0.819000001748403,0.866333333651225,0.733333333333333,15,FALSE,FALSE,0.047333331902822,0.0677272731607611,-0.047333331902822,0.00875000655651104,-0.00875000655651104,0.930000007152557,0.77863636341962,0.921250000596046,0.846363636580381,0.819000001748403,0.866333333651225,0.733333333333333,15,FALSE,FALSE,0.047333331902822,0.0677272731607611,-0.047333331902822,0.00875000655651104,-0.00875000655651104,TRUE,TRUE,FALSE,TRUE,FALSE
13,92,"National Issues Convention 2","nic2.t1usseca","13:9215","13:9215::nic2.t1usseca","triple","9215",0.873000001907349,0.868888881471422,0.900000011920929,0.81277777089013,0.870357138769967,0.843928571258272,0.642857142857143,14,FALSE,FALSE,-0.0264285675116949,-0.0561111105812921,0.0264285675116949,-0.0270000100135804,0.0270000100135804,0.873000001907349,0.868888881471422,0.900000011920929,0.81277777089013,0.870357138769967,0.843928571258272,0.642857142857143,14,FALSE,FALSE,-0.0264285675116949,-0.0561111105812921,0.0264285675116949,-0.0270000100135804,0.0270000100135804,FALSE,FALSE,TRUE,FALSE,TRUE
13,92,"National Issues Convention 2","nic2.t1usseca","13:9216","13:9216::nic2.t1usseca","triple","9216",0.8924999833107,0.765833330651124,0.842500001192093,0.784583330154419,0.783928566745349,0.792857140302658,0.857142857142857,14,FALSE,FALSE,0.0089285735573088,0.0187499995032947,-0.0089285735573088,0.0499999821186065,-0.0499999821186065,0.8924999833107,0.765833330651124,0.842500001192093,0.784583330154419,0.783928566745349,0.792857140302658,0.857142857142857,14,FALSE,FALSE,0.0089285735573088,0.0187499995032947,-0.0089285735573088,0.0499999821186065,-0.0499999821186065,TRUE,TRUE,FALSE,TRUE,FALSE
13,92,"National Issues Convention 2","nic2.t1usseca","13:9217","13:9217::nic2.t1usseca","triple","9217",0.760000010331472,0.855555540985531,0.808333337306976,0.858888884385427,0.831666658322016,0.846249997615814,0.75,12,FALSE,FALSE,-0.0145833392937978,-0.00333334339989566,0.0145833392937978,0.0483333269755046,-0.0483333269755046,0.760000010331472,0.855555540985531,0.808333337306976,0.858888884385427,0.831666658322016,0.846249997615814,0.75,12,FALSE,FALSE,-0.0145833392937978,-0.00333334339989566,0.0145833392937978,0.0483333269755046,-0.0483333269755046,FALSE,FALSE,TRUE,TRUE,FALSE
13,92,"National Issues Convention 2","nic2.t1usseca","13:9218","13:9218::nic2.t1usseca","triple","9218",0.730000019073486,0.832500000794729,0.699999988079071,0.817083338896433,0.824615386816172,0.808076927295098,0.923076923076923,13,FALSE,FALSE,0.0165384595210737,0.0154166618982953,-0.0165384595210737,-0.030000030994415,0.030000030994415,0.730000019073486,0.832500000794729,0.699999988079071,0.817083338896433,0.824615386816172,0.808076927295098,0.923076923076923,13,FALSE,FALSE,0.0165384595210737,0.0154166618982953,-0.0165384595210737,-0.030000030994415,0.030000030994415,TRUE,TRUE,FALSE,FALSE,TRUE
13,92,"National Issues Convention 2","nic2.t1usseca","13:9219","13:9219::nic2.t1usseca","triple","9219",0.944999992847443,0.823846156780536,0.922500014305115,0.858205132759534,0.840000001589457,0.866777783632278,0.866666666666667,15,FALSE,FALSE,0.0267777820428211,0.034358975978998,-0.0267777820428211,0.0224999785423281,-0.0224999785423281,0.944999992847443,0.823846156780536,0.922500014305115,0.858205132759534,0.840000001589457,0.866777783632278,0.866666666666667,15,FALSE,FALSE,0.0267777820428211,0.034358975978998,-0.0267777820428211,0.0224999785423281,-0.0224999785423281,TRUE,TRUE,FALSE,TRUE,FALSE
13,92,"National Issues Convention 2","nic2.t1usseca","13:9220","13:9220::nic2.t1usseca","triple","9220",0.840000003576278,0.789166664083799,0.887499988079071,0.828750004371007,0.796428569725582,0.837142859186445,0.857142857142857,14,FALSE,FALSE,0.0407142894608632,0.0395833402872084,-0.0407142894608632,-0.0474999845027926,0.0474999845027926,0.840000003576278,0.789166664083799,0.887499988079071,0.828750004371007,0.796428569725582,0.837142859186445,0.857142857142857,14,FALSE,FALSE,0.0407142894608632,0.0395833402872084,-0.0407142894608632,-0.0474999845027926,0.0474999845027926,TRUE,TRUE,FALSE,FALSE,TRUE
13,92,"National Issues Convention 2","nic2.t1usseca","13:9221","13:9221::nic2.t1usseca","triple","9221",0.839999993642171,0.74475000500679,0.85833332935969,0.820999997854233,0.766730771614955,0.8296153820478,0.769230769230769,13,FALSE,FALSE,0.0628846104328447,0.0762499928474425,-0.0628846104328447,-0.0183333357175186,0.0183333357175186,0.839999993642171,0.74475000500679,0.85833332935969,0.820999997854233,0.766730771614955,0.8296153820478,0.769230769230769,13,FALSE,FALSE,0.0628846104328447,0.0762499928474425,-0.0628846104328447,-0.0183333357175186,0.0183333357175186,TRUE,TRUE,FALSE,FALSE,TRUE
13,92,"National Issues Convention 2","nic2.t1usseca","13:9222","13:9222::nic2.t1usseca","triple","9222",0.909999996423722,0.875624999403954,0.81750002503395,0.875,0.882499998807907,0.86350000500679,0.8,10,FALSE,FALSE,-0.0189999938011169,-0.000624999403953441,0.0189999938011169,0.0924999713897711,-0.0924999713897711,0.909999996423722,0.875624999403954,0.81750002503395,0.875,0.882499998807907,0.86350000500679,0.8,10,FALSE,FALSE,-0.0189999938011169,-0.000624999403953441,0.0189999938011169,0.0924999713897711,-0.0924999713897711,FALSE,FALSE,TRUE,TRUE,FALSE
13,92,"National Issues Convention 2","nic2.t1usseca","13:9223","13:9223::nic2.t1usseca","triple","9223",0.841666658719381,0.863636352799155,0.8449999888738,0.798409093510021,0.858928561210632,0.808392856802259,0.785714285714286,14,FALSE,FALSE,0.0505357044083732,0.0652272592891345,-0.0505357044083732,0.00333333015441872,-0.00333333015441872,0.841666658719381,0.863636352799155,0.8449999888738,0.798409093510021,0.858928561210632,0.808392856802259,0.785714285714286,14,FALSE,FALSE,0.0505357044083732,0.0652272592891345,-0.0505357044083732,0.00333333015441872,-0.00333333015441872,TRUE,TRUE,FALSE,TRUE,FALSE
13,92,"National Issues Convention 2","nic2.t1usseca","13:9224","13:9224::nic2.t1usseca","triple","9224",0.84875001013279,0.892142857824053,0.879999995231629,0.869999996253422,0.876363640481775,0.873636359518225,0.636363636363636,11,FALSE,FALSE,0.00272728096355079,0.0221428615706306,-0.00272728096355079,0.0312499850988388,-0.0312499850988388,0.84875001013279,0.892142857824053,0.879999995231629,0.869999996253422,0.876363640481775,0.873636359518225,0.636363636363636,11,FALSE,FALSE,0.00272728096355079,0.0221428615706306,-0.00272728096355079,0.0312499850988388,-0.0312499850988388,TRUE,TRUE,FALSE,TRUE,FALSE
13,92,"National Issues Convention 2","nic2.t1humrh2","13:9201","13:9201::nic2.t1humrh2","triple","9201",0.700000007947286,0.788888878292508,0.76666667064031,0.811111112435659,0.766666660706202,0.800000001986822,0.75,12,FALSE,FALSE,-0.0333333412806194,-0.0222222341431513,0.0333333412806194,0.0666666626930237,-0.0666666626930237,0.700000007947286,0.788888878292508,0.76666667064031,0.811111112435659,0.766666660706202,0.800000001986822,0.75,12,FALSE,FALSE,-0.0333333412806194,-0.0222222341431513,0.0333333412806194,0.0666666626930237,-0.0666666626930237,FALSE,FALSE,TRUE,TRUE,FALSE
13,92,"National Issues Convention 2","nic2.t1humrh2","13:9202","13:9202::nic2.t1humrh2","triple","9202",0.875,0.681818187236786,0.75,0.727272729982029,0.733333337306976,0.733333335320155,0.733333333333333,15,FALSE,FALSE,-1.98682148511153e-09,0.0454545427452435,1.98682148511153e-09,0.125,-0.125,0.875,0.681818187236786,0.75,0.727272729982029,0.733333337306976,0.733333335320155,0.733333333333333,15,FALSE,FALSE,-1.98682148511153e-09,0.0454545427452435,1.98682148511153e-09,0.125,-0.125,FALSE,TRUE,TRUE,TRUE,FALSE
13,92,"National Issues Convention 2","nic2.t1humrh2","13:9203","13:9203::nic2.t1humrh2","triple","9203",0.775000005960464,0.741666669646899,0.75,0.716666668653488,0.75000000372529,0.725000001490116,0.75,16,FALSE,FALSE,-0.0250000022351742,-0.0250000009934107,0.0250000022351742,0.0250000059604645,-0.0250000059604645,0.775000005960464,0.741666669646899,0.75,0.716666668653488,0.75000000372529,0.725000001490116,0.75,16,FALSE,FALSE,-0.0250000022351742,-0.0250000009934107,0.0250000022351742,0.0250000059604645,-0.0250000059604645,FALSE,FALSE,TRUE,TRUE,FALSE
13,92,"National Issues Convention 2","nic2.t1humrh2","13:9204","13:9204::nic2.t1humrh2","triple","9204",0.600000003973643,0.660000002384186,0.533333341280619,0.700000008940697,0.64615384890483,0.66153847024991,0.769230769230769,13,FALSE,FALSE,-0.0153846213450799,-0.0400000065565109,0.0153846213450799,-0.0666666626930237,0.0666666626930237,0.600000003973643,0.660000002384186,0.533333341280619,0.700000008940697,0.64615384890483,0.66153847024991,0.769230769230769,13,FALSE,FALSE,-0.0153846213450799,-0.0400000065565109,0.0153846213450799,-0.0666666626930237,0.0666666626930237,FALSE,FALSE,TRUE,FALSE,TRUE
13,92,"National Issues Convention 2","nic2.t1humrh2","13:9205","13:9205::nic2.t1humrh2","triple","9205",0.599999994039536,0.672727275978435,0.550000011920929,0.827272732149471,0.661538463372451,0.784615390575849,0.846153846153846,13,FALSE,FALSE,-0.123076927203398,-0.154545456171036,0.123076927203398,-0.0499999821186066,0.0499999821186066,0.599999994039536,0.672727275978435,0.550000011920929,0.827272732149471,0.661538463372451,0.784615390575849,0.846153846153846,13,FALSE,FALSE,-0.123076927203398,-0.154545456171036,0.123076927203398,-0.0499999821186066,0.0499999821186066,FALSE,FALSE,TRUE,FALSE,TRUE
13,92,"National Issues Convention 2","nic2.t1humrh2","13:9206","13:9206::nic2.t1humrh2","triple","9206",0.300000011920929,0.727272729982029,0.5,0.736363633112474,0.691666670143604,0.716666663686434,0.916666666666667,12,FALSE,FALSE,-0.0249999935428301,-0.00909090313044458,0.0249999935428301,0.199999988079071,-0.199999988079071,0.300000011920929,0.727272729982029,0.5,0.736363633112474,0.691666670143604,0.716666663686434,0.916666666666667,12,FALSE,FALSE,-0.0249999935428301,-0.00909090313044458,0.0249999935428301,0.199999988079071,-0.199999988079071,FALSE,FALSE,TRUE,TRUE,FALSE
13,92,"National Issues Convention 2","nic2.t1humrh2","13:9207","13:9207::nic2.t1humrh2","triple","9207",0.650000005960464,0.742857142218522,0.849999994039536,0.714285720671926,0.731250000186265,0.731250004842877,0.875,16,FALSE,FALSE,-4.65661287307739e-09,0.0285714215465954,4.65661287307739e-09,0.199999988079071,-0.199999988079071,0.650000005960464,0.742857142218522,0.849999994039536,0.714285720671926,0.731250000186265,0.731250004842877,0.875,16,FALSE,FALSE,-4.65661287307739e-09,0.0285714215465954,4.65661287307739e-09,0.199999988079071,-0.199999988079071,FALSE,TRUE,TRUE,TRUE,FALSE
13,92,"National Issues Convention 2","nic2.t1humrh2","13:9208","13:9208::nic2.t1humrh2","triple","9208",0.75,0.640000001341104,0.700000017881393,0.749999994039536,0.65833333445092,0.741666664679845,0.833333333333333,12,FALSE,FALSE,0.0833333302289248,0.109999992698431,-0.0833333302289248,0.0499999821186066,-0.0499999821186066,0.75,0.640000001341104,0.700000017881393,0.749999994039536,0.65833333445092,0.741666664679845,0.833333333333333,12,FALSE,FALSE,0.0833333302289248,0.109999992698431,-0.0833333302289248,0.0499999821186066,-0.0499999821186066,TRUE,TRUE,FALSE,TRUE,FALSE
13,92,"National Issues Convention 2","nic2.t1humrh2","13:9209","13:9209::nic2.t1humrh2","triple","9209",0.540000006556511,0.671428569725582,0.580000007152557,0.642857142857143,0.616666668405135,0.616666669646899,0.583333333333333,12,FALSE,FALSE,-1.24176358085037e-09,0.0285714268684387,1.24176358085037e-09,0.0400000005960466,-0.0400000005960466,0.540000006556511,0.671428569725582,0.580000007152557,0.642857142857143,0.616666668405135,0.616666669646899,0.583333333333333,12,FALSE,FALSE,-1.24176358085037e-09,0.0285714268684387,1.24176358085037e-09,0.0400000005960466,-0.0400000005960466,FALSE,TRUE,TRUE,TRUE,FALSE
13,92,"National Issues Convention 2","nic2.t1humrh2","13:9211","13:9211::nic2.t1humrh2","triple","9211",0.75,0.700000001324548,0.900000005960464,0.666666669978036,0.70909091017463,0.709090912883932,0.818181818181818,11,FALSE,FALSE,2.70930200496622e-09,-0.0333333313465118,-2.70930200496622e-09,-0.150000005960464,0.150000005960464,0.75,0.700000001324548,0.900000005960464,0.666666669978036,0.70909091017463,0.709090912883932,0.818181818181818,11,FALSE,FALSE,2.70930200496622e-09,-0.0333333313465118,-2.70930200496622e-09,-0.150000005960464,0.150000005960464,TRUE,FALSE,FALSE,FALSE,TRUE
13,92,"National Issues Convention 2","nic2.t1humrh2","13:9212","13:9212::nic2.t1humrh2","triple","9212",0.699999988079071,0.680000001192093,0.600000023841858,0.620000012218952,0.681818181818182,0.618181831457398,0.909090909090909,11,FALSE,FALSE,-0.0636363503607837,-0.0599999889731407,0.0636363503607837,0.099999964237213,-0.099999964237213,0.699999988079071,0.680000001192093,0.600000023841858,0.620000012218952,0.681818181818182,0.618181831457398,0.909090909090909,11,FALSE,FALSE,-0.0636363503607837,-0.0599999889731407,0.0636363503607837,0.099999964237213,-0.099999964237213,FALSE,FALSE,TRUE,TRUE,FALSE
13,92,"National Issues Convention 2","nic2.t1humrh2","13:9213","13:9213::nic2.t1humrh2","triple","9213",0.5,0.661538458787478,0.400000005960464,0.692307694600179,0.649999997445515,0.671428573983056,0.928571428571429,14,FALSE,FALSE,-0.0214285765375409,-0.0307692358127006,0.0214285765375409,-0.099999994039536,0.099999994039536,0.5,0.661538458787478,0.400000005960464,0.692307694600179,0.649999997445515,0.671428573983056,0.928571428571429,14,FALSE,FALSE,-0.0214285765375409,-0.0307692358127006,0.0214285765375409,-0.099999994039536,0.099999994039536,FALSE,FALSE,TRUE,FALSE,TRUE
13,92,"National Issues Convention 2","nic2.t1humrh2","13:9214","13:9214::nic2.t1humrh2","triple","9214",0.850000008940697,0.681818187236786,0.799999997019768,0.827272724021565,0.726666673024496,0.819999996821086,0.733333333333333,15,FALSE,FALSE,0.0933333237965901,0.145454536784779,-0.0933333237965901,0.050000011920929,-0.050000011920929,0.850000008940697,0.681818187236786,0.799999997019768,0.827272724021565,0.726666673024496,0.819999996821086,0.733333333333333,15,FALSE,FALSE,0.0933333237965901,0.145454536784779,-0.0933333237965901,0.050000011920929,-0.050000011920929,TRUE,TRUE,FALSE,TRUE,FALSE
13,92,"National Issues Convention 2","nic2.t1humrh2","13:9215","13:9215::nic2.t1humrh2","triple","9215",0.540000006556511,0.666666666666667,0.720000016689301,0.700000001324548,0.621428573770182,0.707142863954817,0.642857142857143,14,FALSE,FALSE,-0.0857142901846342,-0.033333334657881,0.0857142901846342,0.18000001013279,-0.18000001013279,0.540000006556511,0.666666666666667,0.720000016689301,0.700000001324548,0.621428573770182,0.707142863954817,0.642857142857143,14,FALSE,FALSE,-0.0857142901846342,-0.033333334657881,0.0857142901846342,0.18000001013279,-0.18000001013279,FALSE,FALSE,TRUE,TRUE,FALSE
13,92,"National Issues Convention 2","nic2.t1humrh2","13:9216","13:9216::nic2.t1humrh2","triple","9216",0.5,0.758333335320155,0.700000017881393,0.80833334227403,0.721428573131561,0.792857153075082,0.857142857142857,14,FALSE,FALSE,-0.0714285799435208,-0.0500000069538754,0.0714285799435208,0.200000017881393,-0.200000017881393,0.5,0.758333335320155,0.700000017881393,0.80833334227403,0.721428573131561,0.792857153075082,0.857142857142857,14,FALSE,FALSE,-0.0714285799435208,-0.0500000069538754,0.0714285799435208,0.200000017881393,-0.200000017881393,FALSE,FALSE,TRUE,TRUE,FALSE
13,92,"National Issues Convention 2","nic2.t1humrh2","13:9217","13:9217::nic2.t1humrh2","triple","9217",0.800000011920929,0.733333339293798,0.73333332935969,0.799999995364083,0.750000007450581,0.783333328862985,0.75,12,FALSE,FALSE,0.0333333214124043,0.0666666560702853,-0.0333333214124043,0.0666666825612386,-0.0666666825612386,0.800000011920929,0.733333339293798,0.73333332935969,0.799999995364083,0.750000007450581,0.783333328862985,0.75,12,FALSE,FALSE,0.0333333214124043,0.0666666560702853,-0.0333333214124043,0.0666666825612386,-0.0666666825612386,TRUE,TRUE,FALSE,TRUE,FALSE
13,92,"National Issues Convention 2","nic2.t1humrh2","13:9218","13:9218::nic2.t1humrh2","triple","9218",0.899999976158142,0.799999999503295,0.899999976158142,0.716666668653488,0.807692305399821,0.730769230769231,0.923076923076923,13,FALSE,FALSE,-0.0769230746305906,-0.0833333308498064,0.0769230746305906,0,0,0.899999976158142,0.799999999503295,0.899999976158142,0.716666668653488,0.807692305399821,0.730769230769231,0.923076923076923,13,FALSE,FALSE,-0.0769230746305906,-0.0833333308498064,0.0769230746305906,0,0,FALSE,FALSE,TRUE,FALSE,FALSE
13,92,"National Issues Convention 2","nic2.t1humrh2","13:9219","13:9219::nic2.t1humrh2","triple","9219",0.799999982118607,0.730769233061717,0.799999982118607,0.707692311360286,0.739999999602636,0.720000000794728,0.866666666666667,15,FALSE,FALSE,-0.0199999988079071,-0.0230769217014313,0.0199999988079071,0,0,0.799999982118607,0.730769233061717,0.799999982118607,0.707692311360286,0.739999999602636,0.720000000794728,0.866666666666667,15,FALSE,FALSE,-0.0199999988079071,-0.0230769217014313,0.0199999988079071,0,0,FALSE,FALSE,TRUE,FALSE,FALSE
13,92,"National Issues Convention 2","nic2.t1humrh2","13:9220","13:9220::nic2.t1humrh2","triple","9220",0.650000005960464,0.708333333333333,0.75,0.774999996026357,0.700000000851495,0.771428568022592,0.857142857142857,14,FALSE,FALSE,-0.0714285671710968,-0.0666666626930237,0.0714285671710968,0.0999999940395355,-0.0999999940395355,0.650000005960464,0.708333333333333,0.75,0.774999996026357,0.700000000851495,0.771428568022592,0.857142857142857,14,FALSE,FALSE,-0.0714285671710968,-0.0666666626930237,0.0714285671710968,0.0999999940395355,-0.0999999940395355,FALSE,FALSE,TRUE,TRUE,FALSE
13,92,"National Issues Convention 2","nic2.t1humrh2","13:9221","13:9221::nic2.t1humrh2","triple","9221",0.76666667064031,0.660000006109476,0.633333345254262,0.670000004768372,0.684615390231976,0.661538467957423,0.769230769230769,13,FALSE,FALSE,-0.0230769222745528,0.00999999865889556,0.0230769222745528,0.133333325386047,-0.133333325386047,0.76666667064031,0.660000006109476,0.633333345254262,0.670000004768372,0.684615390231976,0.661538467957423,0.769230769230769,13,FALSE,FALSE,-0.0230769222745528,0.00999999865889556,0.0230769222745528,0.133333325386047,-0.133333325386047,FALSE,TRUE,TRUE,TRUE,FALSE
13,92,"National Issues Convention 2","nic2.t1humrh2","13:9222","13:9222::nic2.t1humrh2","triple","9222",0.350000001490116,0.712500004097819,0.549999997019768,0.824999995529652,0.640000003576279,0.769999995827675,0.8,10,FALSE,FALSE,-0.129999992251396,-0.112499991431832,0.129999992251396,0.199999995529652,-0.199999995529652,0.350000001490116,0.712500004097819,0.549999997019768,0.824999995529652,0.640000003576279,0.769999995827675,0.8,10,FALSE,FALSE,-0.129999992251396,-0.112499991431832,0.129999992251396,0.199999995529652,-0.199999995529652,FALSE,FALSE,TRUE,TRUE,FALSE
13,92,"National Issues Convention 2","nic2.t1humrh2","13:9223","13:9223::nic2.t1humrh2","triple","9223",0.5,0.772727272727273,0.599999994039535,0.681818181818182,0.714285714285714,0.664285713008472,0.785714285714286,14,FALSE,FALSE,0.0500000012772425,0.0909090909090908,-0.0500000012772425,0.0999999940395353,-0.0999999940395353,0.5,0.772727272727273,0.599999994039535,0.681818181818182,0.714285714285714,0.664285713008472,0.785714285714286,14,FALSE,FALSE,0.0500000012772425,0.0909090909090908,-0.0500000012772425,0.0999999940395353,-0.0999999940395353,TRUE,TRUE,FALSE,TRUE,FALSE
13,92,"National Issues Convention 2","nic2.t1humrh2","13:9224","13:9224::nic2.t1humrh2","triple","9224",0.75,0.714285714285714,0.775000005960464,0.68571429167475,0.727272727272727,0.718181824142283,0.636363636363636,11,FALSE,FALSE,-0.00909090313044469,-0.0285714226109641,0.00909090313044469,-0.0250000059604645,0.0250000059604645,0.75,0.714285714285714,0.775000005960464,0.68571429167475,0.727272727272727,0.718181824142283,0.636363636363636,11,FALSE,FALSE,-0.00909090313044469,-0.0285714226109641,0.00909090313044469,-0.0250000059604645,0.0250000059604645,FALSE,FALSE,TRUE,FALSE,TRUE
13,92,"National Issues Convention 2","nic2.t1multi","13:9201","13:9201::nic2.t1multi","triple","9201",0.660416662693024,0.726014110777113,0.73645834128062,0.802199085553487,0.709614748756091,0.78576389948527,0.75,12,FALSE,FALSE,-0.0761491507291797,-0.0761849747763742,0.0761491507291797,0.076041678587596,-0.076041678587596,0.660416662693024,0.726014110777113,0.73645834128062,0.802199085553487,0.709614748756091,0.78576389948527,0.75,12,FALSE,FALSE,-0.0761491507291797,-0.0761849747763742,0.0761491507291797,0.076041678587596,-0.076041678587596,FALSE,FALSE,TRUE,TRUE,FALSE
13,92,"National Issues Convention 2","nic2.t1multi","13:9202","13:9202::nic2.t1multi","triple","9202",0.734374985098838,0.763717532157898,0.756919637322426,0.828733774748716,0.755892852942149,0.809583338101705,0.733333333333333,15,FALSE,FALSE,-0.0536904851595564,-0.0650162425908177,0.0536904851595564,0.0225446522235876,-0.0225446522235876,0.734374985098838,0.763717532157898,0.756919637322426,0.828733774748716,0.755892852942149,0.809583338101705,0.733333333333333,15,FALSE,FALSE,-0.0536904851595564,-0.0650162425908177,0.0536904851595564,0.0225446522235876,-0.0225446522235876,FALSE,FALSE,TRUE,TRUE,FALSE
13,92,"National Issues Convention 2","nic2.t1multi","13:9203","13:9203::nic2.t1multi","triple","9203",0.706770844757557,0.695052087306976,0.752083346247673,0.796209494272868,0.697981776669621,0.785177957266569,0.75,16,FALSE,FALSE,0.0871961805969477,0.101157406965892,-0.0871961805969477,-0.045312501490116,0.045312501490116,0.706770844757557,0.695052087306976,0.752083346247673,0.796209494272868,0.697981776669621,0.785177957266569,0.75,16,FALSE,FALSE,0.0871961805969477,0.101157406965892,-0.0871961805969477,-0.045312501490116,0.045312501490116,TRUE,TRUE,FALSE,FALSE,TRUE
13,92,"National Issues Convention 2","nic2.t1multi","13:9204","13:9204::nic2.t1multi","triple","9204",0.70441468556722,0.664241072535515,0.716567476590475,0.742361122369766,0.673511906312062,0.736408742574545,0.769230769230769,13,FALSE,FALSE,0.0628968362624828,0.0781200498342512,-0.0628968362624828,-0.0121527910232543,0.0121527910232543,0.70441468556722,0.664241072535515,0.716567476590475,0.742361122369766,0.673511906312062,0.736408742574545,0.769230769230769,13,FALSE,FALSE,0.0628968362624828,0.0781200498342512,-0.0628968362624828,-0.0121527910232543,0.0121527910232543,TRUE,TRUE,FALSE,FALSE,TRUE
13,92,"National Issues Convention 2","nic2.t1multi","13:9205","13:9205::nic2.t1multi","triple","9205",0.655729174613953,0.781325762922114,0.625520825386047,0.843465913425792,0.762003210874704,0.809935899881216,0.846153846153846,13,FALSE,FALSE,-0.0479326890065118,-0.0621401505036786,0.0479326890065118,-0.030208349227905,0.030208349227905,0.655729174613953,0.781325762922114,0.625520825386047,0.843465913425792,0.762003210874704,0.809935899881216,0.846153846153846,13,FALSE,FALSE,-0.0479326890065118,-0.0621401505036786,0.0479326890065118,-0.030208349227905,0.030208349227905,FALSE,FALSE,TRUE,FALSE,TRUE
13,92,"National Issues Convention 2","nic2.t1multi","13:9206","13:9206::nic2.t1multi","triple","9206",0.492708325386047,0.79650974815542,0.854761898517609,0.798660722645846,0.771192962924639,0.80333582063516,0.916666666666667,12,FALSE,FALSE,-0.0321428577105207,-0.00215097449042612,0.0321428577105207,0.362053573131562,-0.362053573131562,0.492708325386047,0.79650974815542,0.854761898517609,0.798660722645846,0.771192962924639,0.80333582063516,0.916666666666667,12,FALSE,FALSE,-0.0321428577105207,-0.00215097449042612,0.0321428577105207,0.362053573131562,-0.362053573131562,FALSE,FALSE,TRUE,TRUE,FALSE
13,92,"National Issues Convention 2","nic2.t1multi","13:9207","13:9207::nic2.t1multi","triple","9207",0.771354168653488,0.741018282515662,0.685416668653488,0.81540179678372,0.74481026828289,0.799153655767441,0.875,16,FALSE,FALSE,0.0543433874845508,0.0743835142680579,-0.0543433874845508,0.0859374999999994,-0.0859374999999994,0.771354168653488,0.741018282515662,0.685416668653488,0.81540179678372,0.74481026828289,0.799153655767441,0.875,16,FALSE,FALSE,0.0543433874845508,0.0743835142680579,-0.0543433874845508,0.0859374999999994,-0.0859374999999994,TRUE,TRUE,FALSE,TRUE,FALSE
13,92,"National Issues Convention 2","nic2.t1multi","13:9208","13:9208::nic2.t1multi","triple","9208",0.717187494039536,0.719875994324684,0.737500011920929,0.799375009536743,0.719427910943826,0.789062509934108,0.833333333333333,12,FALSE,FALSE,-0.0696345989902816,-0.0794990152120593,0.0696345989902816,0.0203125178813934,-0.0203125178813934,0.717187494039536,0.719875994324684,0.737500011920929,0.799375009536743,0.719427910943826,0.789062509934108,0.833333333333333,12,FALSE,FALSE,-0.0696345989902816,-0.0794990152120593,0.0696345989902816,0.0203125178813934,-0.0203125178813934,FALSE,FALSE,TRUE,TRUE,FALSE
13,92,"National Issues Convention 2","nic2.t1multi","13:9209","13:9209::nic2.t1multi","triple","9209",0.670148801803589,0.806143718106406,0.790208315849304,0.821045926639012,0.749479169646899,0.8081969221433,0.583333333333333,12,FALSE,FALSE,-0.0587177524964015,-0.014902208532606,0.0587177524964015,0.120059514045715,-0.120059514045715,0.670148801803589,0.806143718106406,0.790208315849304,0.821045926639012,0.749479169646899,0.8081969221433,0.583333333333333,12,FALSE,FALSE,-0.0587177524964015,-0.014902208532606,0.0587177524964015,0.120059514045715,-0.120059514045715,FALSE,FALSE,TRUE,TRUE,FALSE
13,92,"National Issues Convention 2","nic2.t1multi","13:9211","13:9211::nic2.t1multi","triple","9211",0.414583325386047,0.688359790378147,0.552083343267441,0.745138890213437,0.638582251288674,0.710037881677801,0.818181818181818,11,FALSE,FALSE,-0.071455630389127,-0.05677909983529,0.071455630389127,0.137500017881394,-0.137500017881394,0.414583325386047,0.688359790378147,0.552083343267441,0.745138890213437,0.638582251288674,0.710037881677801,0.818181818181818,11,FALSE,FALSE,-0.071455630389127,-0.05677909983529,0.071455630389127,0.137500017881394,-0.137500017881394,FALSE,FALSE,TRUE,TRUE,FALSE
13,92,"National Issues Convention 2","nic2.t1multi","13:9212","13:9212::nic2.t1multi","triple","9212",0.730208337306976,0.776877987384796,0.760416686534882,0.802881944179535,0.772635291923176,0.799021466211839,0.909090909090909,11,FALSE,FALSE,-0.0263861742886631,-0.0260039567947387,0.0263861742886631,0.030208349227906,-0.030208349227906,0.730208337306976,0.776877987384796,0.760416686534882,0.802881944179535,0.772635291923176,0.799021466211839,0.909090909090909,11,FALSE,FALSE,-0.0263861742886631,-0.0260039567947387,0.0263861742886631,0.030208349227906,-0.030208349227906,FALSE,FALSE,TRUE,TRUE,FALSE
13,92,"National Issues Convention 2","nic2.t1multi","13:9213","13:9213::nic2.t1multi","triple","9213",0.770833313465118,0.725789835819831,0.677083313465118,0.7763392833563,0.729007227080209,0.769249571221215,0.928571428571429,14,FALSE,FALSE,0.0402423441410066,0.0505494475364687,-0.0402423441410066,0.09375,-0.09375,0.770833313465118,0.725789835819831,0.677083313465118,0.7763392833563,0.729007227080209,0.769249571221215,0.928571428571429,14,FALSE,FALSE,0.0402423441410066,0.0505494475364687,-0.0402423441410066,0.09375,-0.09375,TRUE,TRUE,FALSE,TRUE,FALSE
13,92,"National Issues Convention 2","nic2.t1multi","13:9214","13:9214::nic2.t1multi","triple","9214",0.808072924613953,0.745648465373299,0.792447939515114,0.820734132419933,0.762294987837474,0.813191147645315,0.733333333333333,15,FALSE,FALSE,0.0508961598078411,0.0750856670466337,-0.0508961598078411,0.0156249850988385,-0.0156249850988385,0.808072924613953,0.745648465373299,0.792447939515114,0.820734132419933,0.762294987837474,0.813191147645315,0.733333333333333,15,FALSE,FALSE,0.0508961598078411,0.0750856670466337,-0.0508961598078411,0.0156249850988385,-0.0156249850988385,TRUE,TRUE,FALSE,TRUE,FALSE
13,92,"National Issues Convention 2","nic2.t1multi","13:9215","13:9215::nic2.t1multi","triple","9215",0.717946434020996,0.774470902151532,0.751874995231628,0.764831357532077,0.754283592104912,0.760204085281917,0.642857142857143,14,FALSE,FALSE,-0.00592049317700516,0.00963954461945438,0.00592049317700516,0.0339285612106321,-0.0339285612106321,0.717946434020996,0.774470902151532,0.751874995231628,0.764831357532077,0.754283592104912,0.760204085281917,0.642857142857143,14,FALSE,FALSE,-0.00592049317700516,0.00963954461945438,0.00592049317700516,0.0339285612106321,-0.0339285612106321,FALSE,TRUE,TRUE,TRUE,FALSE
13,92,"National Issues Convention 2","nic2.t1multi","13:9216","13:9216::nic2.t1multi","triple","9216",0.574404746294021,0.779315476616224,0.764955341815948,0.83437501390775,0.750042515141623,0.824457917894636,0.857142857142857,14,FALSE,FALSE,-0.0744154027530127,-0.0550595372915269,0.0744154027530127,0.190550595521927,-0.190550595521927,0.574404746294021,0.779315476616224,0.764955341815948,0.83437501390775,0.750042515141623,0.824457917894636,0.857142857142857,14,FALSE,FALSE,-0.0744154027530127,-0.0550595372915269,0.0744154027530127,0.190550595521927,-0.190550595521927,FALSE,FALSE,TRUE,TRUE,FALSE
13,92,"National Issues Convention 2","nic2.t1multi","13:9217","13:9217::nic2.t1multi","triple","9217",0.719444433848063,0.724404752254486,0.804166674613953,0.778587963845995,0.72316467265288,0.784982641537984,0.75,12,FALSE,FALSE,-0.0618179688851042,-0.054183211591509,0.0618179688851042,0.08472224076589,-0.08472224076589,0.719444433848063,0.724404752254486,0.804166674613953,0.778587963845995,0.72316467265288,0.784982641537984,0.75,12,FALSE,FALSE,-0.0618179688851042,-0.054183211591509,0.0618179688851042,0.08472224076589,-0.08472224076589,FALSE,FALSE,TRUE,TRUE,FALSE
13,92,"National Issues Convention 2","nic2.t1multi","13:9218","13:9218::nic2.t1multi","triple","9218",0.905208349227905,0.80950728058815,0.752083361148834,0.797743062178294,0.816868901252747,0.79423077748372,0.923076923076923,13,FALSE,FALSE,-0.0226381237690265,-0.0117642184098563,0.0226381237690265,0.153124988079071,-0.153124988079071,0.905208349227905,0.80950728058815,0.752083361148834,0.797743062178294,0.816868901252747,0.79423077748372,0.923076923076923,13,FALSE,FALSE,-0.0226381237690265,-0.0117642184098563,0.0226381237690265,0.153124988079071,-0.153124988079071,FALSE,FALSE,TRUE,TRUE,FALSE
13,92,"National Issues Convention 2","nic2.t1multi","13:9219","13:9219::nic2.t1multi","triple","9219",0.784375011920929,0.731921551319269,0.756770849227905,0.787637375868284,0.738915346066157,0.7835218389829,0.866666666666667,15,FALSE,FALSE,0.0446064929167432,0.055715824549015,-0.0446064929167432,0.0276041626930235,-0.0276041626930235,0.784375011920929,0.731921551319269,0.756770849227905,0.787637375868284,0.738915346066157,0.7835218389829,0.866666666666667,15,FALSE,FALSE,0.0446064929167432,0.055715824549015,-0.0446064929167432,0.0276041626930235,-0.0276041626930235,TRUE,TRUE,FALSE,TRUE,FALSE
13,92,"National Issues Convention 2","nic2.t1multi","13:9220","13:9220::nic2.t1multi","triple","9220",0.665699422359467,0.732295806209246,0.811284720897674,0.793402776122093,0.722782037087849,0.795957339661462,0.857142857142857,14,FALSE,FALSE,-0.0731753025736126,-0.0611069699128468,0.0731753025736126,0.145585298538208,-0.145585298538208,0.665699422359467,0.732295806209246,0.811284720897674,0.793402776122093,0.722782037087849,0.795957339661462,0.857142857142857,14,FALSE,FALSE,-0.0731753025736126,-0.0611069699128468,0.0731753025736126,0.145585298538208,-0.145585298538208,FALSE,FALSE,TRUE,TRUE,FALSE
13,92,"National Issues Convention 2","nic2.t1multi","13:9221","13:9221::nic2.t1multi","triple","9221",0.787996033827464,0.687693456560373,0.836111128330231,0.769062513113022,0.710840205160471,0.78453527047084,0.769230769230769,13,FALSE,FALSE,0.0736950653103683,0.0813690565526486,-0.0736950653103683,-0.0481150945027674,0.0481150945027674,0.787996033827464,0.687693456560373,0.836111128330231,0.769062513113022,0.710840205160471,0.78453527047084,0.769230769230769,13,FALSE,FALSE,0.0736950653103683,0.0813690565526486,-0.0736950653103683,-0.0481150945027674,0.0481150945027674,TRUE,TRUE,FALSE,FALSE,TRUE
13,92,"National Issues Convention 2","nic2.t1multi","13:9222","13:9222::nic2.t1multi","triple","9222",0.76614585518837,0.655859373509884,0.718229174613953,0.689477935433388,0.677916669845581,0.695228183269501,0.8,10,FALSE,FALSE,0.0173115134239198,0.033618561923504,-0.0173115134239198,0.0479166805744169,-0.0479166805744169,0.76614585518837,0.655859373509884,0.718229174613953,0.689477935433388,0.677916669845581,0.695228183269501,0.8,10,FALSE,FALSE,0.0173115134239198,0.033618561923504,-0.0173115134239198,0.0479166805744169,-0.0479166805744169,TRUE,TRUE,FALSE,TRUE,FALSE
13,92,"National Issues Convention 2","nic2.t1multi","13:9223","13:9223::nic2.t1multi","triple","9223",0.758680562178294,0.702394480055029,0.845138887564341,0.798444276506251,0.714455783367157,0.808450264590127,0.785714285714286,14,FALSE,FALSE,0.0939944812229703,0.0960497964512221,-0.0939944812229703,-0.0864583253860469,0.0864583253860469,0.758680562178294,0.702394480055029,0.845138887564341,0.798444276506251,0.714455783367157,0.808450264590127,0.785714285714286,14,FALSE,FALSE,0.0939944812229703,0.0960497964512221,-0.0939944812229703,-0.0864583253860469,0.0864583253860469,TRUE,TRUE,FALSE,FALSE,TRUE
13,92,"National Issues Convention 2","nic2.t1multi","13:9224","13:9224::nic2.t1multi","triple","9224",0.73828125,0.624213440077645,0.804427087306976,0.684791671378272,0.665692643685774,0.72829545898871,0.636363636363636,11,FALSE,FALSE,0.0626028153029355,0.0605782313006266,-0.0626028153029355,-0.0661458373069762,0.0661458373069762,0.73828125,0.624213440077645,0.804427087306976,0.684791671378272,0.665692643685774,0.72829545898871,0.636363636363636,11,FALSE,FALSE,0.0626028153029355,0.0605782313006266,-0.0626028153029355,-0.0661458373069762,0.0661458373069762,TRUE,TRUE,FALSE,FALSE,TRUE
13,92,"National Issues Convention 2","nic2.t1inter","13:9201","13:9201::nic2.t1inter","triple","9201",0.833333333333333,0.75,1,0.972222222222222,0.770833333333333,0.979166666666667,0.75,12,FALSE,FALSE,0.208333333333333,0.222222222222222,-0.208333333333333,-0.166666666666667,0.166666666666667,0.833333333333333,0.75,1,0.972222222222222,0.770833333333333,0.979166666666667,0.75,12,FALSE,FALSE,0.208333333333333,0.222222222222222,-0.208333333333333,-0.166666666666667,0.166666666666667,TRUE,TRUE,FALSE,FALSE,TRUE
13,92,"National Issues Convention 2","nic2.t1inter","13:9202","13:9202::nic2.t1inter","triple","9202",0.875,0.613636363636364,0.9375,0.7,0.683333333333333,0.767857142857143,0.733333333333333,15,FALSE,FALSE,0.0845238095238096,0.0863636363636363,-0.0845238095238096,-0.0625,0.0625,0.875,0.575,0.9375,0.7,0.660714285714286,0.767857142857143,0.714285714285714,14,FALSE,FALSE,0.107142857142857,0.125,-0.107142857142857,-0.0625,0.0625,TRUE,TRUE,FALSE,FALSE,TRUE
13,92,"National Issues Convention 2","nic2.t1inter","13:9203","13:9203::nic2.t1inter","triple","9203",1,0.770833333333333,0.9375,0.854166666666667,0.828125,0.875,0.75,16,FALSE,FALSE,0.046875,0.0833333333333334,-0.046875,0.0625,-0.0625,1,0.770833333333333,0.9375,0.854166666666667,0.828125,0.875,0.75,16,FALSE,FALSE,0.046875,0.0833333333333334,-0.046875,0.0625,-0.0625,TRUE,TRUE,FALSE,TRUE,FALSE
13,92,"National Issues Convention 2","nic2.t1inter","13:9204","13:9204::nic2.t1inter","triple","9204",1,0.725,0.875,0.9,0.788461538461538,0.895833333333333,0.769230769230769,13,FALSE,FALSE,0.107371794871795,0.175,-0.107371794871795,0.125,-0.125,1,0.725,0.875,0.9,0.770833333333333,0.895833333333333,0.833333333333333,12,FALSE,FALSE,0.125,0.175,-0.125,0.125,-0.125,TRUE,TRUE,FALSE,TRUE,FALSE
13,92,"National Issues Convention 2","nic2.t1inter","13:9205","13:9205::nic2.t1inter","triple","9205",0.625,0.795454545454545,0.875,0.954545454545455,0.769230769230769,0.942307692307692,0.846153846153846,13,FALSE,FALSE,-0.173076923076923,-0.159090909090909,0.173076923076923,0.25,-0.25,0.625,0.795454545454545,0.875,0.954545454545455,0.769230769230769,0.942307692307692,0.846153846153846,13,FALSE,FALSE,-0.173076923076923,-0.159090909090909,0.173076923076923,0.25,-0.25,FALSE,FALSE,TRUE,TRUE,FALSE
13,92,"National Issues Convention 2","nic2.t1inter","13:9206","13:9206::nic2.t1inter","triple","9206",1,0.704545454545455,NA,0.75,0.729166666666667,0.75,0.916666666666667,12,FALSE,FALSE,0.0208333333333334,0.0454545454545454,-0.0208333333333334,NA,NA,NA,NA,NA,NA,NA,NA,NA,NA,NA,NA,NA,NA,NA,NA,NA,TRUE,TRUE,FALSE,NA,NA
13,92,"National Issues Convention 2","nic2.t1inter","13:9207","13:9207::nic2.t1inter","triple","9207",0.875,0.696428571428571,1,0.875,0.71875,0.890625,0.875,16,FALSE,FALSE,0.171875,0.178571428571429,-0.171875,-0.125,0.125,0.875,0.696428571428571,1,0.875,0.71875,0.890625,0.875,16,FALSE,FALSE,0.171875,0.178571428571429,-0.171875,-0.125,0.125,TRUE,TRUE,FALSE,FALSE,TRUE
13,92,"National Issues Convention 2","nic2.t1inter","13:9208","13:9208::nic2.t1inter","triple","9208",1,0.75,0.875,0.875,0.791666666666667,0.875,0.833333333333333,12,FALSE,FALSE,0.0833333333333333,0.125,-0.0833333333333333,0.125,-0.125,1,0.75,0.875,0.875,0.791666666666667,0.875,0.833333333333333,12,FALSE,FALSE,0.0833333333333333,0.125,-0.0833333333333333,0.125,-0.125,TRUE,TRUE,FALSE,TRUE,FALSE
13,92,"National Issues Convention 2","nic2.t1inter","13:9209","13:9209::nic2.t1inter","triple","9209",0.9,0.785714285714286,0.7,0.857142857142857,0.833333333333333,0.791666666666667,0.583333333333333,12,FALSE,FALSE,-0.0416666666666667,0.0714285714285714,0.0416666666666667,0.2,-0.2,0.9,0.785714285714286,0.7,0.857142857142857,0.833333333333333,0.791666666666667,0.583333333333333,12,FALSE,FALSE,-0.0416666666666667,0.0714285714285714,0.0416666666666667,0.2,-0.2,FALSE,TRUE,TRUE,TRUE,FALSE
13,92,"National Issues Convention 2","nic2.t1inter","13:9211","13:9211::nic2.t1inter","triple","9211",0.75,0.694444444444444,0.5,0.777777777777778,0.704545454545455,0.727272727272727,0.818181818181818,11,FALSE,FALSE,0.0227272727272727,0.0833333333333334,-0.0227272727272727,0.25,-0.25,0.75,0.694444444444444,0.5,0.777777777777778,0.704545454545455,0.727272727272727,0.818181818181818,11,FALSE,FALSE,0.0227272727272727,0.0833333333333334,-0.0227272727272727,0.25,-0.25,TRUE,TRUE,FALSE,TRUE,FALSE
13,92,"National Issues Convention 2","nic2.t1inter","13:9212","13:9212::nic2.t1inter","triple","9212",0.5,0.675,1,0.825,0.659090909090909,0.840909090909091,0.909090909090909,11,FALSE,FALSE,-0.181818181818182,-0.15,0.181818181818182,0.5,-0.5,0.5,0.675,1,0.825,0.659090909090909,0.840909090909091,0.909090909090909,11,FALSE,FALSE,-0.181818181818182,-0.15,0.181818181818182,0.5,-0.5,FALSE,FALSE,TRUE,TRUE,FALSE
13,92,"National Issues Convention 2","nic2.t1inter","13:9213","13:9213::nic2.t1inter","triple","9213",1,0.596153846153846,1,0.769230769230769,0.625,0.785714285714286,0.928571428571429,14,FALSE,FALSE,0.160714285714286,0.173076923076923,-0.160714285714286,0,0,1,0.596153846153846,1,0.769230769230769,0.625,0.785714285714286,0.928571428571429,14,FALSE,FALSE,0.160714285714286,0.173076923076923,-0.160714285714286,0,0,TRUE,TRUE,FALSE,FALSE,FALSE
13,92,"National Issues Convention 2","nic2.t1inter","13:9214","13:9214::nic2.t1inter","triple","9214",0.625,0.818181818181818,0.75,0.925,0.766666666666667,0.875,0.733333333333333,15,FALSE,FALSE,-0.108333333333333,-0.106818181818182,0.108333333333333,0.125,-0.125,0.625,0.85,0.75,0.925,0.785714285714286,0.875,0.714285714285714,14,FALSE,FALSE,-0.0892857142857143,-0.0750000000000001,0.0892857142857143,0.125,-0.125,FALSE,FALSE,TRUE,TRUE,FALSE
13,92,"National Issues Convention 2","nic2.t1inter","13:9215","13:9215::nic2.t1inter","triple","9215",0.8,0.944444444444444,0.8,0.888888888888889,0.892857142857143,0.857142857142857,0.642857142857143,14,FALSE,FALSE,0.0357142857142858,0.0555555555555556,-0.0357142857142858,0,0,0.8,0.944444444444444,0.8,0.888888888888889,0.892857142857143,0.857142857142857,0.642857142857143,14,FALSE,FALSE,0.0357142857142858,0.0555555555555556,-0.0357142857142858,0,0,TRUE,TRUE,FALSE,FALSE,FALSE
13,92,"National Issues Convention 2","nic2.t1inter","13:9216","13:9216::nic2.t1inter","triple","9216",0.875,0.770833333333333,1,0.875,0.785714285714286,0.892857142857143,0.857142857142857,14,FALSE,FALSE,0.107142857142857,0.104166666666667,-0.107142857142857,-0.125,0.125,0.875,0.770833333333333,1,0.875,0.785714285714286,0.892857142857143,0.857142857142857,14,FALSE,FALSE,0.107142857142857,0.104166666666667,-0.107142857142857,-0.125,0.125,TRUE,TRUE,FALSE,FALSE,TRUE
13,92,"National Issues Convention 2","nic2.t1inter","13:9217","13:9217::nic2.t1inter","triple","9217",1,0.666666666666667,1,0.888888888888889,0.75,0.916666666666667,0.75,12,FALSE,FALSE,0.166666666666667,0.222222222222222,-0.166666666666667,0,0,1,0.666666666666667,1,0.888888888888889,0.75,0.916666666666667,0.75,12,FALSE,FALSE,0.166666666666667,0.222222222222222,-0.166666666666667,0,0,TRUE,TRUE,FALSE,FALSE,FALSE
13,92,"National Issues Convention 2","nic2.t1inter","13:9218","13:9218::nic2.t1inter","triple","9218",1,0.8125,1,0.8125,0.826923076923077,0.826923076923077,0.923076923076923,13,FALSE,TRUE,0,0,0,0,0,1,0.8125,1,0.8125,0.826923076923077,0.826923076923077,0.923076923076923,13,FALSE,TRUE,0,0,0,0,0,FALSE,FALSE,FALSE,FALSE,FALSE
13,92,"National Issues Convention 2","nic2.t1inter","13:9219","13:9219::nic2.t1inter","triple","9219",1,0.769230769230769,1,0.788461538461538,0.8,0.816666666666667,0.866666666666667,15,FALSE,FALSE,0.0166666666666666,0.0192307692307692,-0.0166666666666666,0,0,1,0.769230769230769,1,0.788461538461538,0.8,0.816666666666667,0.866666666666667,15,FALSE,FALSE,0.0166666666666666,0.0192307692307692,-0.0166666666666666,0,0,TRUE,TRUE,FALSE,FALSE,FALSE
13,92,"National Issues Convention 2","nic2.t1inter","13:9220","13:9220::nic2.t1inter","triple","9220",1,0.772727272727273,1,0.666666666666667,0.807692307692308,0.714285714285714,0.857142857142857,14,FALSE,FALSE,-0.0934065934065934,-0.106060606060606,0.0934065934065934,0,0,1,0.772727272727273,1,0.659090909090909,0.807692307692308,0.711538461538462,0.846153846153846,13,FALSE,FALSE,-0.0961538461538461,-0.113636363636364,0.0961538461538461,0,0,FALSE,FALSE,TRUE,FALSE,FALSE
13,92,"National Issues Convention 2","nic2.t1inter","13:9221","13:9221::nic2.t1inter","triple","9221",0.916666666666667,0.725,1,0.9,0.769230769230769,0.923076923076923,0.769230769230769,13,FALSE,FALSE,0.153846153846154,0.175,-0.153846153846154,-0.0833333333333334,0.0833333333333334,0.916666666666667,0.725,1,0.9,0.769230769230769,0.923076923076923,0.769230769230769,13,FALSE,FALSE,0.153846153846154,0.175,-0.153846153846154,-0.0833333333333334,0.0833333333333334,TRUE,TRUE,FALSE,FALSE,TRUE
13,92,"National Issues Convention 2","nic2.t1inter","13:9222","13:9222::nic2.t1inter","triple","9222",0.625,0.6875,0.875,0.75,0.675,0.775,0.8,10,FALSE,FALSE,-0.1,-0.0625,0.1,0.25,-0.25,0.625,0.6875,0.875,0.75,0.675,0.775,0.8,10,FALSE,FALSE,-0.1,-0.0625,0.1,0.25,-0.25,FALSE,FALSE,TRUE,TRUE,FALSE
13,92,"National Issues Convention 2","nic2.t1inter","13:9223","13:9223::nic2.t1inter","triple","9223",0.75,0.681818181818182,0.916666666666667,0.795454545454545,0.696428571428571,0.821428571428571,0.785714285714286,14,FALSE,FALSE,0.125,0.113636363636364,-0.125,-0.166666666666667,0.166666666666667,0.75,0.681818181818182,0.916666666666667,0.795454545454545,0.696428571428571,0.821428571428571,0.785714285714286,14,FALSE,FALSE,0.125,0.113636363636364,-0.125,-0.166666666666667,0.166666666666667,TRUE,TRUE,FALSE,FALSE,TRUE
13,92,"National Issues Convention 2","nic2.t1inter","13:9224","13:9224::nic2.t1inter","triple","9224",1,0.916666666666667,0.9375,0.857142857142857,0.95,0.886363636363636,0.636363636363636,11,FALSE,FALSE,-0.0636363636363636,-0.0595238095238095,0.0636363636363636,0.0625,-0.0625,1,0.916666666666667,0.9375,0.875,0.95,0.9,0.6,10,FALSE,FALSE,-0.0499999999999999,-0.0416666666666666,0.0499999999999999,0.0625,-0.0625,FALSE,FALSE,TRUE,TRUE,FALSE
13,92,"National Issues Convention 2","nic2.t1global","13:9201","13:9201::nic2.t1global","triple","9201",0.683333337306976,0.602160500155555,0.730555554231008,0.7580246925354,0.62245370944341,0.751157407959302,0.75,12,FALSE,FALSE,0.128703698515892,0.155864192379846,-0.128703698515892,-0.0472222169240314,0.0472222169240314,0.683333337306976,0.602160500155555,0.730555554231008,0.7580246925354,0.62245370944341,0.751157407959302,0.75,12,FALSE,FALSE,0.128703698515892,0.155864192379846,-0.128703698515892,-0.0472222169240314,0.0472222169240314,TRUE,TRUE,FALSE,FALSE,TRUE
13,92,"National Issues Convention 2","nic2.t1global","13:9202","13:9202::nic2.t1global","triple","9202",0.598333336412907,0.653282832015644,0.675694435834885,0.690530300140381,0.638629633188248,0.686574069658915,0.733333333333333,15,FALSE,FALSE,-0.0479444364706675,-0.0372474681247364,0.0479444364706675,0.077361099421978,-0.077361099421978,0.598333336412907,0.653282832015644,0.675694435834885,0.690530300140381,0.638629633188248,0.686574069658915,0.733333333333333,15,FALSE,FALSE,-0.0479444364706675,-0.0372474681247364,0.0479444364706675,0.077361099421978,-0.077361099421978,FALSE,FALSE,TRUE,TRUE,FALSE
13,92,"National Issues Convention 2","nic2.t1global","13:9203","13:9203::nic2.t1global","triple","9203",0.64375001937151,0.664212959508101,0.682152800261974,0.720949078599612,0.659097224473953,0.711250009015203,0.75,16,FALSE,FALSE,-0.0521527845412495,-0.0567361190915111,0.0521527845412495,0.0384027808904647,-0.0384027808904647,0.64375001937151,0.664212959508101,0.682152800261974,0.720949078599612,0.659097224473953,0.711250009015203,0.75,16,FALSE,FALSE,-0.0521527845412495,-0.0567361190915111,0.0521527845412495,0.0384027808904647,-0.0384027808904647,FALSE,FALSE,TRUE,TRUE,FALSE
13,92,"National Issues Convention 2","nic2.t1global","13:9204","13:9204::nic2.t1global","triple","9204",0.567592591047287,0.611111119389534,0.655555576086044,0.67638888657093,0.601068382079785,0.671581199535957,0.769230769230769,13,FALSE,FALSE,-0.070512817456172,-0.0652777671813964,0.070512817456172,0.0879629850387573,-0.0879629850387573,0.567592591047287,0.611111119389534,0.655555576086044,0.67638888657093,0.601068382079785,0.671581199535957,0.769230769230769,13,FALSE,FALSE,-0.070512817456172,-0.0652777671813964,0.070512817456172,0.0879629850387573,-0.0879629850387573,FALSE,FALSE,TRUE,TRUE,FALSE
13,92,"National Issues Convention 2","nic2.t1global","13:9205","13:9205::nic2.t1global","triple","9205",0.544444441795349,0.629797981543974,0.609027802944184,0.783585862679915,0.616666667736494,0.756730776566726,0.846153846153846,13,FALSE,FALSE,-0.140064108830232,-0.153787881135941,0.140064108830232,0.0645833611488346,-0.0645833611488346,0.544444441795349,0.629797981543974,0.609027802944184,0.783585862679915,0.616666667736494,0.756730776566726,0.846153846153846,13,FALSE,FALSE,-0.140064108830232,-0.153787881135941,0.140064108830232,0.0645833611488346,-0.0645833611488346,FALSE,FALSE,TRUE,TRUE,FALSE
13,92,"National Issues Convention 2","nic2.t1global","13:9206","13:9206::nic2.t1global","triple","9206",0.286666661500931,0.558080811392177,0.387500017881393,0.705050503665751,0.535462965567907,0.678587963183721,0.916666666666667,12,FALSE,FALSE,-0.143124997615814,-0.146969692273573,0.143124997615814,0.100833356380462,-0.100833356380462,0.286666661500931,0.558080811392177,0.387500017881393,0.705050503665751,0.535462965567907,0.678587963183721,0.916666666666667,12,FALSE,FALSE,-0.143124997615814,-0.146969692273573,0.143124997615814,0.100833356380462,-0.100833356380462,FALSE,FALSE,TRUE,TRUE,FALSE
13,92,"National Issues Convention 2","nic2.t1global","13:9207","13:9207::nic2.t1global","triple","9207",0.569444462656975,0.539087305111544,0.691666662693023,0.632043649043356,0.542881949804723,0.639496525749564,0.875,16,FALSE,FALSE,0.0966145759448408,0.0929563439318111,-0.0966145759448408,-0.122222200036048,0.122222200036048,0.569444462656975,0.539087305111544,0.691666662693023,0.632043649043356,0.542881949804723,0.639496525749564,0.875,16,FALSE,FALSE,0.0966145759448408,0.0929563439318111,-0.0966145759448408,-0.122222200036048,0.122222200036048,TRUE,TRUE,FALSE,FALSE,TRUE
13,92,"National Issues Convention 2","nic2.t1global","13:9208","13:9208::nic2.t1global","triple","9208",0.52638891339302,0.56111111342907,0.581944435834885,0.649722221493721,0.555324080089728,0.638425923883915,0.833333333333333,12,FALSE,FALSE,-0.0831018437941868,-0.0886111080646514,0.0831018437941868,0.055555522441864,-0.055555522441864,0.52638891339302,0.56111111342907,0.581944435834885,0.649722221493721,0.555324080089728,0.638425923883915,0.833333333333333,12,FALSE,FALSE,-0.0831018437941868,-0.0886111080646514,0.0831018437941868,0.055555522441864,-0.055555522441864,FALSE,FALSE,TRUE,TRUE,FALSE
13,92,"National Issues Convention 2","nic2.t1global","13:9209","13:9209::nic2.t1global","triple","9209",0.524166676402092,0.522222208125251,0.633888876438141,0.580634921789169,0.523032403240601,0.602824069559574,0.583333333333333,12,FALSE,FALSE,0.0797916663189728,0.0584127136639186,-0.0797916663189728,-0.109722200036049,0.109722200036049,0.524166676402092,0.522222208125251,0.633888876438141,0.580634921789169,0.523032403240601,0.602824069559574,0.583333333333333,12,FALSE,FALSE,0.0797916663189728,0.0584127136639186,-0.0797916663189728,-0.109722200036049,0.109722200036049,TRUE,TRUE,FALSE,FALSE,TRUE
13,92,"National Issues Convention 2","nic2.t1global","13:9211","13:9211::nic2.t1global","triple","9211",0.46111111342907,0.524074087540308,0.594444453716279,0.64305556151602,0.512626274065538,0.634217178279703,0.818181818181818,11,FALSE,FALSE,-0.121590904214166,-0.118981473975712,0.121590904214166,0.133333340287209,-0.133333340287209,0.46111111342907,0.524074087540308,0.594444453716279,0.64305556151602,0.512626274065538,0.634217178279703,0.818181818181818,11,FALSE,FALSE,-0.121590904214166,-0.118981473975712,0.121590904214166,0.133333340287209,-0.133333340287209,FALSE,FALSE,TRUE,TRUE,FALSE
13,92,"National Issues Convention 2","nic2.t1global","13:9212","13:9212::nic2.t1global","triple","9212",0.522222220897675,0.501944443583489,0.533333361148834,0.612500008940697,0.503787877884778,0.605303040959618,0.909090909090909,11,FALSE,FALSE,0.10151516307484,0.110555565357208,-0.10151516307484,-0.011111140251159,0.011111140251159,0.522222220897675,0.501944443583489,0.533333361148834,0.612500008940697,0.503787877884778,0.605303040959618,0.909090909090909,11,FALSE,FALSE,0.10151516307484,0.110555565357208,-0.10151516307484,-0.011111140251159,0.011111140251159,TRUE,TRUE,FALSE,FALSE,TRUE
13,92,"National Issues Convention 2","nic2.t1global","13:9213","13:9213::nic2.t1global","triple","9213",0.688888907432556,0.476068379930579,0.800000011920929,0.638333325202648,0.49126984618072,0.649880945682526,0.928571428571429,14,FALSE,FALSE,0.158611099501806,0.16226494527207,-0.158611099501806,-0.111111104488373,0.111111104488373,0.688888907432556,0.476068379930579,0.800000011920929,0.638333325202648,0.49126984618072,0.649880945682526,0.928571428571429,14,FALSE,FALSE,0.158611099501806,0.16226494527207,-0.158611099501806,-0.111111104488373,0.111111104488373,TRUE,TRUE,FALSE,FALSE,TRUE
13,92,"National Issues Convention 2","nic2.t1global","13:9214","13:9214::nic2.t1global","triple","9214",0.722222231328487,0.604040397839113,0.820138901472092,0.770429291508415,0.635555553436279,0.783685187498729,0.733333333333333,15,FALSE,FALSE,0.148129634062449,0.166388893669302,-0.148129634062449,-0.0979166701436045,0.0979166701436045,0.722222231328487,0.604040397839113,0.820138901472092,0.770429291508415,0.635555553436279,0.783685187498729,0.733333333333333,15,FALSE,FALSE,0.148129634062449,0.166388893669302,-0.148129634062449,-0.0979166701436045,0.0979166701436045,TRUE,TRUE,FALSE,FALSE,TRUE
13,92,"National Issues Convention 2","nic2.t1global","13:9215","13:9215::nic2.t1global","triple","9215",0.546666663885117,0.612654321723514,0.613055562973022,0.675154321723514,0.589087301066944,0.652976193598338,0.642857142857143,14,FALSE,FALSE,-0.0638888925313947,-0.0624999999999999,0.0638888925313947,0.0663888990879057,-0.0663888990879057,0.546666663885117,0.612654321723514,0.613055562973022,0.675154321723514,0.589087301066944,0.652976193598338,0.642857142857143,14,FALSE,FALSE,-0.0638888925313947,-0.0624999999999999,0.0638888925313947,0.0663888990879057,-0.0663888990879057,FALSE,FALSE,TRUE,TRUE,FALSE
13,92,"National Issues Convention 2","nic2.t1global","13:9216","13:9216::nic2.t1global","triple","9216",0.527777791023254,0.715740740299225,0.579166650772095,0.763425931334496,0.688888890402658,0.737103176968438,0.857142857142857,14,FALSE,FALSE,-0.0482142865657806,-0.0476851910352707,0.0482142865657806,0.0513888597488401,-0.0513888597488401,0.527777791023254,0.715740740299225,0.579166650772095,0.763425931334496,0.688888890402658,0.737103176968438,0.857142857142857,14,FALSE,FALSE,-0.0482142865657806,-0.0476851910352707,0.0482142865657806,0.0513888597488401,-0.0513888597488401,FALSE,FALSE,TRUE,TRUE,FALSE
13,92,"National Issues Convention 2","nic2.t1global","13:9217","13:9217::nic2.t1global","triple","9217",0.58481482664744,0.626851853397158,0.72129629055659,0.698271595769458,0.616342596709728,0.704027769466241,0.75,12,FALSE,FALSE,-0.0876851727565131,-0.0714197423723009,0.0876851727565131,0.13648146390915,-0.13648146390915,0.58481482664744,0.626851853397158,0.72129629055659,0.698271595769458,0.616342596709728,0.704027769466241,0.75,12,FALSE,FALSE,-0.0876851727565131,-0.0714197423723009,0.0876851727565131,0.13648146390915,-0.13648146390915,FALSE,FALSE,TRUE,TRUE,FALSE
13,92,"National Issues Convention 2","nic2.t1global","13:9218","13:9218::nic2.t1global","triple","9218",0.949999988079071,0.631481486062209,0.887499988079071,0.659444443881512,0.655982909294275,0.676987178050555,0.923076923076923,13,FALSE,FALSE,0.0210042687562796,0.0279629578193028,-0.0210042687562796,0.0625,-0.0625,0.949999988079071,0.631481486062209,0.887499988079071,0.659444443881512,0.655982909294275,0.676987178050555,0.923076923076923,13,FALSE,FALSE,0.0210042687562796,0.0279629578193028,-0.0210042687562796,0.0625,-0.0625,TRUE,TRUE,FALSE,TRUE,FALSE
13,92,"National Issues Convention 2","nic2.t1global","13:9219","13:9219::nic2.t1global","triple","9219",0.731944441795349,0.637606843159749,0.78333330154419,0.684401707007335,0.650185189644496,0.697592586278915,0.866666666666667,15,FALSE,FALSE,0.0474073966344196,0.0467948638475857,-0.0474073966344196,-0.0513888597488404,0.0513888597488404,0.731944441795349,0.637606843159749,0.78333330154419,0.684401707007335,0.650185189644496,0.697592586278915,0.866666666666667,15,FALSE,FALSE,0.0474073966344196,0.0467948638475857,-0.0474073966344196,-0.0513888597488404,0.0513888597488404,TRUE,TRUE,FALSE,FALSE,TRUE
13,92,"National Issues Convention 2","nic2.t1global","13:9220","13:9220::nic2.t1global","triple","9220",0.693055540323257,0.594444441298644,0.837500005960464,0.7342592527469,0.608531741159303,0.749007931777409,0.857142857142857,14,FALSE,FALSE,0.140476190618106,0.139814811448256,-0.140476190618106,-0.144444465637207,0.144444465637207,0.693055540323257,0.594444441298644,0.837500005960464,0.7342592527469,0.608531741159303,0.749007931777409,0.857142857142857,14,FALSE,FALSE,0.140476190618106,0.139814811448256,-0.140476190618106,-0.144444465637207,0.144444465637207,TRUE,TRUE,FALSE,FALSE,TRUE
13,92,"National Issues Convention 2","nic2.t1global","13:9221","13:9221::nic2.t1global","triple","9221",0.683333337306976,0.555111117660999,0.693518539269765,0.661666679382324,0.584700860656225,0.669017108587118,0.769230769230769,13,FALSE,FALSE,0.0843162479308935,0.106555561721325,-0.0843162479308935,-0.010185201962789,0.010185201962789,0.683333337306976,0.555111117660999,0.693518539269765,0.661666679382324,0.584700860656225,0.669017108587118,0.769230769230769,13,FALSE,FALSE,0.0843162479308935,0.106555561721325,-0.0843162479308935,-0.010185201962789,0.010185201962789,TRUE,TRUE,FALSE,FALSE,TRUE
13,92,"National Issues Convention 2","nic2.t1global","13:9222","13:9222::nic2.t1global","triple","9222",0.233333341777325,0.586597233079374,0.511111110448838,0.717881947755813,0.515944454818964,0.676527780294418,0.8,10,FALSE,FALSE,-0.160583325475454,-0.13128471467644,0.160583325475454,0.277777768671512,-0.277777768671512,0.233333341777325,0.586597233079374,0.511111110448838,0.717881947755813,0.515944454818964,0.676527780294418,0.8,10,FALSE,FALSE,-0.160583325475454,-0.13128471467644,0.160583325475454,0.277777768671512,-0.277777768671512,FALSE,FALSE,TRUE,TRUE,FALSE
13,92,"National Issues Convention 2","nic2.t1global","13:9223","13:9223::nic2.t1global","triple","9223",0.537222216526667,0.55101010880687,0.716666658719381,0.591464650901881,0.548055560461112,0.61829365257706,0.785714285714286,14,FALSE,FALSE,-0.0702380921159471,-0.0404545420950109,0.0702380921159471,0.179444442192713,-0.179444442192713,0.537222216526667,0.55101010880687,0.716666658719381,0.591464650901881,0.548055560461112,0.61829365257706,0.785714285714286,14,FALSE,FALSE,-0.0702380921159471,-0.0404545420950109,0.0702380921159471,0.179444442192713,-0.179444442192713,FALSE,FALSE,TRUE,TRUE,FALSE
13,92,"National Issues Convention 2","nic2.t1global","13:9224","13:9224::nic2.t1global","triple","9224",0.643055558204651,0.499603177819933,0.589583359658718,0.555952378681728,0.551767679778012,0.568181826309724,0.636363636363636,11,FALSE,FALSE,0.0164141465317117,0.0563492008617945,-0.0164141465317117,0.053472198545933,-0.053472198545933,0.643055558204651,0.499603177819933,0.589583359658718,0.555952378681728,0.551767679778012,0.568181826309724,0.636363636363636,11,FALSE,FALSE,0.0164141465317117,0.0563492008617945,-0.0164141465317117,0.053472198545933,-0.053472198545933,TRUE,TRUE,FALSE,TRUE,FALSE
13,92,"National Issues Convention 2","nic2.t1demo","13:9201","13:9201::nic2.t1demo","triple","9201",0.688888897498449,0.678703702158398,0.672222246726354,0.739197525713179,0.681250000993411,0.722453705966473,0.75,12,FALSE,FALSE,0.0412037049730618,0.0604938235547807,-0.0412037049730618,0.016666650772095,-0.016666650772095,0.688888897498449,0.678703702158398,0.672222246726354,0.739197525713179,0.681250000993411,0.722453705966473,0.75,12,FALSE,FALSE,0.0412037049730618,0.0604938235547807,-0.0412037049730618,0.016666650772095,-0.016666650772095,TRUE,TRUE,FALSE,TRUE,FALSE
13,92,"National Issues Convention 2","nic2.t1demo","13:9202","13:9202::nic2.t1demo","triple","9202",0.662499986588955,0.548484855077483,0.77083332836628,0.601262634450739,0.578888890147209,0.64648148616155,0.733333333333333,15,FALSE,FALSE,0.0675925960143405,0.0527777793732555,-0.0675925960143405,-0.108333341777324,0.108333341777324,0.662499986588955,0.548484855077483,0.77083332836628,0.601262634450739,0.578888890147209,0.64648148616155,0.733333333333333,15,FALSE,FALSE,0.0675925960143405,0.0527777793732555,-0.0675925960143405,-0.108333341777324,0.108333341777324,TRUE,TRUE,FALSE,FALSE,TRUE
13,92,"National Issues Convention 2","nic2.t1demo","13:9203","13:9203::nic2.t1demo","triple","9203",0.766666680574417,0.653333336114883,0.790277794003487,0.714814816912015,0.681666672229767,0.733680561184883,0.75,16,FALSE,FALSE,0.0520138889551165,0.061481480797132,-0.0520138889551165,-0.0236111134290697,0.0236111134290697,0.766666680574417,0.653333336114883,0.790277794003487,0.714814816912015,0.681666672229767,0.733680561184883,0.75,16,FALSE,FALSE,0.0520138889551165,0.061481480797132,-0.0520138889551165,-0.0236111134290697,0.0236111134290697,TRUE,TRUE,FALSE,FALSE,TRUE
13,92,"National Issues Convention 2","nic2.t1demo","13:9204","13:9204::nic2.t1demo","triple","9204",0.712962945302327,0.703333333134651,0.631481488545736,0.686555543541908,0.705555551327192,0.673846146235099,0.769230769230769,13,FALSE,FALSE,-0.0317094050920925,-0.0167777895927429,0.0317094050920925,0.0814814567565916,-0.0814814567565916,0.712962945302327,0.703333333134651,0.631481488545736,0.686555543541908,0.705555551327192,0.673846146235099,0.769230769230769,13,FALSE,FALSE,-0.0317094050920925,-0.0167777895927429,0.0317094050920925,0.0814814567565916,-0.0814814567565916,FALSE,FALSE,TRUE,TRUE,FALSE
13,92,"National Issues Convention 2","nic2.t1demo","13:9205","13:9205::nic2.t1demo","triple","9205",0.62222221493721,0.623737373135307,0.583333313465118,0.68232323364778,0.623504271874061,0.66709401515814,0.846153846153846,13,FALSE,FALSE,-0.0435897432840786,-0.0585858605124733,0.0435897432840786,-0.038888901472092,0.038888901472092,0.62222221493721,0.623737373135307,0.583333313465118,0.68232323364778,0.623504271874061,0.66709401515814,0.846153846153846,13,FALSE,FALSE,-0.0435897432840786,-0.0585858605124733,0.0435897432840786,-0.038888901472092,0.038888901472092,FALSE,FALSE,TRUE,FALSE,TRUE
13,92,"National Issues Convention 2","nic2.t1demo","13:9206","13:9206::nic2.t1demo","triple","9206",0.561111092567444,0.652525251561945,0.627777755260468,0.697222219272093,0.64490740497907,0.691435180604458,0.916666666666667,12,FALSE,FALSE,-0.046527775625388,-0.0446969677101483,0.046527775625388,0.066666662693024,-0.066666662693024,0.561111092567444,0.652525251561945,0.627777755260468,0.697222219272093,0.64490740497907,0.691435180604458,0.916666666666667,12,FALSE,FALSE,-0.046527775625388,-0.0446969677101483,0.046527775625388,0.066666662693024,-0.066666662693024,FALSE,FALSE,TRUE,TRUE,FALSE
13,92,"National Issues Convention 2","nic2.t1demo","13:9207","13:9207::nic2.t1demo","triple","9207",0.608333334326745,0.578571431338787,0.694444447755813,0.69841270255191,0.582291669212282,0.697916670702398,0.875,16,FALSE,FALSE,0.115625001490116,0.119841271213123,-0.115625001490116,-0.086111113429069,0.086111113429069,0.608333334326745,0.578571431338787,0.694444447755813,0.69841270255191,0.582291669212282,0.697916670702398,0.875,16,FALSE,FALSE,0.115625001490116,0.119841271213123,-0.115625001490116,-0.086111113429069,0.086111113429069,TRUE,TRUE,FALSE,FALSE,TRUE
13,92,"National Issues Convention 2","nic2.t1demo","13:9208","13:9208::nic2.t1demo","triple","9208",0.691666692495346,0.627777780592441,0.680555552244186,0.742777773737907,0.638425932576259,0.732407403488954,0.833333333333333,12,FALSE,FALSE,0.093981470912695,0.114999993145466,-0.093981470912695,0.0111111402511597,-0.0111111402511597,0.691666692495346,0.627777780592441,0.680555552244186,0.742777773737907,0.638425932576259,0.732407403488954,0.833333333333333,12,FALSE,FALSE,0.093981470912695,0.114999993145466,-0.093981470912695,0.0111111402511597,-0.0111111402511597,TRUE,TRUE,FALSE,TRUE,FALSE
13,92,"National Issues Convention 2","nic2.t1demo","13:9209","13:9209::nic2.t1demo","triple","9209",0.755555558204651,0.617460323231561,0.707777774333954,0.614285720246179,0.675000004470348,0.653240742782752,0.583333333333333,12,FALSE,FALSE,-0.0217592616875967,-0.00317460298538197,0.0217592616875967,0.0477777838706972,-0.0477777838706972,0.755555558204651,0.617460323231561,0.707777774333954,0.614285720246179,0.675000004470348,0.653240742782752,0.583333333333333,12,FALSE,FALSE,-0.0217592616875967,-0.00317460298538197,0.0217592616875967,0.0477777838706972,-0.0477777838706972,FALSE,FALSE,TRUE,TRUE,FALSE
13,92,"National Issues Convention 2","nic2.t1demo","13:9211","13:9211::nic2.t1demo","triple","9211",0.669444441795349,0.657098763518863,0.680555552244187,0.671604934665892,0.659343432296406,0.673232319680127,0.818181818181818,11,FALSE,FALSE,0.0138888873837212,0.0145061711470287,-0.0138888873837212,-0.0111111104488375,0.0111111104488375,0.669444441795349,0.657098763518863,0.680555552244187,0.671604934665892,0.659343432296406,0.673232319680127,0.818181818181818,11,FALSE,FALSE,0.0138888873837212,0.0145061711470287,-0.0138888873837212,-0.0111111104488375,0.0111111104488375,TRUE,TRUE,FALSE,FALSE,TRUE
13,92,"National Issues Convention 2","nic2.t1demo","13:9212","13:9212::nic2.t1demo","triple","9212",0.472222238779068,0.723333331942558,0.772222220897675,0.725277775526047,0.700505050745877,0.729545452378013,0.909090909090909,11,FALSE,FALSE,-0.0290404016321356,-0.00194444358348844,0.0290404016321356,0.299999982118607,-0.299999982118607,0.472222238779068,0.723333331942558,0.772222220897675,0.725277775526047,0.700505050745877,0.729545452378013,0.909090909090909,11,FALSE,FALSE,-0.0290404016321356,-0.00194444358348844,0.0290404016321356,0.299999982118607,-0.299999982118607,FALSE,FALSE,TRUE,TRUE,FALSE
13,92,"National Issues Convention 2","nic2.t1demo","13:9213","13:9213::nic2.t1demo","triple","9213",0.766666650772095,0.55000000160474,0.683333337306976,0.637820507471378,0.56547619083098,0.641071423888206,0.928571428571429,14,FALSE,FALSE,0.0755952330572264,0.0878205058666376,-0.0755952330572264,0.083333313465119,-0.083333313465119,0.766666650772095,0.55000000160474,0.683333337306976,0.637820507471378,0.56547619083098,0.641071423888206,0.928571428571429,14,FALSE,FALSE,0.0755952330572264,0.0878205058666376,-0.0755952330572264,0.083333313465119,-0.083333313465119,TRUE,TRUE,FALSE,TRUE,FALSE
13,92,"National Issues Convention 2","nic2.t1demo","13:9214","13:9214::nic2.t1demo","triple","9214",0.762500010430813,0.615151520479809,0.845833346247673,0.736868684942072,0.65444445113341,0.765925927956899,0.733333333333333,15,FALSE,FALSE,0.111481476823489,0.121717164462263,-0.111481476823489,-0.0833333358168605,0.0833333358168605,0.762500010430813,0.615151520479809,0.845833346247673,0.736868684942072,0.65444445113341,0.765925927956899,0.733333333333333,15,FALSE,FALSE,0.111481476823489,0.121717164462263,-0.111481476823489,-0.0833333358168605,0.0833333358168605,TRUE,TRUE,FALSE,FALSE,TRUE
13,92,"National Issues Convention 2","nic2.t1demo","13:9215","13:9215::nic2.t1demo","triple","9215",0.751111114025116,0.61530864238739,0.59388889670372,0.638271609942118,0.663809525115149,0.622420640928405,0.642857142857143,14,FALSE,FALSE,-0.0413888841867445,0.0229629675547283,0.0413888841867445,0.157222217321396,-0.157222217321396,0.751111114025116,0.61530864238739,0.59388889670372,0.638271609942118,0.663809525115149,0.622420640928405,0.642857142857143,14,FALSE,FALSE,-0.0413888841867445,0.0229629675547283,0.0413888841867445,0.157222217321396,-0.157222217321396,FALSE,TRUE,TRUE,TRUE,FALSE
13,92,"National Issues Convention 2","nic2.t1demo","13:9216","13:9216::nic2.t1demo","triple","9216",0.580555558204651,0.700231482585271,0.613888904452324,0.67615741242965,0.683134921959468,0.667261911290033,0.857142857142857,14,FALSE,FALSE,0.0158730106694358,0.0240740701556207,-0.0158730106694358,0.033333346247673,-0.033333346247673,0.580555558204651,0.700231482585271,0.613888904452324,0.67615741242965,0.683134921959468,0.667261911290033,0.857142857142857,14,FALSE,FALSE,0.0158730106694358,0.0240740701556207,-0.0158730106694358,0.033333346247673,-0.033333346247673,TRUE,TRUE,FALSE,TRUE,FALSE
13,92,"National Issues Convention 2","nic2.t1demo","13:9217","13:9217::nic2.t1demo","triple","9217",0.725000003973643,0.649691356552972,0.775925914446513,0.717283950911628,0.66851851840814,0.731944441795349,0.75,12,FALSE,FALSE,0.0634259233872095,0.067592594358656,-0.0634259233872095,-0.05092591047287,0.05092591047287,0.725000003973643,0.649691356552972,0.775925914446513,0.717283950911628,0.66851851840814,0.731944441795349,0.75,12,FALSE,FALSE,0.0634259233872095,0.067592594358656,-0.0634259233872095,-0.05092591047287,0.05092591047287,TRUE,TRUE,FALSE,FALSE,TRUE
13,92,"National Issues Convention 2","nic2.t1demo","13:9218","13:9218::nic2.t1demo","triple","9218",0.672222197055817,0.65185184776783,0.672222256660461,0.722453705966473,0.65341879771306,0.718589748327549,0.923076923076923,13,FALSE,FALSE,0.0651709506144891,0.0706018581986428,-0.0651709506144891,-5.96046439982345e-08,5.96046439982345e-08,0.672222197055817,0.65185184776783,0.672222256660461,0.722453705966473,0.65341879771306,0.718589748327549,0.923076923076923,13,FALSE,FALSE,0.0651709506144891,0.0706018581986428,-0.0651709506144891,-5.96046439982345e-08,5.96046439982345e-08,TRUE,TRUE,FALSE,FALSE,TRUE
13,92,"National Issues Convention 2","nic2.t1demo","13:9219","13:9219::nic2.t1demo","triple","9219",0.797222226858139,0.638461553133451,0.854166656732559,0.76192307472229,0.659629642963409,0.774222218990326,0.866666666666667,15,FALSE,FALSE,0.114592576026917,0.123461521588839,-0.114592576026917,-0.0569444298744204,0.0569444298744204,0.797222226858139,0.638461553133451,0.854166656732559,0.76192307472229,0.659629642963409,0.774222218990326,0.866666666666667,15,FALSE,FALSE,0.114592576026917,0.123461521588839,-0.114592576026917,-0.0569444298744204,0.0569444298744204,TRUE,TRUE,FALSE,FALSE,TRUE
13,92,"National Issues Convention 2","nic2.t1demo","13:9220","13:9220::nic2.t1demo","triple","9220",0.852777779102325,0.597453705966473,0.822222232818604,0.727083335320155,0.633928573557309,0.740674606391362,0.857142857142857,14,FALSE,FALSE,0.106746032834053,0.129629629353682,-0.106746032834053,0.0305555462837219,-0.0305555462837219,0.852777779102325,0.597453705966473,0.822222232818604,0.727083335320155,0.633928573557309,0.740674606391362,0.857142857142857,14,FALSE,FALSE,0.106746032834053,0.129629629353682,-0.106746032834053,0.0305555462837219,-0.0305555462837219,TRUE,TRUE,FALSE,TRUE,FALSE
13,92,"National Issues Convention 2","nic2.t1demo","13:9221","13:9221::nic2.t1demo","triple","9221",0.66481480995814,0.558777770400047,0.629629621903102,0.680000001192093,0.583247856451915,0.668376067510018,0.769230769230769,13,FALSE,FALSE,0.0851282110581032,0.121222230792046,-0.0851282110581032,0.0351851880550383,-0.0351851880550383,0.66481480995814,0.558777770400047,0.629629621903102,0.680000001192093,0.583247856451915,0.668376067510018,0.769230769230769,13,FALSE,FALSE,0.0851282110581032,0.121222230792046,-0.0851282110581032,0.0351851880550383,-0.0351851880550383,TRUE,TRUE,FALSE,TRUE,FALSE
13,92,"National Issues Convention 2","nic2.t1demo","13:9222","13:9222::nic2.t1demo","triple","9222",0.33611112087965,0.56527778506279,0.513888895511627,0.670069441199303,0.519444452226162,0.638833332061768,0.8,10,FALSE,FALSE,-0.119388879835606,-0.104791656136513,0.119388879835606,0.177777774631977,-0.177777774631977,0.33611112087965,0.56527778506279,0.513888895511627,0.670069441199303,0.519444452226162,0.638833332061768,0.8,10,FALSE,FALSE,-0.119388879835606,-0.104791656136513,0.119388879835606,0.177777774631977,-0.177777774631977,FALSE,FALSE,TRUE,TRUE,FALSE
13,92,"National Issues Convention 2","nic2.t1demo","13:9223","13:9223::nic2.t1demo","triple","9223",0.455555558204651,0.604040400548415,0.594444453716278,0.623560612851923,0.57222222004618,0.617321435894285,0.785714285714286,14,FALSE,FALSE,-0.0450992158481053,-0.0195202123035084,0.0450992158481053,0.138888895511627,-0.138888895511627,0.455555558204651,0.604040400548415,0.594444453716278,0.623560612851923,0.57222222004618,0.617321435894285,0.785714285714286,14,FALSE,FALSE,-0.0450992158481053,-0.0195202123035084,0.0450992158481053,0.138888895511627,-0.138888895511627,FALSE,FALSE,TRUE,TRUE,FALSE
13,92,"National Issues Convention 2","nic2.t1demo","13:9224","13:9224::nic2.t1demo","triple","9224",0.712500013411045,0.676984122821263,0.788888901472092,0.63015872665814,0.689898992126638,0.68787879022685,0.636363636363636,11,FALSE,FALSE,-0.00202020189978869,-0.0468253961631231,0.00202020189978869,-0.0763888880610466,0.0763888880610466,0.712500013411045,0.676984122821263,0.788888901472092,0.63015872665814,0.689898992126638,0.68787879022685,0.636363636363636,11,FALSE,FALSE,-0.00202020189978869,-0.0468253961631231,0.00202020189978869,-0.0763888880610466,0.0763888880610466,FALSE,FALSE,TRUE,FALSE,TRUE
13,92,"National Issues Convention 2","nic2.t1forai1","13:9201","13:9201::nic2.t1forai1","triple","9201",0.5,0.444444444444444,1,0.777777777777778,0.458333333333333,0.833333333333333,0.75,12,FALSE,FALSE,0.375,0.333333333333333,-0.375,-0.5,0.5,0.5,0.444444444444444,1,0.777777777777778,0.458333333333333,0.833333333333333,0.75,12,FALSE,FALSE,0.375,0.333333333333333,-0.375,-0.5,0.5,TRUE,TRUE,FALSE,FALSE,TRUE
13,92,"National Issues Convention 2","nic2.t1forai1","13:9202","13:9202::nic2.t1forai1","triple","9202",0.5,0.65,0.5,0.818181818181818,0.607142857142857,0.733333333333333,0.733333333333333,15,FALSE,FALSE,-0.126190476190476,-0.168181818181818,0.126190476190476,0,0,0.5,0.65,0.5,0.85,0.607142857142857,0.75,0.714285714285714,14,FALSE,FALSE,-0.142857142857143,-0.2,0.142857142857143,0,0,FALSE,FALSE,TRUE,FALSE,FALSE
13,92,"National Issues Convention 2","nic2.t1forai1","13:9203","13:9203::nic2.t1forai1","triple","9203",0.375,0.545454545454545,0.875,0.791666666666667,0.5,0.8125,0.75,16,FALSE,FALSE,-0.3125,-0.246212121212121,0.3125,0.5,-0.5,0.375,0.545454545454545,0.875,0.772727272727273,0.5,0.8,0.733333333333333,15,FALSE,FALSE,-0.3,-0.227272727272727,0.3,0.5,-0.5,FALSE,FALSE,TRUE,TRUE,FALSE
13,92,"National Issues Convention 2","nic2.t1forai1","13:9204","13:9204::nic2.t1forai1","triple","9204",0.5,0.4,0.833333333333333,0.75,0.423076923076923,0.769230769230769,0.769230769230769,13,FALSE,FALSE,0.346153846153846,0.35,-0.346153846153846,-0.333333333333333,0.333333333333333,0.5,0.4,0.833333333333333,0.75,0.423076923076923,0.769230769230769,0.769230769230769,13,FALSE,FALSE,0.346153846153846,0.35,-0.346153846153846,-0.333333333333333,0.333333333333333,TRUE,TRUE,FALSE,FALSE,TRUE
13,92,"National Issues Convention 2","nic2.t1forai1","13:9205","13:9205::nic2.t1forai1","triple","9205",0.5,0.5625,0.75,0.954545454545455,0.55,0.923076923076923,0.846153846153846,13,FALSE,FALSE,-0.373076923076923,-0.392045454545455,0.373076923076923,0.25,-0.25,0.5,0.5625,0.75,0.9375,0.55,0.9,0.8,10,FALSE,FALSE,-0.35,-0.375,0.35,0.25,-0.25,FALSE,FALSE,TRUE,TRUE,FALSE
13,92,"National Issues Convention 2","nic2.t1forai1","13:9206","13:9206::nic2.t1forai1","triple","9206",0,0.35,0.5,0.727272727272727,0.318181818181818,0.708333333333333,0.916666666666667,12,FALSE,FALSE,-0.390151515151515,-0.377272727272727,0.390151515151515,0.5,-0.5,0,0.35,0.5,0.7,0.318181818181818,0.681818181818182,0.909090909090909,11,FALSE,FALSE,-0.363636363636364,-0.35,0.363636363636364,0.5,-0.5,FALSE,FALSE,TRUE,TRUE,FALSE
13,92,"National Issues Convention 2","nic2.t1forai1","13:9207","13:9207::nic2.t1forai1","triple","9207",0.25,0.464285714285714,0.5,0.607142857142857,0.4375,0.59375,0.875,16,FALSE,FALSE,-0.15625,-0.142857142857143,0.15625,0.25,-0.25,0.25,0.464285714285714,0.5,0.607142857142857,0.4375,0.59375,0.875,16,FALSE,FALSE,-0.15625,-0.142857142857143,0.15625,0.25,-0.25,FALSE,FALSE,TRUE,TRUE,FALSE
13,92,"National Issues Convention 2","nic2.t1forai1","13:9208","13:9208::nic2.t1forai1","triple","9208",0.5,0.45,0.75,0.75,0.458333333333333,0.75,0.833333333333333,12,FALSE,FALSE,0.291666666666667,0.3,-0.291666666666667,-0.25,0.25,0.5,0.45,0.75,0.75,0.458333333333333,0.75,0.833333333333333,12,FALSE,FALSE,0.291666666666667,0.3,-0.291666666666667,-0.25,0.25,TRUE,TRUE,FALSE,FALSE,TRUE
13,92,"National Issues Convention 2","nic2.t1forai1","13:9209","13:9209::nic2.t1forai1","triple","9209",0.6,0.333333333333333,0.6,0.642857142857143,0.454545454545455,0.625,0.583333333333333,12,FALSE,FALSE,0.170454545454545,0.30952380952381,-0.170454545454545,0,0,0.6,0.333333333333333,0.6,0.583333333333333,0.454545454545455,0.590909090909091,0.545454545454545,11,FALSE,FALSE,0.136363636363636,0.25,-0.136363636363636,0,0,TRUE,TRUE,FALSE,FALSE,FALSE
13,92,"National Issues Convention 2","nic2.t1forai1","13:9211","13:9211::nic2.t1forai1","triple","9211",0.5,0.388888888888889,0.75,0.666666666666667,0.409090909090909,0.681818181818182,0.818181818181818,11,FALSE,FALSE,0.272727272727273,0.277777777777778,-0.272727272727273,-0.25,0.25,0.5,0.388888888888889,0.75,0.666666666666667,0.409090909090909,0.681818181818182,0.818181818181818,11,FALSE,FALSE,0.272727272727273,0.277777777777778,-0.272727272727273,-0.25,0.25,TRUE,TRUE,FALSE,FALSE,TRUE
13,92,"National Issues Convention 2","nic2.t1forai1","13:9212","13:9212::nic2.t1forai1","triple","9212",0.5,0.388888888888889,1,0.75,0.4,0.772727272727273,0.909090909090909,11,FALSE,FALSE,0.372727272727273,0.361111111111111,-0.372727272727273,-0.5,0.5,0.5,0.388888888888889,1,0.722222222222222,0.4,0.75,0.9,10,FALSE,FALSE,0.35,0.333333333333333,-0.35,-0.5,0.5,TRUE,TRUE,FALSE,FALSE,TRUE
13,92,"National Issues Convention 2","nic2.t1forai1","13:9213","13:9213::nic2.t1forai1","triple","9213",1,0.423076923076923,1,0.538461538461538,0.464285714285714,0.571428571428571,0.928571428571429,14,FALSE,FALSE,0.107142857142857,0.115384615384615,-0.107142857142857,0,0,1,0.423076923076923,1,0.538461538461538,0.464285714285714,0.571428571428571,0.928571428571429,14,FALSE,FALSE,0.107142857142857,0.115384615384615,-0.107142857142857,0,0,TRUE,TRUE,FALSE,FALSE,FALSE
13,92,"National Issues Convention 2","nic2.t1forai1","13:9214","13:9214::nic2.t1forai1","triple","9214",0.75,0.444444444444444,1,0.772727272727273,0.538461538461539,0.821428571428571,0.733333333333333,15,FALSE,FALSE,0.282967032967033,0.328282828282828,-0.282967032967033,-0.25,0.25,0.833333333333333,0.444444444444444,1,0.777777777777778,0.541666666666667,0.833333333333333,0.75,12,FALSE,FALSE,0.291666666666667,0.333333333333333,-0.291666666666667,-0.166666666666667,0.166666666666667,TRUE,TRUE,FALSE,FALSE,TRUE
13,92,"National Issues Convention 2","nic2.t1forai1","13:9215","13:9215::nic2.t1forai1","triple","9215",0.4,0.571428571428571,0.8,0.722222222222222,0.5,0.75,0.642857142857143,14,FALSE,FALSE,-0.25,-0.150793650793651,0.25,0.4,-0.4,0.4,0.571428571428571,0.8,0.785714285714286,0.5,0.791666666666667,0.583333333333333,12,FALSE,FALSE,-0.291666666666667,-0.214285714285714,0.291666666666667,0.4,-0.4,FALSE,FALSE,TRUE,TRUE,FALSE
13,92,"National Issues Convention 2","nic2.t1forai1","13:9216","13:9216::nic2.t1forai1","triple","9216",0.5,0.583333333333333,0.5,0.916666666666667,0.571428571428571,0.857142857142857,0.857142857142857,14,FALSE,FALSE,-0.285714285714286,-0.333333333333333,0.285714285714286,0,0,0.5,0.583333333333333,0.5,0.916666666666667,0.571428571428571,0.857142857142857,0.857142857142857,14,FALSE,FALSE,-0.285714285714286,-0.333333333333333,0.285714285714286,0,0,FALSE,FALSE,TRUE,FALSE,FALSE
13,92,"National Issues Convention 2","nic2.t1forai1","13:9217","13:9217::nic2.t1forai1","triple","9217",0.833333333333333,0.5625,1,0.722222222222222,0.636363636363636,0.791666666666667,0.75,12,FALSE,FALSE,0.15530303030303,0.159722222222222,-0.15530303030303,-0.166666666666667,0.166666666666667,0.833333333333333,0.5625,1,0.6875,0.636363636363636,0.772727272727273,0.727272727272727,11,FALSE,FALSE,0.136363636363636,0.125,-0.136363636363636,-0.166666666666667,0.166666666666667,TRUE,TRUE,FALSE,FALSE,TRUE
13,92,"National Issues Convention 2","nic2.t1forai1","13:9218","13:9218::nic2.t1forai1","triple","9218",1,0.666666666666667,1,0.666666666666667,0.7,0.692307692307692,0.923076923076923,13,FALSE,FALSE,-0.00769230769230766,0,0.00769230769230766,0,0,1,0.666666666666667,1,0.555555555555556,0.7,0.6,0.9,10,FALSE,FALSE,-0.1,-0.111111111111111,0.1,0,0,FALSE,FALSE,TRUE,FALSE,FALSE
13,92,"National Issues Convention 2","nic2.t1forai1","13:9219","13:9219::nic2.t1forai1","triple","9219",0.5,0.545454545454545,1,0.653846153846154,0.538461538461538,0.7,0.866666666666667,15,FALSE,FALSE,-0.161538461538462,-0.108391608391608,0.161538461538462,0.5,-0.5,0.5,0.545454545454545,1,0.590909090909091,0.538461538461538,0.653846153846154,0.846153846153846,13,FALSE,FALSE,-0.115384615384615,-0.0454545454545455,0.115384615384615,0.5,-0.5,FALSE,FALSE,TRUE,TRUE,FALSE
13,92,"National Issues Convention 2","nic2.t1forai1","13:9220","13:9220::nic2.t1forai1","triple","9220",0.5,0.545454545454545,1,0.708333333333333,0.538461538461538,0.75,0.857142857142857,14,FALSE,FALSE,-0.211538461538462,-0.162878787878788,0.211538461538462,0.5,-0.5,0.5,0.545454545454545,1,0.681818181818182,0.538461538461538,0.730769230769231,0.846153846153846,13,FALSE,FALSE,-0.192307692307692,-0.136363636363636,0.192307692307692,0.5,-0.5,FALSE,FALSE,TRUE,TRUE,FALSE
13,92,"National Issues Convention 2","nic2.t1forai1","13:9221","13:9221::nic2.t1forai1","triple","9221",0.5,0.388888888888889,0.833333333333333,0.55,0.416666666666667,0.615384615384615,0.769230769230769,13,FALSE,FALSE,0.198717948717949,0.161111111111111,-0.198717948717949,-0.333333333333333,0.333333333333333,0.5,0.388888888888889,0.833333333333333,0.5,0.416666666666667,0.583333333333333,0.75,12,FALSE,FALSE,0.166666666666667,0.111111111111111,-0.166666666666667,-0.333333333333333,0.333333333333333,TRUE,TRUE,FALSE,FALSE,TRUE
13,92,"National Issues Convention 2","nic2.t1forai1","13:9222","13:9222::nic2.t1forai1","triple","9222",0,0.5,0.5,0.625,0.4,0.6,0.8,10,FALSE,FALSE,-0.2,-0.125,0.2,0.5,-0.5,0,0.5,0.5,0.625,0.4,0.6,0.8,10,FALSE,FALSE,-0.2,-0.125,0.2,0.5,-0.5,FALSE,FALSE,TRUE,TRUE,FALSE
13,92,"National Issues Convention 2","nic2.t1forai1","13:9223","13:9223::nic2.t1forai1","triple","9223",0.5,0.3,1,0.590909090909091,0.346153846153846,0.653846153846154,0.785714285714286,14,FALSE,FALSE,0.307692307692308,0.290909090909091,-0.307692307692308,-0.5,0.5,0.75,0.3,1,0.6,0.375,0.666666666666667,0.833333333333333,12,FALSE,FALSE,0.291666666666667,0.3,-0.291666666666667,-0.25,0.25,TRUE,TRUE,FALSE,FALSE,TRUE
13,92,"National Issues Convention 2","nic2.t1forai1","13:9224","13:9224::nic2.t1forai1","triple","9224",0.625,0.25,0.875,0.5,0.4,0.636363636363636,0.636363636363636,11,FALSE,FALSE,0.236363636363636,0.25,-0.236363636363636,-0.25,0.25,0.625,0.25,0.875,0.583333333333333,0.4,0.7,0.6,10,FALSE,FALSE,0.3,0.333333333333333,-0.3,-0.25,0.25,TRUE,TRUE,FALSE,FALSE,TRUE
13,92,"National Issues Convention 2","nic2.t1trade_b","13:9201","13:9201::nic2.t1trade_b","triple","9201",0.5,0.4,0.5,0.5,0.4375,0.5,0.75,12,FALSE,FALSE,0.0625,0.1,-0.0625,0,0,0.5,0.4,0.5,0.6,0.4375,0.5625,0.625,8,FALSE,FALSE,0.125,0.2,-0.125,0,0,TRUE,TRUE,FALSE,FALSE,FALSE
13,92,"National Issues Convention 2","nic2.t1trade_b","13:9202","13:9202::nic2.t1trade_b","triple","9202",0.625,0.6,0.625,0.590909090909091,0.607142857142857,0.6,0.733333333333333,15,FALSE,FALSE,-0.00714285714285712,-0.00909090909090904,0.00714285714285712,0,0,0.625,0.6,0.625,0.6,0.607142857142857,0.607142857142857,0.714285714285714,14,FALSE,TRUE,0,0,0,0,0,FALSE,FALSE,TRUE,FALSE,FALSE
13,92,"National Issues Convention 2","nic2.t1trade_b","13:9203","13:9203::nic2.t1trade_b","triple","9203",0.75,0.590909090909091,1,0.666666666666667,0.633333333333333,0.75,0.75,16,FALSE,FALSE,0.116666666666667,0.0757575757575757,-0.116666666666667,-0.25,0.25,0.75,0.590909090909091,1,0.727272727272727,0.633333333333333,0.8,0.733333333333333,15,FALSE,FALSE,0.166666666666667,0.136363636363636,-0.166666666666667,-0.25,0.25,TRUE,TRUE,FALSE,FALSE,TRUE
13,92,"National Issues Convention 2","nic2.t1trade_b","13:9204","13:9204::nic2.t1trade_b","triple","9204",0.666666666666667,0.6,0.333333333333333,0.55,0.615384615384615,0.5,0.769230769230769,13,FALSE,FALSE,-0.115384615384615,-0.0499999999999999,0.115384615384615,0.333333333333333,-0.333333333333333,0.666666666666667,0.6,0.333333333333333,0.55,0.615384615384615,0.5,0.769230769230769,13,FALSE,FALSE,-0.115384615384615,-0.0499999999999999,0.115384615384615,0.333333333333333,-0.333333333333333,FALSE,FALSE,TRUE,TRUE,FALSE
13,92,"National Issues Convention 2","nic2.t1trade_b","13:9205","13:9205::nic2.t1trade_b","triple","9205",1,0.5,1,0.636363636363636,0.611111111111111,0.692307692307692,0.846153846153846,13,FALSE,FALSE,0.0811965811965811,0.136363636363636,-0.0811965811965811,0,0,1,0.5,1,0.642857142857143,0.611111111111111,0.722222222222222,0.777777777777778,9,FALSE,FALSE,0.111111111111111,0.142857142857143,-0.111111111111111,0,0,TRUE,TRUE,FALSE,FALSE,FALSE
13,92,"National Issues Convention 2","nic2.t1trade_b","13:9206","13:9206::nic2.t1trade_b","triple","9206",0.5,0.75,0.5,0.545454545454545,0.727272727272727,0.541666666666667,0.916666666666667,12,FALSE,FALSE,0.185606060606061,0.204545454545455,-0.185606060606061,0,0,0.5,0.75,0.5,0.55,0.727272727272727,0.545454545454545,0.909090909090909,11,FALSE,FALSE,0.181818181818182,0.2,-0.181818181818182,0,0,TRUE,TRUE,FALSE,FALSE,FALSE
13,92,"National Issues Convention 2","nic2.t1trade_b","13:9207","13:9207::nic2.t1trade_b","triple","9207",0.75,0.7,0.5,0.535714285714286,0.708333333333333,0.53125,0.875,16,FALSE,FALSE,-0.177083333333333,-0.164285714285714,0.177083333333333,0.25,-0.25,0.75,0.7,0.5,0.5,0.708333333333333,0.5,0.833333333333333,12,FALSE,FALSE,-0.208333333333333,-0.2,0.208333333333333,0.25,-0.25,FALSE,FALSE,TRUE,TRUE,FALSE
13,92,"National Issues Convention 2","nic2.t1trade_b","13:9208","13:9208::nic2.t1trade_b","triple","9208",0.75,0.642857142857143,0.75,0.777777777777778,0.666666666666667,0.772727272727273,0.833333333333333,12,FALSE,FALSE,0.106060606060606,0.134920634920635,-0.106060606060606,0,0,0.75,0.583333333333333,0.75,0.75,0.625,0.75,0.75,8,FALSE,FALSE,0.125,0.166666666666667,-0.125,0,0,TRUE,TRUE,FALSE,FALSE,FALSE
13,92,"National Issues Convention 2","nic2.t1trade_b","13:9209","13:9209::nic2.t1trade_b","triple","9209",0.625,0.666666666666667,0.625,0.5,0.65,0.545454545454545,0.583333333333333,12,FALSE,FALSE,0.104545454545455,0.166666666666667,-0.104545454545455,0,0,0.625,0.666666666666667,0.625,0.5,0.65,0.55,0.6,10,FALSE,FALSE,0.1,0.166666666666667,-0.1,0,0,TRUE,TRUE,FALSE,FALSE,FALSE
13,92,"National Issues Convention 2","nic2.t1trade_b","13:9211","13:9211::nic2.t1trade_b","triple","9211",0.75,0.5,0.5,0.5,0.555555555555556,0.5,0.818181818181818,11,FALSE,FALSE,-0.0555555555555556,0,0.0555555555555556,0.25,-0.25,0.75,0.5,0.5,0.5,0.555555555555556,0.5,0.777777777777778,9,FALSE,FALSE,-0.0555555555555556,0,0.0555555555555556,0.25,-0.25,FALSE,FALSE,TRUE,TRUE,FALSE
13,92,"National Issues Convention 2","nic2.t1trade_b","13:9212","13:9212::nic2.t1trade_b","triple","9212",1,0.6875,1,0.4,0.722222222222222,0.454545454545455,0.909090909090909,11,FALSE,FALSE,-0.267676767676768,-0.2875,0.267676767676768,0,0,1,0.6875,1,0.4375,0.722222222222222,0.5,0.888888888888889,9,FALSE,FALSE,-0.222222222222222,-0.25,0.222222222222222,0,0,FALSE,FALSE,TRUE,FALSE,FALSE
13,92,"National Issues Convention 2","nic2.t1trade_b","13:9213","13:9213::nic2.t1trade_b","triple","9213",1,0.65,1,0.541666666666667,0.681818181818182,0.576923076923077,0.928571428571429,14,FALSE,FALSE,-0.104895104895105,-0.108333333333333,0.104895104895105,0,0,1,0.65,1,0.5,0.681818181818182,0.545454545454545,0.909090909090909,11,FALSE,FALSE,-0.136363636363636,-0.15,0.136363636363636,0,0,FALSE,FALSE,TRUE,FALSE,FALSE
13,92,"National Issues Convention 2","nic2.t1trade_b","13:9214","13:9214::nic2.t1trade_b","triple","9214",0.5,0.6875,0.375,0.388888888888889,0.625,0.384615384615385,0.733333333333333,15,FALSE,FALSE,0.240384615384615,0.298611111111111,-0.240384615384615,-0.125,0.125,0.5,0.642857142857143,0.375,0.428571428571429,0.590909090909091,0.409090909090909,0.636363636363636,11,FALSE,FALSE,0.181818181818182,0.214285714285714,-0.181818181818182,-0.125,0.125,TRUE,TRUE,FALSE,FALSE,TRUE
13,92,"National Issues Convention 2","nic2.t1trade_b","13:9215","13:9215::nic2.t1trade_b","triple","9215",0.833333333333333,0.5625,0.5,0.6875,0.636363636363636,0.615384615384615,0.642857142857143,14,FALSE,FALSE,-0.0209790209790209,0.125,0.0209790209790209,0.333333333333333,-0.333333333333333,0.833333333333333,0.5625,0.666666666666667,0.6875,0.636363636363636,0.681818181818182,0.727272727272727,11,FALSE,FALSE,0.0454545454545454,0.125,-0.0454545454545454,0.166666666666667,-0.166666666666667,FALSE,TRUE,TRUE,TRUE,FALSE
13,92,"National Issues Convention 2","nic2.t1trade_b","13:9216","13:9216::nic2.t1trade_b","triple","9216",0.25,0.388888888888889,0.5,0.55,0.363636363636364,0.541666666666667,0.857142857142857,14,FALSE,FALSE,-0.178030303030303,-0.161111111111111,0.178030303030303,0.25,-0.25,0.25,0.3125,0.5,0.5625,0.3,0.55,0.8,10,FALSE,FALSE,-0.25,-0.25,0.25,0.25,-0.25,FALSE,FALSE,TRUE,TRUE,FALSE
13,92,"National Issues Convention 2","nic2.t1trade_b","13:9217","13:9217::nic2.t1trade_b","triple","9217",1,0.4375,0.833333333333333,0.722222222222222,0.55,0.75,0.75,12,FALSE,FALSE,0.2,0.284722222222222,-0.2,0.166666666666667,-0.166666666666667,1,0.4375,0.75,0.8125,0.55,0.8,0.8,10,FALSE,FALSE,0.25,0.375,-0.25,0.25,-0.25,TRUE,TRUE,FALSE,TRUE,FALSE
13,92,"National Issues Convention 2","nic2.t1trade_b","13:9218","13:9218::nic2.t1trade_b","triple","9218",0,0.75,1,0.666666666666667,0.681818181818182,0.692307692307692,0.923076923076923,13,FALSE,FALSE,-0.0104895104895105,0.0833333333333334,0.0104895104895105,1,-1,0,0.75,1,0.6,0.681818181818182,0.636363636363636,0.909090909090909,11,FALSE,FALSE,0.0454545454545454,0.15,-0.0454545454545454,1,-1,FALSE,TRUE,TRUE,TRUE,FALSE
13,92,"National Issues Convention 2","nic2.t1trade_b","13:9219","13:9219::nic2.t1trade_b","triple","9219",0.5,0.9,0.5,0.615384615384615,0.833333333333333,0.6,0.866666666666667,15,FALSE,FALSE,0.233333333333333,0.284615384615385,-0.233333333333333,0,0,0.5,0.9,0.5,0.6,0.833333333333333,0.583333333333333,0.833333333333333,12,FALSE,FALSE,0.25,0.3,-0.25,0,0,TRUE,TRUE,FALSE,FALSE,FALSE
13,92,"National Issues Convention 2","nic2.t1trade_b","13:9220","13:9220::nic2.t1trade_b","triple","9220",0.75,0.65,1,0.75,0.666666666666667,0.785714285714286,0.857142857142857,14,FALSE,FALSE,0.119047619047619,0.1,-0.119047619047619,-0.25,0.25,0.75,0.65,1,0.75,0.666666666666667,0.791666666666667,0.833333333333333,12,FALSE,FALSE,0.125,0.1,-0.125,-0.25,0.25,TRUE,TRUE,FALSE,FALSE,TRUE
13,92,"National Issues Convention 2","nic2.t1trade_b","13:9221","13:9221::nic2.t1trade_b","triple","9221",0.75,0.642857142857143,0.666666666666667,0.45,0.666666666666667,0.5,0.769230769230769,13,FALSE,FALSE,-0.166666666666667,-0.192857142857143,0.166666666666667,0.0833333333333334,-0.0833333333333334,0.75,0.642857142857143,0.75,0.5,0.666666666666667,0.555555555555556,0.777777777777778,9,FALSE,FALSE,-0.111111111111111,-0.142857142857143,0.111111111111111,0,0,FALSE,FALSE,TRUE,TRUE,FALSE
13,92,"National Issues Convention 2","nic2.t1trade_b","13:9222","13:9222::nic2.t1trade_b","triple","9222",0.25,0.5,0.5,0.625,0.444444444444444,0.6,0.8,10,FALSE,FALSE,-0.155555555555556,-0.125,0.155555555555556,0.25,-0.25,0.25,0.5,0.5,0.571428571428571,0.444444444444444,0.555555555555556,0.777777777777778,9,FALSE,FALSE,-0.111111111111111,-0.0714285714285714,0.111111111111111,0.25,-0.25,FALSE,FALSE,TRUE,TRUE,FALSE
13,92,"National Issues Convention 2","nic2.t1trade_b","13:9223","13:9223::nic2.t1trade_b","triple","9223",0.5,0.4375,1,0.454545454545455,0.45,0.538461538461538,0.785714285714286,14,FALSE,FALSE,0.0884615384615384,0.0170454545454545,-0.0884615384615384,-0.5,0.5,0.5,0.4375,1,0.3125,0.45,0.45,0.8,10,FALSE,TRUE,0,-0.125,0,-0.5,0.5,TRUE,TRUE,FALSE,FALSE,TRUE
13,92,"National Issues Convention 2","nic2.t1trade_b","13:9224","13:9224::nic2.t1trade_b","triple","9224",0.25,0.3,0.375,0.357142857142857,0.277777777777778,0.363636363636364,0.636363636363636,11,FALSE,FALSE,-0.0858585858585859,-0.0571428571428571,0.0858585858585859,0.125,-0.125,0.25,0.3,0.375,0.4,0.277777777777778,0.388888888888889,0.555555555555556,9,FALSE,FALSE,-0.111111111111111,-0.1,0.111111111111111,0.125,-0.125,FALSE,FALSE,TRUE,TRUE,FALSE
15,94,"By The People 2004 US General Election","btp04.w4b42","15:9401","15:9401::btp04.w4b42","triple","9401",0.733331990242004,0.535714287843023,0.733334004878998,0.522222669919332,0.587718946369071,0.575000503659248,0.75,20,FALSE,FALSE,-0.0127184427098223,-0.0134916179236911,0.0127184427098223,-2.01463699345261e-06,2.01463699345261e-06,0.733331990242004,0.535714287843023,0.733334004878998,0.523810003484998,0.587718946369071,0.578947898588682,0.736842105263158,19,FALSE,FALSE,-0.00877104778038817,-0.0119042843580246,0.00877104778038817,-2.01463699345261e-06,2.01463699345261e-06,FALSE,FALSE,TRUE,FALSE,TRUE
15,94,"By The People 2004 US General Election","btp04.w4b42","15:9402","15:9402::btp04.w4b42","triple","9402",0.500000004967054,0.480392354376176,0.388891677061717,0.519608234657961,0.485507393660753,0.485508263111115,0.75,24,FALSE,FALSE,8.6945036192887e-07,0.039215880281785,-8.6945036192887e-07,0.111108327905337,-0.111108327905337,0.500000004967054,0.479166876524687,0.388891677061717,0.520833749324083,0.48484863882715,0.484849547797983,0.727272727272727,22,FALSE,FALSE,9.08970832880218e-07,0.0416668727993965,-9.08970832880218e-07,0.111108327905337,-0.111108327905337,TRUE,TRUE,FALSE,TRUE,FALSE
15,94,"By The People 2004 US General Election","btp04.w4b42","15:9403","15:9403::btp04.w4b42","triple","9403",0.666670024394989,0.601852226588461,0.75,0.666666846526296,0.608334006369114,0.674603337333316,0.904761904761905,21,FALSE,FALSE,0.066269330964202,0.0648146199378353,-0.066269330964202,-0.083329975605011,0.083329975605011,0.666670024394989,0.601852226588461,0.75,0.64814833799998,0.608334006369114,0.658333504199982,0.9,20,FALSE,FALSE,0.0499994978308677,0.0462961114115185,-0.0499994978308677,-0.083329975605011,0.083329975605011,TRUE,TRUE,FALSE,FALSE,TRUE
15,94,"By The People 2004 US General Election","btp04.w4b42","15:9404","15:9404::btp04.w4b42","triple","9404",0.285715720483235,0.70370332731141,0.404761429343905,0.703703333934148,0.520833749324083,0.572916250675917,0.5625,16,FALSE,FALSE,-0.0520825013518333,-6.62273824669768e-09,0.0520825013518333,0.11904570886067,-0.11904570886067,0.285715720483235,0.70370332731141,0.404761429343905,0.703703333934148,0.520833749324083,0.572916250675917,0.5625,16,FALSE,FALSE,-0.0520825013518333,-6.62273824669768e-09,0.0520825013518333,0.11904570886067,-0.11904570886067,FALSE,FALSE,TRUE,TRUE,FALSE
15,94,"By The People 2004 US General Election","btp04.w4b42","15:9405","15:9405::btp04.w4b42","triple","9405",0.5,0.621211820028045,0.333330005407333,0.651514541019093,0.615941740896391,0.637680430775103,0.956521739130435,23,FALSE,FALSE,-0.0217386898787126,-0.030302720991048,0.0217386898787126,-0.166669994592667,0.166669994592667,0.5,0.621211820028045,0.333330005407333,0.651514541019093,0.615941740896391,0.637680430775103,0.956521739130435,23,FALSE,FALSE,-0.0217386898787126,-0.030302720991048,0.0217386898787126,-0.166669994592667,0.166669994592667,FALSE,FALSE,TRUE,FALSE,TRUE
15,94,"By The People 2004 US General Election","btp04.w4b42","15:9406","15:9406::btp04.w4b42","triple","9406",0.333332501351833,0.531250005587935,0.291665002703666,0.529412358999252,0.491666504740715,0.484127148276284,0.818181818181818,22,FALSE,FALSE,0.00753935646443138,0.00183764658868302,-0.00753935646443138,-0.0416674986481668,0.0416674986481668,0.333332501351833,0.531250005587935,0.291665002703666,0.531250631436706,0.491666504740715,0.483333505690098,0.8,20,FALSE,FALSE,0.00833299905061718,-6.25848770252624e-07,-0.00833299905061718,-0.0416674986481668,0.0416674986481668,TRUE,TRUE,FALSE,FALSE,TRUE
15,94,"By The People 2004 US General Election","btp04.w4b42","15:9407","15:9407::btp04.w4b42","triple","9407",0.444445009032885,0.566667334238688,0.523809999227524,0.572917504236102,0.531746669894173,0.557971741842187,0.695652173913043,23,FALSE,FALSE,-0.0262250719480139,-0.0062501699974139,0.0262250719480139,0.0793649901946386,-0.0793649901946386,0.444445009032885,0.566667334238688,0.472223336497943,0.600000671545664,0.531746669894173,0.56349286153203,0.714285714285714,21,FALSE,FALSE,-0.0317461916378566,-0.0333333373069763,0.0317461916378566,0.0277783274650574,-0.0277783274650574,FALSE,FALSE,TRUE,TRUE,FALSE
15,94,"By The People 2004 US General Election","btp04.w4b42","15:9408","15:9408::btp04.w4b42","triple","9408",0,0.75000000745058,0,0.541664995253086,0.600000005960464,0.433331996202469,0.8,5,FALSE,FALSE,0.166668009757996,0.208335012197495,-0.166668009757996,0,0,0,0.75000000745058,0,0.541664995253086,0.600000005960464,0.433331996202469,0.8,5,FALSE,FALSE,0.166668009757996,0.208335012197495,-0.166668009757996,0,0,TRUE,TRUE,FALSE,FALSE,FALSE
15,94,"By The People 2004 US General Election","btp04.w4b42","15:9409","15:9409::btp04.w4b42","triple","9409",0.166668330629667,0.583333749324083,0.111111665765444,0.583333749324083,0.404762855597905,0.380952856370381,0.6,15,FALSE,FALSE,0.0238099992275239,0,-0.0238099992275239,-0.0555566648642223,0.0555566648642223,0.166668330629667,0.595238570656095,0.111111665765444,0.595238570656095,0.397436921413128,0.371795383783487,0.538461538461538,13,FALSE,FALSE,0.0256415376296411,0,-0.0256415376296411,-0.0555566648642223,0.0555566648642223,TRUE,FALSE,FALSE,FALSE,TRUE
15,94,"By The People 2004 US General Election","btp04.w4b42","15:9410","15:9410::btp04.w4b42","triple","9410",0.833329975605011,0.636362717910246,0.75,0.636363636363636,0.66666537294021,0.653846153846154,0.857142857142857,14,FALSE,FALSE,-0.0128192190940564,9.184533898976e-07,0.0128192190940564,0.083329975605011,-0.083329975605011,0.833329975605011,0.636362717910246,0.75,0.636363636363636,0.66666537294021,0.653846153846154,0.846153846153846,13,FALSE,FALSE,-0.0128192190940564,9.184533898976e-07,0.0128192190940564,0.083329975605011,-0.083329975605011,FALSE,TRUE,TRUE,TRUE,FALSE
15,94,"By The People 2004 US General Election","btp04.w4b42","15:9411","15:9411::btp04.w4b42","triple","9411",0.541667506098747,0.56410230581577,0.583332493901253,0.551281541585922,0.558823529411765,0.558822942130706,0.764705882352941,17,FALSE,FALSE,5.87281058894717e-07,0.0128207642298479,-5.87281058894717e-07,0.0416649878025055,-0.0416649878025055,0.541667506098747,0.56410230581577,0.583332493901253,0.551281541585922,0.558823529411765,0.558822942130706,0.764705882352941,17,FALSE,FALSE,5.87281058894717e-07,0.0128207642298479,-5.87281058894717e-07,0.0416649878025055,-0.0416649878025055,TRUE,TRUE,FALSE,TRUE,FALSE
15,94,"By The People 2004 US General Election","btp04.w4b42","15:9412","15:9412::btp04.w4b42","triple","9412",0,0.388888329267502,0.166665002703666,0.388888329267502,0.333332853657859,0.333332497626543,0.75,8,FALSE,FALSE,3.56031315706939e-07,0,-3.56031315706939e-07,0.166665002703666,-0.166665002703666,0,0.388888329267502,0,0.388888329267502,0.333332853657859,0.333332853657859,0.857142857142857,7,FALSE,TRUE,0,0,0,0,0,TRUE,FALSE,FALSE,TRUE,FALSE
15,94,"By The People 2004 US General Election","btp04.w4b42","15:9413","15:9413::btp04.w4b42","triple","9413",0,0.500000005960464,0.166669994592667,0.611111675699552,0.41666667163372,0.547620006969997,0.857142857142857,7,FALSE,FALSE,-0.130953335336276,-0.111111669739087,0.130953335336276,0.166669994592667,-0.166669994592667,0,0.500000005960464,0.166669994592667,0.633334010839462,0.41666667163372,0.55555667479833,0.833333333333333,6,FALSE,FALSE,-0.138890003164609,-0.133334004878998,0.138890003164609,0.166669994592667,-0.166669994592667,FALSE,FALSE,TRUE,TRUE,FALSE
15,94,"By The People 2004 US General Election","btp04.w4b42","15:9414","15:9414::btp04.w4b42","triple","9414",0.166669994592667,0.59722333898147,0,0.472222502032916,0.564103850951562,0.43589769418423,0.928571428571429,14,FALSE,FALSE,0.128206156767332,0.125000836948554,-0.128206156767332,-0.166669994592667,0.166669994592667,0.166669994592667,0.59722333898147,0,0.472222502032916,0.564103850951562,0.43589769418423,0.923076923076923,13,FALSE,FALSE,0.128206156767332,0.125000836948554,-0.128206156767332,-0.166669994592667,0.166669994592667,TRUE,TRUE,FALSE,FALSE,TRUE
15,94,"By The People 2004 US General Election","btp04.w4b42","15:9415","15:9415::btp04.w4b42","triple","9415",0.416665002703666,0.555555548932817,0.416665002703666,0.629630002710554,0.530302722345699,0.590909093618393,0.818181818181818,11,FALSE,FALSE,-0.060606371272694,-0.074074453777737,0.060606371272694,0,0,0.416665002703666,0.555555548932817,0.416665002703666,0.629630002710554,0.530302722345699,0.590909093618393,0.818181818181818,11,FALSE,FALSE,-0.060606371272694,-0.074074453777737,0.060606371272694,0,0,FALSE,FALSE,TRUE,FALSE,FALSE
15,94,"By The People 2004 US General Election","btp04.w4b45","15:9401","15:9401::btp04.w4b45","triple","9401",0.833334004878998,0.655556003252665,0.833331990242004,0.666667334238688,0.700000503659248,0.708333498239517,0.75,20,FALSE,FALSE,0.00833299458026882,0.0111113309860229,-0.00833299458026882,2.01463699334159e-06,-2.01463699334159e-06,0.833334004878998,0.655556003252665,0.833331990242004,0.666667334238688,0.700000503659248,0.708333498239517,0.75,20,FALSE,FALSE,0.00833299458026882,0.0111113309860229,-0.00833299458026882,2.01463699334159e-06,-2.01463699334159e-06,TRUE,TRUE,FALSE,TRUE,FALSE
15,94,"By The People 2004 US General Election","btp04.w4b45","15:9402","15:9402::btp04.w4b45","triple","9402",0.55555667479833,0.544443998734156,0.499999995032946,0.555555555555556,0.547619049038206,0.541666665424903,0.75,24,FALSE,FALSE,-0.00595238361330253,0.0111115568213993,0.00595238361330253,0.0555566797653834,-0.0555566797653834,0.55555667479833,0.544443998734156,0.499999995032946,0.555555329720179,0.547619049038206,0.539682376952398,0.714285714285714,21,FALSE,FALSE,-0.0079366720858074,0.011111330986023,0.0079366720858074,0.0555566797653834,-0.0555566797653834,FALSE,TRUE,TRUE,TRUE,FALSE
15,94,"By The People 2004 US General Election","btp04.w4b45","15:9403","15:9403::btp04.w4b45","triple","9403",0.5,0.715685288695728,0.833335012197495,0.715685285189573,0.692981574096178,0.72806946697988,0.904761904761905,21,FALSE,FALSE,-0.0350878928837023,3.50615547706212e-09,0.0350878928837023,0.333335012197495,-0.333335012197495,0.5,0.729165619239211,0.833335012197495,0.749998740851879,0.703702772657076,0.759258326556947,0.888888888888889,18,FALSE,FALSE,-0.055555553899871,-0.020833121612668,0.055555553899871,0.333335012197495,-0.333335012197495,FALSE,TRUE,TRUE,TRUE,FALSE
15,94,"By The People 2004 US General Election","btp04.w4b45","15:9404","15:9404::btp04.w4b45","triple","9404",0.619048574141094,0.666664987802505,0.499998331069946,0.604167498648167,0.644443994760513,0.559523569686072,0.5625,16,FALSE,FALSE,0.0849204250744411,0.0624974891543387,-0.0849204250744411,-0.119050243071148,0.119050243071148,0.611111665765445,0.690474271774292,0.499998331069946,0.666667142084667,0.653845376693285,0.589743075462488,0.538461538461538,13,FALSE,FALSE,0.0641023012307975,0.0238071296896253,-0.0641023012307975,-0.111113334695498,0.111113334695498,TRUE,TRUE,FALSE,FALSE,TRUE
15,94,"By The People 2004 US General Election","btp04.w4b45","15:9405","15:9405::btp04.w4b45","triple","9405",0.333330005407333,0.666666497290134,0.333330005407333,0.698411900372732,0.650793331010001,0.681817268783396,0.956521739130435,23,FALSE,FALSE,-0.0310239377733948,-0.0317454030825979,0.0310239377733948,0,0,0.333330005407333,0.666666497290134,0.333330005407333,0.716665995121002,0.650793331010001,0.698411900372732,0.952380952380952,21,FALSE,FALSE,-0.0476185693627312,-0.0499994978308678,0.0476185693627312,0,0,FALSE,FALSE,TRUE,FALSE,FALSE
15,94,"By The People 2004 US General Election","btp04.w4b45","15:9406","15:9406::btp04.w4b45","triple","9406",0.458332486450672,0.722222780187925,0.416667513549328,0.656249368563294,0.674242726781151,0.608332997560501,0.818181818181818,22,FALSE,FALSE,0.0659097292206504,0.0659734116246303,-0.0659097292206504,-0.0416649729013445,0.0416649729013445,0.458332486450672,0.697917504236102,0.416667513549328,0.656249368563294,0.650000500679016,0.608332997560501,0.8,20,FALSE,FALSE,0.0416675031185151,0.0416681356728077,-0.0416675031185151,-0.0416649729013445,0.0416649729013445,TRUE,TRUE,FALSE,FALSE,TRUE
15,94,"By The People 2004 US General Election","btp04.w4b45","15:9407","15:9407::btp04.w4b45","triple","9407",0.571427136659622,0.635416246950626,0.452379997287478,0.700000001986821,0.615941300340321,0.621211818673394,0.695652173913043,23,FALSE,FALSE,-0.00527051833307324,-0.0645837550361951,0.00527051833307324,-0.119047139372144,0.119047139372144,0.571427136659622,0.644443996747335,0.452379997287478,0.700000001986821,0.621211359446699,0.621211818673394,0.681818181818182,22,FALSE,FALSE,-4.59226695004311e-07,-0.0555560052394867,4.59226695004311e-07,-0.119047139372144,0.119047139372144,FALSE,FALSE,TRUE,FALSE,TRUE
15,94,"By The People 2004 US General Election","btp04.w4b45","15:9408","15:9408::btp04.w4b45","triple","9408",0.166669994592667,0.833333333333333,0.166669994592667,0.722223341464996,0.666667498648167,0.583335004746914,0.8,5,FALSE,FALSE,0.0833324939012527,0.111109991868337,-0.0833324939012527,0,0,0.166669994592667,0.833333333333333,0.166669994592667,0.722223341464996,0.666667498648167,0.583335004746914,0.75,4,FALSE,FALSE,0.0833324939012527,0.111109991868337,-0.0833324939012527,0,0,TRUE,TRUE,FALSE,FALSE,FALSE
15,94,"By The People 2004 US General Election","btp04.w4b45","15:9409","15:9409::btp04.w4b45","triple","9409",0.250000004967054,0.56250000372529,0.222221667567889,0.645832493901253,0.428571432828903,0.46428499690124,0.6,15,FALSE,FALSE,-0.0357135640723365,-0.0833324901759624,0.0357135640723365,-0.0277783373991648,0.0277783373991648,0.250000004967054,0.56250000372529,0.222221667567889,0.645832493901253,0.428571432828903,0.46428499690124,0.571428571428571,14,FALSE,FALSE,-0.0357135640723365,-0.0833324901759624,0.0357135640723365,-0.0277783373991648,0.0277783373991648,FALSE,FALSE,TRUE,FALSE,TRUE
15,94,"By The People 2004 US General Election","btp04.w4b45","15:9410","15:9410::btp04.w4b45","triple","9410",0.916664987802505,0.70833416779836,0.75,0.694444164633751,0.738095713513238,0.702380712543215,0.857142857142857,14,FALSE,FALSE,-0.035715000970023,-0.0138900031646093,0.035715000970023,0.166664987802505,-0.166664987802505,0.916664987802505,0.70833416779836,0.75,0.694444164633751,0.738095713513238,0.702380712543215,0.857142857142857,14,FALSE,FALSE,-0.035715000970023,-0.0138900031646093,0.035715000970023,0.166664987802505,-0.166664987802505,FALSE,FALSE,TRUE,TRUE,FALSE
15,94,"By The People 2004 US General Election","btp04.w4b45","15:9411","15:9411::btp04.w4b45","triple","9411",0.583332493901253,0.606060000983151,0.500002518296242,0.560604547912424,0.599999332427978,0.544444006681442,0.764705882352941,17,FALSE,FALSE,0.0555553257465363,0.0454554530707274,-0.0555553257465363,-0.083329975605011,0.083329975605011,0.583332493901253,0.606060000983151,0.500002518296242,0.560604547912424,0.599999332427978,0.544444006681442,0.733333333333333,15,FALSE,FALSE,0.0555553257465363,0.0454554530707274,-0.0555553257465363,-0.083329975605011,0.083329975605011,TRUE,TRUE,FALSE,FALSE,TRUE
15,94,"By The People 2004 US General Election","btp04.w4b45","15:9412","15:9412::btp04.w4b45","triple","9412",0.25,0.527778327465057,0.25,0.444445004065832,0.458333745598793,0.395833753049374,0.75,8,FALSE,FALSE,0.0624999925494195,0.083333323399226,-0.0624999925494195,0,0,0.25,0.527778327465057,0.25,0.444445004065832,0.458333745598793,0.395833753049374,0.75,8,FALSE,FALSE,0.0624999925494195,0.083333323399226,-0.0624999925494195,0,0,TRUE,TRUE,FALSE,FALSE,FALSE
15,94,"By The People 2004 US General Election","btp04.w4b45","15:9413","15:9413::btp04.w4b45","triple","9413",0,0.9,0.166669994592667,0.866665995121002,0.75,0.749999995032946,0.857142857142857,7,FALSE,FALSE,4.96705365726768e-09,0.0333340048789978,-4.96705365726768e-09,0.166669994592667,-0.166669994592667,0,0.9,0.166669994592667,0.866665995121002,0.75,0.749999995032946,0.833333333333333,6,FALSE,FALSE,4.96705365726768e-09,0.0333340048789978,-4.96705365726768e-09,0.166669994592667,-0.166669994592667,TRUE,TRUE,FALSE,TRUE,FALSE
15,94,"By The People 2004 US General Election","btp04.w4b45","15:9414","15:9414::btp04.w4b45","triple","9414",0.333330005407333,0.555555003384749,0.333330005407333,0.512819996246925,0.538460772771102,0.499999282615525,0.928571428571429,14,FALSE,FALSE,0.0384614901555763,0.0427350071378242,-0.0384614901555763,0,0,0.333330005407333,0.555555003384749,0.333330005407333,0.513888329267502,0.538460772771102,0.499999227432104,0.923076923076923,13,FALSE,FALSE,0.0384615453389974,0.0416666741172471,-0.0384615453389974,0,0,TRUE,TRUE,FALSE,FALSE,FALSE
15,94,"By The People 2004 US General Election","btp04.w4b45","15:9415","15:9415::btp04.w4b45","triple","9415",0.5,0.49999875202775,0.416665002703666,0.604167506098747,0.4999990016222,0.566667005419731,0.818181818181818,11,FALSE,FALSE,0.0666680037975312,0.104168754070997,-0.0666680037975312,0.0833349972963335,-0.0833349972963335,0.5,0.49999875202775,0.416665002703666,0.604167506098747,0.4999990016222,0.566667005419731,0.8,10,FALSE,FALSE,0.0666680037975312,0.104168754070997,-0.0666680037975312,0.0833349972963335,-0.0833349972963335,TRUE,TRUE,FALSE,TRUE,FALSE
15,94,"By The People 2004 US General Election","btp04.w4b48","15:9401","15:9401::btp04.w4b48","triple","9401",0.7,0.782051542630562,0.700002014636993,0.722221996386846,0.759259447455406,0.716667000949383,0.75,20,FALSE,FALSE,0.0425924465060233,0.0598295462437165,-0.0425924465060233,2.01463699345261e-06,-2.01463699345261e-06,0.7,0.782051542630562,0.700002014636993,0.769229994370387,0.759259447455406,0.75,0.722222222222222,18,FALSE,FALSE,0.00925944745540619,0.0128215482601752,-0.00925944745540619,2.01463699345261e-06,-2.01463699345261e-06,TRUE,TRUE,FALSE,TRUE,FALSE
15,94,"By The People 2004 US General Election","btp04.w4b48","15:9402","15:9402::btp04.w4b48","triple","9402",0.472221667567889,0.656250633299351,0.333335002263387,0.629630006021923,0.606060915372588,0.555556255082289,0.75,24,FALSE,FALSE,0.050504660290299,0.0266206272774273,-0.050504660290299,-0.138886665304502,0.138886665304502,0.472221667567889,0.656250633299351,0.333335002263387,0.614583756774664,0.606060915372588,0.537879550998861,0.727272727272727,22,FALSE,FALSE,0.0681813643737272,0.0416668765246868,-0.0681813643737272,-0.138886665304502,0.138886665304502,TRUE,TRUE,FALSE,FALSE,TRUE
15,94,"By The People 2004 US General Election","btp04.w4b48","15:9403","15:9403::btp04.w4b48","triple","9403",0.583335012197495,0.666665878366022,0.75,0.692982102695264,0.657894208243019,0.698412378629049,0.904761904761905,21,FALSE,FALSE,-0.04051817038603,-0.0263162243292427,0.04051817038603,0.166664987802505,-0.166664987802505,0.583335012197495,0.666665878366022,0.75,0.71568588123602,0.657894208243019,0.719297893737492,0.894736842105263,19,FALSE,FALSE,-0.0614036854944731,-0.0490200028699987,0.0614036854944731,0.166664987802505,-0.166664987802505,FALSE,FALSE,TRUE,TRUE,FALSE
15,94,"By The People 2004 US General Election","btp04.w4b48","15:9404","15:9404::btp04.w4b48","triple","9404",0.666668581111091,0.740739994578891,0.642858581883567,0.75000000372529,0.708333751186728,0.700000673532486,0.5625,16,FALSE,FALSE,0.00833307765424252,-0.00926000914639902,-0.00833307765424252,-0.0238099992275239,0.0238099992275239,0.666668581111091,0.770832493901253,0.642858581883567,0.75000000372529,0.72222266793251,0.700000673532486,0.533333333333333,15,FALSE,FALSE,0.0222219944000245,0.0208324901759624,-0.0222219944000245,-0.0238099992275239,0.0238099992275239,TRUE,FALSE,FALSE,FALSE,TRUE
15,94,"By The People 2004 US General Election","btp04.w4b48","15:9405","15:9405::btp04.w4b48","triple","9405",0.666670024394989,0.674602377982367,0.666670024394989,0.766666500270367,0.674241816455668,0.76190476332392,0.956521739130435,23,FALSE,FALSE,-0.0876629468682525,-0.092064122288,0.0876629468682525,0,0,0.666670024394989,0.683332496881485,0.666670024394989,0.766666500270367,0.6825390458107,0.76190476332392,0.952380952380952,21,FALSE,FALSE,-0.0793657175132206,-0.0833340033888817,0.0793657175132206,0,0,FALSE,FALSE,TRUE,FALSE,FALSE
15,94,"By The People 2004 US General Election","btp04.w4b48","15:9406","15:9406::btp04.w4b48","triple","9406",0.583332486450672,0.784312937189551,0.500002510845661,0.725489406024708,0.746030946572622,0.682539521228699,0.818181818181818,22,FALSE,FALSE,0.0634914253439223,0.0588235311648425,-0.0634914253439223,-0.083329975605011,0.083329975605011,0.583332486450672,0.784312937189551,0.500002510845661,0.725489406024708,0.746030946572622,0.682539521228699,0.80952380952381,21,FALSE,FALSE,0.0634914253439223,0.0588235311648425,-0.0634914253439223,-0.083329975605011,0.083329975605011,TRUE,TRUE,FALSE,FALSE,TRUE
15,94,"By The People 2004 US General Election","btp04.w4b48","15:9407","15:9407::btp04.w4b48","triple","9407",0.571428571428571,0.625000627711415,0.361111665765445,0.562500631436706,0.608696088842724,0.507576368071816,0.695652173913043,23,FALSE,FALSE,0.101119720770908,0.0624999962747097,-0.101119720770908,-0.210316905663127,0.210316905663127,0.5,0.625000627711415,0.361111665765445,0.562500631436706,0.590909547426484,0.507576368071816,0.727272727272727,22,FALSE,FALSE,0.0833331793546677,0.0624999962747097,-0.0833331793546677,-0.138888334234555,0.138888334234555,TRUE,TRUE,FALSE,FALSE,TRUE
15,94,"By The People 2004 US General Election","btp04.w4b48","15:9408","15:9408::btp04.w4b48","triple","9408",0.166669994592667,0.791667506098747,0,0.666664995253086,0.666668003797531,0.533331996202469,0.8,5,FALSE,FALSE,0.133336007595062,0.125002510845661,-0.133336007595062,-0.166669994592667,0.166669994592667,0.166669994592667,0.791667506098747,0,0.666664995253086,0.666668003797531,0.533331996202469,0.8,5,FALSE,FALSE,0.133336007595062,0.125002510845661,-0.133336007595062,-0.166669994592667,0.166669994592667,TRUE,TRUE,FALSE,FALSE,TRUE
15,94,"By The People 2004 US General Election","btp04.w4b48","15:9409","15:9409::btp04.w4b48","triple","9409",0.277776668469111,0.68749874830246,0.305555005868276,0.81250000372529,0.511903571231024,0.59523786178657,0.6,15,FALSE,FALSE,-0.0833342905555453,-0.125001255422831,0.0833342905555453,0.0277783373991649,-0.0277783373991649,0.277776668469111,0.68749874830246,0.305555005868276,0.81250000372529,0.511903571231024,0.59523786178657,0.571428571428571,14,FALSE,FALSE,-0.0833342905555453,-0.125001255422831,0.0833342905555453,0.0277783373991649,-0.0277783373991649,FALSE,FALSE,TRUE,TRUE,FALSE
15,94,"By The People 2004 US General Election","btp04.w4b48","15:9410","15:9410::btp04.w4b48","triple","9410",0.833335012197495,0.733334004878998,0.75,0.803029997782274,0.750000839432081,0.794871536585001,0.857142857142857,14,FALSE,FALSE,0.0448706971529202,0.0696959929032759,-0.0448706971529202,0.0833350121974945,-0.0833350121974945,0.833335012197495,0.733334004878998,0.75,0.783332997560501,0.750000839432081,0.777777497967084,0.833333333333333,12,FALSE,FALSE,0.0277766585350037,0.0499989926815033,-0.0277766585350037,0.0833350121974945,-0.0833350121974945,TRUE,TRUE,FALSE,TRUE,FALSE
15,94,"By The People 2004 US General Election","btp04.w4b48","15:9411","15:9411::btp04.w4b48","triple","9411",0.499997496604919,0.727271808819337,0.291667498648167,0.717948464246897,0.666665325562159,0.617647060576607,0.764705882352941,17,FALSE,FALSE,0.0490182649855521,0.00932334457244088,-0.0490182649855521,-0.208329997956752,0.208329997956752,0.499997496604919,0.727271808819337,0.291667498648167,0.696969091892242,0.666665325562159,0.588888667027155,0.733333333333333,15,FALSE,FALSE,0.0777766585350037,0.0303027169270951,-0.0777766585350037,-0.208329997956752,0.208329997956752,TRUE,TRUE,FALSE,FALSE,TRUE
15,94,"By The People 2004 US General Election","btp04.w4b48","15:9412","15:9412::btp04.w4b48","triple","9412",0.416670009493828,0.700000005960464,0.500000014901161,0.5,0.619048578398568,0.50000000372529,0.75,8,FALSE,FALSE,0.119048574673278,0.200000005960464,-0.119048574673278,0.0833300054073329,-0.0833300054073329,0.416670009493828,0.700000005960464,0.500000014901161,0.5,0.619048578398568,0.500000004257475,0.714285714285714,7,FALSE,FALSE,0.119048574141094,0.200000005960464,-0.119048574141094,0.0833300054073329,-0.0833300054073329,TRUE,TRUE,FALSE,TRUE,FALSE
15,94,"By The People 2004 US General Election","btp04.w4b48","15:9413","15:9413::btp04.w4b48","triple","9413",0.166669994592667,0.533334004878998,0.166669994592667,0.566668003797531,0.472223336497943,0.500001668930054,0.857142857142857,7,FALSE,FALSE,-0.0277783324321111,-0.0333339989185334,0.0277783324321111,0,0,0.166669994592667,0.533334004878998,0.166669994592667,0.566668003797531,0.472223336497943,0.500001668930054,0.833333333333333,6,FALSE,FALSE,-0.0277783324321111,-0.0333339989185334,0.0277783324321111,0,0,FALSE,FALSE,TRUE,FALSE,FALSE
15,94,"By The People 2004 US General Election","btp04.w4b48","15:9414","15:9414::btp04.w4b48","triple","9414",0.5,0.70512769313959,0.333330005407333,0.694445004065832,0.69047571505819,0.666666927245947,0.928571428571429,14,FALSE,FALSE,0.0238087878122434,0.0106826890737581,-0.0238087878122434,-0.166669994592667,0.166669994592667,0.5,0.708332498868306,0.333330005407333,0.694445004065832,0.692306922032283,0.666666927245947,0.923076923076923,13,FALSE,FALSE,0.0256399947863358,0.0138874948024749,-0.0256399947863358,-0.166669994592667,0.166669994592667,TRUE,TRUE,FALSE,FALSE,TRUE
15,94,"By The People 2004 US General Election","btp04.w4b48","15:9415","15:9415::btp04.w4b48","triple","9415",0.416670009493828,0.583333753049374,0.416665002703666,0.703703330622779,0.550001004338264,0.651514543728395,0.818181818181818,11,FALSE,FALSE,-0.10151353939013,-0.120369577573405,0.10151353939013,-5.0067901615769e-06,5.0067901615769e-06,0.416670009493828,0.583333753049374,0.416665002703666,0.708332493901253,0.550001004338264,0.649998995661735,0.8,10,FALSE,FALSE,-0.099997991323471,-0.124998740851879,0.099997991323471,-5.0067901615769e-06,5.0067901615769e-06,FALSE,FALSE,TRUE,FALSE,TRUE
15,94,"By The People 2004 US General Election","btp04.w4b51","15:9401","15:9401::btp04.w4b51","triple","9401",0.4,0.555555333693822,0.466666007041931,0.466666662693024,0.516666500270367,0.466666498780251,0.75,20,FALSE,FALSE,0.0500000014901161,0.0888886710007984,-0.0500000014901161,0.066666007041931,-0.066666007041931,0.4,0.555555333693822,0.466666007041931,0.466666662693024,0.516666500270367,0.466666498780251,0.75,20,FALSE,FALSE,0.0500000014901161,0.0888886710007984,-0.0500000014901161,0.066666007041931,-0.066666007041931,TRUE,TRUE,FALSE,TRUE,FALSE
15,94,"By The People 2004 US General Election","btp04.w4b51","15:9402","15:9402::btp04.w4b51","triple","9402",0.194444999098778,0.520832501351833,0.333333343267441,0.549020001116921,0.431817728010091,0.492753916460535,0.75,24,FALSE,FALSE,-0.0609361884504439,-0.0281874997650877,0.0609361884504439,0.138888344168663,-0.138888344168663,0.194444999098778,0.511109999815623,0.333333343267441,0.544444666306178,0.420634285325096,0.484127145437967,0.714285714285714,21,FALSE,FALSE,-0.0634928601128715,-0.0333346664905549,0.0634928601128715,0.138888344168663,-0.138888344168663,FALSE,FALSE,TRUE,TRUE,FALSE
15,94,"By The People 2004 US General Election","btp04.w4b51","15:9403","15:9403::btp04.w4b51","triple","9403",0.333335012197495,0.537037221921815,0.333335012197495,0.587719473399614,0.516667000949383,0.563492381856555,0.904761904761905,21,FALSE,FALSE,-0.0468253809071723,-0.0506822514777993,0.0468253809071723,0,0,0.333335012197495,0.537037221921815,0.333335012197495,0.59259277747737,0.516667000949383,0.566667000949383,0.9,20,FALSE,FALSE,-0.05,-0.0555555555555556,0.05,0,0,FALSE,FALSE,TRUE,FALSE,FALSE
15,94,"By The People 2004 US General Election","btp04.w4b51","15:9404","15:9404::btp04.w4b51","triple","9404",0.59523857491357,0.407408893108368,0.595238579171044,0.500001259148121,0.489584378898144,0.544445341825485,0.5625,16,FALSE,FALSE,0.0548609629273414,0.0925923660397529,-0.0548609629273414,-4.25747448407066e-09,4.25747448407066e-09,0.59523857491357,0.437501255422831,0.595238579171044,0.500001259148121,0.511112004518509,0.544445341825485,0.533333333333333,15,FALSE,FALSE,0.0333333373069763,0.0625000037252902,-0.0333333373069763,-4.25747448407066e-09,4.25747448407066e-09,TRUE,TRUE,FALSE,FALSE,TRUE
15,94,"By The People 2004 US General Election","btp04.w4b51","15:9405","15:9405::btp04.w4b51","triple","9405",0.833329975605011,0.619047139372144,0.666670024394989,0.621211815964092,0.62878726829182,0.623188259808914,0.956521739130435,23,FALSE,FALSE,-0.00559900848290662,0.00216467659194752,0.00559900848290662,0.166659951210022,-0.166659951210022,0.833329975605011,0.619047139372144,0.666670024394989,0.611110951219286,0.62878726829182,0.613636363636364,0.954545454545455,22,FALSE,FALSE,-0.0151509046554565,-0.00793618815285813,0.0151509046554565,0.166659951210022,-0.166659951210022,FALSE,TRUE,TRUE,TRUE,FALSE
15,94,"By The People 2004 US General Election","btp04.w4b51","15:9406","15:9406::btp04.w4b51","triple","9406",0.583335004746914,0.627451179658665,0.541664987802505,0.568627061212764,0.619048098723094,0.563491428182239,0.818181818181818,22,FALSE,FALSE,0.0555566705408551,0.0588241184459014,-0.0555566705408551,-0.0416700169444085,0.0416700169444085,0.583335004746914,0.627451179658665,0.541664987802505,0.568627061212764,0.619048098723094,0.563491428182239,0.80952380952381,21,FALSE,FALSE,0.0555566705408551,0.0588241184459014,-0.0555566705408551,-0.0416700169444085,0.0416700169444085,TRUE,TRUE,FALSE,FALSE,TRUE
15,94,"By The People 2004 US General Election","btp04.w4b51","15:9407","15:9407::btp04.w4b51","triple","9407",0.472223336497943,0.488889336585999,0.527778332432111,0.477778669198354,0.484127622275125,0.492064287265142,0.695652173913043,23,FALSE,FALSE,-0.0079366649900165,0.0111106673876444,0.0079366649900165,0.0555549959341685,-0.0555549959341685,0.472223336497943,0.488889336585999,0.527778332432111,0.477778669198354,0.484127622275125,0.492064287265142,0.714285714285714,21,FALSE,FALSE,-0.0079366649900165,0.0111106673876444,0.0079366649900165,0.0555549959341685,-0.0555549959341685,FALSE,TRUE,TRUE,TRUE,FALSE
15,94,"By The People 2004 US General Election","btp04.w4b51","15:9408","15:9408::btp04.w4b51","triple","9408",0.833329975605011,0.416667498648167,0.833329975605011,0.375002510845661,0.499999994039536,0.466668003797531,0.8,5,FALSE,FALSE,-0.0333319902420044,-0.0416649878025055,0.0333319902420044,0,0,0.833329975605011,0.416667498648167,0.833329975605011,0.375002510845661,0.499999994039536,0.466668003797531,0.8,5,FALSE,FALSE,-0.0333319902420044,-0.0416649878025055,0.0333319902420044,0,0,FALSE,FALSE,TRUE,FALSE,FALSE
15,94,"By The People 2004 US General Election","btp04.w4b51","15:9409","15:9409::btp04.w4b51","triple","9409",0.388888329267502,0.583333756774664,0.583333333333333,0.583333753049374,0.500000002128737,0.583333573171071,0.6,15,FALSE,FALSE,-0.0833335710423333,3.72529029846191e-09,0.0833335710423333,0.194445004065832,-0.194445004065832,0.388888329267502,0.583333756774664,0.583333333333333,0.583333753049374,0.500000002128737,0.583333573171071,0.571428571428571,14,FALSE,FALSE,-0.0833335710423333,3.72529029846191e-09,0.0833335710423333,0.194445004065832,-0.194445004065832,FALSE,TRUE,TRUE,TRUE,FALSE
15,94,"By The People 2004 US General Election","btp04.w4b51","15:9410","15:9410::btp04.w4b51","triple","9410",0.25,0.500000913034786,0.500000014901161,0.318182731216604,0.461539234106357,0.346154621014228,0.857142857142857,14,FALSE,FALSE,0.115384613092129,0.181818181818182,-0.115384613092129,0.250000014901161,-0.250000014901161,0.25,0.500000913034786,0.500000014901161,0.318182731216604,0.461539234106357,0.346154621014228,0.846153846153846,13,FALSE,FALSE,0.115384613092129,0.181818181818182,-0.115384613092129,0.250000014901161,-0.250000014901161,TRUE,TRUE,FALSE,TRUE,FALSE
15,94,"By The People 2004 US General Election","btp04.w4b51","15:9411","15:9411::btp04.w4b51","triple","9411",0.333332501351833,0.388889163732529,0.375002503395081,0.461538463830948,0.374999998137355,0.44117706137545,0.764705882352941,17,FALSE,FALSE,-0.0661770632380949,-0.0726493000984191,0.0661770632380949,0.0416700020432475,-0.0416700020432475,0.333332501351833,0.388889163732529,0.375002503395081,0.444444167117278,0.374999998137355,0.427083751186728,0.75,16,FALSE,FALSE,-0.0520837530493736,-0.055555003384749,0.0520837530493736,0.0416700020432475,-0.0416700020432475,FALSE,FALSE,TRUE,TRUE,FALSE
15,94,"By The People 2004 US General Election","btp04.w4b51","15:9412","15:9412::btp04.w4b51","triple","9412",0.666670024394989,0.2,0.416665002703666,0.111110001802444,0.333334292684283,0.18749875202775,0.75,8,FALSE,FALSE,-0.145835540656533,-0.0888899981975557,0.145835540656533,0.250005021691323,-0.250005021691323,0.666670024394989,0.2,0.416665002703666,0.133332002162933,0.333334292684283,0.214284288031714,0.714285714285714,7,FALSE,FALSE,-0.119050004652568,-0.0666679978370668,0.119050004652568,0.250005021691323,-0.250005021691323,FALSE,FALSE,TRUE,TRUE,FALSE
15,94,"By The People 2004 US General Election","btp04.w4b51","15:9413","15:9413::btp04.w4b51","triple","9413",0.833329975605011,0.208334997296333,1,0.500002014636993,0.333333992958069,0.583335012197495,0.857142857142857,7,FALSE,FALSE,0.250001019239426,0.29166701734066,-0.250001019239426,-0.166670024394989,0.166670024394989,0.833329975605011,0.208334997296333,1,0.500002518296242,0.333333992958069,0.600002014636993,0.8,5,FALSE,FALSE,0.266668021678924,0.291667520999908,-0.266668021678924,-0.166670024394989,0.166670024394989,TRUE,TRUE,FALSE,FALSE,TRUE
15,94,"By The People 2004 US General Election","btp04.w4b51","15:9414","15:9414::btp04.w4b51","triple","9414",0.166669994592667,0.513888329267502,0.166669994592667,0.474358466955332,0.487179226600207,0.452380718929427,0.928571428571429,14,FALSE,FALSE,0.0347985076707799,0.0395298623121703,-0.0347985076707799,0,0,0.166669994592667,0.513888329267502,0.166669994592667,0.45833250383536,0.487179226600207,0.435896926201307,0.923076923076923,13,FALSE,FALSE,0.0512823003989001,0.0555558254321418,-0.0512823003989001,0,0,TRUE,TRUE,FALSE,FALSE,FALSE
15,94,"By The People 2004 US General Election","btp04.w4b51","15:9415","15:9415::btp04.w4b51","triple","9415",0.666664987802505,0.416666250675917,0.666664987802505,0.388888888888889,0.466665998101234,0.43939363414591,0.818181818181818,11,FALSE,FALSE,-0.0272723639553243,-0.0277773617870277,0.0272723639553243,0,0,0.666664987802505,0.416666250675917,0.666664987802505,0.333333753049374,0.466665998101234,0.4,0.8,10,FALSE,FALSE,-0.0666659981012344,-0.083332497626543,0.0666659981012344,0,0,FALSE,FALSE,TRUE,FALSE,FALSE
15,94,"By The People 2004 US General Election","btp04.w4b54","15:9401","15:9401::btp04.w4b54","triple","9401",0.399999994039536,0.357141424502645,0.4,0.55952285017286,0.368419995433406,0.51754315275895,0.75,20,FALSE,FALSE,0.149123157325544,0.202381425670215,-0.149123157325544,-5.9604644553346e-09,5.9604644553346e-09,0.399999994039536,0.371793072957259,0.4,0.564101530955388,0.379628328813447,0.518517772356669,0.722222222222222,18,FALSE,FALSE,0.138889443543222,0.192308457998129,-0.138889443543222,-5.9604644553346e-09,5.9604644553346e-09,TRUE,TRUE,FALSE,FALSE,TRUE
15,94,"By The People 2004 US General Election","btp04.w4b54","15:9402","15:9402::btp04.w4b54","triple","9402",0.388886660337448,0.45098117870443,0.500000004967054,0.462962218456798,0.434782608695652,0.472221665084362,0.75,24,FALSE,FALSE,-0.0374390563887098,-0.011981039752368,0.0374390563887098,0.111113344629606,-0.111113344629606,0.388886660337448,0.45098117870443,0.500000004967054,0.470587642753825,0.434782608695652,0.478260432896407,0.739130434782609,23,FALSE,FALSE,-0.0434778242007546,-0.0196064640493954,0.0434778242007546,0.111113344629606,-0.111113344629606,FALSE,FALSE,TRUE,TRUE,FALSE
15,94,"By The People 2004 US General Election","btp04.w4b54","15:9403","15:9403::btp04.w4b54","triple","9403",0.25,0.333333685209877,0.25,0.377193159178684,0.325397143761317,0.36507952497119,0.904761904761905,21,FALSE,FALSE,-0.039682381209873,-0.043859473968807,0.039682381209873,0,0,0.25,0.333333685209877,0.25,0.377193159178684,0.325397143761317,0.36507952497119,0.904761904761905,21,FALSE,FALSE,-0.039682381209873,-0.043859473968807,0.039682381209873,0,0,FALSE,FALSE,TRUE,FALSE,FALSE
15,94,"By The People 2004 US General Election","btp04.w4b54","15:9404","15:9404::btp04.w4b54","triple","9404",0.499999995742525,0.240741110510296,0.476189996515002,0.277777781089147,0.354166872799397,0.364583125337958,0.5625,16,FALSE,FALSE,0.0104162525385618,0.0370366705788505,-0.0104162525385618,0.0238099992275239,-0.0238099992275239,0.499999995742525,0.240741110510296,0.476189996515002,0.277777781089147,0.354166872799397,0.364583125337958,0.5625,16,FALSE,FALSE,0.0104162525385618,0.0370366705788505,-0.0104162525385618,0.0238099992275239,-0.0238099992275239,TRUE,TRUE,FALSE,TRUE,FALSE
15,94,"By The People 2004 US General Election","btp04.w4b54","15:9405","15:9405::btp04.w4b54","triple","9405",0.166669994592667,0.242424095218832,0.166669994592667,0.365079527809506,0.239130438669868,0.356060912663286,0.956521739130435,23,FALSE,FALSE,-0.116930473993418,-0.122655432590675,0.116930473993418,0,0,0.166669994592667,0.253968099753062,0.166669994592667,0.365079527809506,0.250000004063953,0.356060912663286,0.954545454545455,22,FALSE,FALSE,-0.106060908599333,-0.111111428056444,0.106060908599333,0,0,FALSE,FALSE,TRUE,FALSE,FALSE
15,94,"By The People 2004 US General Election","btp04.w4b54","15:9406","15:9406::btp04.w4b54","triple","9406",0.625,0.351851666967074,0.666664987802505,0.322916874662042,0.401515000245788,0.391666497290134,0.818181818181818,22,FALSE,FALSE,-0.00984850295565343,-0.0289347923050324,0.00984850295565343,-0.0416649878025055,0.0416649878025055,0.625,0.333333125337958,0.666664987802505,0.322916874662042,0.391666500270367,0.391666497290134,0.8,20,FALSE,FALSE,-2.9802322276673e-09,-0.0104162506759167,2.9802322276673e-09,-0.0416649878025055,0.0416649878025055,FALSE,FALSE,TRUE,FALSE,TRUE
15,94,"By The People 2004 US General Election","btp04.w4b54","15:9407","15:9407::btp04.w4b54","triple","9407",0.583331664403279,0.322222000360489,0.527776668469111,0.369047854627882,0.396824761515572,0.41666649878025,0.695652173913043,23,FALSE,FALSE,0.0198417372646786,0.0468258542673929,-0.0198417372646786,0.0555549959341685,-0.0555549959341685,0.583331664403279,0.321428571428571,0.527776668469111,0.369047854627882,0.399999499320984,0.41666649878025,0.7,20,FALSE,FALSE,0.0166669994592667,0.0476192831993104,-0.0166669994592667,0.0555549959341685,-0.0555549959341685,TRUE,TRUE,FALSE,TRUE,FALSE
15,94,"By The People 2004 US General Election","btp04.w4b54","15:9408","15:9408::btp04.w4b54","triple","9408",0.666670024394989,0.5,1,0.44444332520167,0.541667506098747,0.583332493901253,0.8,5,FALSE,FALSE,0.0416649878025055,-0.0555566747983297,-0.0416649878025055,-0.333329975605011,0.333329975605011,0.666670024394989,0.5,1,0.44444332520167,0.541667506098747,0.583332493901253,0.75,4,FALSE,FALSE,0.0416649878025055,-0.0555566747983297,-0.0416649878025055,-0.333329975605011,0.333329975605011,TRUE,FALSE,FALSE,FALSE,TRUE
15,94,"By The People 2004 US General Election","btp04.w4b54","15:9409","15:9409::btp04.w4b54","triple","9409",0.777778337399165,0.270833749324083,0.833333333333333,0.416664995253086,0.488095715641975,0.595237140144621,0.6,15,FALSE,FALSE,0.107141424502645,0.145831245929003,-0.107141424502645,-0.0555549959341686,0.0555549959341686,0.777778337399165,0.30952428494181,0.833333333333333,0.476188566003527,0.525641539922127,0.641024612463438,0.538461538461538,13,FALSE,FALSE,0.11538307254131,0.166664281061717,-0.11538307254131,-0.0555549959341686,0.0555549959341686,TRUE,TRUE,FALSE,FALSE,TRUE
15,94,"By The People 2004 US General Election","btp04.w4b54","15:9410","15:9410::btp04.w4b54","triple","9410",0.416665002703666,0.393940914760936,0.25,0.393939088691365,0.397436928290587,0.371794613508078,0.857142857142857,14,FALSE,FALSE,-0.0256423147825095,-1.82606957183085e-06,0.0256423147825095,0.166665002703666,-0.166665002703666,0.416665002703666,0.393940914760936,0.25,0.393939088691365,0.397436928290587,0.371794613508078,0.846153846153846,13,FALSE,FALSE,-0.0256423147825095,-1.82606957183085e-06,0.0256423147825095,0.166665002703666,-0.166665002703666,FALSE,FALSE,TRUE,TRUE,FALSE
15,94,"By The People 2004 US General Election","btp04.w4b54","15:9411","15:9411::btp04.w4b54","triple","9411",0.333332501351833,0.333334165314833,0.416667506098747,0.410256922245026,0.333333749324083,0.41176529491649,0.764705882352941,17,FALSE,FALSE,-0.0784315455924062,-0.0769227569301922,0.0784315455924062,0.083335004746914,-0.083335004746914,0.333332501351833,0.333334165314833,0.416667506098747,0.444444999098778,0.333333749324083,0.43750062584877,0.75,16,FALSE,FALSE,-0.104166876524687,-0.111110833783944,0.104166876524687,0.083335004746914,-0.083335004746914,FALSE,FALSE,TRUE,TRUE,FALSE
15,94,"By The People 2004 US General Election","btp04.w4b54","15:9412","15:9412::btp04.w4b54","triple","9412",0.75,0.472223336497943,0.583329990506172,0.444444999098778,0.541667502373457,0.479166246950626,0.75,8,FALSE,FALSE,-0.0625012554228306,-0.0277783373991649,0.0625012554228306,0.166670009493828,-0.166670009493828,0.75,0.472223336497943,0.583329990506172,0.444444999098778,0.541667502373457,0.479166246950626,0.75,8,FALSE,FALSE,-0.0625012554228306,-0.0277783373991649,0.0625012554228306,0.166670009493828,-0.166670009493828,FALSE,FALSE,TRUE,TRUE,FALSE
15,94,"By The People 2004 US General Election","btp04.w4b54","15:9413","15:9413::btp04.w4b54","triple","9413",0.833329975605011,0.444443330168724,0.833329975605011,0.555555000901222,0.499998565231051,0.595237140144621,0.857142857142857,7,FALSE,FALSE,0.0952385749135699,0.111111670732498,-0.0952385749135699,0,0,0.833329975605011,0.444443330168724,0.833329975605011,0.555555000901222,0.499998565231051,0.595237140144621,0.857142857142857,7,FALSE,FALSE,0.0952385749135699,0.111111670732498,-0.0952385749135699,0,0,TRUE,TRUE,FALSE,FALSE,FALSE
15,94,"By The People 2004 US General Election","btp04.w4b54","15:9414","15:9414::btp04.w4b54","triple","9414",1,0.458334170281887,0.833329975605011,0.486110836267471,0.500000772567896,0.512820000831897,0.928571428571429,14,FALSE,FALSE,0.0128192282640016,0.0277766659855842,-0.0128192282640016,0.166670024394989,-0.166670024394989,1,0.409091822125695,0.833329975605011,0.48484818501906,0.458334170281887,0.513888334234555,0.916666666666667,12,FALSE,FALSE,0.0555541639526684,0.0757563628933646,-0.0555541639526684,0.166670024394989,-0.166670024394989,TRUE,TRUE,FALSE,TRUE,FALSE
15,94,"By The People 2004 US General Election","btp04.w4b54","15:9415","15:9415::btp04.w4b54","triple","9415",0.666670024394989,0.388888892200258,0.75,0.462962213489744,0.4393945525993,0.515150901946155,0.818181818181818,11,FALSE,FALSE,0.0757563493468545,0.0740733212894865,-0.0757563493468545,-0.083329975605011,0.083329975605011,0.666670024394989,0.388888892200258,0.75,0.462962213489744,0.4393945525993,0.515150901946155,0.818181818181818,11,FALSE,FALSE,0.0757563493468545,0.0740733212894865,-0.0757563493468545,-0.083329975605011,0.083329975605011,TRUE,TRUE,FALSE,FALSE,TRUE
15,94,"By The People 2004 US General Election","btp04.w4b57","15:9401","15:9401::btp04.w4b57","triple","9401",0.499999994039536,0.785713570458548,0.533331990242004,0.821427854044097,0.710525787190387,0.745613153043546,0.75,20,FALSE,FALSE,-0.0350873658531591,-0.0357142835855484,0.0350873658531591,0.0333319962024688,-0.0333319962024688,0.499999994039536,0.76922999895536,0.533331990242004,0.807691535124412,0.694443886478742,0.731480550434854,0.722222222222222,18,FALSE,FALSE,-0.0370366639561124,-0.0384615361690522,0.0370366639561124,0.0333319962024688,-0.0333319962024688,FALSE,FALSE,TRUE,TRUE,FALSE
15,94,"By The People 2004 US General Election","btp04.w4b57","15:9402","15:9402::btp04.w4b57","triple","9402",0.416664997736613,0.625000627711415,0.416666666666667,0.759258887834019,0.568181819536469,0.673610832542181,0.75,24,FALSE,FALSE,-0.105429013005712,-0.134258260122604,0.105429013005712,1.66893005382196e-06,-1.66893005382196e-06,0.416664997736613,0.625000627711415,0.416666666666667,0.749999372288585,0.568181819536469,0.659090452573516,0.727272727272727,22,FALSE,FALSE,-0.090908633037047,-0.124998744577169,0.090908633037047,1.66893005382196e-06,-1.66893005382196e-06,FALSE,FALSE,TRUE,TRUE,FALSE
15,94,"By The People 2004 US General Election","btp04.w4b57","15:9403","15:9403::btp04.w4b57","triple","9403",0.75,0.620371113220851,0.75,0.614034735842755,0.633334001898766,0.626983808619635,0.904761904761905,21,FALSE,FALSE,-0.00635019327913011,-0.00633637737809578,0.00635019327913011,0,0,0.75,0.620371113220851,0.75,0.62036999894513,0.633334001898766,0.633332999050617,0.9,20,FALSE,FALSE,-1.00284814830154e-06,-1.11427572047074e-06,1.00284814830154e-06,0,0,FALSE,FALSE,TRUE,FALSE,FALSE
15,94,"By The People 2004 US General Election","btp04.w4b57","15:9404","15:9404::btp04.w4b57","triple","9404",0.833332853657859,0.395833753049374,0.833332853657859,0.437498744577169,0.6,0.622221328814824,0.5625,16,FALSE,FALSE,0.0222213288148244,0.0416649915277957,-0.0222213288148244,0,0,0.833332853657859,0.395833753049374,0.833332853657859,0.437498744577169,0.6,0.622221328814824,0.533333333333333,15,FALSE,FALSE,0.0222213288148244,0.0416649915277957,-0.0222213288148244,0,0,TRUE,TRUE,FALSE,FALSE,FALSE
15,94,"By The People 2004 US General Election","btp04.w4b57","15:9405","15:9405::btp04.w4b57","triple","9405",0.833329975605011,0.626983810038794,0.833329975605011,0.568181360309774,0.636363181200894,0.579709560974785,0.956521739130435,23,FALSE,FALSE,-0.0566536202261099,-0.0588024497290195,0.0566536202261099,0,0,0.833329975605011,0.626983810038794,0.833329975605011,0.571428091753097,0.636363181200894,0.583332722837275,0.954545454545455,22,FALSE,FALSE,-0.0530304583636197,-0.0555557182856968,0.0530304583636197,0,0,FALSE,FALSE,TRUE,FALSE,FALSE
15,94,"By The People 2004 US General Election","btp04.w4b57","15:9406","15:9406::btp04.w4b57","triple","9406",0.458332493901253,0.764705289812649,0.583332501351833,0.770833751186728,0.706348566781907,0.73333350121975,0.818181818181818,22,FALSE,FALSE,-0.0269849344378427,-0.00612846137407952,0.0269849344378427,0.12500000745058,-0.12500000745058,0.458332493901253,0.760416246950626,0.583332501351833,0.770833751186728,0.699999496340752,0.73333350121975,0.8,20,FALSE,FALSE,-0.0333340048789978,-0.0104175042361021,0.0333340048789978,0.12500000745058,-0.12500000745058,FALSE,FALSE,TRUE,TRUE,FALSE
15,94,"By The People 2004 US General Election","btp04.w4b57","15:9407","15:9407::btp04.w4b57","triple","9407",0.761904282229287,0.511110665400823,0.738095717770713,0.366666668653488,0.590908634391698,0.48484863882715,0.695652173913043,23,FALSE,FALSE,-0.106059995564547,-0.144443996747335,0.106059995564547,0.0238085644585746,-0.0238085644585746,0.761904282229287,0.476189998643739,0.738095717770713,0.369047858885356,0.571428093172255,0.492063811847142,0.666666666666667,21,FALSE,FALSE,-0.0793642813251131,-0.107142139758382,0.0793642813251131,0.0238085644585746,-0.0238085644585746,FALSE,FALSE,TRUE,TRUE,FALSE
15,94,"By The People 2004 US General Election","btp04.w4b57","15:9408","15:9408::btp04.w4b57","triple","9408",0.5,0.49999999254942,0.5,0.555556664864222,0.499999994039536,0.541667498648167,0.8,5,FALSE,FALSE,0.0416675046086312,0.0555566723148028,-0.0416675046086312,0,0,0.5,0.666666656732559,0.5,0.555556664864222,0.62499999254942,0.541667498648167,0.75,4,FALSE,FALSE,0.0833324939012527,0.111109991868337,-0.0833324939012527,0,0,TRUE,TRUE,FALSE,FALSE,FALSE
15,94,"By The People 2004 US General Election","btp04.w4b57","15:9409","15:9409::btp04.w4b57","triple","9409",0.722221667567889,0.8125,0.694445009032885,0.785714285714286,0.773809286100524,0.743590004169024,0.6,15,FALSE,FALSE,0.0302192819314999,0.0267857142857143,-0.0302192819314999,-0.0277766585350037,0.0277766585350037,0.722221667567889,0.785714285714286,0.694445009032885,0.785714285714286,0.756410000415949,0.743590004169024,0.538461538461538,13,FALSE,FALSE,0.0128199962469249,0,-0.0128199962469249,-0.0277766585350037,0.0277766585350037,TRUE,TRUE,FALSE,FALSE,TRUE
15,94,"By The People 2004 US General Election","btp04.w4b57","15:9410","15:9410::btp04.w4b57","triple","9410",0.583334997296334,0.560605455528606,0.499999985098839,0.545454542745243,0.564102308108256,0.538461533876566,0.857142857142857,14,FALSE,FALSE,-0.0256407742316905,-0.0151509127833626,0.0256407742316905,0.0833350121974945,-0.0833350121974945,0.583334997296334,0.560605455528606,0.499999985098839,0.545454542745243,0.564102308108256,0.538461533876566,0.846153846153846,13,FALSE,FALSE,-0.0256407742316905,-0.0151509127833626,0.0256407742316905,0.0833350121974945,-0.0833350121974945,FALSE,FALSE,TRUE,TRUE,FALSE
15,94,"By The People 2004 US General Election","btp04.w4b57","15:9411","15:9411::btp04.w4b57","triple","9411",0.333332501351833,0.680555832882722,0.291667498648167,0.589743075462488,0.59375,0.519607645623824,0.764705882352941,17,FALSE,FALSE,0.0741423543761758,0.0908127574202341,-0.0741423543761758,-0.0416650027036665,0.0416650027036665,0.333332501351833,0.680555832882722,0.291667498648167,0.638888331751029,0.59375,0.552083123475313,0.75,16,FALSE,FALSE,0.0416668765246868,0.0416675011316935,-0.0416668765246868,-0.0416650027036665,0.0416650027036665,TRUE,TRUE,FALSE,FALSE,TRUE
15,94,"By The People 2004 US General Election","btp04.w4b57","15:9412","15:9412::btp04.w4b57","triple","9412",1,0.6,1,0.388888334234555,0.714285714285714,0.541666250675917,0.75,8,FALSE,FALSE,-0.172619463609798,-0.211111665765444,0.172619463609798,0,0,1,0.6,1,0.4,0.714285714285714,0.571428571428571,0.714285714285714,7,FALSE,FALSE,-0.142857142857143,-0.2,0.142857142857143,0,0,FALSE,FALSE,TRUE,FALSE,FALSE
15,94,"By The People 2004 US General Election","btp04.w4b57","15:9413","15:9413::btp04.w4b57","triple","9413",1,0.305555000901222,1,0.266666001081467,0.404761429343905,0.388888334234555,0.857142857142857,7,FALSE,FALSE,-0.0158730951093493,-0.0388889998197556,0.0158730951093493,0,0,1,0.266666001081467,1,0.266666001081467,0.388888334234555,0.388888334234555,0.833333333333333,6,FALSE,TRUE,0,0,0,0,0,FALSE,FALSE,TRUE,FALSE,FALSE
15,94,"By The People 2004 US General Election","btp04.w4b57","15:9414","15:9414::btp04.w4b57","triple","9414",1,0.636362720619548,1,0.560606360435486,0.666665827234586,0.597222497065862,0.928571428571429,14,FALSE,FALSE,-0.0694433301687241,-0.0757563601840625,0.0694433301687241,0,0,1,0.636362720619548,1,0.560606360435486,0.666665827234586,0.597222497065862,0.916666666666667,12,FALSE,FALSE,-0.0694433301687241,-0.0757563601840625,0.0694433301687241,0,0,FALSE,FALSE,TRUE,FALSE,FALSE
15,94,"By The People 2004 US General Election","btp04.w4b57","15:9415","15:9415::btp04.w4b57","triple","9415",0.5,0.314814445045259,0.666665002703666,0.462961107492447,0.348484545946121,0.499998179349032,0.818181818181818,11,FALSE,FALSE,0.151513633402911,0.148146662447188,-0.151513633402911,-0.166665002703666,0.166665002703666,0.5,0.314814445045259,0.666665002703666,0.462961107492447,0.348484545946121,0.499998179349032,0.818181818181818,11,FALSE,FALSE,0.151513633402911,0.148146662447188,-0.151513633402911,-0.166665002703666,0.166665002703666,TRUE,TRUE,FALSE,FALSE,TRUE
17,96,"San Mateo","sm.t1more","17:9601","17:9601::sm.t1more","triple","9601",1,0.41666667163372,1,0.75,0.533333337306976,0.8,0.8,5,FALSE,FALSE,0.266666662693024,0.33333332836628,-0.266666662693024,0,0,1,0.41666667163372,1,0.75,0.533333337306976,0.8,0.8,5,FALSE,FALSE,0.266666662693024,0.33333332836628,-0.266666662693024,0,0,TRUE,TRUE,FALSE,FALSE,FALSE
17,96,"San Mateo","sm.t1more","17:9602","17:9602::sm.t1more","triple","9602",0.433333337306976,0.8,0.733333340287209,0.500000002980232,0.616666668653488,0.61666667163372,0.5,10,FALSE,FALSE,-2.98023217215615e-09,0.299999997019768,2.98023217215615e-09,0.300000002980232,-0.300000002980232,0.433333337306976,0.8,0.733333340287209,0.500000002980232,0.616666668653488,0.61666667163372,0.5,10,FALSE,FALSE,-2.98023217215615e-09,0.299999997019768,2.98023217215615e-09,0.300000002980232,-0.300000002980232,FALSE,TRUE,TRUE,TRUE,FALSE
17,96,"San Mateo","sm.t1more","17:9603","17:9603::sm.t1more","triple","9603",0,0.291666656732559,1,0.54166667163372,0.233333325386047,0.633333337306976,0.8,5,FALSE,FALSE,-0.400000011920929,-0.250000014901162,0.400000011920929,1,-1,0,0.291666656732559,1,0.54166667163372,0.233333325386047,0.633333337306976,0.8,5,FALSE,FALSE,-0.400000011920929,-0.250000014901162,0.400000011920929,1,-1,FALSE,FALSE,TRUE,TRUE,FALSE
17,96,"San Mateo","sm.t1more","17:9605","17:9605::sm.t1more","triple","9605",0.611111104488373,0.666666680574417,0.611111104488373,0.666666674613953,0.64583333954215,0.64583333581686,0.625,8,FALSE,FALSE,3.72529018743961e-09,5.9604644553346e-09,-3.72529018743961e-09,0,0,0.611111104488373,0.666666680574417,0.611111104488373,0.666666674613953,0.64583333954215,0.64583333581686,0.625,8,FALSE,FALSE,3.72529018743961e-09,5.9604644553346e-09,-3.72529018743961e-09,0,0,TRUE,TRUE,FALSE,FALSE,FALSE
17,96,"San Mateo","sm.t1more","17:9606","17:9606::sm.t1more","triple","9606",0.611111104488373,0.433333340287209,0.722222228844961,0.916666666666667,0.500000001862645,0.851851854059431,0.666666666666667,9,FALSE,FALSE,0.351851852196786,0.483333326379458,-0.351851852196786,-0.111111124356588,0.111111124356588,0.611111104488373,0.433333340287209,0.722222228844961,0.9,0.500000001862645,0.83333333581686,0.625,8,FALSE,FALSE,0.333333333954215,0.466666659712791,-0.333333333954215,-0.111111124356588,0.111111124356588,TRUE,TRUE,FALSE,FALSE,TRUE
17,96,"San Mateo","sm.t1more","17:9607","17:9607::sm.t1more","triple","9607",0.5,0.476190488253321,0.833333313465118,0.75,0.479166677221656,0.75925925705168,0.888888888888889,9,FALSE,FALSE,0.280092579830024,0.273809511746679,-0.280092579830024,-0.333333313465118,0.333333313465118,0.5,0.476190488253321,0.833333313465118,0.738095240933555,0.479166677221656,0.75,0.875,8,FALSE,FALSE,0.270833322778344,0.261904752680234,-0.270833322778344,-0.333333313465118,0.333333313465118,TRUE,TRUE,FALSE,FALSE,TRUE
17,96,"San Mateo","sm.t1more","17:9610","17:9610::sm.t1more","triple","9610",0.666666656732559,0.566666674613953,0.5,0.6,0.595238098076412,0.571428571428571,0.714285714285714,7,FALSE,FALSE,-0.0238095266478403,0.0333333253860472,0.0238095266478403,0.166666656732559,-0.166666656732559,0.666666656732559,0.566666674613953,0.5,0.6,0.595238098076412,0.571428571428571,0.714285714285714,7,FALSE,FALSE,-0.0238095266478403,0.0333333253860472,0.0238095266478403,0.166666656732559,-0.166666656732559,FALSE,TRUE,TRUE,TRUE,FALSE
17,96,"San Mateo","sm.t1more","17:9611","17:9611::sm.t1more","triple","9611",0.5,0.66666667163372,0.833333313465118,0.722222222222222,0.648148152563307,0.733333331346512,0.9,10,FALSE,FALSE,-0.0851851787832046,-0.0555555505885017,0.0851851787832046,0.333333313465118,-0.333333313465118,0.5,0.66666667163372,0.833333313465118,0.70833333581686,0.648148152563307,0.722222222222222,0.888888888888889,9,FALSE,FALSE,-0.074074069658915,-0.0416666641831397,0.074074069658915,0.333333313465118,-0.333333313465118,FALSE,FALSE,TRUE,TRUE,FALSE
17,96,"San Mateo","sm.t1more","17:9613","17:9613::sm.t1more","triple","9613",0.5,0.4375,0.583333313465118,0.458333341404796,0.45,0.48333333581686,0.8,10,FALSE,FALSE,0.0333333358168601,0.0208333414047956,-0.0333333358168601,-0.083333313465118,0.083333313465118,0.5,0.4375,0.583333313465118,0.458333341404796,0.45,0.48333333581686,0.8,10,FALSE,FALSE,0.0333333358168601,0.0208333414047956,-0.0333333358168601,-0.083333313465118,0.083333313465118,TRUE,TRUE,FALSE,FALSE,TRUE
17,96,"San Mateo","sm.t1more","17:9614","17:9614::sm.t1more","triple","9614",0.833333343267441,0.541666675359011,0.916666656732559,0.70833332836628,0.638888897995154,0.777777771155039,0.666666666666667,6,FALSE,FALSE,0.138888873159885,0.166666653007269,-0.138888873159885,-0.083333313465118,0.083333313465118,0.833333343267441,0.541666675359011,0.916666656732559,0.70833332836628,0.638888897995154,0.777777771155039,0.666666666666667,6,FALSE,FALSE,0.138888873159885,0.166666653007269,-0.138888873159885,-0.083333313465118,0.083333313465118,TRUE,TRUE,FALSE,FALSE,TRUE
17,96,"San Mateo","sm.t1more","17:9615","17:9615::sm.t1more","triple","9615",0.5,0.599999988079071,0.666666686534882,0.733333337306976,0.583333323399226,0.722222228844961,0.833333333333333,6,FALSE,FALSE,-0.138888905445735,-0.133333349227906,0.138888905445735,0.166666686534882,-0.166666686534882,0.5,0.599999988079071,0.666666686534882,0.733333337306976,0.583333323399226,0.722222228844961,0.833333333333333,6,FALSE,FALSE,-0.138888905445735,-0.133333349227906,0.138888905445735,0.166666686534882,-0.166666686534882,FALSE,FALSE,TRUE,TRUE,FALSE
17,96,"San Mateo","sm.t1more","17:9616","17:9616::sm.t1more","triple","9616",0.666666686534882,0.200000005960464,1,0.533333337306976,0.277777786056201,0.61111111442248,0.833333333333333,6,FALSE,FALSE,0.33333332836628,0.333333331346512,-0.33333332836628,-0.333333313465118,0.333333313465118,0.666666686534882,0.200000005960464,1,0.533333337306976,0.277777786056201,0.61111111442248,0.833333333333333,6,FALSE,FALSE,0.33333332836628,0.333333331346512,-0.33333332836628,-0.333333313465118,0.333333313465118,TRUE,TRUE,FALSE,FALSE,TRUE
17,96,"San Mateo","sm.t1more","17:9617","17:9617::sm.t1more","triple","9617",0.5,0.111111134290695,0.5,0.222222233812014,0.208333350718022,0.291666675359011,0.75,4,FALSE,FALSE,0.0833333246409892,0.111111099521319,-0.0833333246409892,0,0,0.5,0.111111134290695,0.5,0.222222233812014,0.208333350718022,0.291666675359011,0.75,4,FALSE,FALSE,0.0833333246409892,0.111111099521319,-0.0833333246409892,0,0,TRUE,TRUE,FALSE,FALSE,FALSE
17,96,"San Mateo","sm.t1more","17:9619","17:9619::sm.t1more","triple","9619",0.5,0.694444437821706,1,0.583333345750968,0.666666660990034,0.64285715350083,0.857142857142857,7,FALSE,FALSE,0.0238095074892041,0.111111092070738,-0.0238095074892041,0.5,-0.5,0.5,0.694444437821706,1,0.583333345750968,0.666666660990034,0.64285715350083,0.857142857142857,7,FALSE,FALSE,0.0238095074892041,0.111111092070738,-0.0238095074892041,0.5,-0.5,TRUE,TRUE,FALSE,TRUE,FALSE
17,96,"San Mateo","sm.t1more","17:9620","17:9620::sm.t1more","triple","9620",0.5,0.407407402992248,0.833333313465118,0.74074074294832,0.416666662693024,0.75,0.9,10,FALSE,FALSE,0.333333337306976,0.333333339956072,-0.333333337306976,-0.333333313465118,0.333333313465118,0.5,0.407407402992248,0.833333313465118,0.74074074294832,0.416666662693024,0.75,0.9,10,FALSE,FALSE,0.333333337306976,0.333333339956072,-0.333333337306976,-0.333333313465118,0.333333313465118,TRUE,TRUE,FALSE,FALSE,TRUE
17,96,"San Mateo","sm.t1more","17:9622","17:9622::sm.t1more","triple","9622",1,0.666666666666667,0.833333313465118,0.805555552244186,0.714285714285714,0.809523803847177,0.857142857142857,7,FALSE,FALSE,0.0952380895614623,0.13888888557752,-0.0952380895614623,0.166666686534882,-0.166666686534882,1,0.666666666666667,0.833333313465118,0.805555552244186,0.714285714285714,0.809523803847177,0.857142857142857,7,FALSE,FALSE,0.0952380895614623,0.13888888557752,-0.0952380895614623,0.166666686534882,-0.166666686534882,TRUE,TRUE,FALSE,TRUE,FALSE
17,96,"San Mateo","sm.t1more","17:9623","17:9623::sm.t1more","triple","9623",1,0.83333332836628,0.666666686534882,0.533333340287209,0.866666662693024,0.555555564661821,0.833333333333333,6,FALSE,FALSE,-0.311111098031203,-0.299999988079071,0.311111098031203,0.333333313465118,-0.333333313465118,1,0.83333332836628,0.666666686534882,0.416666675359011,0.866666662693024,0.466666677594185,0.8,5,FALSE,FALSE,-0.399999985098839,-0.416666653007269,0.399999985098839,0.333333313465118,-0.333333313465118,FALSE,FALSE,TRUE,TRUE,FALSE
17,96,"San Mateo","sm.t1more","17:9624","17:9624::sm.t1more","triple","9624",0.5,0.625,0.833333343267441,0.79166667163372,0.6,0.805555562178294,0.666666666666667,6,FALSE,FALSE,-0.205555562178294,-0.16666667163372,0.205555562178294,0.333333343267441,-0.333333343267441,0.5,0.625,0.666666686534882,0.79166667163372,0.6,0.766666674613953,0.8,5,FALSE,FALSE,-0.166666674613953,-0.16666667163372,0.166666674613953,0.166666686534882,-0.166666686534882,FALSE,FALSE,TRUE,TRUE,FALSE
17,96,"San Mateo","sm.t1more","17:9625","17:9625::sm.t1more","triple","9625",NA,0.500000002483527,0.833333313465118,0.694444437821706,0.500000002483527,0.714285705770765,0.857142857142857,7,NA,FALSE,NA,NA,NA,NA,NA,NA,NA,NA,NA,NA,NA,NA,NA,NA,NA,NA,NA,NA,NA,NA,NA,NA,NA,NA,NA
17,96,"San Mateo","sm.t1belowmrkt","17:9601","17:9601::sm.t1belowmrkt","triple","9601",0.5,0.625,0.5,0.75,0.6,0.7,0.8,5,FALSE,FALSE,-0.1,-0.125,0.1,0,0,0.5,0.625,0.5,0.75,0.6,0.7,0.8,5,FALSE,FALSE,-0.1,-0.125,0.1,0,0,FALSE,FALSE,TRUE,FALSE,FALSE
17,96,"San Mateo","sm.t1belowmrkt","17:9602","17:9602::sm.t1belowmrkt","triple","9602",0.366666680574417,0.533333325386047,0.733333340287209,0.566666650772094,0.450000002980232,0.649999995529651,0.5,10,FALSE,FALSE,-0.199999992549419,-0.0333333253860473,0.199999992549419,0.366666659712791,-0.366666659712791,0.366666680574417,0.533333325386047,0.733333340287209,0.566666650772094,0.450000002980232,0.649999995529651,0.5,10,FALSE,FALSE,-0.199999992549419,-0.0333333253860473,0.199999992549419,0.366666659712791,-0.366666659712791,FALSE,FALSE,TRUE,TRUE,FALSE
17,96,"San Mateo","sm.t1belowmrkt","17:9603","17:9603::sm.t1belowmrkt","triple","9603",1,0.95833332836628,1,0.75,0.966666662693024,0.8,0.8,5,FALSE,FALSE,-0.166666662693024,-0.20833332836628,0.166666662693024,0,0,1,0.95833332836628,1,0.75,0.966666662693024,0.8,0.8,5,FALSE,FALSE,-0.166666662693024,-0.20833332836628,0.166666662693024,0,0,FALSE,FALSE,TRUE,FALSE,FALSE
17,96,"San Mateo","sm.t1belowmrkt","17:9605","17:9605::sm.t1belowmrkt","triple","9605",0.722222233812014,0.8,0.666666666666667,0.766666662693024,0.770833337679505,0.72916666418314,0.625,8,FALSE,FALSE,0.0416666734963655,0.0333333373069764,-0.0416666734963655,-0.0555555671453477,0.0555555671453477,0.722222233812014,0.8,0.666666666666667,0.766666662693024,0.770833337679505,0.72916666418314,0.625,8,FALSE,FALSE,0.0416666734963655,0.0333333373069764,-0.0416666734963655,-0.0555555671453477,0.0555555671453477,TRUE,TRUE,FALSE,FALSE,TRUE
17,96,"San Mateo","sm.t1belowmrkt","17:9606","17:9606::sm.t1belowmrkt","triple","9606",0.833333333333333,0.777777771155039,0.611111129323642,0.966666662693024,0.796296291881137,0.833333337679505,0.666666666666667,9,FALSE,FALSE,0.037037045798368,0.188888891537984,-0.037037045798368,0.222222204009692,-0.222222204009692,0.833333333333333,0.933333325386047,0.611111129323642,0.966666662693024,0.89583332836628,0.833333337679505,0.625,8,FALSE,FALSE,0.0624999906867741,-0.0333333373069764,-0.0624999906867741,-0.222222204009692,0.222222204009692,TRUE,TRUE,FALSE,TRUE,FALSE
17,96,"San Mateo","sm.t1belowmrkt","17:9607","17:9607::sm.t1belowmrkt","triple","9607",0.833333313465118,0.583333337679505,0.833333313465118,0.729166673496366,0.611111112766796,0.740740744604005,0.888888888888889,9,FALSE,FALSE,0.129629631837209,0.14583333581686,-0.129629631837209,0,0,0.833333313465118,0.583333337679505,0.833333313465118,0.729166673496366,0.611111112766796,0.740740744604005,0.888888888888889,9,FALSE,FALSE,0.129629631837209,0.14583333581686,-0.129629631837209,0,0,TRUE,TRUE,FALSE,FALSE,FALSE
17,96,"San Mateo","sm.t1belowmrkt","17:9610","17:9610::sm.t1belowmrkt","triple","9610",0.583333350718022,0.833333325386047,0.583333350718022,0.933333325386047,0.761904761195183,0.833333332623754,0.714285714285714,7,FALSE,FALSE,-0.0714285714285714,-0.1,0.0714285714285714,0,0,0.583333350718022,0.833333325386047,0.583333350718022,0.933333325386047,0.761904761195183,0.833333332623754,0.714285714285714,7,FALSE,FALSE,-0.0714285714285714,-0.1,0.0714285714285714,0,0,FALSE,FALSE,TRUE,FALSE,FALSE
17,96,"San Mateo","sm.t1belowmrkt","17:9611","17:9611::sm.t1belowmrkt","triple","9611",0.5,0.833333326710595,0.833333313465118,0.74074074294832,0.799999994039535,0.75,0.9,10,FALSE,FALSE,0.0499999940395354,0.0925925837622746,-0.0499999940395354,0.333333313465118,-0.333333313465118,0.5,0.833333326710595,0.833333313465118,0.74074074294832,0.799999994039535,0.75,0.9,10,FALSE,FALSE,0.0499999940395354,0.0925925837622746,-0.0499999940395354,0.333333313465118,-0.333333313465118,TRUE,TRUE,FALSE,TRUE,FALSE
17,96,"San Mateo","sm.t1belowmrkt","17:9613","17:9613::sm.t1belowmrkt","triple","9613",0.583333343267441,0.4375,0.666666656732559,0.687500001862645,0.466666668653488,0.683333332836628,0.8,10,FALSE,FALSE,0.21666666418314,0.250000001862645,-0.21666666418314,-0.083333313465118,0.083333313465118,0.583333343267441,0.4375,0.666666656732559,0.687500001862645,0.466666668653488,0.683333332836628,0.8,10,FALSE,FALSE,0.21666666418314,0.250000001862645,-0.21666666418314,-0.083333313465118,0.083333313465118,TRUE,TRUE,FALSE,FALSE,TRUE
17,96,"San Mateo","sm.t1belowmrkt","17:9614","17:9614::sm.t1belowmrkt","triple","9614",0.416666656732559,0.541666675359011,0.666666656732559,0.79166667163372,0.500000002483527,0.75,0.666666666666667,6,FALSE,FALSE,-0.249999997516473,-0.24999999627471,0.249999997516473,0.25,-0.25,0.416666656732559,0.541666675359011,0.666666656732559,0.79166667163372,0.500000002483527,0.75,0.666666666666667,6,FALSE,FALSE,-0.249999997516473,-0.24999999627471,0.249999997516473,0.25,-0.25,FALSE,FALSE,TRUE,TRUE,FALSE
17,96,"San Mateo","sm.t1belowmrkt","17:9615","17:9615::sm.t1belowmrkt","triple","9615",0.666666686534882,0.9,NA,0.9,0.86111111442248,0.9,0.833333333333333,6,FALSE,FALSE,-0.0388888855775197,0,0.0388888855775197,NA,NA,NA,NA,NA,NA,NA,NA,NA,NA,NA,NA,NA,NA,NA,NA,NA,FALSE,FALSE,TRUE,NA,NA
17,96,"San Mateo","sm.t1belowmrkt","17:9616","17:9616::sm.t1belowmrkt","triple","9616",0.833333313465118,0.633333337306976,0.833333313465118,0.6,0.666666666666667,0.63888888557752,0.833333333333333,6,FALSE,FALSE,-0.027777781089147,-0.0333333373069764,0.027777781089147,0,0,0.833333313465118,0.633333337306976,0.833333313465118,0.6,0.666666666666667,0.63888888557752,0.833333333333333,6,FALSE,FALSE,-0.027777781089147,-0.0333333373069764,0.027777781089147,0,0,FALSE,FALSE,TRUE,FALSE,FALSE
17,96,"San Mateo","sm.t1belowmrkt","17:9617","17:9617::sm.t1belowmrkt","triple","9617",0,0.555555562178294,0,0.722222228844961,0.41666667163372,0.54166667163372,0.75,4,FALSE,FALSE,-0.125,-0.166666666666667,0.125,0,0,0,0.555555562178294,0,0.722222228844961,0.41666667163372,0.54166667163372,0.75,4,FALSE,FALSE,-0.125,-0.166666666666667,0.125,0,0,FALSE,FALSE,TRUE,FALSE,FALSE
17,96,"San Mateo","sm.t1belowmrkt","17:9619","17:9619::sm.t1belowmrkt","triple","9619",0.166666701436043,0.75,0,0.75,0.66666667163372,0.642857142857143,0.857142857142857,7,FALSE,FALSE,0.0238095287765775,0,-0.0238095287765775,-0.166666701436043,0.166666701436043,0.166666701436043,0.75,0,0.75,0.66666667163372,0.642857142857143,0.857142857142857,7,FALSE,FALSE,0.0238095287765775,0,-0.0238095287765775,-0.166666701436043,0.166666701436043,TRUE,FALSE,FALSE,FALSE,TRUE
17,96,"San Mateo","sm.t1belowmrkt","17:9620","17:9620::sm.t1belowmrkt","triple","9620",0.833333313465118,0.592592590385013,1,0.925925923718346,0.616666662693024,0.933333331346512,0.9,10,FALSE,FALSE,0.316666668653488,0.333333333333333,-0.316666668653488,-0.166666686534882,0.166666686534882,0.833333313465118,0.592592590385013,1,0.925925923718346,0.616666662693024,0.933333331346512,0.9,10,FALSE,FALSE,0.316666668653488,0.333333333333333,-0.316666668653488,-0.166666686534882,0.166666686534882,TRUE,TRUE,FALSE,FALSE,TRUE
17,96,"San Mateo","sm.t1belowmrkt","17:9622","17:9622::sm.t1belowmrkt","triple","9622",0.5,0.555555562178294,0.666666686534882,0.694444437821706,0.547619053295681,0.690476187637874,0.857142857142857,7,FALSE,FALSE,-0.142857134342193,-0.138888875643412,0.142857134342193,0.166666686534882,-0.166666686534882,0.5,0.555555562178294,0.666666686534882,0.694444437821706,0.547619053295681,0.690476187637874,0.857142857142857,7,FALSE,FALSE,-0.142857134342193,-0.138888875643412,0.142857134342193,0.166666686534882,-0.166666686534882,FALSE,FALSE,TRUE,TRUE,FALSE
17,96,"San Mateo","sm.t1belowmrkt","17:9623","17:9623::sm.t1belowmrkt","triple","9623",0.666666686534882,0.416666656732559,0.166666701436043,0.466666665673256,0.466666662693024,0.41666667163372,0.833333333333333,6,FALSE,FALSE,-0.0499999910593033,0.0500000089406968,0.0499999910593033,0.499999985098839,-0.499999985098839,0.666666686534882,0.416666656732559,0.166666701436043,0.541666656732559,0.466666662693024,0.466666665673256,0.8,5,FALSE,FALSE,2.9802322276673e-09,0.125,-2.9802322276673e-09,0.499999985098839,-0.499999985098839,FALSE,TRUE,TRUE,TRUE,FALSE
17,96,"San Mateo","sm.t1belowmrkt","17:9624","17:9624::sm.t1belowmrkt","triple","9624",0.25,0.625,0.583333343267441,0.875,0.5,0.777777781089147,0.666666666666667,6,FALSE,FALSE,-0.277777781089147,-0.25,0.277777781089147,0.333333343267441,-0.333333343267441,0.25,0.625,0.583333343267441,0.875,0.5,0.777777781089147,0.666666666666667,6,FALSE,FALSE,-0.277777781089147,-0.25,0.277777781089147,0.333333343267441,-0.333333343267441,FALSE,FALSE,TRUE,TRUE,FALSE
17,96,"San Mateo","sm.t1belowmrkt","17:9625","17:9625::sm.t1belowmrkt","triple","9625",0.666666686534882,0.700000002980232,0.666666686534882,0.805555552244186,0.69444445023934,0.785714285714286,0.857142857142857,7,FALSE,FALSE,-0.0912698354749452,-0.105555549263954,0.0912698354749452,0,0,0.666666686534882,0.700000002980232,0.666666686534882,0.8,0.69444445023934,0.777777781089147,0.833333333333333,6,FALSE,FALSE,-0.0833333308498064,-0.0999999970197678,0.0833333308498064,0,0,FALSE,FALSE,TRUE,FALSE,FALSE
17,96,"San Mateo","sm.t1openspace","17:9601","17:9601::sm.t1openspace","triple","9601",0.5,0.375,0.5,0.0833333283662795,0.4,0.166666662693024,0.8,5,FALSE,FALSE,-0.233333337306976,-0.29166667163372,0.233333337306976,0,0,0.5,0.375,0.5,0.0833333283662795,0.4,0.166666662693024,0.8,5,FALSE,FALSE,-0.233333337306976,-0.29166667163372,0.233333337306976,0,0,FALSE,FALSE,TRUE,FALSE,FALSE
17,96,"San Mateo","sm.t1openspace","17:9602","17:9602::sm.t1openspace","triple","9602",0.533333343267441,0.700000002980232,0.166666665673256,0.466666677594185,0.616666673123836,0.31666667163372,0.5,10,FALSE,FALSE,0.300000001490116,0.233333325386047,-0.300000001490116,-0.366666677594185,0.366666677594185,0.533333343267441,0.700000002980232,0.166666665673256,0.466666677594185,0.616666673123836,0.31666667163372,0.5,10,FALSE,FALSE,0.300000001490116,0.233333325386047,-0.300000001490116,-0.366666677594185,0.366666677594185,TRUE,TRUE,FALSE,FALSE,TRUE
17,96,"San Mateo","sm.t1openspace","17:9603","17:9603::sm.t1openspace","triple","9603",0,0.125,0,0.12500000372529,0.1,0.100000002980232,0.8,5,FALSE,FALSE,-2.98023219991173e-09,-3.72529024295076e-09,2.98023219991173e-09,0,0,0,0.125,0,0.12500000372529,0.1,0.100000002980232,0.8,5,FALSE,FALSE,-2.98023219991173e-09,-3.72529024295076e-09,2.98023219991173e-09,0,0,FALSE,FALSE,TRUE,FALSE,FALSE
17,96,"San Mateo","sm.t1openspace","17:9605","17:9605::sm.t1openspace","triple","9605",0,0.433333325386047,0,0.200000002980232,0.309523803847177,0.125000001862645,0.625,8,FALSE,FALSE,0.184523801984531,0.233333322405815,-0.184523801984531,0,0,0,0.433333325386047,0,0.200000002980232,0.309523803847177,0.14285714498588,0.714285714285714,7,FALSE,FALSE,0.166666658861296,0.233333322405815,-0.166666658861296,0,0,TRUE,TRUE,FALSE,FALSE,FALSE
17,96,"San Mateo","sm.t1openspace","17:9606","17:9606::sm.t1openspace","triple","9606",0.444444437821706,0,0.277777800957362,0.0833333358168602,0.148148145940569,0.148148157530361,0.666666666666667,9,FALSE,FALSE,1.158979212601e-08,0.0833333358168602,-1.158979212601e-08,0.166666636864344,-0.166666636864344,0.444444437821706,0,0.277777800957362,0.0833333358168602,0.148148145940569,0.148148157530361,0.666666666666667,9,FALSE,FALSE,1.158979212601e-08,0.0833333358168602,-1.158979212601e-08,0.166666636864344,-0.166666636864344,TRUE,TRUE,FALSE,TRUE,FALSE
17,96,"San Mateo","sm.t1openspace","17:9607","17:9607::sm.t1openspace","triple","9607",0.166666701436043,0.119047616209303,0,0.333333330495017,0.125000001862645,0.29166666418314,0.888888888888889,9,FALSE,FALSE,0.166666662320495,0.214285714285714,-0.166666662320495,0.166666701436043,-0.166666701436043,0.166666701436043,0.13888888557752,0,0.305555552244186,0.14285714498588,0.261904759066445,0.857142857142857,7,FALSE,FALSE,0.119047614080565,0.166666666666667,-0.119047614080565,0.166666701436043,-0.166666701436043,TRUE,TRUE,FALSE,TRUE,FALSE
17,96,"San Mateo","sm.t1openspace","17:9610","17:9610::sm.t1openspace","triple","9610",0.5,0.300000005960464,0.416666693985463,0.300000002980232,0.357142861400332,0.333333343267441,0.714285714285714,7,FALSE,FALSE,-0.0238095181328909,-2.98023217215615e-09,0.0238095181328909,0.0833333060145375,-0.0833333060145375,0.5,0.300000005960464,0.416666693985463,0.300000002980232,0.357142861400332,0.333333343267441,0.714285714285714,7,FALSE,FALSE,-0.0238095181328909,-2.98023217215615e-09,0.0238095181328909,0.0833333060145375,-0.0833333060145375,FALSE,FALSE,TRUE,TRUE,FALSE
17,96,"San Mateo","sm.t1openspace","17:9611","17:9611::sm.t1openspace","triple","9611",0,0.125000001862645,0,0.259259258707364,0.111111112766796,0.233333332836628,0.9,10,FALSE,FALSE,-0.122222220069832,-0.134259256844719,0.122222220069832,0,0,0,0.125000001862645,0,0.229166666045785,0.111111112766796,0.203703703151809,0.888888888888889,9,FALSE,FALSE,-0.0925925903850131,-0.10416666418314,0.0925925903850131,0,0,FALSE,FALSE,TRUE,FALSE,FALSE
17,96,"San Mateo","sm.t1openspace","17:9613","17:9613::sm.t1openspace","triple","9613",0,0.479166673496366,0,0.3125,0.383333338797093,0.25,0.8,10,FALSE,FALSE,0.133333338797093,0.166666673496366,-0.133333338797093,0,0,0,0.479166673496366,0,0.3125,0.383333338797093,0.25,0.8,10,FALSE,FALSE,0.133333338797093,0.166666673496366,-0.133333338797093,0,0,TRUE,TRUE,FALSE,FALSE,FALSE
17,96,"San Mateo","sm.t1openspace","17:9614","17:9614::sm.t1openspace","triple","9614",0.0833333507180215,0.166666675359011,0,0.166666701436043,0.138888900478681,0.111111134290695,0.666666666666667,6,FALSE,FALSE,0.0277777661879857,-2.60770322557669e-08,-0.0277777661879857,-0.0833333507180215,0.0833333507180215,0.0833333507180215,0.166666675359011,0,0.166666701436043,0.138888900478681,0.111111134290695,0.666666666666667,6,FALSE,FALSE,0.0277777661879857,-2.60770322557669e-08,-0.0277777661879857,-0.0833333507180215,0.0833333507180215,TRUE,FALSE,FALSE,FALSE,TRUE
17,96,"San Mateo","sm.t1openspace","17:9615","17:9615::sm.t1openspace","triple","9615",0.5,0.133333340287209,0.5,0.133333340287209,0.19444445023934,0.19444445023934,0.833333333333333,6,FALSE,TRUE,0,0,0,0,0,0.5,0.133333340287209,0.5,0.133333340287209,0.19444445023934,0.19444445023934,0.833333333333333,6,FALSE,TRUE,0,0,0,0,0,FALSE,FALSE,FALSE,FALSE,FALSE
17,96,"San Mateo","sm.t1openspace","17:9616","17:9616::sm.t1openspace","triple","9616",0.166666701436043,0.433333325386047,0.166666701436043,0.300000002980232,0.388888888061046,0.277777786056201,0.833333333333333,6,FALSE,FALSE,0.111111102004846,0.133333322405815,-0.111111102004846,0,0,0.166666701436043,0.433333325386047,0.166666701436043,0.300000002980232,0.388888888061046,0.277777786056201,0.833333333333333,6,FALSE,FALSE,0.111111102004846,0.133333322405815,-0.111111102004846,0,0,TRUE,TRUE,FALSE,FALSE,FALSE
17,96,"San Mateo","sm.t1openspace","17:9617","17:9617::sm.t1openspace","triple","9617",0.166666701436043,0.444444467624029,0.166666701436043,0.222222208976745,0.375000026077032,0.20833333209157,0.75,4,FALSE,FALSE,0.166666693985462,0.222222258647283,-0.166666693985462,0,0,0.166666701436043,0.444444467624029,0.166666701436043,0.222222208976745,0.375000026077032,0.20833333209157,0.75,4,FALSE,FALSE,0.166666693985462,0.222222258647283,-0.166666693985462,0,0,TRUE,TRUE,FALSE,FALSE,FALSE
17,96,"San Mateo","sm.t1openspace","17:9619","17:9619::sm.t1openspace","triple","9619",0.5,0.533333340287209,0.166666701436043,0.250000004967054,0.527777783572674,0.238095247319766,0.857142857142857,7,FALSE,FALSE,0.289682536252907,0.283333335320155,-0.289682536252907,-0.333333298563957,0.333333298563957,0.5,0.533333340287209,0.166666701436043,0.266666665673256,0.527777783572674,0.250000004967054,0.833333333333333,6,FALSE,FALSE,0.27777777860562,0.266666674613953,-0.27777777860562,-0.333333298563957,0.333333298563957,TRUE,TRUE,FALSE,FALSE,TRUE
17,96,"San Mateo","sm.t1openspace","17:9620","17:9620::sm.t1openspace","triple","9620",0,0.296296310093668,0,0.37037037147416,0.266666679084301,0.333333334326744,0.9,10,FALSE,FALSE,-0.0666666552424429,-0.0740740613804921,0.0666666552424429,0,0,0,0.296296310093668,0,0.37037037147416,0.266666679084301,0.333333334326744,0.9,10,FALSE,FALSE,-0.0666666552424429,-0.0740740613804921,0.0666666552424429,0,0,FALSE,FALSE,TRUE,FALSE,FALSE
17,96,"San Mateo","sm.t1openspace","17:9622","17:9622::sm.t1openspace","triple","9622",0,0.416666666666667,0.333333313465118,0.5,0.357142857142857,0.47619047335216,0.857142857142857,7,FALSE,FALSE,-0.119047616209303,-0.0833333333333334,0.119047616209303,0.333333313465118,-0.333333313465118,0,0.416666666666667,0.333333313465118,0.5,0.357142857142857,0.47619047335216,0.857142857142857,7,FALSE,FALSE,-0.119047616209303,-0.0833333333333334,0.119047616209303,0.333333313465118,-0.333333313465118,FALSE,FALSE,TRUE,TRUE,FALSE
17,96,"San Mateo","sm.t1openspace","17:9623","17:9623::sm.t1openspace","triple","9623",0.166666701436043,0.25,0,0.433333325386047,0.233333340287209,0.361111104488373,0.833333333333333,6,FALSE,FALSE,-0.127777764201164,-0.183333325386047,0.127777764201164,-0.166666701436043,0.166666701436043,0.166666701436043,0.25,0,0.291666656732559,0.233333340287209,0.233333325386047,0.8,5,FALSE,FALSE,1.49011614158923e-08,-0.041666656732559,-1.49011614158923e-08,-0.166666701436043,0.166666701436043,FALSE,FALSE,TRUE,FALSE,TRUE
17,96,"San Mateo","sm.t1openspace","17:9624","17:9624::sm.t1openspace","triple","9624",0.25,0.375,0.0833333507180215,0.0833333507180215,0.333333333333333,0.0833333507180215,0.666666666666667,6,FALSE,FALSE,0.249999982615312,0.291666649281978,-0.249999982615312,-0.166666649281978,0.166666649281978,0.25,0.375,0.0833333507180215,0.0833333507180215,0.333333333333333,0.0833333507180215,0.666666666666667,6,FALSE,FALSE,0.249999982615312,0.291666649281978,-0.249999982615312,-0.166666649281978,0.166666649281978,TRUE,TRUE,FALSE,FALSE,TRUE
17,96,"San Mateo","sm.t1openspace","17:9625","17:9625::sm.t1openspace","triple","9625",0.166666701436043,0.277777781089147,0.166666701436043,0.38888888557752,0.261904769710132,0.357142859271594,0.857142857142857,7,FALSE,FALSE,-0.0952380895614623,-0.111111104488373,0.0952380895614623,0,0,0.166666701436043,0.277777781089147,0.166666701436043,0.38888888557752,0.261904769710132,0.357142859271594,0.857142857142857,7,FALSE,FALSE,-0.0952380895614623,-0.111111104488373,0.0952380895614623,0,0,FALSE,FALSE,TRUE,FALSE,FALSE
17,96,"San Mateo","sm.t1countyl","17:9601","17:9601::sm.t1countyl","triple","9601",0.666666686534882,0.5,0.666666686534882,0.291666675359011,0.54166667163372,0.366666677594185,0.8,5,FALSE,FALSE,-0.174999994039535,-0.208333324640989,0.174999994039535,0,0,0.666666686534882,0.5,0.666666686534882,0.333333333333333,0.54166667163372,0.41666667163372,0.75,4,FALSE,FALSE,-0.125,-0.166666666666667,0.125,0,0,FALSE,FALSE,TRUE,FALSE,FALSE
17,96,"San Mateo","sm.t1countyl","17:9602","17:9602::sm.t1countyl","triple","9602",0.400000002980232,0.625,0.666666662693024,0.566666662693024,0.500000001655685,0.616666662693024,0.5,10,FALSE,FALSE,-0.116666661037339,0.0583333373069764,0.116666661037339,0.266666659712791,-0.266666659712791,0.400000002980232,0.625,0.666666662693024,0.625,0.500000001655685,0.648148145940569,0.444444444444444,9,FALSE,FALSE,-0.148148144284884,0,0.148148144284884,0.266666659712791,-0.266666659712791,FALSE,TRUE,TRUE,TRUE,FALSE
17,96,"San Mateo","sm.t1countyl","17:9603","17:9603::sm.t1countyl","triple","9603",0,0.208333346992731,1,0.0833333283662795,0.166666677594185,0.266666662693024,0.8,5,FALSE,FALSE,-0.0999999850988386,0.125000018626452,0.0999999850988386,1,-1,0,0.208333346992731,1,0.0833333283662795,0.166666677594185,0.266666662693024,0.8,5,FALSE,FALSE,-0.0999999850988386,0.125000018626452,0.0999999850988386,1,-1,FALSE,TRUE,TRUE,TRUE,FALSE
17,96,"San Mateo","sm.t1countyl","17:9605","17:9605::sm.t1countyl","triple","9605",0.666666666666667,0.70833332836628,0.611111104488373,0.466666662693024,0.690476187637874,0.52083332836628,0.625,8,FALSE,FALSE,0.169642859271595,0.241666665673256,-0.169642859271595,-0.0555555621782939,0.0555555621782939,0.666666666666667,0.70833332836628,0.611111104488373,0.375,0.690476187637874,0.47619047335216,0.571428571428571,7,FALSE,FALSE,0.214285714285714,0.33333332836628,-0.214285714285714,-0.0555555621782939,0.0555555621782939,TRUE,TRUE,FALSE,FALSE,TRUE
17,96,"San Mateo","sm.t1countyl","17:9606","17:9606::sm.t1countyl","triple","9606",0.888888875643412,0.5,0.666666666666667,0.527777798473835,0.64583332836628,0.574074087871446,0.666666666666667,9,FALSE,FALSE,-0.0717592404948338,0.0277777984738352,0.0717592404948338,0.222222208976745,-0.222222208976745,0.888888875643412,0.5,0.666666666666667,0.433333358168602,0.64583332836628,0.520833348855376,0.625,8,FALSE,FALSE,-0.124999979510903,-0.0666666418313978,0.124999979510903,0.222222208976745,-0.222222208976745,FALSE,TRUE,TRUE,TRUE,FALSE
17,96,"San Mateo","sm.t1countyl","17:9607","17:9607::sm.t1countyl","triple","9607",0.333333313465118,0.64583332836628,0.166666701436043,0.604166666045785,0.611111104488373,0.555555558866925,0.888888888888889,9,FALSE,FALSE,0.055555545621448,0.0416666623204947,-0.055555545621448,-0.166666612029075,0.166666612029075,0.333333313465118,0.64583332836628,0.166666701436043,0.604166666045785,0.611111104488373,0.555555558866925,0.888888888888889,9,FALSE,FALSE,0.055555545621448,0.0416666623204947,-0.055555545621448,-0.166666612029075,0.166666612029075,TRUE,TRUE,FALSE,FALSE,TRUE
17,96,"San Mateo","sm.t1countyl","17:9610","17:9610::sm.t1countyl","triple","9610",0.583333313465118,0.666666662693024,0.666666656732559,0.233333343267441,0.642857134342193,0.357142861400332,0.714285714285714,7,FALSE,FALSE,0.285714272941862,0.433333319425583,-0.285714272941862,0.083333343267441,-0.083333343267441,0.583333313465118,0.666666662693024,0.666666656732559,0.233333343267441,0.642857134342193,0.357142861400332,0.714285714285714,7,FALSE,FALSE,0.285714272941862,0.433333319425583,-0.285714272941862,0.083333343267441,-0.083333343267441,TRUE,TRUE,FALSE,TRUE,FALSE
17,96,"San Mateo","sm.t1countyl","17:9611","17:9611::sm.t1countyl","triple","9611",1,0.58333332836628,0.5,0.499999993377262,0.629629625214471,0.499999994039535,0.9,10,FALSE,FALSE,-0.129629631174935,-0.083333334989018,0.129629631174935,0.5,-0.5,1,0.58333332836628,0.5,0.437499992549419,0.629629625214471,0.444444437821706,0.888888888888889,9,FALSE,FALSE,-0.185185187392765,-0.14583333581686,0.185185187392765,0.5,-0.5,FALSE,FALSE,TRUE,TRUE,FALSE
17,96,"San Mateo","sm.t1countyl","17:9613","17:9613::sm.t1countyl","triple","9613",0.416666693985463,0.428571439215115,0.75,0.66666667163372,0.425925940275192,0.683333337306976,0.8,10,FALSE,FALSE,-0.257407397031784,-0.238095232418605,0.257407397031784,0.333333306014537,-0.333333306014537,0.416666693985463,0.428571439215115,0.75,0.666666669504983,0.425925940275192,0.685185187392765,0.777777777777778,9,FALSE,FALSE,-0.259259247117572,-0.238095230289868,0.259259247117572,0.333333306014537,-0.333333306014537,FALSE,FALSE,TRUE,TRUE,FALSE
17,96,"San Mateo","sm.t1countyl","17:9614","17:9614::sm.t1countyl","triple","9614",0.583333343267441,0.541666656732559,0.166666701436043,0.62500000372529,0.555555552244186,0.472222236295541,0.666666666666667,6,FALSE,FALSE,-0.0833333159486452,0.0833333469927313,0.0833333159486452,0.416666641831398,-0.416666641831398,0.583333343267441,0.541666656732559,0.166666701436043,0.62500000372529,0.555555552244186,0.472222236295541,0.666666666666667,6,FALSE,FALSE,-0.0833333159486452,0.0833333469927313,0.0833333159486452,0.416666641831398,-0.416666641831398,FALSE,TRUE,TRUE,TRUE,FALSE
17,96,"San Mateo","sm.t1countyl","17:9615","17:9615::sm.t1countyl","triple","9615",0.5,0.5,0.833333313465118,0.266666683554649,0.5,0.361111121873061,0.833333333333333,6,TRUE,FALSE,NA,NA,NA,NA,NA,0.5,0.5,0.833333313465118,0.266666683554649,0.5,0.361111121873061,0.833333333333333,6,TRUE,FALSE,NA,NA,NA,NA,NA,NA,NA,NA,NA,NA
17,96,"San Mateo","sm.t1countyl","17:9616","17:9616::sm.t1countyl","triple","9616",1,0.466666662693024,0.833333313465118,0.166666662693024,0.555555552244186,0.277777771155039,0.833333333333333,6,FALSE,FALSE,-0.277777781089147,-0.3,0.277777781089147,0.166666686534882,-0.166666686534882,1,0.466666662693024,0.833333313465118,0.166666662693024,0.555555552244186,0.277777771155039,0.833333333333333,6,FALSE,FALSE,-0.277777781089147,-0.3,0.277777781089147,0.166666686534882,-0.166666686534882,FALSE,FALSE,TRUE,TRUE,FALSE
17,96,"San Mateo","sm.t1countyl","17:9617","17:9617::sm.t1countyl","triple","9617",0.833333313465118,0.722222233812014,0.333333313465118,0.722222208976745,0.75000000372529,0.624999985098838,0.75,4,FALSE,FALSE,-0.125000018626452,-2.48352689524722e-08,0.125000018626452,0.5,-0.5,0.833333313465118,0.722222233812014,0.333333313465118,0.722222208976745,0.75000000372529,0.624999985098838,0.75,4,FALSE,FALSE,-0.125000018626452,-2.48352689524722e-08,0.125000018626452,0.5,-0.5,FALSE,FALSE,TRUE,TRUE,FALSE
17,96,"San Mateo","sm.t1countyl","17:9619","17:9619::sm.t1countyl","triple","9619",1,0.250000002483527,0,0.333333333333333,0.357142859271594,0.285714285714286,0.857142857142857,7,FALSE,FALSE,-0.0714285735573087,0.0833333308498065,0.0714285735573087,1,-1,1,0.250000002483527,0,0.333333333333333,0.357142859271594,0.285714285714286,0.857142857142857,7,FALSE,FALSE,-0.0714285735573087,0.0833333308498065,0.0714285735573087,1,-1,FALSE,TRUE,TRUE,TRUE,FALSE
17,96,"San Mateo","sm.t1countyl","17:9620","17:9620::sm.t1countyl","triple","9620",1,0.518518522381783,1,0.777777779433462,0.566666670143604,0.800000001490116,0.9,10,FALSE,FALSE,0.233333331346512,0.25925925705168,-0.233333331346512,0,0,1,0.518518522381783,1,0.777777779433462,0.566666670143604,0.800000001490116,0.9,10,FALSE,FALSE,0.233333331346512,0.25925925705168,-0.233333331346512,0,0,TRUE,TRUE,FALSE,FALSE,FALSE
17,96,"San Mateo","sm.t1countyl","17:9622","17:9622::sm.t1countyl","triple","9622",1,0.63888888557752,1,0.416666669150194,0.690476187637874,0.500000002128737,0.857142857142857,7,FALSE,FALSE,-0.190476185509137,-0.222222216427326,0.190476185509137,0,0,1,0.63888888557752,1,0.416666669150194,0.690476187637874,0.500000002128737,0.857142857142857,7,FALSE,FALSE,-0.190476185509137,-0.222222216427326,0.190476185509137,0,0,FALSE,FALSE,TRUE,FALSE,FALSE
17,96,"San Mateo","sm.t1countyl","17:9623","17:9623::sm.t1countyl","triple","9623",0.833333313465118,0.2,1,0.466666674613953,0.305555552244186,0.555555562178294,0.833333333333333,6,FALSE,FALSE,0.250000009934108,0.266666674613953,-0.250000009934108,-0.166666686534882,0.166666686534882,0.833333313465118,0.2,1,0.466666674613953,0.305555552244186,0.555555562178294,0.833333333333333,6,FALSE,FALSE,0.250000009934108,0.266666674613953,-0.250000009934108,-0.166666686534882,0.166666686534882,TRUE,TRUE,FALSE,FALSE,TRUE
17,96,"San Mateo","sm.t1countyl","17:9624","17:9624::sm.t1countyl","triple","9624",0.5,0.444444437821706,0.75,0.75,0.466666662693024,0.75,0.666666666666667,6,FALSE,FALSE,0.283333337306976,0.305555562178294,-0.283333337306976,-0.25,0.25,0.5,0.444444437821706,0.75,0.666666666666667,0.466666662693024,0.7,0.6,5,FALSE,FALSE,0.233333337306976,0.222222228844961,-0.233333337306976,-0.25,0.25,TRUE,TRUE,FALSE,FALSE,TRUE
17,96,"San Mateo","sm.t1countyl","17:9625","17:9625::sm.t1countyl","triple","9625",0.666666686534882,0.249999990065892,0.333333313465118,0.611111104488373,0.309523803847177,0.571428562913622,0.857142857142857,7,FALSE,FALSE,0.261904759066445,0.36111111442248,-0.261904759066445,0.333333373069764,-0.333333373069764,0.666666686534882,0.249999990065892,0.333333313465118,0.611111104488373,0.309523803847177,0.571428562913622,0.857142857142857,7,FALSE,FALSE,0.261904759066445,0.36111111442248,-0.261904759066445,0.333333373069764,-0.333333373069764,TRUE,TRUE,FALSE,TRUE,FALSE
2,22,"UK Health","ukhealth.t1payhlt","2:2201","2:2201::ukhealth.t1payhlt","triple","2201",0,0.181818181818182,0,0.05,0.166666666666667,0.0454545454545454,0.923076923076923,13,FALSE,FALSE,0.121212121212121,0.131818181818182,-0.121212121212121,0,0,0,0.222222222222222,0,0.0555555555555555,0.2,0.05,0.9,10,FALSE,FALSE,0.15,0.166666666666667,-0.15,0,0,TRUE,TRUE,FALSE,FALSE,FALSE
2,22,"UK Health","ukhealth.t1payhlt","2:2204","2:2204::ukhealth.t1payhlt","triple","2204",0.25,0.3,0,0.25,0.291666666666667,0.214285714285714,0.857142857142857,14,FALSE,FALSE,0.0773809523809524,0.05,-0.0773809523809524,-0.25,0.25,0.25,0.3,0,0.25,0.291666666666667,0.208333333333333,0.833333333333333,12,FALSE,FALSE,0.0833333333333334,0.05,-0.0833333333333334,-0.25,0.25,TRUE,TRUE,FALSE,FALSE,TRUE
2,22,"UK Health","ukhealth.t1payhlt","2:2205","2:2205::ukhealth.t1payhlt","triple","2205",0,0.227272727272727,0,0.125,0.208333333333333,0.115384615384615,0.928571428571429,14,FALSE,FALSE,0.0929487179487179,0.102272727272727,-0.0929487179487179,0,0,0,0.25,0,0.15,0.227272727272727,0.136363636363636,0.909090909090909,11,FALSE,FALSE,0.0909090909090909,0.1,-0.0909090909090909,0,0,TRUE,TRUE,FALSE,FALSE,FALSE
2,22,"UK Health","ukhealth.t1payhlt","2:2206","2:2206::ukhealth.t1payhlt","triple","2206",0.25,0.136363636363636,0.5,0.125,0.153846153846154,0.178571428571429,0.866666666666667,15,FALSE,FALSE,0.0247252747252747,-0.0113636363636364,-0.0247252747252747,-0.25,0.25,0.25,0.15,0.5,0.15,0.166666666666667,0.208333333333333,0.833333333333333,12,FALSE,FALSE,0.0416666666666666,0,-0.0416666666666666,-0.25,0.25,TRUE,FALSE,FALSE,FALSE,TRUE
2,22,"UK Health","ukhealth.t1payhlt","2:2207","2:2207::ukhealth.t1payhlt","triple","2207",1,0.111111111111111,0,0.111111111111111,0.2,0.1,0.909090909090909,11,FALSE,FALSE,-0.1,0,0.1,1,-1,1,0.125,0,0.0625,0.222222222222222,0.0555555555555555,0.888888888888889,9,FALSE,FALSE,-0.166666666666667,-0.0625,0.166666666666667,1,-1,FALSE,FALSE,TRUE,TRUE,FALSE
2,22,"UK Health","ukhealth.t1payhlt","2:2208","2:2208::ukhealth.t1payhlt","triple","2208",0.333333333333333,0.0454545454545454,0,0.0416666666666667,0.107142857142857,0.0333333333333333,0.8125,16,FALSE,FALSE,-0.0738095238095238,-0.00378787878787878,0.0738095238095238,0.333333333333333,-0.333333333333333,0.333333333333333,0.05,0,0.05,0.115384615384615,0.0384615384615385,0.769230769230769,13,FALSE,FALSE,-0.0769230769230769,0,0.0769230769230769,0.333333333333333,-0.333333333333333,FALSE,FALSE,TRUE,TRUE,FALSE
2,22,"UK Health","ukhealth.t1payhlt","2:2209","2:2209::ukhealth.t1payhlt","triple","2209",0.2,0.1875,0,0.111111111111111,0.192307692307692,0.0714285714285714,0.642857142857143,14,FALSE,FALSE,-0.120879120879121,-0.0763888888888889,0.120879120879121,0.2,-0.2,0.2,0.1875,0,0.125,0.192307692307692,0.0769230769230769,0.615384615384615,13,FALSE,FALSE,-0.115384615384615,-0.0625,0.115384615384615,0.2,-0.2,FALSE,FALSE,TRUE,TRUE,FALSE
2,22,"UK Health","ukhealth.t1payhlt","2:2210","2:2210::ukhealth.t1payhlt","triple","2210",0,0.142857142857143,0,0.1875,0.111111111111111,0.136363636363636,0.75,12,FALSE,FALSE,-0.0252525252525252,-0.0446428571428572,0.0252525252525252,0,0,0,0.142857142857143,0,0.142857142857143,0.111111111111111,0.111111111111111,0.777777777777778,9,FALSE,TRUE,0,0,0,0,0,FALSE,FALSE,TRUE,FALSE,FALSE
2,22,"UK Health","ukhealth.t1payhlt","2:2211","2:2211::ukhealth.t1payhlt","triple","2211",0,0.15,0.125,0.05,0.107142857142857,0.0714285714285714,0.714285714285714,14,FALSE,FALSE,0.0357142857142857,0.1,-0.0357142857142857,0.125,-0.125,0,0.15,0.125,0.05,0.107142857142857,0.0714285714285714,0.714285714285714,14,FALSE,FALSE,0.0357142857142857,0.1,-0.0357142857142857,0.125,-0.125,TRUE,TRUE,FALSE,TRUE,FALSE
2,22,"UK Health","ukhealth.t1payhlt","2:2212","2:2212::ukhealth.t1payhlt","triple","2212",0,0.318181818181818,0,0.2,0.291666666666667,0.1875,0.941176470588235,17,FALSE,FALSE,0.104166666666667,0.118181818181818,-0.104166666666667,0,0,0,0.318181818181818,0,0.227272727272727,0.291666666666667,0.208333333333333,0.916666666666667,12,FALSE,FALSE,0.0833333333333333,0.0909090909090909,-0.0833333333333333,0,0,TRUE,TRUE,FALSE,FALSE,FALSE
2,22,"UK Health","ukhealth.t1payhlt","2:2213","2:2213::ukhealth.t1payhlt","triple","2213",0,0.227272727272727,0,0.15,0.208333333333333,0.136363636363636,0.923076923076923,13,FALSE,FALSE,0.071969696969697,0.0772727272727273,-0.071969696969697,0,0,0,0.222222222222222,0,0.166666666666667,0.2,0.15,0.9,10,FALSE,FALSE,0.05,0.0555555555555555,-0.05,0,0,TRUE,TRUE,FALSE,FALSE,FALSE
2,22,"UK Health","ukhealth.t1payhlt","2:2214","2:2214::ukhealth.t1payhlt","triple","2214",0.5,0.166666666666667,0,0.0666666666666667,0.1875,0.0625,0.9375,16,FALSE,FALSE,-0.125,-0.1,0.125,0.5,-0.5,0.5,0.166666666666667,0,0.0666666666666667,0.1875,0.0625,0.9375,16,FALSE,FALSE,-0.125,-0.1,0.125,0.5,-0.5,FALSE,FALSE,TRUE,TRUE,FALSE
2,22,"UK Health","ukhealth.t1poora","2:2201","2:2201::ukhealth.t1poora","triple","2201",0.75,0.6875,0.75,0.681818181818182,0.692307692307692,0.6875,0.923076923076923,13,FALSE,FALSE,-0.00480769230769229,-0.00568181818181823,0.00480769230769229,0,0,0.75,0.75,0.75,0.681818181818182,0.75,0.6875,0.916666666666667,12,TRUE,FALSE,NA,NA,NA,NA,NA,FALSE,FALSE,TRUE,FALSE,FALSE
2,22,"UK Health","ukhealth.t1poora","2:2204","2:2204::ukhealth.t1poora","triple","2204",1,0.708333333333333,0.25,0.770833333333333,0.730769230769231,0.730769230769231,0.857142857142857,14,FALSE,TRUE,0,0.0625,0,0.75,-0.75,1,0.708333333333333,0.25,0.770833333333333,0.730769230769231,0.730769230769231,0.923076923076923,13,FALSE,TRUE,0,0.0625,0,0.75,-0.75,FALSE,TRUE,FALSE,TRUE,FALSE
2,22,"UK Health","ukhealth.t1poora","2:2205","2:2205::ukhealth.t1poora","triple","2205",0.5,0.708333333333333,0.5,0.625,0.692307692307692,0.615384615384615,0.928571428571429,14,FALSE,FALSE,0.0769230769230769,0.0833333333333334,-0.0769230769230769,0,0,0.5,0.681818181818182,0.5,0.590909090909091,0.666666666666667,0.583333333333333,0.916666666666667,12,FALSE,FALSE,0.0833333333333333,0.0909090909090908,-0.0833333333333333,0,0,TRUE,TRUE,FALSE,FALSE,FALSE
2,22,"UK Health","ukhealth.t1poora","2:2206","2:2206::ukhealth.t1poora","triple","2206",0.25,0.596153846153846,0.25,0.613636363636364,0.55,0.557692307692308,0.866666666666667,15,FALSE,FALSE,-0.00769230769230766,-0.0174825174825175,0.00769230769230766,0,0,0.25,0.545454545454545,0.25,0.613636363636364,0.5,0.557692307692308,0.846153846153846,13,FALSE,FALSE,-0.0576923076923077,-0.0681818181818182,0.0576923076923077,0,0,FALSE,FALSE,TRUE,FALSE,FALSE
2,22,"UK Health","ukhealth.t1poora","2:2207","2:2207::ukhealth.t1poora","triple","2207",0,0.65,0.75,0.3125,0.590909090909091,0.361111111111111,0.909090909090909,11,FALSE,FALSE,0.22979797979798,0.3375,-0.22979797979798,0.75,-0.75,0,0.71875,0.75,0.3125,0.638888888888889,0.361111111111111,0.888888888888889,9,FALSE,FALSE,0.277777777777778,0.40625,-0.277777777777778,0.75,-0.75,TRUE,TRUE,FALSE,TRUE,FALSE
2,22,"UK Health","ukhealth.t1poora","2:2208","2:2208::ukhealth.t1poora","triple","2208",0.25,0.576923076923077,0.166666666666667,0.4375,0.515625,0.383333333333333,0.8125,16,FALSE,FALSE,0.132291666666667,0.139423076923077,-0.132291666666667,-0.0833333333333333,0.0833333333333333,0.25,0.5625,0.166666666666667,0.4375,0.5,0.383333333333333,0.8,15,FALSE,FALSE,0.116666666666667,0.125,-0.116666666666667,-0.0833333333333333,0.0833333333333333,TRUE,TRUE,FALSE,FALSE,TRUE
2,22,"UK Health","ukhealth.t1poora","2:2209","2:2209::ukhealth.t1poora","triple","2209",0.75,0.527777777777778,0.4,0.416666666666667,0.607142857142857,0.410714285714286,0.642857142857143,14,FALSE,FALSE,-0.196428571428571,-0.111111111111111,0.196428571428571,0.35,-0.35,0.75,0.527777777777778,0.4,0.416666666666667,0.607142857142857,0.410714285714286,0.642857142857143,14,FALSE,FALSE,-0.196428571428571,-0.111111111111111,0.196428571428571,0.35,-0.35,FALSE,FALSE,TRUE,TRUE,FALSE
2,22,"UK Health","ukhealth.t1poora","2:2210","2:2210::ukhealth.t1poora","triple","2210",0.416666666666667,0.416666666666667,0.666666666666667,0.527777777777778,0.416666666666667,0.5625,0.75,12,TRUE,FALSE,NA,NA,NA,NA,NA,0.416666666666667,0.416666666666667,0.666666666666667,0.527777777777778,0.416666666666667,0.5625,0.75,12,TRUE,FALSE,NA,NA,NA,NA,NA,NA,NA,NA,NA,NA
2,22,"UK Health","ukhealth.t1poora","2:2211","2:2211::ukhealth.t1poora","triple","2211",0.5625,0.575,0.6875,0.5,0.571428571428571,0.553571428571429,0.714285714285714,14,FALSE,FALSE,0.0178571428571428,0.075,-0.0178571428571428,0.125,-0.125,0.5625,0.575,0.6875,0.5,0.571428571428571,0.553571428571429,0.714285714285714,14,FALSE,FALSE,0.0178571428571428,0.075,-0.0178571428571428,0.125,-0.125,TRUE,TRUE,FALSE,TRUE,FALSE
2,22,"UK Health","ukhealth.t1poora","2:2212","2:2212::ukhealth.t1poora","triple","2212",1,0.703125,NA,0.65625,0.720588235294118,0.65625,0.941176470588235,17,FALSE,FALSE,-0.0643382352941176,-0.046875,0.0643382352941176,NA,NA,NA,NA,NA,NA,NA,NA,NA,NA,NA,NA,NA,NA,NA,NA,NA,FALSE,FALSE,TRUE,NA,NA
2,22,"UK Health","ukhealth.t1poora","2:2213","2:2213::ukhealth.t1poora","triple","2213",0.75,0.791666666666667,0.25,0.8125,0.788461538461538,0.769230769230769,0.923076923076923,13,FALSE,FALSE,0.0192307692307692,-0.0208333333333334,-0.0192307692307692,-0.5,0.5,0.75,0.791666666666667,0.25,0.8125,0.788461538461538,0.769230769230769,0.923076923076923,13,FALSE,FALSE,0.0192307692307692,-0.0208333333333334,-0.0192307692307692,-0.5,0.5,TRUE,FALSE,FALSE,FALSE,TRUE
2,22,"UK Health","ukhealth.t1poora","2:2214","2:2214::ukhealth.t1poora","triple","2214",0.75,0.683333333333333,0,0.566666666666667,0.6875,0.53125,0.9375,16,FALSE,FALSE,-0.15625,-0.116666666666667,0.15625,0.75,-0.75,0.75,0.683333333333333,0,0.566666666666667,0.6875,0.53125,0.9375,16,FALSE,FALSE,-0.15625,-0.116666666666667,0.15625,0.75,-0.75,FALSE,FALSE,TRUE,TRUE,FALSE
2,22,"UK Health","ukhealth.t1option","2:2201","2:2201::ukhealth.t1option","triple","2201",1,0.954545454545455,0.5,1,0.958333333333333,0.958333333333333,0.923076923076923,13,FALSE,TRUE,0,0.0454545454545454,0,0.5,-0.5,1,0.95,0.5,1,0.954545454545455,0.954545454545455,0.909090909090909,11,FALSE,TRUE,0,0.05,0,0.5,-0.5,FALSE,TRUE,FALSE,TRUE,FALSE
2,22,"UK Health","ukhealth.t1option","2:2204","2:2204::ukhealth.t1option","triple","2204",1,0.833333333333333,1,0.75,0.857142857142857,0.785714285714286,0.857142857142857,14,FALSE,FALSE,-0.0714285714285714,-0.0833333333333334,0.0714285714285714,0,0,1,0.833333333333333,1,0.75,0.857142857142857,0.785714285714286,0.857142857142857,14,FALSE,FALSE,-0.0714285714285714,-0.0833333333333334,0.0714285714285714,0,0,FALSE,FALSE,TRUE,FALSE,FALSE
2,22,"UK Health","ukhealth.t1option","2:2205","2:2205::ukhealth.t1option","triple","2205",0.5,0.818181818181818,0.5,0.75,0.791666666666667,0.730769230769231,0.928571428571429,14,FALSE,FALSE,0.0608974358974359,0.0681818181818182,-0.0608974358974359,0,0,0.5,0.8,0.5,0.75,0.772727272727273,0.727272727272727,0.909090909090909,11,FALSE,FALSE,0.0454545454545454,0.05,-0.0454545454545454,0,0,TRUE,TRUE,FALSE,FALSE,FALSE
2,22,"UK Health","ukhealth.t1option","2:2206","2:2206::ukhealth.t1option","triple","2206",1,0.846153846153846,1,0.884615384615385,0.866666666666667,0.9,0.866666666666667,15,FALSE,FALSE,0.0333333333333333,0.0384615384615384,-0.0333333333333333,0,0,1,0.846153846153846,1,0.884615384615385,0.866666666666667,0.9,0.866666666666667,15,FALSE,FALSE,0.0333333333333333,0.0384615384615384,-0.0333333333333333,0,0,TRUE,TRUE,FALSE,FALSE,FALSE
2,22,"UK Health","ukhealth.t1option","2:2207","2:2207::ukhealth.t1option","triple","2207",1,1,1,0.9,1,0.909090909090909,0.909090909090909,11,TRUE,FALSE,NA,NA,NA,NA,NA,1,1,1,0.9,1,0.909090909090909,0.909090909090909,11,TRUE,FALSE,NA,NA,NA,NA,NA,NA,NA,NA,NA,NA
2,22,"UK Health","ukhealth.t1option","2:2208","2:2208::ukhealth.t1option","triple","2208",0.666666666666667,0.923076923076923,0.833333333333333,0.958333333333333,0.875,0.933333333333333,0.8125,16,FALSE,FALSE,-0.0583333333333333,-0.0352564102564102,0.0583333333333333,0.166666666666667,-0.166666666666667,0.666666666666667,0.916666666666667,0.833333333333333,0.958333333333333,0.866666666666667,0.933333333333333,0.8,15,FALSE,FALSE,-0.0666666666666667,-0.0416666666666667,0.0666666666666667,0.166666666666667,-0.166666666666667,FALSE,FALSE,TRUE,TRUE,FALSE
2,22,"UK Health","ukhealth.t1option","2:2209","2:2209::ukhealth.t1option","triple","2209",0.8,0.875,1,0.722222222222222,0.846153846153846,0.821428571428571,0.642857142857143,14,FALSE,FALSE,0.0247252747252747,0.152777777777778,-0.0247252747252747,0.2,-0.2,0.8,0.875,1,0.6875,0.846153846153846,0.807692307692308,0.615384615384615,13,FALSE,FALSE,0.0384615384615384,0.1875,-0.0384615384615384,0.2,-0.2,TRUE,TRUE,FALSE,TRUE,FALSE
2,22,"UK Health","ukhealth.t1option","2:2210","2:2210::ukhealth.t1option","triple","2210",1,0.8125,1,1,0.863636363636364,1,0.75,12,FALSE,FALSE,0.136363636363636,0.1875,-0.136363636363636,0,0,1,0.8125,1,1,0.863636363636364,1,0.727272727272727,11,FALSE,FALSE,0.136363636363636,0.1875,-0.136363636363636,0,0,TRUE,TRUE,FALSE,FALSE,FALSE
2,22,"UK Health","ukhealth.t1option","2:2211","2:2211::ukhealth.t1option","triple","2211",1,0.95,1,0.95,0.964285714285714,0.964285714285714,0.714285714285714,14,FALSE,TRUE,0,0,0,0,0,1,0.95,1,0.95,0.964285714285714,0.964285714285714,0.714285714285714,14,FALSE,TRUE,0,0,0,0,0,FALSE,FALSE,FALSE,FALSE,FALSE
2,22,"UK Health","ukhealth.t1option","2:2212","2:2212::ukhealth.t1option","triple","2212",1,0.866666666666667,1,0.96875,0.875,0.970588235294118,0.941176470588235,17,FALSE,FALSE,0.0955882352941176,0.102083333333333,-0.0955882352941176,0,0,1,0.866666666666667,1,0.966666666666667,0.875,0.96875,0.9375,16,FALSE,FALSE,0.09375,0.1,-0.09375,0,0,TRUE,TRUE,FALSE,FALSE,FALSE
2,22,"UK Health","ukhealth.t1option","2:2213","2:2213::ukhealth.t1option","triple","2213",0.5,0.833333333333333,1,0.772727272727273,0.807692307692308,0.791666666666667,0.923076923076923,13,FALSE,FALSE,0.0160256410256411,0.0606060606060607,-0.0160256410256411,0.5,-0.5,0.5,0.863636363636364,1,0.772727272727273,0.833333333333333,0.791666666666667,0.916666666666667,12,FALSE,FALSE,0.0416666666666667,0.0909090909090909,-0.0416666666666667,0.5,-0.5,TRUE,TRUE,FALSE,TRUE,FALSE
2,22,"UK Health","ukhealth.t1option","2:2214","2:2214::ukhealth.t1option","triple","2214",1,0.928571428571429,1,0.933333333333333,0.933333333333333,0.9375,0.9375,16,FALSE,FALSE,0.00416666666666665,0.00476190476190474,-0.00416666666666665,0,0,1,0.928571428571429,1,0.928571428571429,0.933333333333333,0.933333333333333,0.933333333333333,15,FALSE,TRUE,0,0,0,0,0,TRUE,TRUE,FALSE,FALSE,FALSE
2,22,"UK Health","ukhealth.t1hlthfu","2:2201","2:2201::ukhealth.t1hlthfu","triple","2201",0.25,0.331818181818182,0.2,0.398484848484848,0.325,0.381944444444444,0.923076923076923,13,FALSE,FALSE,-0.0569444444444444,-0.0666666666666666,0.0569444444444444,-0.05,0.05,0.25,0.345,0.2,0.438333333333333,0.336363636363636,0.416666666666667,0.909090909090909,11,FALSE,FALSE,-0.0803030303030303,-0.0933333333333333,0.0803030303030303,-0.05,0.05,FALSE,FALSE,TRUE,FALSE,TRUE
2,22,"UK Health","ukhealth.t1hlthfu","2:2204","2:2204::ukhealth.t1hlthfu","triple","2204",0.375,0.45,0.3,0.502777777777778,0.439285714285714,0.473809523809524,0.857142857142857,14,FALSE,FALSE,-0.0345238095238095,-0.0527777777777778,0.0345238095238095,-0.075,0.075,0.375,0.45,0.3,0.502777777777778,0.439285714285714,0.473809523809524,0.857142857142857,14,FALSE,FALSE,-0.0345238095238095,-0.0527777777777778,0.0345238095238095,-0.075,0.075,FALSE,FALSE,TRUE,FALSE,TRUE
2,22,"UK Health","ukhealth.t1hlthfu","2:2205","2:2205::ukhealth.t1hlthfu","triple","2205",0.1,0.315384615384615,0.25,0.445454545454545,0.3,0.429166666666667,0.928571428571429,14,FALSE,FALSE,-0.129166666666667,-0.13006993006993,0.129166666666667,0.15,-0.15,0.1,0.35,0.25,0.445454545454545,0.329166666666667,0.429166666666667,0.916666666666667,12,FALSE,FALSE,-0.1,-0.0954545454545455,0.1,0.15,-0.15,FALSE,FALSE,TRUE,TRUE,FALSE
2,22,"UK Health","ukhealth.t1hlthfu","2:2206","2:2206::ukhealth.t1hlthfu","triple","2206",0.15,0.281089743589744,0.2,0.354807692307692,0.263611111111111,0.334166666666667,0.866666666666667,15,FALSE,FALSE,-0.0705555555555555,-0.0737179487179487,0.0705555555555555,0.05,-0.05,0.15,0.281089743589744,0.2,0.354807692307692,0.263611111111111,0.334166666666667,0.866666666666667,15,FALSE,FALSE,-0.0705555555555555,-0.0737179487179487,0.0705555555555555,0.05,-0.05,FALSE,FALSE,TRUE,TRUE,FALSE
2,22,"UK Health","ukhealth.t1hlthfu","2:2207","2:2207::ukhealth.t1hlthfu","triple","2207",0.65,0.25,0.65,0.285,0.286363636363636,0.318181818181818,0.909090909090909,11,FALSE,FALSE,0.0318181818181818,0.035,-0.0318181818181818,0,0,0.65,0.25,0.65,0.285,0.286363636363636,0.318181818181818,0.909090909090909,11,FALSE,FALSE,0.0318181818181818,0.035,-0.0318181818181818,0,0,TRUE,TRUE,FALSE,FALSE,FALSE
2,22,"UK Health","ukhealth.t1hlthfu","2:2208","2:2208::ukhealth.t1hlthfu","triple","2208",0.583333333333333,0.469230769230769,0.5,0.372916666666667,0.490625,0.398333333333333,0.8125,16,FALSE,FALSE,-0.0922916666666667,-0.0963141025641026,0.0922916666666667,0.0833333333333333,-0.0833333333333333,0.583333333333333,0.475,0.5,0.372916666666667,0.496666666666667,0.398333333333333,0.8,15,FALSE,FALSE,-0.0983333333333333,-0.102083333333333,0.0983333333333333,0.0833333333333333,-0.0833333333333333,FALSE,FALSE,TRUE,TRUE,FALSE
2,22,"UK Health","ukhealth.t1hlthfu","2:2209","2:2209::ukhealth.t1hlthfu","triple","2209",0.52,0.383333333333333,0.27,0.255555555555556,0.432142857142857,0.260714285714286,0.642857142857143,14,FALSE,FALSE,-0.171428571428571,-0.127777777777778,0.171428571428571,0.25,-0.25,0.52,0.383333333333333,0.27,0.255555555555556,0.432142857142857,0.260714285714286,0.642857142857143,14,FALSE,FALSE,-0.171428571428571,-0.127777777777778,0.171428571428571,0.25,-0.25,FALSE,FALSE,TRUE,TRUE,FALSE
2,22,"UK Health","ukhealth.t1hlthfu","2:2210","2:2210::ukhealth.t1hlthfu","triple","2210",0.533333333333333,0.144444444444444,0.4,0.283333333333333,0.241666666666667,0.3125,0.75,12,FALSE,FALSE,0.0708333333333333,0.138888888888889,-0.0708333333333333,0.133333333333333,-0.133333333333333,0.533333333333333,0.144444444444444,0.4,0.283333333333333,0.241666666666667,0.3125,0.75,12,FALSE,FALSE,0.0708333333333333,0.138888888888889,-0.0708333333333333,0.133333333333333,-0.133333333333333,TRUE,TRUE,FALSE,TRUE,FALSE
2,22,"UK Health","ukhealth.t1hlthfu","2:2211","2:2211::ukhealth.t1hlthfu","triple","2211",0.2375,0.361111111111111,0.1625,0.22375,0.323076923076923,0.20625,0.714285714285714,14,FALSE,FALSE,0.116826923076923,0.137361111111111,-0.116826923076923,-0.075,0.075,0.2375,0.361111111111111,0.1625,0.2,0.323076923076923,0.188461538461538,0.692307692307692,13,FALSE,FALSE,0.134615384615385,0.161111111111111,-0.134615384615385,-0.075,0.075,TRUE,TRUE,FALSE,FALSE,TRUE
2,22,"UK Health","ukhealth.t1hlthfu","2:2212","2:2212::ukhealth.t1hlthfu","triple","2212",0.25,0.401041666666667,0,0.38828125,0.392156862745098,0.365441176470588,0.941176470588235,17,FALSE,FALSE,0.0267156862745099,0.0127604166666667,-0.0267156862745099,-0.25,0.25,0.25,0.401041666666667,0,0.38828125,0.392156862745098,0.365441176470588,0.941176470588235,17,FALSE,FALSE,0.0267156862745099,0.0127604166666667,-0.0267156862745099,-0.25,0.25,TRUE,TRUE,FALSE,FALSE,TRUE
2,22,"UK Health","ukhealth.t1hlthfu","2:2213","2:2213::ukhealth.t1hlthfu","triple","2213",0.25,0.240909090909091,0.35,0.448958333333333,0.241666666666667,0.441346153846154,0.923076923076923,13,FALSE,FALSE,0.199679487179487,0.208049242424242,-0.199679487179487,-0.1,0.1,0.25,0.240909090909091,0.35,0.457954545454545,0.241666666666667,0.448958333333333,0.916666666666667,12,FALSE,FALSE,0.207291666666667,0.217045454545455,-0.207291666666667,-0.1,0.1,TRUE,TRUE,FALSE,FALSE,TRUE
2,22,"UK Health","ukhealth.t1hlthfu","2:2214","2:2214::ukhealth.t1hlthfu","triple","2214",0.3,0.354166666666667,0,0.386666666666667,0.35078125,0.3625,0.9375,16,FALSE,FALSE,-0.01171875,-0.0325,0.01171875,-0.3,0.3,0.3,0.354166666666667,0,0.386666666666667,0.35078125,0.3625,0.9375,16,FALSE,FALSE,-0.01171875,-0.0325,0.01171875,-0.3,0.3,FALSE,FALSE,TRUE,FALSE,TRUE
2,22,"UK Health","ukhealth.t1ctexpt","2:2201","2:2201::ukhealth.t1ctexpt","triple","2201",0.5625,0.668402777777778,0.5,0.5625,0.66025641025641,0.557291666666667,0.923076923076923,13,FALSE,FALSE,0.102964743589744,0.105902777777778,-0.102964743589744,-0.0625,0.0625,0.5625,0.65530303030303,0.5,0.5625,0.647569444444444,0.557291666666667,0.916666666666667,12,FALSE,FALSE,0.0902777777777778,0.0928030303030303,-0.0902777777777778,-0.0625,0.0625,TRUE,TRUE,FALSE,FALSE,TRUE
2,22,"UK Health","ukhealth.t1ctexpt","2:2204","2:2204::ukhealth.t1ctexpt","triple","2204",0.802083333333333,0.65625,0.65625,0.564236111111111,0.677083333333333,0.577380952380952,0.857142857142857,14,FALSE,FALSE,-0.0997023809523809,-0.0920138888888888,0.0997023809523809,0.145833333333333,-0.145833333333333,0.802083333333333,0.65625,0.65625,0.564236111111111,0.677083333333333,0.577380952380952,0.857142857142857,14,FALSE,FALSE,-0.0997023809523809,-0.0920138888888888,0.0997023809523809,0.145833333333333,-0.145833333333333,FALSE,FALSE,TRUE,TRUE,FALSE
2,22,"UK Health","ukhealth.t1ctexpt","2:2205","2:2205::ukhealth.t1ctexpt","triple","2205",0.75,0.647435897435897,0.6875,0.647435897435897,0.654761904761905,0.650297619047619,0.928571428571429,14,FALSE,FALSE,-0.0044642857142857,0,0.0044642857142857,0.0625,-0.0625,0.75,0.647435897435897,0.6875,0.647435897435897,0.654761904761905,0.650297619047619,0.928571428571429,14,FALSE,FALSE,-0.0044642857142857,0,0.0044642857142857,0.0625,-0.0625,FALSE,FALSE,TRUE,TRUE,FALSE
2,22,"UK Health","ukhealth.t1ctexpt","2:2206","2:2206::ukhealth.t1ctexpt","triple","2206",0.75,0.629807692307692,0.75,0.63301282051282,0.645833333333333,0.648611111111111,0.866666666666667,15,FALSE,FALSE,0.00277777777777777,0.00320512820512819,-0.00277777777777777,0,0,0.75,0.629807692307692,0.75,0.63301282051282,0.645833333333333,0.648611111111111,0.866666666666667,15,FALSE,FALSE,0.00277777777777777,0.00320512820512819,-0.00277777777777777,0,0,TRUE,TRUE,FALSE,FALSE,FALSE
2,22,"UK Health","ukhealth.t1ctexpt","2:2207","2:2207::ukhealth.t1ctexpt","triple","2207",0.625,0.71875,0.625,0.701388888888889,0.710227272727273,0.69375,0.909090909090909,11,FALSE,FALSE,0.0164772727272727,0.0173611111111112,-0.0164772727272727,0,0,0.625,0.701388888888889,0.625,0.701388888888889,0.69375,0.69375,0.9,10,FALSE,TRUE,0,0,0,0,0,TRUE,TRUE,FALSE,FALSE,FALSE
2,22,"UK Health","ukhealth.t1ctexpt","2:2208","2:2208::ukhealth.t1ctexpt","triple","2208",0.458333333333333,0.697115384615385,0.541666666666667,0.651041666666667,0.65234375,0.629166666666667,0.8125,16,FALSE,FALSE,0.0231770833333333,0.046073717948718,-0.0231770833333333,0.0833333333333333,-0.0833333333333333,0.458333333333333,0.71875,0.541666666666667,0.651041666666667,0.666666666666667,0.629166666666667,0.8,15,FALSE,FALSE,0.0375,0.0677083333333334,-0.0375,0.0833333333333333,-0.0833333333333333,TRUE,TRUE,FALSE,TRUE,FALSE
2,22,"UK Health","ukhealth.t1ctexpt","2:2209","2:2209::ukhealth.t1ctexpt","triple","2209",0.641666666666667,0.703125,0.725,0.673611111111111,0.67948717948718,0.691964285714286,0.642857142857143,14,FALSE,FALSE,-0.0124771062271062,0.0295138888888888,0.0124771062271062,0.0833333333333334,-0.0833333333333334,0.641666666666667,0.703125,0.725,0.6953125,0.67948717948718,0.706730769230769,0.615384615384615,13,FALSE,FALSE,-0.0272435897435898,0.0078125,0.0272435897435898,0.0833333333333334,-0.0833333333333334,FALSE,TRUE,TRUE,TRUE,FALSE
2,22,"UK Health","ukhealth.t1ctexpt","2:2210","2:2210::ukhealth.t1ctexpt","triple","2210",0.729166666666667,0.819444444444444,0.770833333333333,0.673611111111111,0.796875,0.697916666666667,0.75,12,FALSE,FALSE,0.0989583333333334,0.145833333333333,-0.0989583333333334,0.0416666666666667,-0.0416666666666667,0.729166666666667,0.819444444444444,0.770833333333333,0.673611111111111,0.796875,0.697916666666667,0.75,12,FALSE,FALSE,0.0989583333333334,0.145833333333333,-0.0989583333333334,0.0416666666666667,-0.0416666666666667,TRUE,TRUE,FALSE,TRUE,FALSE
2,22,"UK Health","ukhealth.t1ctexpt","2:2211","2:2211::ukhealth.t1ctexpt","triple","2211",0.859375,0.725,0.75,0.63125,0.763392857142857,0.665178571428571,0.714285714285714,14,FALSE,FALSE,-0.0982142857142857,-0.09375,0.0982142857142857,0.109375,-0.109375,0.859375,0.725,0.75,0.63125,0.763392857142857,0.665178571428571,0.714285714285714,14,FALSE,FALSE,-0.0982142857142857,-0.09375,0.0982142857142857,0.109375,-0.109375,FALSE,FALSE,TRUE,TRUE,FALSE
2,22,"UK Health","ukhealth.t1ctexpt","2:2212","2:2212::ukhealth.t1ctexpt","triple","2212",0.583333333333333,0.6375,0.25,0.591666666666667,0.634114583333333,0.5703125,0.941176470588235,17,FALSE,FALSE,0.0638020833333333,0.0458333333333333,-0.0638020833333333,-0.333333333333333,0.333333333333333,0.583333333333333,0.642857142857143,0.25,0.598214285714286,0.638888888888889,0.575,0.933333333333333,15,FALSE,FALSE,0.0638888888888889,0.0446428571428572,-0.0638888888888889,-0.333333333333333,0.333333333333333,TRUE,TRUE,FALSE,FALSE,TRUE
2,22,"UK Health","ukhealth.t1ctexpt","2:2213","2:2213::ukhealth.t1ctexpt","triple","2213",0.8125,0.597222222222222,0.9375,0.619318181818182,0.613782051282051,0.645833333333333,0.923076923076923,13,FALSE,FALSE,0.032051282051282,0.0220959595959597,-0.032051282051282,-0.125,0.125,0.8125,0.590909090909091,0.9375,0.619318181818182,0.609375,0.645833333333333,0.916666666666667,12,FALSE,FALSE,0.0364583333333334,0.0284090909090909,-0.0364583333333334,-0.125,0.125,TRUE,TRUE,FALSE,FALSE,TRUE
2,22,"UK Health","ukhealth.t1ctexpt","2:2214","2:2214::ukhealth.t1ctexpt","triple","2214",0.9375,0.654166666666667,0.875,0.536111111111111,0.671875,0.557291666666667,0.9375,16,FALSE,FALSE,-0.114583333333333,-0.118055555555556,0.114583333333333,0.0625,-0.0625,0.9375,0.654166666666667,0.875,0.536111111111111,0.671875,0.557291666666667,0.9375,16,FALSE,FALSE,-0.114583333333333,-0.118055555555556,0.114583333333333,0.0625,-0.0625,FALSE,FALSE,TRUE,TRUE,FALSE
2,22,"UK Health","ukhealth.t1pritre","2:2201","2:2201::ukhealth.t1pritre","triple","2201",0.666666666666667,0.583333333333333,0.5,0.435606060606061,0.590277777777778,0.440972222222222,0.923076923076923,13,FALSE,FALSE,-0.149305555555556,-0.147727272727273,0.149305555555556,0.166666666666667,-0.166666666666667,0.666666666666667,0.608333333333333,0.5,0.4375,0.613636363636364,0.443181818181818,0.909090909090909,11,FALSE,FALSE,-0.170454545454546,-0.170833333333333,0.170454545454546,0.166666666666667,-0.166666666666667,FALSE,FALSE,TRUE,TRUE,FALSE
2,22,"UK Health","ukhealth.t1pritre","2:2204","2:2204::ukhealth.t1pritre","triple","2204",0.541666666666667,0.576388888888889,0.416666666666667,0.458333333333333,0.571428571428571,0.452380952380952,0.857142857142857,14,FALSE,FALSE,0.119047619047619,0.118055555555556,-0.119047619047619,-0.125,0.125,0.541666666666667,0.576388888888889,0.416666666666667,0.458333333333333,0.571428571428571,0.452380952380952,0.857142857142857,14,FALSE,FALSE,0.119047619047619,0.118055555555556,-0.119047619047619,-0.125,0.125,TRUE,TRUE,FALSE,FALSE,TRUE
2,22,"UK Health","ukhealth.t1pritre","2:2205","2:2205::ukhealth.t1pritre","triple","2205",0.416666666666667,0.557692307692308,0.166666666666667,0.408333333333333,0.547619047619048,0.386363636363636,0.928571428571429,14,FALSE,FALSE,0.161255411255411,0.149358974358974,-0.161255411255411,-0.25,0.25,0.416666666666667,0.558333333333333,0.166666666666667,0.408333333333333,0.545454545454545,0.386363636363636,0.909090909090909,11,FALSE,FALSE,0.159090909090909,0.15,-0.159090909090909,-0.25,0.25,TRUE,TRUE,FALSE,FALSE,TRUE
2,22,"UK Health","ukhealth.t1pritre","2:2206","2:2206::ukhealth.t1pritre","triple","2206",0.625,0.555555555555556,0.458333333333333,0.419871794871795,0.565476190476191,0.425,0.866666666666667,15,FALSE,FALSE,-0.140476190476191,-0.135683760683761,0.140476190476191,0.166666666666667,-0.166666666666667,0.625,0.555555555555556,0.458333333333333,0.399305555555556,0.565476190476191,0.407738095238095,0.857142857142857,14,FALSE,FALSE,-0.157738095238095,-0.15625,0.157738095238095,0.166666666666667,-0.166666666666667,FALSE,FALSE,TRUE,TRUE,FALSE
2,22,"UK Health","ukhealth.t1pritre","2:2207","2:2207::ukhealth.t1pritre","triple","2207",0.416666666666667,0.575,0.416666666666667,0.694444444444444,0.56060606060606,0.666666666666667,0.909090909090909,11,FALSE,FALSE,-0.106060606060606,-0.119444444444445,0.106060606060606,0,0,0.416666666666667,0.601851851851852,0.416666666666667,0.694444444444444,0.583333333333333,0.666666666666667,0.9,10,FALSE,FALSE,-0.0833333333333334,-0.0925925925925928,0.0833333333333334,0,0,FALSE,FALSE,TRUE,FALSE,FALSE
2,22,"UK Health","ukhealth.t1pritre","2:2208","2:2208::ukhealth.t1pritre","triple","2208",0.472222222222222,0.532051282051282,0.444444444444444,0.5625,0.520833333333333,0.538888888888889,0.8125,16,FALSE,FALSE,-0.0180555555555555,-0.0304487179487178,0.0180555555555555,-0.0277777777777777,0.0277777777777777,0.472222222222222,0.520833333333333,0.444444444444444,0.5625,0.511111111111111,0.538888888888889,0.8,15,FALSE,FALSE,-0.0277777777777777,-0.0416666666666666,0.0277777777777777,-0.0277777777777777,0.0277777777777777,FALSE,FALSE,TRUE,FALSE,TRUE
2,22,"UK Health","ukhealth.t1pritre","2:2209","2:2209::ukhealth.t1pritre","triple","2209",0.516666666666667,0.5,0.616666666666667,0.541666666666667,0.505952380952381,0.570512820512821,0.642857142857143,14,FALSE,FALSE,0.0645604395604396,0.0416666666666667,-0.0645604395604396,-0.1,0.1,0.516666666666667,0.510416666666667,0.616666666666667,0.541666666666667,0.512820512820513,0.570512820512821,0.615384615384615,13,FALSE,FALSE,0.0576923076923077,0.0312500000000001,-0.0576923076923077,-0.1,0.1,TRUE,TRUE,FALSE,FALSE,TRUE
2,22,"UK Health","ukhealth.t1pritre","2:2210","2:2210::ukhealth.t1pritre","triple","2210",0.277777777777778,0.675925925925926,0.291666666666667,0.555555555555556,0.576388888888889,0.489583333333333,0.75,12,FALSE,FALSE,0.0868055555555554,0.12037037037037,-0.0868055555555554,0.013888888888889,-0.013888888888889,0.277777777777778,0.675925925925926,0.291666666666667,0.555555555555556,0.576388888888889,0.489583333333333,0.75,12,FALSE,FALSE,0.0868055555555554,0.12037037037037,-0.0868055555555554,0.013888888888889,-0.013888888888889,TRUE,TRUE,FALSE,TRUE,FALSE
2,22,"UK Health","ukhealth.t1pritre","2:2211","2:2211::ukhealth.t1pritre","triple","2211",0.625,0.555555555555556,0.5625,0.541666666666667,0.576923076923077,0.547619047619048,0.714285714285714,14,FALSE,FALSE,-0.0293040293040293,-0.013888888888889,0.0293040293040293,0.0624999999999998,-0.0624999999999998,0.625,0.555555555555556,0.5625,0.546296296296296,0.576923076923077,0.551282051282051,0.692307692307692,13,FALSE,FALSE,-0.0256410256410257,-0.0092592592592593,0.0256410256410257,0.0624999999999998,-0.0624999999999998,FALSE,FALSE,TRUE,TRUE,FALSE
2,22,"UK Health","ukhealth.t1pritre","2:2212","2:2212::ukhealth.t1pritre","triple","2212",0.333333333333333,0.522222222222222,NA,0.40625,0.510416666666667,0.40625,0.941176470588235,17,FALSE,FALSE,0.104166666666666,0.115972222222222,-0.104166666666666,NA,NA,NA,NA,NA,NA,NA,NA,NA,NA,NA,NA,NA,NA,NA,NA,NA,TRUE,TRUE,FALSE,NA,NA
2,22,"UK Health","ukhealth.t1pritre","2:2213","2:2213::ukhealth.t1pritre","triple","2213",0.333333333333333,0.606060606060606,0.333333333333333,0.520833333333333,0.583333333333333,0.506410256410256,0.923076923076923,13,FALSE,FALSE,0.0769230769230769,0.0852272727272726,-0.0769230769230769,0,0,0.333333333333333,0.606060606060606,0.333333333333333,0.507575757575758,0.583333333333333,0.493055555555555,0.916666666666667,12,FALSE,FALSE,0.0902777777777778,0.0984848484848484,-0.0902777777777778,0,0,TRUE,TRUE,FALSE,FALSE,FALSE
2,22,"UK Health","ukhealth.t1pritre","2:2214","2:2214::ukhealth.t1pritre","triple","2214",0.666666666666667,0.472222222222222,0.916666666666667,0.392857142857143,0.484375,0.427777777777778,0.9375,16,FALSE,FALSE,-0.0565972222222223,-0.0793650793650795,0.0565972222222223,-0.25,0.25,0.666666666666667,0.446428571428572,0.916666666666667,0.392857142857143,0.461111111111111,0.427777777777778,0.933333333333333,15,FALSE,FALSE,-0.0333333333333334,-0.0535714285714287,0.0333333333333334,-0.25,0.25,FALSE,FALSE,TRUE,FALSE,TRUE
2,22,"UK Health","ukhealth.t1severi","2:2201","2:2201::ukhealth.t1severi","triple","2201",0.25,0.329545454545455,0.333333333333333,0.621212121212121,0.322916666666667,0.597222222222222,0.923076923076923,13,FALSE,FALSE,-0.274305555555556,-0.291666666666667,0.274305555555556,0.083333333333333,-0.083333333333333,0.25,0.3125,0.333333333333333,0.633333333333334,0.306818181818182,0.606060606060606,0.909090909090909,11,FALSE,FALSE,-0.299242424242424,-0.320833333333334,0.299242424242424,0.083333333333333,-0.083333333333333,FALSE,FALSE,TRUE,TRUE,FALSE
2,22,"UK Health","ukhealth.t1severi","2:2204","2:2204::ukhealth.t1severi","triple","2204",0.4375,0.475,0.583333333333333,0.625,0.46875,0.616666666666667,0.857142857142857,14,FALSE,FALSE,-0.147916666666667,-0.15,0.147916666666667,0.145833333333333,-0.145833333333333,0.4375,0.5,0.583333333333333,0.595238095238095,0.486111111111111,0.592592592592593,0.777777777777778,9,FALSE,FALSE,-0.106481481481482,-0.0952380952380955,0.106481481481482,0.145833333333333,-0.145833333333333,FALSE,FALSE,TRUE,TRUE,FALSE
2,22,"UK Health","ukhealth.t1severi","2:2205","2:2205::ukhealth.t1severi","triple","2205",0.5,0.458333333333333,0.666666666666667,0.606060606060606,0.461538461538462,0.611111111111111,0.928571428571429,14,FALSE,FALSE,0.14957264957265,0.147727272727273,-0.14957264957265,-0.166666666666667,0.166666666666667,0.5,0.454545454545455,0.666666666666667,0.606060606060606,0.458333333333333,0.611111111111111,0.916666666666667,12,FALSE,FALSE,0.152777777777778,0.151515151515152,-0.152777777777778,-0.166666666666667,0.166666666666667,TRUE,TRUE,FALSE,FALSE,TRUE
2,22,"UK Health","ukhealth.t1severi","2:2206","2:2206::ukhealth.t1severi","triple","2206",0.5,0.4375,0.333333333333333,0.606060606060606,0.446428571428571,0.564102564102564,0.866666666666667,15,FALSE,FALSE,0.117673992673993,0.168560606060606,-0.117673992673993,0.166666666666667,-0.166666666666667,0.5,0.454545454545455,0.333333333333333,0.606060606060606,0.461538461538462,0.564102564102564,0.846153846153846,13,FALSE,FALSE,0.102564102564103,0.151515151515152,-0.102564102564103,0.166666666666667,-0.166666666666667,TRUE,TRUE,FALSE,TRUE,FALSE
2,22,"UK Health","ukhealth.t1severi","2:2207","2:2207::ukhealth.t1severi","triple","2207",0.25,0.4375,0.166666666666667,0.537037037037037,0.420454545454545,0.5,0.909090909090909,11,FALSE,FALSE,-0.0795454545454548,-0.0995370370370372,0.0795454545454548,-0.083333333333333,0.083333333333333,0.25,0.430555555555556,0.166666666666667,0.537037037037037,0.4125,0.5,0.9,10,FALSE,FALSE,-0.0875000000000002,-0.106481481481482,0.0875000000000002,-0.083333333333333,0.083333333333333,FALSE,FALSE,TRUE,FALSE,TRUE
2,22,"UK Health","ukhealth.t1severi","2:2208","2:2208::ukhealth.t1severi","triple","2208",0.375,0.5,0.5,0.541666666666667,0.471153846153846,0.533333333333333,0.8125,16,FALSE,FALSE,-0.0621794871794873,-0.0416666666666669,0.0621794871794873,0.125,-0.125,0.375,0.5,0.5,0.518518518518519,0.46875,0.513888888888889,0.75,12,FALSE,FALSE,-0.045138888888889,-0.0185185185185186,0.045138888888889,0.125,-0.125,FALSE,FALSE,TRUE,TRUE,FALSE
2,22,"UK Health","ukhealth.t1severi","2:2209","2:2209::ukhealth.t1severi","triple","2209",0.375,0.347222222222222,0.266666666666667,0.333333333333333,0.357142857142857,0.307692307692308,0.642857142857143,14,FALSE,FALSE,-0.0494505494505495,-0.0138888888888888,0.0494505494505495,0.108333333333333,-0.108333333333333,0.375,0.390625,0.266666666666667,0.333333333333333,0.384615384615385,0.307692307692308,0.615384615384615,13,FALSE,FALSE,0.076923076923077,0.0572916666666666,-0.076923076923077,-0.108333333333333,0.108333333333333,FALSE,FALSE,TRUE,TRUE,FALSE
2,22,"UK Health","ukhealth.t1severi","2:2210","2:2210::ukhealth.t1severi","triple","2210",0.333333333333333,0.479166666666667,0.277777777777778,0.666666666666667,0.430555555555556,0.55,0.75,12,FALSE,FALSE,-0.119444444444444,-0.1875,0.119444444444444,-0.0555555555555553,0.0555555555555553,0.333333333333333,0.53125,0.277777777777778,0.666666666666667,0.446428571428571,0.5,0.571428571428571,7,FALSE,FALSE,-0.0535714285714287,-0.135416666666667,0.0535714285714287,-0.0555555555555553,0.0555555555555553,FALSE,FALSE,TRUE,FALSE,TRUE
2,22,"UK Health","ukhealth.t1severi","2:2211","2:2211::ukhealth.t1severi","triple","2211",0.46875,0.4125,0,0.35,0.428571428571429,0.269230769230769,0.714285714285714,14,FALSE,FALSE,-0.159340659340659,-0.0625,0.159340659340659,0.46875,-0.46875,0.416666666666667,0.4125,0,0.35,0.413461538461538,0.269230769230769,0.769230769230769,13,FALSE,FALSE,-0.144230769230769,-0.0625,0.144230769230769,0.416666666666667,-0.416666666666667,FALSE,FALSE,TRUE,TRUE,FALSE
2,22,"UK Health","ukhealth.t1severi","2:2212","2:2212::ukhealth.t1severi","triple","2212",0.25,0.390625,NA,0.388888888888889,0.382352941176471,0.388888888888889,0.941176470588235,17,FALSE,FALSE,-0.00653594771241839,0.00173611111111105,0.00653594771241839,NA,NA,NA,NA,NA,NA,NA,NA,NA,NA,NA,NA,NA,NA,NA,NA,NA,FALSE,TRUE,TRUE,NA,NA
2,22,"UK Health","ukhealth.t1severi","2:2213","2:2213::ukhealth.t1severi","triple","2213",0.5,0.522727272727273,0.333333333333333,0.642857142857143,0.520833333333333,0.604166666666667,0.923076923076923,13,FALSE,FALSE,-0.0833333333333334,-0.12012987012987,0.0833333333333334,-0.166666666666667,0.166666666666667,0.5,0.517857142857143,0.333333333333333,0.642857142857143,0.515625,0.604166666666667,0.875,8,FALSE,FALSE,-0.0885416666666667,-0.125,0.0885416666666667,-0.166666666666667,0.166666666666667,FALSE,FALSE,TRUE,FALSE,TRUE
2,22,"UK Health","ukhealth.t1severi","2:2214","2:2214::ukhealth.t1severi","triple","2214",0.125,0.365384615384615,0.166666666666667,0.522222222222222,0.348214285714286,0.5,0.9375,16,FALSE,FALSE,-0.151785714285714,-0.156837606837607,0.151785714285714,0.041666666666667,-0.041666666666667,0.125,0.365384615384615,0.166666666666667,0.5,0.348214285714286,0.476190476190476,0.928571428571429,14,FALSE,FALSE,-0.127976190476191,-0.134615384615385,0.127976190476191,0.041666666666667,-0.041666666666667,FALSE,FALSE,TRUE,TRUE,FALSE
2,22,"UK Health","ukhealth.t1preven","2:2201","2:2201::ukhealth.t1preven","triple","2201",0.75,0.625,0.75,0.545454545454545,0.634615384615385,0.5625,0.923076923076923,13,FALSE,FALSE,-0.0721153846153846,-0.0795454545454546,0.0721153846153846,0,0,0.75,0.659090909090909,0.75,0.545454545454545,0.666666666666667,0.5625,0.916666666666667,12,FALSE,FALSE,-0.104166666666667,-0.113636363636364,0.104166666666667,0,0,FALSE,FALSE,TRUE,FALSE,FALSE
2,22,"UK Health","ukhealth.t1preven","2:2204","2:2204::ukhealth.t1preven","triple","2204",0.75,0.659090909090909,0.75,0.541666666666667,0.673076923076923,0.571428571428571,0.857142857142857,14,FALSE,FALSE,-0.101648351648352,-0.117424242424242,0.101648351648352,0,0,0.75,0.659090909090909,0.75,0.568181818181818,0.673076923076923,0.596153846153846,0.846153846153846,13,FALSE,FALSE,-0.076923076923077,-0.0909090909090908,0.076923076923077,0,0,FALSE,FALSE,TRUE,FALSE,FALSE
2,22,"UK Health","ukhealth.t1preven","2:2205","2:2205::ukhealth.t1preven","triple","2205",0.5,0.659090909090909,0.5,0.625,0.645833333333333,0.615384615384615,0.928571428571429,14,FALSE,FALSE,0.030448717948718,0.0340909090909091,-0.030448717948718,0,0,0.5,0.659090909090909,0.5,0.636363636363636,0.645833333333333,0.625,0.916666666666667,12,FALSE,FALSE,0.0208333333333334,0.0227272727272727,-0.0208333333333334,0,0,TRUE,TRUE,FALSE,FALSE,FALSE
2,22,"UK Health","ukhealth.t1preven","2:2206","2:2206::ukhealth.t1preven","triple","2206",0.375,0.604166666666667,0.5,0.480769230769231,0.571428571428571,0.483333333333333,0.866666666666667,15,FALSE,FALSE,0.0880952380952381,0.123397435897436,-0.0880952380952381,0.125,-0.125,0.375,0.604166666666667,0.5,0.479166666666667,0.571428571428571,0.482142857142857,0.857142857142857,14,FALSE,FALSE,0.0892857142857142,0.125,-0.0892857142857142,0.125,-0.125,TRUE,TRUE,FALSE,TRUE,FALSE
2,22,"UK Health","ukhealth.t1preven","2:2207","2:2207::ukhealth.t1preven","triple","2207",0.25,0.575,0.25,0.5,0.545454545454545,0.472222222222222,0.909090909090909,11,FALSE,FALSE,0.0732323232323232,0.075,-0.0732323232323232,0,0,0.25,0.5625,0.25,0.5,0.527777777777778,0.472222222222222,0.888888888888889,9,FALSE,FALSE,0.0555555555555556,0.0625,-0.0555555555555556,0,0,TRUE,TRUE,FALSE,FALSE,FALSE
2,22,"UK Health","ukhealth.t1preven","2:2208","2:2208::ukhealth.t1preven","triple","2208",0.75,0.659090909090909,0.666666666666667,0.75,0.678571428571429,0.732142857142857,0.8125,16,FALSE,FALSE,0.0535714285714285,0.0909090909090909,-0.0535714285714285,0.0833333333333334,-0.0833333333333334,0.75,0.625,0.666666666666667,0.75,0.653846153846154,0.730769230769231,0.769230769230769,13,FALSE,FALSE,0.0769230769230769,0.125,-0.0769230769230769,0.0833333333333334,-0.0833333333333334,TRUE,TRUE,FALSE,TRUE,FALSE
2,22,"UK Health","ukhealth.t1preven","2:2209","2:2209::ukhealth.t1preven","triple","2209",0.5,0.638888888888889,0.3,0.638888888888889,0.589285714285714,0.517857142857143,0.642857142857143,14,FALSE,FALSE,0.0714285714285714,0,-0.0714285714285714,-0.2,0.2,0.5,0.638888888888889,0.3,0.638888888888889,0.589285714285714,0.517857142857143,0.642857142857143,14,FALSE,FALSE,0.0714285714285714,0,-0.0714285714285714,-0.2,0.2,TRUE,FALSE,FALSE,FALSE,TRUE
2,22,"UK Health","ukhealth.t1preven","2:2210","2:2210::ukhealth.t1preven","triple","2210",0.916666666666667,0.4375,0.583333333333333,0.46875,0.568181818181818,0.5,0.75,12,FALSE,FALSE,-0.0681818181818182,0.03125,0.0681818181818182,0.333333333333333,-0.333333333333333,0.916666666666667,0.464285714285714,0.583333333333333,0.464285714285714,0.6,0.5,0.7,10,FALSE,FALSE,-0.1,0,0.1,0.333333333333333,-0.333333333333333,FALSE,TRUE,TRUE,TRUE,FALSE
2,22,"UK Health","ukhealth.t1preven","2:2211","2:2211::ukhealth.t1preven","triple","2211",0.9375,0.5,0.25,0.3125,0.634615384615385,0.291666666666667,0.714285714285714,14,FALSE,FALSE,-0.342948717948718,-0.1875,0.342948717948718,0.6875,-0.6875,0.9375,0.53125,0.25,0.3125,0.666666666666667,0.291666666666667,0.666666666666667,12,FALSE,FALSE,-0.375,-0.21875,0.375,0.6875,-0.6875,FALSE,FALSE,TRUE,TRUE,FALSE
2,22,"UK Health","ukhealth.t1preven","2:2212","2:2212::ukhealth.t1preven","triple","2212",NA,0.692307692307692,0.75,0.766666666666667,0.692307692307692,0.765625,0.941176470588235,17,NA,FALSE,NA,NA,NA,NA,NA,NA,NA,NA,NA,NA,NA,NA,NA,NA,NA,NA,NA,NA,NA,NA,NA,NA,NA,NA,NA
2,22,"UK Health","ukhealth.t1preven","2:2213","2:2213::ukhealth.t1preven","triple","2213",0.5,0.625,0.75,0.775,0.615384615384615,0.772727272727273,0.923076923076923,13,FALSE,FALSE,-0.157342657342657,-0.15,0.157342657342657,0.25,-0.25,0.5,0.65,0.75,0.775,0.636363636363636,0.772727272727273,0.909090909090909,11,FALSE,FALSE,-0.136363636363636,-0.125,0.136363636363636,0.25,-0.25,FALSE,FALSE,TRUE,TRUE,FALSE
2,22,"UK Health","ukhealth.t1preven","2:2214","2:2214::ukhealth.t1preven","triple","2214",0.25,0.678571428571429,1,0.660714285714286,0.65,0.683333333333333,0.9375,16,FALSE,FALSE,-0.0333333333333333,0.0178571428571429,0.0333333333333333,0.75,-0.75,0.25,0.673076923076923,1,0.634615384615385,0.642857142857143,0.660714285714286,0.928571428571429,14,FALSE,FALSE,-0.0178571428571428,0.0384615384615385,0.0178571428571428,0.75,-0.75,FALSE,TRUE,TRUE,TRUE,FALSE
2,22,"UK Health","ukhealth.t1dispub","2:2201","2:2201::ukhealth.t1dispub","triple","2201",0.5,0.729166666666667,1,0.675,0.711538461538462,0.704545454545455,0.923076923076923,13,FALSE,FALSE,0.00699300699300698,0.0541666666666666,-0.00699300699300698,0.5,-0.5,0.5,0.75,1,0.675,0.727272727272727,0.704545454545455,0.909090909090909,11,FALSE,FALSE,0.0227272727272727,0.075,-0.0227272727272727,0.5,-0.5,TRUE,TRUE,FALSE,TRUE,FALSE
2,22,"UK Health","ukhealth.t1dispub","2:2204","2:2204::ukhealth.t1dispub","triple","2204",0.625,0.75,0.875,0.727272727272727,0.732142857142857,0.75,0.857142857142857,14,FALSE,FALSE,-0.0178571428571429,0.0227272727272727,0.0178571428571429,0.25,-0.25,0.625,0.727272727272727,0.875,0.727272727272727,0.711538461538462,0.75,0.846153846153846,13,FALSE,FALSE,-0.0384615384615384,0,0.0384615384615384,0.25,-0.25,FALSE,TRUE,TRUE,TRUE,FALSE
2,22,"UK Health","ukhealth.t1dispub","2:2205","2:2205::ukhealth.t1dispub","triple","2205",1,0.6875,1,0.611111111111111,0.711538461538462,0.65,0.928571428571429,14,FALSE,FALSE,-0.0615384615384615,-0.0763888888888888,0.0615384615384615,0,0,1,0.666666666666667,1,0.611111111111111,0.7,0.65,0.9,10,FALSE,FALSE,-0.0499999999999999,-0.0555555555555555,0.0499999999999999,0,0,FALSE,FALSE,TRUE,FALSE,FALSE
2,22,"UK Health","ukhealth.t1dispub","2:2206","2:2206::ukhealth.t1dispub","triple","2206",0.875,0.863636363636364,0.875,0.722222222222222,0.865384615384615,0.75,0.866666666666667,15,FALSE,FALSE,-0.115384615384615,-0.141414141414141,0.115384615384615,0,0,0.875,0.9375,0.875,0.71875,0.925,0.75,0.8,10,FALSE,FALSE,0.175,0.21875,-0.175,0,0,FALSE,FALSE,TRUE,FALSE,FALSE
2,22,"UK Health","ukhealth.t1dispub","2:2207","2:2207::ukhealth.t1dispub","triple","2207",1,0.775,1,0.722222222222222,0.795454545454545,0.75,0.909090909090909,11,FALSE,FALSE,-0.0454545454545454,-0.0527777777777778,0.0454545454545454,0,0,1,0.777777777777778,1,0.722222222222222,0.8,0.75,0.9,10,FALSE,FALSE,-0.05,-0.0555555555555556,0.05,0,0,FALSE,FALSE,TRUE,FALSE,FALSE
2,22,"UK Health","ukhealth.t1dispub","2:2208","2:2208::ukhealth.t1dispub","triple","2208",0.75,0.75,0.583333333333333,0.729166666666667,0.75,0.7,0.8125,16,TRUE,FALSE,NA,NA,NA,NA,NA,0.75,0.772727272727273,0.583333333333333,0.704545454545455,0.767857142857143,0.678571428571429,0.785714285714286,14,FALSE,FALSE,0.0892857142857143,0.0681818181818181,-0.0892857142857143,-0.166666666666667,0.166666666666667,NA,NA,NA,NA,NA
2,22,"UK Health","ukhealth.t1dispub","2:2209","2:2209::ukhealth.t1dispub","triple","2209",0.8,0.75,0.65,0.722222222222222,0.767857142857143,0.696428571428571,0.642857142857143,14,FALSE,FALSE,-0.0714285714285715,-0.0277777777777778,0.0714285714285715,0.15,-0.15,0.8,0.75,0.65,0.722222222222222,0.767857142857143,0.696428571428571,0.642857142857143,14,FALSE,FALSE,-0.0714285714285715,-0.0277777777777778,0.0714285714285715,0.15,-0.15,FALSE,FALSE,TRUE,TRUE,FALSE
2,22,"UK Health","ukhealth.t1dispub","2:2210","2:2210::ukhealth.t1dispub","triple","2210",0.916666666666667,0.833333333333333,0.833333333333333,0.638888888888889,0.854166666666667,0.6875,0.75,12,FALSE,FALSE,-0.166666666666667,-0.194444444444445,0.166666666666667,0.0833333333333333,-0.0833333333333333,0.916666666666667,0.833333333333333,0.833333333333333,0.638888888888889,0.854166666666667,0.6875,0.75,12,FALSE,FALSE,-0.166666666666667,-0.194444444444445,0.166666666666667,0.0833333333333333,-0.0833333333333333,FALSE,FALSE,TRUE,TRUE,FALSE
2,22,"UK Health","ukhealth.t1dispub","2:2211","2:2211::ukhealth.t1dispub","triple","2211",0.75,0.775,0.5625,0.7,0.767857142857143,0.660714285714286,0.714285714285714,14,FALSE,FALSE,0.107142857142857,0.0750000000000001,-0.107142857142857,-0.1875,0.1875,0.75,0.775,0.5625,0.7,0.767857142857143,0.660714285714286,0.714285714285714,14,FALSE,FALSE,0.107142857142857,0.0750000000000001,-0.107142857142857,-0.1875,0.1875,TRUE,TRUE,FALSE,FALSE,TRUE
2,22,"UK Health","ukhealth.t1dispub","2:2212","2:2212::ukhealth.t1dispub","triple","2212",0.5,0.678571428571429,0.5,0.546875,0.666666666666667,0.544117647058823,0.941176470588235,17,FALSE,FALSE,0.122549019607843,0.131696428571429,-0.122549019607843,0,0,0.5,0.678571428571429,0.5,0.553571428571429,0.666666666666667,0.55,0.933333333333333,15,FALSE,FALSE,0.116666666666667,0.125,-0.116666666666667,0,0,TRUE,TRUE,FALSE,FALSE,FALSE
2,22,"UK Health","ukhealth.t1dispub","2:2213","2:2213::ukhealth.t1dispub","triple","2213",1,0.727272727272727,0.75,0.678571428571429,0.75,0.6875,0.923076923076923,13,FALSE,FALSE,-0.0625,-0.0487012987012987,0.0625,0.25,-0.25,1,0.678571428571429,0.75,0.678571428571429,0.71875,0.6875,0.875,8,FALSE,FALSE,-0.03125,0,0.03125,0.25,-0.25,FALSE,FALSE,TRUE,TRUE,FALSE
2,22,"UK Health","ukhealth.t1dispub","2:2214","2:2214::ukhealth.t1dispub","triple","2214",1,0.857142857142857,0.5,0.795454545454545,0.866666666666667,0.770833333333333,0.9375,16,FALSE,FALSE,-0.0958333333333333,-0.0616883116883117,0.0958333333333333,0.5,-0.5,1,0.863636363636364,0.5,0.795454545454545,0.875,0.770833333333333,0.916666666666667,12,FALSE,FALSE,-0.104166666666667,-0.0681818181818182,0.104166666666667,0.5,-0.5,FALSE,FALSE,TRUE,TRUE,FALSE
4,25,"UK General Election","ukbge.t1redist","4:2501","4:2501::ukbge.t1redist","triple","2501",0.500000009934108,0.735833331942558,0.55333333214124,0.846666666368643,0.688666667540868,0.787999999523163,0.8,15,FALSE,FALSE,-0.0993333319822947,-0.110833334426085,0.0993333319822947,0.0533333222071327,-0.0533333222071327,0.500000009934108,0.735833331942558,0.55333333214124,0.846666666368643,0.688666667540868,0.787999999523163,0.8,15,FALSE,FALSE,-0.0993333319822947,-0.110833334426085,0.0993333319822947,0.0533333222071327,-0.0533333222071327,FALSE,FALSE,TRUE,TRUE,FALSE
4,25,"UK General Election","ukbge.t1redist","4:2502","4:2502::ukbge.t1redist","triple","2502",0.5,0.84222222202354,0.443333327770233,0.78722222480509,0.793333333163034,0.738095239514396,0.857142857142857,21,FALSE,FALSE,0.055238093648638,0.0549999972184498,-0.055238093648638,-0.056666672229767,0.056666672229767,0.5,0.84222222202354,0.443333327770233,0.78722222480509,0.793333333163034,0.738095239514396,0.857142857142857,21,FALSE,FALSE,0.055238093648638,0.0549999972184498,-0.055238093648638,-0.056666672229767,0.056666672229767,TRUE,TRUE,FALSE,FALSE,TRUE
4,25,"UK General Election","ukbge.t1redist","4:2503","4:2503::ukbge.t1redist","triple","2503",0.25,0.749285712838173,0.58500000834465,0.730000000733596,0.686874998733401,0.71066666841507,0.875,16,FALSE,FALSE,-0.0237916696816683,0.0192857121045773,0.0237916696816683,0.33500000834465,-0.33500000834465,0.25,0.768461536902648,0.58500000834465,0.730000000733596,0.699333331982295,0.71066666841507,0.866666666666667,15,FALSE,FALSE,-0.011333336432775,0.0384615361690521,0.011333336432775,0.33500000834465,-0.33500000834465,FALSE,TRUE,TRUE,TRUE,FALSE
4,25,"UK General Election","ukbge.t1redist","4:2504","4:2504::ukbge.t1redist","triple","2504",0.55333333214124,0.680909091776068,0.670000016689301,0.741111112965478,0.653571428997176,0.723333338896434,0.8,15,FALSE,FALSE,-0.0697619098992577,-0.0602020211894104,0.0697619098992577,0.116666684548061,-0.116666684548061,0.55333333214124,0.610000001059638,0.670000016689301,0.741111112965478,0.595833333830039,0.723333338896434,0.75,12,FALSE,FALSE,-0.127500005066395,-0.13111111190584,0.127500005066395,0.116666684548061,-0.116666684548061,FALSE,FALSE,TRUE,TRUE,FALSE
4,25,"UK General Election","ukbge.t1redist","4:2505","4:2505::ukbge.t1redist","triple","2505",0.500000014901162,0.812352937810561,0.58500000834465,0.764705887612175,0.779473682767466,0.745789479268225,0.894736842105263,19,FALSE,FALSE,0.0336842034992417,0.0476470501983866,-0.0336842034992417,0.084999993443489,-0.084999993443489,0.500000014901162,0.812352937810561,0.58500000834465,0.764705887612175,0.779473682767466,0.745789479268225,0.894736842105263,19,FALSE,FALSE,0.0336842034992417,0.0476470501983866,-0.0336842034992417,0.084999993443489,-0.084999993443489,TRUE,TRUE,FALSE,TRUE,FALSE
4,25,"UK General Election","ukbge.t1redist","4:2506","4:2506::ukbge.t1redist","triple","2506",0,0.857142857142857,0.5,0.844999998807907,0.8,0.82199999888738,0.933333333333333,15,FALSE,FALSE,-0.0219999988873799,0.01214285833495,0.0219999988873799,0.5,-0.5,0,0.857142857142857,0.5,0.844999998807907,0.8,0.82199999888738,0.933333333333333,15,FALSE,FALSE,-0.0219999988873799,0.01214285833495,0.0219999988873799,0.5,-0.5,FALSE,TRUE,TRUE,TRUE,FALSE
4,25,"UK General Election","ukbge.t1redist","4:2507","4:2507::ukbge.t1redist","triple","2507",0.670000016689301,0.556000003218651,0.670000016689301,0.72266667286555,0.563125004060567,0.719375006854534,0.9375,16,FALSE,FALSE,0.156250002793968,0.166666669646899,-0.156250002793968,0,0,0.670000016689301,0.556000003218651,0.670000016689301,0.72266667286555,0.563125004060567,0.719375006854534,0.9375,16,FALSE,FALSE,0.156250002793968,0.166666669646899,-0.156250002793968,0,0,TRUE,TRUE,FALSE,FALSE,FALSE
4,25,"UK General Election","ukbge.t1redist","4:2508","4:2508::ukbge.t1redist","triple","2508",0.500000014901162,0.603076924498265,0.66499999165535,0.628461542037817,0.589333336551984,0.633333335320155,0.866666666666667,15,FALSE,FALSE,-0.0439999987681707,-0.0253846175395526,0.0439999987681707,0.164999976754188,-0.164999976754188,0.500000014901162,0.603076924498265,0.66499999165535,0.628461542037817,0.589333336551984,0.633333335320155,0.866666666666667,15,FALSE,FALSE,-0.0439999987681707,-0.0253846175395526,0.0439999987681707,0.164999976754188,-0.164999976754188,FALSE,FALSE,TRUE,TRUE,FALSE
4,25,"UK General Election","ukbge.t1redist","4:2509","4:2509::ukbge.t1redist","triple","2509",0.600000005960465,0.73666667068998,0.568000003695488,0.818181818181818,0.696470592828358,0.74000000115484,0.705882352941177,17,FALSE,FALSE,-0.043529408326482,-0.081515147491838,0.043529408326482,-0.0320000022649767,0.0320000022649767,0.600000005960465,0.742727275599133,0.568000003695488,0.818181818181818,0.698125003837049,0.74000000115484,0.6875,16,FALSE,FALSE,-0.041874997317791,-0.0754545425826854,0.041874997317791,-0.0320000022649767,0.0320000022649767,FALSE,FALSE,TRUE,FALSE,TRUE
4,25,"UK General Election","ukbge.t1redist","4:2511","4:2511::ukbge.t1redist","triple","2511",1,0.633333335320155,0.670000016689301,0.730000003241003,0.656250001862645,0.726470592267373,0.941176470588235,17,FALSE,FALSE,0.070220590404728,0.0966666679208479,-0.070220590404728,0.329999983310699,-0.329999983310699,1,0.633333335320155,0.670000016689301,0.71200000345707,0.656250001862645,0.709375004284084,0.9375,16,FALSE,FALSE,0.0531250024214388,0.0786666681369147,-0.0531250024214388,0.329999983310699,-0.329999983310699,TRUE,TRUE,FALSE,TRUE,FALSE
4,25,"UK General Election","ukbge.t1redist","4:2512","4:2512::ukbge.t1redist","triple","2512",0.5,0.675294117015951,0.670000016689301,0.71647059128565,0.665555554959509,0.713888892696964,0.944444444444444,18,FALSE,FALSE,-0.0483333377374545,-0.0411764742696987,0.0483333377374545,0.170000016689301,-0.170000016689301,0.5,0.675294117015951,0.670000016689301,0.71647059128565,0.665555554959509,0.713888892696964,0.944444444444444,18,FALSE,FALSE,-0.0483333377374545,-0.0411764742696987,0.0483333377374545,0.170000016689301,-0.170000016689301,FALSE,FALSE,TRUE,TRUE,FALSE
4,25,"UK General Election","ukbge.t1redist","4:2513","4:2513::ukbge.t1redist","triple","2513",0.58500000834465,0.686875000596046,0.75,0.855333332220713,0.675555557012558,0.842941175488865,0.888888888888889,18,FALSE,FALSE,-0.167385618476307,-0.168458331624667,0.167385618476307,0.16499999165535,-0.16499999165535,0.58500000834465,0.710666666428248,0.75,0.855333332220713,0.695882353712531,0.842941175488865,0.88235294117647,17,FALSE,FALSE,-0.147058821776334,-0.144666665792465,0.147058821776334,0.16499999165535,-0.16499999165535,FALSE,FALSE,TRUE,TRUE,FALSE
4,25,"UK General Election","ukbge.t1redist","4:2514","4:2514::ukbge.t1redist","triple","2514",0.61333333949248,0.769999998621642,0.443333327770233,0.750625004060567,0.745263157706512,0.702105265698935,0.842105263157895,19,FALSE,FALSE,0.0431578920075767,0.0193749945610759,-0.0431578920075767,-0.170000011722247,0.170000011722247,0.61333333949248,0.769999998621642,0.443333327770233,0.750625004060567,0.745263157706512,0.702105265698935,0.842105263157895,19,FALSE,FALSE,0.0431578920075767,0.0193749945610759,-0.0431578920075767,-0.170000011722247,0.170000011722247,TRUE,TRUE,FALSE,FALSE,TRUE
4,25,"UK General Election","ukbge.t1redist","4:2515","4:2515::ukbge.t1redist","triple","2515",0.390000010530154,0.567000003159046,0.613333344459534,0.700000002980232,0.526153851013917,0.680000004860071,0.785714285714286,14,FALSE,FALSE,-0.153846153846154,-0.132999999821186,0.153846153846154,0.22333333392938,-0.22333333392938,0.390000010530154,0.567000003159046,0.613333344459534,0.700000002980232,0.526153851013917,0.680000004860071,0.769230769230769,13,FALSE,FALSE,-0.153846153846154,-0.132999999821186,0.153846153846154,0.22333333392938,-0.22333333392938,FALSE,FALSE,TRUE,TRUE,FALSE
4,25,"UK General Election","ukbge.t1tax","4:2501","4:2501::ukbge.t1tax","triple","2501",0.666666666666667,0.846666666368643,0.75,0.6875,0.810666666428248,0.7,0.8,15,FALSE,FALSE,0.110666666428248,0.159166666368643,-0.110666666428248,0.0833333333333334,-0.0833333333333334,0.666666666666667,0.846666666368643,0.75,0.6875,0.810666666428248,0.7,0.8,15,FALSE,FALSE,0.110666666428248,0.159166666368643,-0.110666666428248,0.0833333333333334,-0.0833333333333334,TRUE,TRUE,FALSE,TRUE,FALSE
4,25,"UK General Election","ukbge.t1tax","4:2502","4:2502::ukbge.t1tax","triple","2502",0.833333333333333,0.907222221295039,0.916666666666667,0.861111111111111,0.896666665871938,0.869047619047619,0.857142857142857,21,FALSE,FALSE,0.0276190468243189,0.0461111101839277,-0.0276190468243189,0.0833333333333333,-0.0833333333333333,0.833333333333333,0.907222221295039,0.916666666666667,0.861111111111111,0.896666665871938,0.869047619047619,0.857142857142857,21,FALSE,FALSE,0.0276190468243189,0.0461111101839277,-0.0276190468243189,0.0833333333333333,-0.0833333333333333,TRUE,TRUE,FALSE,TRUE,FALSE
4,25,"UK General Election","ukbge.t1tax","4:2503","4:2503::ukbge.t1tax","triple","2503",0.41499999165535,0.844999998807907,0.625,0.75,0.791249997913837,0.733333333333333,0.875,16,FALSE,FALSE,0.0579166645805042,0.0949999988079071,-0.0579166645805042,0.21000000834465,-0.21000000834465,0.41499999165535,0.871538460254669,0.625,0.75,0.810666664441427,0.733333333333333,0.866666666666667,15,FALSE,FALSE,0.0773333311080933,0.121538460254669,-0.0773333311080933,0.21000000834465,-0.21000000834465,TRUE,TRUE,FALSE,TRUE,FALSE
4,25,"UK General Election","ukbge.t1tax","4:2504","4:2504::ukbge.t1tax","triple","2504",0.780000011126201,0.833333333333333,0.833333333333333,0.659090909090909,0.822666668891907,0.696428571428571,0.8,15,FALSE,FALSE,0.126238097463335,0.174242424242424,-0.126238097463335,0.0533333222071327,-0.0533333222071327,0.780000011126201,0.818181818181818,0.833333333333333,0.659090909090909,0.810000002384186,0.696428571428571,0.785714285714286,14,FALSE,FALSE,0.113571430955615,0.159090909090909,-0.113571430955615,0.0533333222071327,-0.0533333222071327,TRUE,TRUE,FALSE,TRUE,FALSE
4,25,"UK General Election","ukbge.t1tax","4:2505","4:2505::ukbge.t1tax","triple","2505",0.75,0.861764700973735,0.625,0.71875,0.849999995608079,0.708333333333333,0.894736842105263,19,FALSE,FALSE,0.141666662274745,0.143014700973735,-0.141666662274745,-0.125,0.125,0.75,0.853124994784593,0.625,0.71875,0.84166666203075,0.708333333333333,0.888888888888889,18,FALSE,FALSE,0.133333328697416,0.134374994784593,-0.133333328697416,-0.125,0.125,TRUE,TRUE,FALSE,FALSE,TRUE
4,25,"UK General Election","ukbge.t1tax","4:2506","4:2506::ukbge.t1tax","triple","2506",0.330000013113022,0.78642857500485,0.5,0.75,0.756000004212062,0.729166666666667,0.933333333333333,15,FALSE,FALSE,0.0268333375453951,0.0364285750048502,-0.0268333375453951,0.169999986886978,-0.169999986886978,0.330000013113022,0.759090916676955,0.5,0.75,0.72333334137996,0.729166666666667,0.916666666666667,12,FALSE,FALSE,-0.0058333252867061,0.00909091667695494,0.0058333252867061,0.169999986886978,-0.169999986886978,TRUE,TRUE,FALSE,TRUE,FALSE
4,25,"UK General Election","ukbge.t1tax","4:2507","4:2507::ukbge.t1tax","triple","2507",1,0.832666663328806,0.75,0.7,0.843124996870756,0.703125,0.9375,16,FALSE,FALSE,-0.139999996870756,-0.132666663328807,0.139999996870756,0.25,-0.25,1,0.832666663328806,0.75,0.7,0.843124996870756,0.703125,0.9375,16,FALSE,FALSE,-0.139999996870756,-0.132666663328807,0.139999996870756,0.25,-0.25,FALSE,FALSE,TRUE,TRUE,FALSE
4,25,"UK General Election","ukbge.t1tax","4:2508","4:2508::ukbge.t1tax","triple","2508",0.829999983310699,0.782307692445241,0.875,0.666666666666667,0.788666664560636,0.696428571428571,0.866666666666667,15,FALSE,FALSE,-0.0922380931320644,-0.115641025778575,0.0922380931320644,-0.045000016689301,0.045000016689301,0.829999983310699,0.833333333333333,0.875,0.666666666666667,0.832857140472957,0.696428571428571,0.857142857142857,14,FALSE,FALSE,0.136428569044386,0.166666666666667,-0.136428569044386,0.045000016689301,-0.045000016689301,FALSE,FALSE,TRUE,FALSE,TRUE
4,25,"UK General Election","ukbge.t1tax","4:2509","4:2509::ukbge.t1tax","triple","2509",0.8,0.750833336263895,0.55,0.5,0.765294119715691,0.515625,0.705882352941177,17,FALSE,FALSE,-0.249669119715691,-0.250833336263895,0.249669119715691,0.25,-0.25,0.8,0.803636366670782,0.55,0.5,0.802500002086163,0.515625,0.6875,16,FALSE,FALSE,0.286875002086163,0.303636366670782,-0.286875002086163,-0.25,0.25,FALSE,FALSE,TRUE,TRUE,FALSE
4,25,"UK General Election","ukbge.t1tax","4:2511","4:2511::ukbge.t1tax","triple","2511",1,0.739374998025596,0.75,0.683333333333333,0.754705880494679,0.6875,0.941176470588235,17,FALSE,FALSE,-0.0672058804946787,-0.0560416646922627,0.0672058804946787,0.25,-0.25,1,0.721999997893969,0.75,0.683333333333333,0.739374998025596,0.6875,0.9375,16,FALSE,FALSE,-0.051874998025596,-0.0386666645606358,0.051874998025596,0.25,-0.25,FALSE,FALSE,TRUE,TRUE,FALSE
4,25,"UK General Election","ukbge.t1tax","4:2512","4:2512::ukbge.t1tax","triple","2512",0.670000016689301,0.745294118628782,0.75,0.75,0.741111112965478,0.75,0.944444444444444,18,FALSE,FALSE,-0.00888888703452206,-0.00470588137121764,0.00888888703452206,0.079999983310699,-0.079999983310699,0.670000016689301,0.745294118628782,0.75,0.75,0.741111112965478,0.75,0.944444444444444,18,FALSE,FALSE,-0.00888888703452206,-0.00470588137121764,0.00888888703452206,0.079999983310699,-0.079999983310699,FALSE,FALSE,TRUE,TRUE,FALSE
4,25,"UK General Election","ukbge.t1tax","4:2513","4:2513::ukbge.t1tax","triple","2513",0.91499999165535,0.842499993741512,0.625,0.732142857142857,0.850555549065272,0.71875,0.888888888888889,18,FALSE,FALSE,-0.131805549065272,-0.110357136598655,0.131805549065272,0.28999999165535,-0.28999999165535,0.91499999165535,0.855714278561728,0.625,0.732142857142857,0.863124992698431,0.71875,0.875,16,FALSE,FALSE,-0.144374992698431,-0.123571421418871,0.144374992698431,0.28999999165535,-0.28999999165535,FALSE,FALSE,TRUE,TRUE,FALSE
4,25,"UK General Election","ukbge.t1tax","4:2514","4:2514::ukbge.t1tax","triple","2514",0.943333327770233,0.791249997913837,0.666666666666667,0.678571428571429,0.815263155259584,0.676470588235294,0.842105263157895,19,FALSE,FALSE,-0.13879256702429,-0.112678569342409,0.13879256702429,0.276666661103566,-0.276666661103566,0.943333327770233,0.784999996423721,0.666666666666667,0.678571428571429,0.812941172543694,0.676470588235294,0.823529411764706,17,FALSE,FALSE,-0.1364705843084,-0.106428567852293,0.1364705843084,0.276666661103566,-0.276666661103566,FALSE,FALSE,TRUE,TRUE,FALSE
4,25,"UK General Election","ukbge.t1tax","4:2515","4:2515::ukbge.t1tax","triple","2515",0.610000004371007,0.88400000333786,0.666666666666667,0.694444444444444,0.82076923434551,0.6875,0.785714285714286,14,FALSE,FALSE,0.13326923434551,0.189555558893416,-0.13326923434551,0.0566666622956593,-0.0566666622956593,0.610000004371007,0.871111114819845,0.666666666666667,0.694444444444444,0.805833337207635,0.6875,0.75,12,FALSE,FALSE,0.118333337207635,0.1766666703754,-0.118333337207635,0.0566666622956593,-0.0566666622956593,TRUE,TRUE,FALSE,TRUE,FALSE
4,25,"UK General Election","ukbge.t1wage","4:2501","4:2501::ukbge.t1wage","triple","2501",0.776666671037674,0.757272725755518,0.723333338896434,0.76333333303531,0.761428571173123,0.755333334207535,0.8,15,FALSE,FALSE,-0.00609523696558811,0.00606060727979196,0.00609523696558811,0.0533333321412403,-0.0533333321412403,0.776666671037674,0.757272725755518,0.723333338896434,0.802727271210064,0.761428571173123,0.785714285714286,0.785714285714286,14,FALSE,FALSE,0.0242857145411628,0.0454545454545455,-0.0242857145411628,0.0533333321412403,-0.0533333321412403,FALSE,TRUE,TRUE,TRUE,FALSE
4,25,"UK General Election","ukbge.t1wage","4:2502","4:2502::ukbge.t1wage","triple","2502",0.943333327770233,0.897777775095569,0.666666661699613,0.759444443715943,0.904285711191949,0.746190474856467,0.857142857142857,21,FALSE,FALSE,-0.158095236335482,-0.138333331379625,0.158095236335482,0.27666666607062,-0.27666666607062,0.943333327770233,0.897777775095569,0.666666661699613,0.759444443715943,0.904285711191949,0.746190474856467,0.857142857142857,21,FALSE,FALSE,-0.158095236335482,-0.138333331379625,0.158095236335482,0.27666666607062,-0.27666666607062,FALSE,FALSE,TRUE,TRUE,FALSE
4,25,"UK General Election","ukbge.t1wage","4:2503","4:2503::ukbge.t1wage","triple","2503",0.500000014901162,0.714285713221346,0.5,0.59666666885217,0.687500000931323,0.582857144730432,0.875,16,FALSE,FALSE,0.104642856200891,0.117619044369175,-0.104642856200891,-1.49011615269146e-08,1.49011615269146e-08,0.500000014901162,0.694166664034128,0.5,0.59666666885217,0.666428571300847,0.582857144730432,0.857142857142857,14,FALSE,FALSE,0.0835714265704155,0.0974999951819577,-0.0835714265704155,-1.49011615269146e-08,1.49011615269146e-08,TRUE,TRUE,FALSE,FALSE,TRUE
4,25,"UK General Election","ukbge.t1wage","4:2504","4:2504::ukbge.t1wage","triple","2504",0.719999998807907,0.874166662494341,0.719999988873799,0.763333330551783,0.843333329757055,0.754666662216186,0.8,15,FALSE,FALSE,0.0886666675408682,0.110833331942558,-0.0886666675408682,-9.93410764760227e-09,9.93410764760227e-09,0.719999998807907,0.874166662494341,0.719999988873799,0.763333330551783,0.843333329757055,0.754666662216186,0.8,15,FALSE,FALSE,0.0886666675408682,0.110833331942558,-0.0886666675408682,-9.93410764760227e-09,9.93410764760227e-09,TRUE,TRUE,FALSE,FALSE,TRUE
4,25,"UK General Election","ukbge.t1wage","4:2505","4:2505::ukbge.t1wage","triple","2505",0.91499999165535,0.921176470377866,0.75,0.800624994561076,0.920526314722864,0.794999995165401,0.894736842105263,19,FALSE,FALSE,0.125526319557463,0.12055147581679,-0.125526319557463,-0.16499999165535,0.16499999165535,0.91499999165535,0.916249999776483,0.75,0.800624994561076,0.916111109985246,0.794999995165401,0.888888888888889,18,FALSE,FALSE,0.121111114819845,0.115625005215407,-0.121111114819845,-0.16499999165535,0.16499999165535,TRUE,TRUE,FALSE,FALSE,TRUE
4,25,"UK General Election","ukbge.t1wage","4:2506","4:2506::ukbge.t1wage","triple","2506",0,0.952142855950764,0,0.845714288098472,0.888666665554047,0.789333335558573,0.933333333333333,15,FALSE,FALSE,0.0993333299954732,0.106428567852293,-0.0993333299954732,0,0,0,0.952142855950764,0,0.845714288098472,0.888666665554047,0.789333335558573,0.933333333333333,15,FALSE,FALSE,0.0993333299954732,0.106428567852293,-0.0993333299954732,0,0,TRUE,TRUE,FALSE,FALSE,FALSE
4,25,"UK General Election","ukbge.t1wage","4:2507","4:2507::ukbge.t1wage","triple","2507",0.670000016689301,0.811333333452543,1,0.785714285714286,0.80250000115484,0.8,0.9375,16,FALSE,FALSE,0.00250000115483995,0.0256190477382569,-0.00250000115483995,0.329999983310699,-0.329999983310699,0.670000016689301,0.821428570364203,1,0.785714285714286,0.811333333452543,0.8,0.933333333333333,15,FALSE,FALSE,0.0113333334525425,0.035714284649917,-0.0113333334525425,0.329999983310699,-0.329999983310699,TRUE,TRUE,FALSE,TRUE,FALSE
4,25,"UK General Election","ukbge.t1wage","4:2508","4:2508::ukbge.t1wage","triple","2508",1,0.768461536902648,0.91499999165535,0.66499999165535,0.799333331982295,0.700714277369635,0.866666666666667,15,FALSE,FALSE,-0.0986190546126594,-0.103461545247298,0.0986190546126594,0.0850000083446505,-0.0850000083446505,1,0.790833331644535,0.91499999165535,0.66499999165535,0.820714284266744,0.700714277369635,0.857142857142857,14,FALSE,FALSE,-0.120000006897109,-0.125833339989185,0.120000006897109,0.0850000083446505,-0.0850000083446505,FALSE,FALSE,TRUE,TRUE,FALSE
4,25,"UK General Election","ukbge.t1wage","4:2509","4:2509::ukbge.t1wage","triple","2509",0.731999990344047,0.860833331942558,0.600000005960465,0.848999997973442,0.822941172648879,0.766000000635783,0.705882352941177,17,FALSE,FALSE,0.0569411720130957,0.0118333339691163,-0.0569411720130957,-0.131999984383583,0.131999984383583,0.731999990344047,0.88299999833107,0.600000005960465,0.848999997973442,0.832666662335396,0.766000000635783,0.666666666666667,15,FALSE,FALSE,0.0666666616996128,0.034000000357628,-0.0666666616996128,-0.131999984383583,0.131999984383583,TRUE,TRUE,FALSE,FALSE,TRUE
4,25,"UK General Election","ukbge.t1wage","4:2511","4:2511::ukbge.t1wage","triple","2511",0.829999983310699,0.875,1,0.797142854758671,0.872352940194747,0.810666664441427,0.941176470588235,17,FALSE,FALSE,0.0616862757533204,0.0778571452413287,-0.0616862757533204,0.170000016689301,-0.170000016689301,0.829999983310699,0.857142857142857,1,0.797142854758671,0.855333332220713,0.810666664441427,0.933333333333333,15,FALSE,FALSE,0.0446666677792867,0.0600000023841858,-0.0446666677792867,0.170000016689301,-0.170000016689301,TRUE,TRUE,FALSE,TRUE,FALSE
4,25,"UK General Election","ukbge.t1wage","4:2512","4:2512::ukbge.t1wage","triple","2512",0.829999983310699,0.780624996870756,1,0.770625000819564,0.783529407837812,0.784117647830178,0.944444444444444,18,FALSE,FALSE,0.000588239992366235,-0.00999999605119217,-0.000588239992366235,-0.170000016689301,0.170000016689301,0.829999983310699,0.76599999666214,1,0.755333334207535,0.769999995827675,0.770625000819564,0.9375,16,FALSE,FALSE,0.000625004991889111,-0.010666662454605,-0.000625004991889111,-0.170000016689301,0.170000016689301,TRUE,FALSE,FALSE,FALSE,TRUE
4,25,"UK General Election","ukbge.t1wage","4:2513","4:2513::ukbge.t1wage","triple","2513",0.58500000834465,0.801249999552965,0.829999983310699,0.800000000993411,0.777222222752041,0.803529410677798,0.888888888888889,18,FALSE,FALSE,-0.0263071879257563,0.00124999855955443,0.0263071879257563,0.244999974966049,-0.244999974966049,0.58500000834465,0.832666665315628,0.829999983310699,0.800000000993411,0.803529411554337,0.803529410677798,0.88235294117647,17,FALSE,FALSE,8.76538952532258e-10,0.0326666643222173,-8.76538952532258e-10,0.244999974966049,-0.244999974966049,FALSE,TRUE,TRUE,TRUE,FALSE
4,25,"UK General Election","ukbge.t1wage","4:2514","4:2514::ukbge.t1wage","triple","2514",0.6099999944369,0.823125001043081,0.556666672229767,0.766666666666667,0.789473684210526,0.73166666759385,0.842105263157895,19,FALSE,FALSE,0.0578070166166763,0.0564583343764146,-0.0578070166166763,-0.0533333222071327,0.0533333222071327,0.6099999944369,0.811333334445953,0.556666672229767,0.766666666666667,0.777777777777778,0.73166666759385,0.833333333333333,18,FALSE,FALSE,0.0461111101839278,0.0446666677792866,-0.0461111101839278,-0.0533333222071327,0.0533333222071327,TRUE,TRUE,FALSE,FALSE,TRUE
4,25,"UK General Election","ukbge.t1wage","4:2515","4:2515::ukbge.t1wage","triple","2515",0.280000006159147,0.465999999642372,0.220000008742015,0.516363642432473,0.423076924223166,0.452857149498803,0.785714285714286,14,FALSE,FALSE,-0.0297802252756371,-0.0503636427901009,0.0297802252756371,-0.059999997417132,0.059999997417132,0.280000006159147,0.465999999642372,0.220000008742015,0.56800000667572,0.423076924223166,0.487692314844865,0.769230769230769,13,FALSE,FALSE,-0.0646153906216989,-0.102000007033348,0.0646153906216989,-0.059999997417132,0.059999997417132,FALSE,FALSE,TRUE,FALSE,TRUE
4,25,"UK General Election","ukbge.t1eu","4:2501","4:2501::ukbge.t1eu","triple","2501",0.3900000055631,0.574444446298811,0.57999999821186,0.533000001311302,0.528333336114884,0.540833334128062,0.8,15,FALSE,FALSE,-0.0124999980131784,0.041444444987509,0.0124999980131784,0.18999999264876,-0.18999999264876,0.33500000834465,0.583750002086163,0.57999999821186,0.5625,0.53400000333786,0.565999999642372,0.8,10,FALSE,FALSE,-0.0319999963045119,0.0212500020861626,0.0319999963045119,0.24499998986721,-0.24499998986721,FALSE,TRUE,TRUE,TRUE,FALSE
4,25,"UK General Election","ukbge.t1eu","4:2502","4:2502::ukbge.t1eu","triple","2502",0.553333322207133,0.519411765477237,0.61333333949248,0.646249999292195,0.524499998986721,0.641052631955398,0.857142857142857,21,FALSE,FALSE,0.116552632968677,0.126838233814958,-0.116552632968677,-0.0600000172853473,0.0600000172853473,0.553333322207133,0.499333331982295,0.61333333949248,0.655999999245008,0.508333330353101,0.648888889286253,0.833333333333333,18,FALSE,FALSE,0.140555558933152,0.156666667262713,-0.140555558933152,-0.0600000172853473,0.0600000172853473,TRUE,TRUE,FALSE,FALSE,TRUE
4,25,"UK General Election","ukbge.t1eu","4:2503","4:2503::ukbge.t1eu","triple","2503",0.5,0.378181823275306,0.58500000089407,0.46800000667572,0.396923081232951,0.487500005712112,0.875,16,FALSE,FALSE,0.0905769244791606,0.0898181834004143,-0.0905769244791606,-0.0850000008940694,0.0850000008940694,0.5,0.314444449212816,0.58500000089407,0.427777787049612,0.348181822083213,0.45636364411224,0.818181818181818,11,FALSE,FALSE,0.108181822029027,0.113333337836796,-0.108181822029027,-0.0850000008940694,0.0850000008940694,TRUE,TRUE,FALSE,FALSE,TRUE
4,25,"UK General Election","ukbge.t1eu","4:2504","4:2504::ukbge.t1eu","triple","2504",0.556666672229767,0.444166665275892,0.780000011126201,0.68400000333786,0.466666666666667,0.706153851289016,0.8,15,FALSE,FALSE,0.239487184622349,0.239833338061969,-0.239487184622349,-0.223333338896434,0.223333338896434,0.556666672229767,0.53299999833107,0.780000011126201,0.68400000333786,0.538461538461538,0.706153851289016,0.769230769230769,13,FALSE,FALSE,0.167692312827477,0.15100000500679,-0.167692312827477,-0.223333338896434,0.223333338896434,TRUE,TRUE,FALSE,FALSE,TRUE
4,25,"UK General Election","ukbge.t1eu","4:2505","4:2505::ukbge.t1eu","triple","2505",0.83500000834465,0.539411763934528,0.91499999165535,0.733333334326744,0.570526315977699,0.754705882247756,0.894736842105263,19,FALSE,FALSE,0.184179566270058,0.193921570392216,-0.184179566270058,-0.079999983310699,0.079999983310699,0.83500000834465,0.577999999125798,0.91499999165535,0.733333334326744,0.608235294328016,0.754705882247756,0.88235294117647,17,FALSE,FALSE,0.14647058791974,0.155333335200946,-0.14647058791974,-0.079999983310699,0.079999983310699,TRUE,TRUE,FALSE,FALSE,TRUE
4,25,"UK General Election","ukbge.t1eu","4:2506","4:2506::ukbge.t1eu","triple","2506",1,0.499285713902542,0.829999983310699,0.631428572748389,0.532666666309039,0.644666666785876,0.933333333333333,15,FALSE,FALSE,0.112000000476837,0.132142858845847,-0.112000000476837,0.170000016689301,-0.170000016689301,1,0.499285713902542,0.829999983310699,0.631428572748389,0.532666666309039,0.644666666785876,0.933333333333333,15,FALSE,FALSE,0.112000000476837,0.132142858845847,-0.112000000476837,0.170000016689301,-0.170000016689301,TRUE,TRUE,FALSE,TRUE,FALSE
4,25,"UK General Election","ukbge.t1eu","4:2507","4:2507::ukbge.t1eu","triple","2507",0.5,0.345714288098471,0.829999983310699,0.535714286778654,0.35600000222524,0.555333333214124,0.9375,16,FALSE,FALSE,0.199333330988884,0.189999998680183,-0.199333330988884,-0.329999983310699,0.329999983310699,0.5,0.359230771660805,0.829999983310699,0.538461539607782,0.369285716542176,0.55928571415799,0.928571428571429,14,FALSE,FALSE,0.189999997615814,0.179230767946977,-0.189999997615814,-0.329999983310699,0.329999983310699,TRUE,TRUE,FALSE,FALSE,TRUE
4,25,"UK General Election","ukbge.t1eu","4:2508","4:2508::ukbge.t1eu","triple","2508",0.58500000089407,0.445833336561918,0.58500000089407,0.667272728952495,0.465714288609368,0.654615386174275,0.866666666666667,15,FALSE,FALSE,0.188901097564907,0.221439392390576,-0.188901097564907,0,0,0.58500000089407,0.401000000536442,0.58500000089407,0.651000003516674,0.431666667262713,0.640000003079573,0.833333333333333,12,FALSE,FALSE,0.20833333581686,0.250000002980232,-0.20833333581686,0,0,TRUE,TRUE,FALSE,FALSE,FALSE
4,25,"UK General Election","ukbge.t1eu","4:2509","4:2509::ukbge.t1eu","triple","2509",0.7,0.445000005265077,0.797999989986419,0.68299999833107,0.520000003716525,0.721333328882853,0.705882352941177,17,FALSE,FALSE,0.201333325166328,0.237999993065993,-0.201333325166328,-0.0979999899864195,0.0979999899864195,0.7,0.467000004649162,0.797999989986419,0.68299999833107,0.544666669766108,0.721333328882853,0.666666666666667,15,FALSE,FALSE,0.176666659116745,0.215999993681908,-0.176666659116745,-0.0979999899864195,0.0979999899864195,TRUE,TRUE,FALSE,FALSE,TRUE
4,25,"UK General Election","ukbge.t1eu","4:2511","4:2511::ukbge.t1eu","triple","2511",1,0.429999999701977,1,0.535714286778654,0.473846153571055,0.566666667660077,0.941176470588235,17,FALSE,FALSE,0.0928205140890221,0.105714287076678,-0.0928205140890221,0,0,1,0.429999999701977,1,0.555833335965872,0.473846153571055,0.590000002430036,0.923076923076923,13,FALSE,FALSE,0.11615384885898,0.125833336263895,-0.11615384885898,0,0,TRUE,TRUE,FALSE,FALSE,FALSE
4,25,"UK General Election","ukbge.t1eu","4:2512","4:2512::ukbge.t1eu","triple","2512",0.670000016689301,0.520624998025596,0.5,0.460000006482005,0.529411763829343,0.462352947277181,0.944444444444444,18,FALSE,FALSE,-0.0670588165521621,-0.0606249915435909,0.0670588165521621,0.170000016689301,-0.170000016689301,0.670000016689301,0.499999999006589,0.5,0.479333340128263,0.510625000111759,0.480625006370247,0.9375,16,FALSE,FALSE,-0.0299999937415122,-0.0206666588783262,0.0299999937415122,0.170000016689301,-0.170000016689301,FALSE,FALSE,TRUE,TRUE,FALSE
4,25,"UK General Election","ukbge.t1eu","4:2513","4:2513::ukbge.t1eu","triple","2513",0.25,0.430833334724108,0.415000006556511,0.643571434276445,0.405000001192093,0.615000005811453,0.888888888888889,18,FALSE,FALSE,-0.21000000461936,-0.212738099552336,0.21000000461936,0.165000006556511,-0.165000006556511,0.25,0.470000001517209,0.415000006556511,0.621818187561902,0.436153847437639,0.590000005868765,0.846153846153846,13,FALSE,FALSE,-0.153846158431127,-0.151818186044693,0.153846158431127,0.165000006556511,-0.165000006556511,FALSE,FALSE,TRUE,TRUE,FALSE
4,25,"UK General Election","ukbge.t1eu","4:2514","4:2514::ukbge.t1eu","triple","2514",0.223333338896434,0.396250006742776,0.5,0.65500000332083,0.368947374977564,0.627647061558331,0.842105263157895,19,FALSE,FALSE,-0.258699686580767,-0.258749996578055,0.258699686580767,0.276666661103566,-0.276666661103566,0.223333338896434,0.429285721055099,0.5,0.65500000332083,0.392941183027099,0.627647061558331,0.823529411764706,17,FALSE,FALSE,-0.234705878531232,-0.225714282265731,0.234705878531232,0.276666661103566,-0.276666661103566,FALSE,FALSE,TRUE,TRUE,FALSE
4,25,"UK General Election","ukbge.t1eu","4:2515","4:2515::ukbge.t1eu","triple","2515",0.443333332737287,0.542500004172325,0.55333333214124,0.48111110760106,0.515454548326406,0.499166663736105,0.785714285714286,14,FALSE,FALSE,0.0162878845903007,0.0613888965712654,-0.0162878845903007,0.109999999403954,-0.109999999403954,0.443333332737287,0.477142861911229,0.55333333214124,0.475714281201362,0.467000003159046,0.498999996483326,0.7,10,FALSE,FALSE,-0.0319999933242797,0.00142858070986629,0.0319999933242797,0.109999999403954,-0.109999999403954,TRUE,TRUE,FALSE,TRUE,FALSE
5,26,"Australia Republic Referendum","aus.republican1","5:2602","5:2602::aus.republican1","triple","2602",0.416666666666667,0.608974358974359,0.5,0.602564102564103,0.595238095238095,0.595238095238095,0.928571428571429,14,FALSE,TRUE,0,0.0064102564102565,0,0.083333333333333,-0.083333333333333,0.416666666666667,0.608974358974359,0.5,0.602564102564103,0.595238095238095,0.595238095238095,0.928571428571429,14,FALSE,TRUE,0,0.0064102564102565,0,0.083333333333333,-0.083333333333333,FALSE,TRUE,FALSE,TRUE,FALSE
5,26,"Australia Republic Referendum","aus.republican1","5:2603","5:2603::aus.republican1","triple","2603",0.625,0.598484848484849,0.916666666666667,0.712121212121212,0.602564102564103,0.743589743589744,0.846153846153846,13,FALSE,FALSE,0.141025641025641,0.113636363636364,-0.141025641025641,-0.291666666666667,0.291666666666667,0.625,0.598484848484849,0.916666666666667,0.712121212121212,0.602564102564103,0.743589743589744,0.846153846153846,13,FALSE,FALSE,0.141025641025641,0.113636363636364,-0.141025641025641,-0.291666666666667,0.291666666666667,TRUE,TRUE,FALSE,FALSE,TRUE
5,26,"Australia Republic Referendum","aus.republican1","5:2604","5:2604::aus.republican1","triple","2604",0.883333333333333,0.608333333333333,0.833333333333333,0.666666666666667,0.7,0.722222222222222,0.666666666666667,15,FALSE,FALSE,0.0222222222222221,0.0583333333333333,-0.0222222222222221,0.0500000000000002,-0.0500000000000002,0.883333333333333,0.608333333333333,0.833333333333333,0.666666666666667,0.7,0.722222222222222,0.666666666666667,15,FALSE,FALSE,0.0222222222222221,0.0583333333333333,-0.0222222222222221,0.0500000000000002,-0.0500000000000002,TRUE,TRUE,FALSE,TRUE,FALSE
5,26,"Australia Republic Referendum","aus.republican1","5:2605","5:2605::aus.republican1","triple","2605",0.958333333333333,0.491666666666666,0.916666666666667,0.8,0.569444444444444,0.819444444444444,0.833333333333333,12,FALSE,FALSE,0.25,0.308333333333334,-0.25,0.041666666666667,-0.041666666666667,0.958333333333333,0.491666666666666,0.916666666666667,0.8,0.569444444444444,0.819444444444444,0.833333333333333,12,FALSE,FALSE,0.25,0.308333333333334,-0.25,0.041666666666667,-0.041666666666667,TRUE,TRUE,FALSE,TRUE,FALSE
5,26,"Australia Republic Referendum","aus.republican1","5:2606","5:2606::aus.republican1","triple","2606",0.833333333333333,0.677083333333333,1,0.777777777777778,0.689102564102564,0.794871794871795,0.923076923076923,13,FALSE,FALSE,0.105769230769231,0.100694444444444,-0.105769230769231,-0.166666666666667,0.166666666666667,0.833333333333333,0.677083333333333,1,0.777777777777778,0.689102564102564,0.794871794871795,0.923076923076923,13,FALSE,FALSE,0.105769230769231,0.100694444444444,-0.105769230769231,-0.166666666666667,0.166666666666667,TRUE,TRUE,FALSE,FALSE,TRUE
5,26,"Australia Republic Referendum","aus.republican1","5:2607","5:2607::aus.republican1","triple","2607",0.555555555555556,0.787878787878788,0.972222222222222,0.78030303030303,0.738095238095238,0.821428571428571,0.785714285714286,14,FALSE,FALSE,-0.0833333333333334,0.00757575757575768,0.0833333333333334,0.416666666666667,-0.416666666666667,0.555555555555556,0.787878787878788,0.972222222222222,0.78030303030303,0.738095238095238,0.821428571428571,0.785714285714286,14,FALSE,FALSE,-0.0833333333333334,0.00757575757575768,0.0833333333333334,0.416666666666667,-0.416666666666667,FALSE,TRUE,TRUE,TRUE,FALSE
5,26,"Australia Republic Referendum","aus.republican1","5:2608","5:2608::aus.republican1","triple","2608",0.916666666666667,0.65625,0.916666666666667,0.65625,0.708333333333333,0.708333333333333,0.8,10,FALSE,TRUE,0,0,0,0,0,0.916666666666667,0.65625,0.916666666666667,0.65625,0.708333333333333,0.708333333333333,0.8,10,FALSE,TRUE,0,0,0,0,0,FALSE,FALSE,FALSE,FALSE,FALSE
5,26,"Australia Republic Referendum","aus.republican1","5:2609","5:2609::aus.republican1","triple","2609",0.583333333333333,0.758333333333333,0.777777777777778,0.808333333333333,0.717948717948718,0.801282051282051,0.769230769230769,13,FALSE,FALSE,-0.0833333333333333,-0.0499999999999999,0.0833333333333333,0.194444444444445,-0.194444444444445,0.583333333333333,0.758333333333333,0.777777777777778,0.808333333333333,0.717948717948718,0.801282051282051,0.769230769230769,13,FALSE,FALSE,-0.0833333333333333,-0.0499999999999999,0.0833333333333333,0.194444444444445,-0.194444444444445,FALSE,FALSE,TRUE,TRUE,FALSE
5,26,"Australia Republic Referendum","aus.republican1","5:2610","5:2610::aus.republican1","triple","2610",0.680555555555555,0.604166666666667,0.694444444444444,0.583333333333333,0.636904761904762,0.630952380952381,0.571428571428571,14,FALSE,FALSE,-0.00595238095238115,-0.0208333333333335,0.00595238095238115,-0.0138888888888888,0.0138888888888888,0.680555555555555,0.604166666666667,0.694444444444444,0.583333333333333,0.636904761904762,0.630952380952381,0.571428571428571,14,FALSE,FALSE,-0.00595238095238115,-0.0208333333333335,0.00595238095238115,-0.0138888888888888,0.0138888888888888,FALSE,FALSE,TRUE,FALSE,TRUE
5,26,"Australia Republic Referendum","aus.republican1","5:2611","5:2611::aus.republican1","triple","2611",0.866666666666667,0.736111111111111,0.933333333333333,0.75,0.795454545454546,0.833333333333333,0.545454545454545,11,FALSE,FALSE,0.0378787878787876,0.0138888888888887,-0.0378787878787876,-0.0666666666666664,0.0666666666666664,0.866666666666667,0.736111111111111,0.933333333333333,0.75,0.795454545454546,0.833333333333333,0.545454545454545,11,FALSE,FALSE,0.0378787878787876,0.0138888888888887,-0.0378787878787876,-0.0666666666666664,0.0666666666666664,TRUE,TRUE,FALSE,FALSE,TRUE
5,26,"Australia Republic Referendum","aus.republican1","5:2612","5:2612::aus.republican1","triple","2612",0.833333333333333,0.795454545454546,0.833333333333333,0.893939393939394,0.798611111111111,0.888888888888889,0.916666666666667,12,FALSE,FALSE,0.0902777777777777,0.0984848484848484,-0.0902777777777777,0,0,0.833333333333333,0.795454545454546,0.833333333333333,0.893939393939394,0.798611111111111,0.888888888888889,0.916666666666667,12,FALSE,FALSE,0.0902777777777777,0.0984848484848484,-0.0902777777777777,0,0,TRUE,TRUE,FALSE,FALSE,FALSE
5,26,"Australia Republic Referendum","aus.republican1","5:2613","5:2613::aus.republican1","triple","2613",0.291666666666667,0.708333333333333,1,0.732142857142857,0.65625,0.765625,0.875,16,FALSE,FALSE,-0.109375,-0.0238095238095238,0.109375,0.708333333333333,-0.708333333333333,0.291666666666667,0.708333333333333,1,0.732142857142857,0.65625,0.765625,0.875,16,FALSE,FALSE,-0.109375,-0.0238095238095238,0.109375,0.708333333333333,-0.708333333333333,FALSE,FALSE,TRUE,TRUE,FALSE
5,26,"Australia Republic Referendum","aus.republican1","5:2614","5:2614::aus.republican1","triple","2614",0.708333333333333,0.819444444444445,0.666666666666667,0.743055555555555,0.803571428571429,0.732142857142857,0.857142857142857,14,FALSE,FALSE,0.0714285714285716,0.0763888888888891,-0.0714285714285716,-0.041666666666667,0.041666666666667,0.708333333333333,0.819444444444445,0.666666666666667,0.743055555555555,0.803571428571429,0.732142857142857,0.857142857142857,14,FALSE,FALSE,0.0714285714285716,0.0763888888888891,-0.0714285714285716,-0.041666666666667,0.041666666666667,TRUE,TRUE,FALSE,FALSE,TRUE
5,26,"Australia Republic Referendum","aus.republican1","5:2615","5:2615::aus.republican1","triple","2615",0.583333333333333,0.6875,0.666666666666667,0.7,0.663461538461538,0.692307692307692,0.769230769230769,13,FALSE,FALSE,-0.0288461538461539,-0.0125,0.0288461538461539,0.0833333333333334,-0.0833333333333334,0.583333333333333,0.6875,0.666666666666667,0.7,0.663461538461538,0.692307692307692,0.769230769230769,13,FALSE,FALSE,-0.0288461538461539,-0.0125,0.0288461538461539,0.0833333333333334,-0.0833333333333334,FALSE,FALSE,TRUE,TRUE,FALSE
5,26,"Australia Republic Referendum","aus.republican1","5:2616","5:2616::aus.republican1","triple","2616",0.85,0.525,0.8,0.8,0.633333333333333,0.8,0.666666666666667,15,FALSE,FALSE,0.166666666666667,0.275,-0.166666666666667,0.0499999999999999,-0.0499999999999999,0.85,0.525,0.8,0.8,0.633333333333333,0.8,0.666666666666667,15,FALSE,FALSE,0.166666666666667,0.275,-0.166666666666667,0.0499999999999999,-0.0499999999999999,TRUE,TRUE,FALSE,TRUE,FALSE
5,26,"Australia Republic Referendum","aus.republican1","5:2617","5:2617::aus.republican1","triple","2617",0.645833333333333,0.791666666666667,0.625,0.822916666666667,0.743055555555556,0.756944444444445,0.666666666666667,12,FALSE,FALSE,-0.013888888888889,-0.03125,0.013888888888889,-0.0208333333333333,0.0208333333333333,0.645833333333333,0.791666666666667,0.625,0.822916666666667,0.743055555555556,0.756944444444445,0.666666666666667,12,FALSE,FALSE,-0.013888888888889,-0.03125,0.013888888888889,-0.0208333333333333,0.0208333333333333,FALSE,FALSE,TRUE,FALSE,TRUE
5,26,"Australia Republic Referendum","aus.republican1","5:2618","5:2618::aus.republican1","triple","2618",0.770833333333333,0.708333333333333,0.916666666666667,0.861111111111111,0.733333333333333,0.883333333333333,0.6,10,FALSE,FALSE,0.15,0.152777777777778,-0.15,-0.145833333333333,0.145833333333333,0.770833333333333,0.708333333333333,0.916666666666667,0.861111111111111,0.733333333333333,0.883333333333333,0.6,10,FALSE,FALSE,0.15,0.152777777777778,-0.15,-0.145833333333333,0.145833333333333,TRUE,TRUE,FALSE,FALSE,TRUE
5,26,"Australia Republic Referendum","aus.republican1","5:2619","5:2619::aus.republican1","triple","2619",0.520833333333333,0.641666666666667,0.875,0.616666666666667,0.607142857142857,0.69047619047619,0.714285714285714,14,FALSE,FALSE,-0.0833333333333334,0.025,0.0833333333333334,0.354166666666667,-0.354166666666667,0.520833333333333,0.641666666666667,0.875,0.616666666666667,0.607142857142857,0.69047619047619,0.714285714285714,14,FALSE,FALSE,-0.0833333333333334,0.025,0.0833333333333334,0.354166666666667,-0.354166666666667,FALSE,TRUE,TRUE,TRUE,FALSE
5,26,"Australia Republic Referendum","aus.republican1","5:2620","5:2620::aus.republican1","triple","2620",0.583333333333333,0.595238095238095,0.583333333333333,0.660714285714286,0.594444444444444,0.655555555555556,0.933333333333333,15,FALSE,FALSE,-0.0611111111111112,-0.0654761904761907,0.0611111111111112,0,0,0.583333333333333,0.595238095238095,0.583333333333333,0.660714285714286,0.594444444444444,0.655555555555556,0.933333333333333,15,FALSE,FALSE,-0.0611111111111112,-0.0654761904761907,0.0611111111111112,0,0,FALSE,FALSE,TRUE,FALSE,FALSE
5,26,"Australia Republic Referendum","aus.republican1","5:2621","5:2621::aus.republican1","triple","2621",0.416666666666667,0.631944444444444,0.666666666666667,0.770833333333333,0.615384615384615,0.762820512820513,0.923076923076923,13,FALSE,FALSE,-0.147435897435897,-0.138888888888889,0.147435897435897,0.25,-0.25,0.416666666666667,0.631944444444444,0.666666666666667,0.770833333333333,0.615384615384615,0.762820512820513,0.923076923076923,13,FALSE,FALSE,-0.147435897435897,-0.138888888888889,0.147435897435897,0.25,-0.25,FALSE,FALSE,TRUE,TRUE,FALSE
5,26,"Australia Republic Referendum","aus.republican1","5:2622","5:2622::aus.republican1","triple","2622",0.770833333333333,0.694444444444444,0.833333333333333,0.87962962962963,0.717948717948718,0.865384615384615,0.692307692307692,13,FALSE,FALSE,0.147435897435898,0.185185185185185,-0.147435897435898,-0.0625,0.0625,0.770833333333333,0.694444444444444,0.833333333333333,0.87962962962963,0.717948717948718,0.865384615384615,0.692307692307692,13,FALSE,FALSE,0.147435897435898,0.185185185185185,-0.147435897435898,-0.0625,0.0625,TRUE,TRUE,FALSE,FALSE,TRUE
5,26,"Australia Republic Referendum","aus.republican1","5:2623","5:2623::aus.republican1","triple","2623",0.666666666666667,0.652777777777778,1,0.756944444444444,0.653846153846154,0.775641025641026,0.923076923076923,13,FALSE,FALSE,0.121794871794872,0.104166666666667,-0.121794871794872,-0.333333333333333,0.333333333333333,0.666666666666667,0.652777777777778,1,0.756944444444444,0.653846153846154,0.775641025641026,0.923076923076923,13,FALSE,FALSE,0.121794871794872,0.104166666666667,-0.121794871794872,-0.333333333333333,0.333333333333333,TRUE,TRUE,FALSE,FALSE,TRUE
5,26,"Australia Republic Referendum","aus.republican1","5:2624","5:2624::aus.republican1","triple","2624",0.916666666666667,0.598484848484848,1,0.651515151515151,0.647435897435897,0.705128205128205,0.846153846153846,13,FALSE,FALSE,0.0576923076923076,0.0530303030303031,-0.0576923076923076,-0.083333333333333,0.083333333333333,0.916666666666667,0.598484848484848,1,0.651515151515151,0.647435897435897,0.705128205128205,0.846153846153846,13,FALSE,FALSE,0.0576923076923076,0.0530303030303031,-0.0576923076923076,-0.083333333333333,0.083333333333333,TRUE,TRUE,FALSE,FALSE,TRUE
5,26,"Australia Republic Referendum","aus.popparl1","5:2602","5:2602::aus.popparl1","triple","2602",0.75,0.788461538461538,0.75,0.25,0.785714285714286,0.3,0.928571428571429,14,FALSE,FALSE,0.485714285714286,0.538461538461538,-0.485714285714286,0,0,0.75,0.75,0.75,0.25,0.75,0.3,0.9,10,TRUE,FALSE,NA,NA,NA,NA,NA,TRUE,TRUE,FALSE,FALSE,FALSE
5,26,"Australia Republic Referendum","aus.popparl1","5:2603","5:2603::aus.popparl1","triple","2603",0.125,0.636363636363636,0.125,0.4,0.557692307692308,0.321428571428571,0.846153846153846,13,FALSE,FALSE,0.236263736263736,0.236363636363636,-0.236263736263736,0,0,0.125,0.7,0.125,0.4,0.535714285714286,0.321428571428571,0.714285714285714,7,FALSE,FALSE,0.214285714285714,0.3,-0.214285714285714,0,0,TRUE,TRUE,FALSE,FALSE,FALSE
5,26,"Australia Republic Referendum","aus.popparl1","5:2604","5:2604::aus.popparl1","triple","2604",0.55,0.725,0.2,0.541666666666667,0.666666666666667,0.386363636363636,0.666666666666667,15,FALSE,FALSE,0.28030303030303,0.183333333333333,-0.28030303030303,-0.35,0.35,0.55,0.75,0.2,0.541666666666667,0.659090909090909,0.386363636363636,0.545454545454545,11,FALSE,FALSE,0.272727272727273,0.208333333333333,-0.272727272727273,-0.35,0.35,TRUE,TRUE,FALSE,FALSE,TRUE
5,26,"Australia Republic Referendum","aus.popparl1","5:2605","5:2605::aus.popparl1","triple","2605",0.5,0.85,0.25,0.361111111111111,0.791666666666667,0.35,0.833333333333333,12,FALSE,FALSE,0.441666666666667,0.488888888888889,-0.441666666666667,-0.25,0.25,0.75,0.833333333333333,0.25,0.361111111111111,0.825,0.35,0.9,10,FALSE,FALSE,0.475,0.472222222222222,-0.475,-0.5,0.5,TRUE,TRUE,FALSE,FALSE,TRUE
5,26,"Australia Republic Referendum","aus.popparl1","5:2606","5:2606::aus.popparl1","triple","2606",0,0.583333333333333,0.25,0.392857142857143,0.538461538461538,0.375,0.923076923076923,13,FALSE,FALSE,0.163461538461538,0.190476190476191,-0.163461538461538,0.25,-0.25,0,0.571428571428571,0.25,0.392857142857143,0.5,0.375,0.875,8,FALSE,FALSE,0.125,0.178571428571429,-0.125,0.25,-0.25,TRUE,TRUE,FALSE,TRUE,FALSE
5,26,"Australia Republic Referendum","aus.popparl1","5:2607","5:2607::aus.popparl1","triple","2607",0.583333333333333,0.431818181818182,0.25,0.194444444444444,0.464285714285714,0.208333333333333,0.785714285714286,14,FALSE,FALSE,-0.255952380952381,-0.237373737373737,0.255952380952381,0.333333333333333,-0.333333333333333,0.583333333333333,0.388888888888889,0.25,0.194444444444444,0.4375,0.208333333333333,0.75,12,FALSE,FALSE,-0.229166666666667,-0.194444444444444,0.229166666666667,0.333333333333333,-0.333333333333333,FALSE,FALSE,TRUE,TRUE,FALSE
5,26,"Australia Republic Referendum","aus.popparl1","5:2608","5:2608::aus.popparl1","triple","2608",0.375,0.59375,0.125,0.34375,0.55,0.3,0.8,10,FALSE,FALSE,0.25,0.25,-0.25,-0.25,0.25,0.375,0.59375,0.125,0.34375,0.55,0.3,0.8,10,FALSE,FALSE,0.25,0.25,-0.25,-0.25,0.25,TRUE,TRUE,FALSE,FALSE,TRUE
5,26,"Australia Republic Referendum","aus.popparl1","5:2609","5:2609::aus.popparl1","triple","2609",0.916666666666667,0.625,0.416666666666667,0.305555555555556,0.692307692307692,0.333333333333333,0.769230769230769,13,FALSE,FALSE,-0.358974358974359,-0.319444444444444,0.358974358974359,0.5,-0.5,0.916666666666667,0.694444444444444,0.416666666666667,0.305555555555556,0.75,0.333333333333333,0.75,12,FALSE,FALSE,-0.416666666666667,-0.388888888888889,0.416666666666667,0.5,-0.5,FALSE,FALSE,TRUE,TRUE,FALSE
5,26,"Australia Republic Referendum","aus.popparl1","5:2610","5:2610::aus.popparl1","triple","2610",0.5,0.46875,0.3,0.535714285714286,0.482142857142857,0.4375,0.571428571428571,14,FALSE,FALSE,-0.0446428571428572,0.0669642857142857,0.0446428571428572,0.2,-0.2,0.6,0.464285714285714,0.3,0.535714285714286,0.520833333333333,0.4375,0.583333333333333,12,FALSE,FALSE,-0.0833333333333334,0.0714285714285714,0.0833333333333334,0.3,-0.3,FALSE,TRUE,TRUE,TRUE,FALSE
5,26,"Australia Republic Referendum","aus.popparl1","5:2611","5:2611::aus.popparl1","triple","2611",0.6,0.541666666666667,0.15,0.0833333333333333,0.568181818181818,0.125,0.545454545454545,11,FALSE,FALSE,-0.443181818181818,-0.458333333333333,0.443181818181818,0.45,-0.45,0.6,0.416666666666667,0.15,0.0833333333333333,0.53125,0.125,0.375,8,FALSE,FALSE,-0.40625,-0.333333333333333,0.40625,0.45,-0.45,FALSE,FALSE,TRUE,TRUE,FALSE
5,26,"Australia Republic Referendum","aus.popparl1","5:2612","5:2612::aus.popparl1","triple","2612",1,0.613636363636364,0,0.40625,0.645833333333333,0.361111111111111,0.916666666666667,12,FALSE,FALSE,-0.284722222222222,-0.207386363636364,0.284722222222222,1,-1,1,0.71875,0,0.40625,0.75,0.361111111111111,0.888888888888889,9,FALSE,FALSE,-0.388888888888889,-0.3125,0.388888888888889,1,-1,FALSE,FALSE,TRUE,TRUE,FALSE
5,26,"Australia Republic Referendum","aus.popparl1","5:2613","5:2613::aus.popparl1","triple","2613",0.75,0.678571428571429,0.5,0.361111111111111,0.6875,0.386363636363636,0.875,16,FALSE,FALSE,-0.301136363636364,-0.317460317460317,0.301136363636364,0.25,-0.25,0.75,0.694444444444444,0.5,0.361111111111111,0.704545454545455,0.386363636363636,0.818181818181818,11,FALSE,FALSE,-0.318181818181818,-0.333333333333333,0.318181818181818,0.25,-0.25,FALSE,FALSE,TRUE,TRUE,FALSE
5,26,"Australia Republic Referendum","aus.popparl1","5:2614","5:2614::aus.popparl1","triple","2614",0.25,0.645833333333333,0.375,0.214285714285714,0.589285714285714,0.25,0.857142857142857,14,FALSE,FALSE,0.339285714285714,0.431547619047619,-0.339285714285714,0.125,-0.125,0.25,0.678571428571429,0.375,0.214285714285714,0.583333333333333,0.25,0.777777777777778,9,FALSE,FALSE,0.333333333333333,0.464285714285714,-0.333333333333333,0.125,-0.125,TRUE,TRUE,FALSE,TRUE,FALSE
5,26,"Australia Republic Referendum","aus.popparl1","5:2615","5:2615::aus.popparl1","triple","2615",0.666666666666667,0.75,0.125,0.55,0.730769230769231,0.479166666666667,0.769230769230769,13,FALSE,FALSE,0.251602564102564,0.2,-0.251602564102564,-0.541666666666667,0.541666666666667,0.5,0.75,0.125,0.55,0.708333333333333,0.479166666666667,0.833333333333333,12,FALSE,FALSE,0.229166666666667,0.2,-0.229166666666667,-0.375,0.375,TRUE,TRUE,FALSE,FALSE,TRUE
5,26,"Australia Republic Referendum","aus.popparl1","5:2616","5:2616::aus.popparl1","triple","2616",0.65,0.825,0.15,0.305555555555556,0.766666666666667,0.25,0.666666666666667,15,FALSE,FALSE,0.516666666666667,0.519444444444444,-0.516666666666667,-0.5,0.5,0.65,0.833333333333333,0.15,0.305555555555556,0.767857142857143,0.25,0.642857142857143,14,FALSE,FALSE,0.517857142857143,0.527777777777778,-0.517857142857143,-0.5,0.5,TRUE,TRUE,FALSE,FALSE,TRUE
5,26,"Australia Republic Referendum","aus.popparl1","5:2617","5:2617::aus.popparl1","triple","2617",0.4375,0.59375,0.25,0.28125,0.541666666666667,0.270833333333333,0.666666666666667,12,FALSE,FALSE,0.270833333333333,0.3125,-0.270833333333333,-0.1875,0.1875,0.4375,0.59375,0.25,0.28125,0.541666666666667,0.270833333333333,0.666666666666667,12,FALSE,FALSE,0.270833333333333,0.3125,-0.270833333333333,-0.1875,0.1875,TRUE,TRUE,FALSE,FALSE,TRUE
5,26,"Australia Republic Referendum","aus.popparl1","5:2618","5:2618::aus.popparl1","triple","2618",0.625,0.666666666666667,0.25,0.1875,0.65,0.214285714285714,0.6,10,FALSE,FALSE,0.435714285714286,0.479166666666667,-0.435714285714286,-0.375,0.375,0.75,0.625,0.25,0.1875,0.678571428571429,0.214285714285714,0.571428571428571,7,FALSE,FALSE,-0.464285714285714,-0.4375,0.464285714285714,0.5,-0.5,TRUE,TRUE,FALSE,FALSE,TRUE
5,26,"Australia Republic Referendum","aus.popparl1","5:2619","5:2619::aus.popparl1","triple","2619",0.6875,0.7,0.5625,0.416666666666667,0.696428571428571,0.461538461538462,0.714285714285714,14,FALSE,FALSE,0.23489010989011,0.283333333333333,-0.23489010989011,-0.125,0.125,0.6875,0.694444444444444,0.5625,0.416666666666667,0.692307692307692,0.461538461538462,0.692307692307692,13,FALSE,FALSE,0.230769230769231,0.277777777777778,-0.230769230769231,-0.125,0.125,TRUE,TRUE,FALSE,FALSE,TRUE
5,26,"Australia Republic Referendum","aus.popparl1","5:2620","5:2620::aus.popparl1","triple","2620",0,0.642857142857143,0,0.545454545454545,0.6,0.5,0.933333333333333,15,FALSE,FALSE,0.1,0.0974025974025975,-0.1,0,0,0,0.613636363636364,0,0.545454545454545,0.5625,0.5,0.916666666666667,12,FALSE,FALSE,0.0625,0.0681818181818182,-0.0625,0,0,TRUE,TRUE,FALSE,FALSE,FALSE
5,26,"Australia Republic Referendum","aus.popparl1","5:2621","5:2621::aus.popparl1","triple","2621",0.75,0.75,0.25,0.275,0.75,0.272727272727273,0.923076923076923,13,TRUE,FALSE,NA,NA,NA,NA,NA,0.75,0.8,0.25,0.275,0.795454545454545,0.272727272727273,0.909090909090909,11,FALSE,FALSE,0.522727272727273,0.525,-0.522727272727273,-0.5,0.5,NA,NA,NA,NA,NA
5,26,"Australia Republic Referendum","aus.popparl1","5:2622","5:2622::aus.popparl1","triple","2622",0.4375,0.722222222222222,0.5,0.375,0.634615384615385,0.416666666666667,0.692307692307692,13,FALSE,FALSE,0.217948717948718,0.347222222222222,-0.217948717948718,0.0625,-0.0625,0.4375,0.6875,0.5,0.375,0.604166666666667,0.416666666666667,0.666666666666667,12,FALSE,FALSE,0.1875,0.3125,-0.1875,0.0625,-0.0625,TRUE,TRUE,FALSE,TRUE,FALSE
5,26,"Australia Republic Referendum","aus.popparl1","5:2623","5:2623::aus.popparl1","triple","2623",0.75,0.8125,0.25,0.318181818181818,0.807692307692308,0.3125,0.923076923076923,13,FALSE,FALSE,0.495192307692308,0.494318181818182,-0.495192307692308,-0.5,0.5,0.75,0.795454545454545,0.25,0.318181818181818,0.791666666666667,0.3125,0.916666666666667,12,FALSE,FALSE,0.479166666666667,0.477272727272727,-0.479166666666667,-0.5,0.5,TRUE,TRUE,FALSE,FALSE,TRUE
5,26,"Australia Republic Referendum","aus.popparl1","5:2624","5:2624::aus.popparl1","triple","2624",0.25,0.704545454545455,0.25,0.45,0.634615384615385,0.416666666666667,0.846153846153846,13,FALSE,FALSE,0.217948717948718,0.254545454545455,-0.217948717948718,0,0,0.25,0.675,0.25,0.45,0.604166666666667,0.416666666666667,0.833333333333333,12,FALSE,FALSE,0.1875,0.225,-0.1875,0,0,TRUE,TRUE,FALSE,FALSE,FALSE
8,29,"Central Power & Light","cpl.t1res","8:29102","8:29102::cpl.t1res","triple","29102",0.566666666666667,0.722222222222222,0.65,0.755555555555556,0.683333333333333,0.729166666666667,0.75,12,FALSE,FALSE,-0.0458333333333333,-0.0333333333333333,0.0458333333333333,0.0833333333333334,-0.0833333333333334,0.566666666666667,0.722222222222222,0.65,0.755555555555556,0.683333333333333,0.729166666666667,0.75,12,FALSE,FALSE,-0.0458333333333333,-0.0333333333333333,0.0458333333333333,0.0833333333333334,-0.0833333333333334,FALSE,FALSE,TRUE,TRUE,FALSE
8,29,"Central Power & Light","cpl.t1res","8:29103","8:29103::cpl.t1res","triple","29103",0.6,0.695,0.65,0.9,0.686363636363636,0.858333333333333,0.833333333333333,12,FALSE,FALSE,-0.171969696969697,-0.205,0.171969696969697,0.05,-0.05,0.6,0.695,0.75,0.9,0.686363636363636,0.886363636363636,0.909090909090909,11,FALSE,FALSE,-0.2,-0.205,0.2,0.15,-0.15,FALSE,FALSE,TRUE,TRUE,FALSE
8,29,"Central Power & Light","cpl.t1res","8:29104","8:29104::cpl.t1res","triple","29104",0.75,0.605,0.7,0.72,0.618181818181818,0.718181818181818,0.909090909090909,11,FALSE,FALSE,0.1,0.115,-0.1,0.05,-0.05,0.75,0.605,0.7,0.72,0.618181818181818,0.718181818181818,0.909090909090909,11,FALSE,FALSE,0.1,0.115,-0.1,0.05,-0.05,TRUE,TRUE,FALSE,TRUE,FALSE
8,29,"Central Power & Light","cpl.t1res","8:29105","8:29105::cpl.t1res","triple","29105",0.575,0.528571428571429,0.7,0.714285714285714,0.538888888888889,0.711111111111111,0.777777777777778,9,FALSE,FALSE,0.172222222222222,0.185714285714286,-0.172222222222222,-0.125,0.125,0.575,0.528571428571429,0.7,0.714285714285714,0.538888888888889,0.711111111111111,0.777777777777778,9,FALSE,FALSE,0.172222222222222,0.185714285714286,-0.172222222222222,-0.125,0.125,TRUE,TRUE,FALSE,FALSE,TRUE
8,29,"Central Power & Light","cpl.t1res","8:29106","8:29106::cpl.t1res","triple","29106",0.533333333333333,0.694444444444444,0.416666666666667,0.777777777777778,0.654166666666667,0.6875,0.75,12,FALSE,FALSE,-0.0333333333333333,-0.0833333333333334,0.0333333333333333,-0.116666666666667,0.116666666666667,0.533333333333333,0.694444444444444,0.416666666666667,0.777777777777778,0.654166666666667,0.6875,0.75,12,FALSE,FALSE,-0.0333333333333333,-0.0833333333333334,0.0333333333333333,-0.116666666666667,0.116666666666667,FALSE,FALSE,TRUE,FALSE,TRUE
8,29,"Central Power & Light","cpl.t1res","8:29107","8:29107::cpl.t1res","triple","29107",0.6,0.807142857142857,0.675,0.878571428571429,0.731818181818182,0.804545454545455,0.636363636363636,11,FALSE,FALSE,-0.0727272727272728,-0.0714285714285714,0.0727272727272728,0.0750000000000001,-0.0750000000000001,0.6,0.807142857142857,0.675,0.878571428571429,0.731818181818182,0.804545454545455,0.636363636363636,11,FALSE,FALSE,-0.0727272727272728,-0.0714285714285714,0.0727272727272728,0.0750000000000001,-0.0750000000000001,FALSE,FALSE,TRUE,TRUE,FALSE
8,29,"Central Power & Light","cpl.t1res","8:29108","8:29108::cpl.t1res","triple","29108",0.7,0.629166666666667,0.916666666666667,0.704166666666667,0.643333333333333,0.746666666666667,0.8,15,FALSE,FALSE,0.103333333333333,0.0750000000000001,-0.103333333333333,-0.216666666666667,0.216666666666667,0.7,0.629166666666667,0.916666666666667,0.704166666666667,0.643333333333333,0.746666666666667,0.8,15,FALSE,FALSE,0.103333333333333,0.0750000000000001,-0.103333333333333,-0.216666666666667,0.216666666666667,TRUE,TRUE,FALSE,FALSE,TRUE
8,29,"Central Power & Light","cpl.t1res","8:29109","8:29109::cpl.t1res","triple","29109",0.8,0.775,0.733333333333333,0.85625,0.781818181818182,0.822727272727273,0.727272727272727,11,FALSE,FALSE,0.0409090909090909,0.0812499999999999,-0.0409090909090909,0.0666666666666667,-0.0666666666666667,0.8,0.775,0.733333333333333,0.85625,0.781818181818182,0.822727272727273,0.727272727272727,11,FALSE,FALSE,0.0409090909090909,0.0812499999999999,-0.0409090909090909,0.0666666666666667,-0.0666666666666667,TRUE,TRUE,FALSE,TRUE,FALSE
8,29,"Central Power & Light","cpl.t1res","8:29110","8:29110::cpl.t1res","triple","29110",0.5,0.655555555555556,0.516666666666667,0.694444444444444,0.616666666666667,0.65,0.75,12,FALSE,FALSE,-0.0333333333333333,-0.0388888888888889,0.0333333333333333,0.0166666666666666,-0.0166666666666666,0.5,0.655555555555556,0.516666666666667,0.694444444444444,0.616666666666667,0.65,0.75,12,FALSE,FALSE,-0.0333333333333333,-0.0388888888888889,0.0333333333333333,0.0166666666666666,-0.0166666666666666,FALSE,FALSE,TRUE,TRUE,FALSE
8,29,"Central Power & Light","cpl.t1res","8:29111","8:29111::cpl.t1res","triple","29111",0.4625,0.575,0.475,0.7375,0.5375,0.65,0.666666666666667,12,FALSE,FALSE,-0.1125,-0.1625,0.1125,0.0125,-0.0125,0.4625,0.575,0.475,0.7375,0.5375,0.65,0.666666666666667,12,FALSE,FALSE,-0.1125,-0.1625,0.1125,0.0125,-0.0125,FALSE,FALSE,TRUE,TRUE,FALSE
8,29,"Central Power & Light","cpl.t1res","8:29112","8:29112::cpl.t1res","triple","29112",0.7,0.575,0.9,0.841666666666667,0.584615384615385,0.846153846153846,0.923076923076923,13,FALSE,FALSE,0.261538461538461,0.266666666666667,-0.261538461538461,-0.2,0.2,0.7,0.575,0.9,0.841666666666667,0.584615384615385,0.846153846153846,0.923076923076923,13,FALSE,FALSE,0.261538461538461,0.266666666666667,-0.261538461538461,-0.2,0.2,TRUE,TRUE,FALSE,FALSE,TRUE
8,29,"Central Power & Light","cpl.t1res","8:29113","8:29113::cpl.t1res","triple","29113",0.4,0.676923076923077,0.7,0.834615384615385,0.657142857142857,0.825,0.928571428571429,14,FALSE,FALSE,-0.167857142857143,-0.157692307692308,0.167857142857143,0.3,-0.3,0.4,0.676923076923077,0.7,0.834615384615385,0.657142857142857,0.825,0.928571428571429,14,FALSE,FALSE,-0.167857142857143,-0.157692307692308,0.167857142857143,0.3,-0.3,FALSE,FALSE,TRUE,TRUE,FALSE
8,29,"Central Power & Light","cpl.t1res","8:29114","8:29114::cpl.t1res","triple","29114",0.6875,0.755555555555556,0.8125,0.777777777777778,0.734615384615385,0.788461538461538,0.692307692307692,13,FALSE,FALSE,-0.0538461538461538,-0.0222222222222223,0.0538461538461538,0.125,-0.125,0.6875,0.755555555555556,0.8125,0.777777777777778,0.734615384615385,0.788461538461538,0.692307692307692,13,FALSE,FALSE,-0.0538461538461538,-0.0222222222222223,0.0538461538461538,0.125,-0.125,FALSE,FALSE,TRUE,TRUE,FALSE
8,29,"Central Power & Light","cpl.t1res","8:29115","8:29115::cpl.t1res","triple","29115",0.925,0.707692307692308,0.85,0.775,0.736666666666667,0.785714285714286,0.866666666666667,15,FALSE,FALSE,0.049047619047619,0.0673076923076923,-0.049047619047619,0.075,-0.075,0.925,0.725,0.85,0.775,0.753571428571429,0.785714285714286,0.857142857142857,14,FALSE,FALSE,0.0321428571428571,0.05,-0.0321428571428571,0.075,-0.075,TRUE,TRUE,FALSE,TRUE,FALSE
8,29,"Central Power & Light","cpl.t1res","8:29116","8:29116::cpl.t1res","triple","29116",0.7,0.625,0.866666666666667,0.8125,0.645454545454546,0.827272727272727,0.727272727272727,11,FALSE,FALSE,0.181818181818182,0.1875,-0.181818181818182,-0.166666666666667,0.166666666666667,0.7,0.625,0.866666666666667,0.8125,0.645454545454546,0.827272727272727,0.727272727272727,11,FALSE,FALSE,0.181818181818182,0.1875,-0.181818181818182,-0.166666666666667,0.166666666666667,TRUE,TRUE,FALSE,FALSE,TRUE
8,29,"Central Power & Light","cpl.t1cons","8:29102","8:29102::cpl.t1cons","triple","29102",0.842105263157895,0.861842105263158,0.733333333333333,0.894444444444444,0.856459330143541,0.854166666666667,0.75,12,FALSE,FALSE,0.00229266347687407,-0.0326023391812865,-0.00229266347687407,-0.108771929824561,0.108771929824561,0.842105263157895,0.861842105263158,0.733333333333333,0.93125,0.856459330143541,0.877272727272727,0.727272727272727,11,FALSE,FALSE,-0.0208133971291865,-0.0694078947368422,0.0208133971291865,-0.108771929824561,0.108771929824561,TRUE,FALSE,FALSE,FALSE,TRUE
8,29,"Central Power & Light","cpl.t1cons","8:29103","8:29103::cpl.t1cons","triple","29103",0.789473684210526,0.826315789473684,1,0.905,0.820175438596491,0.920833333333333,0.833333333333333,12,FALSE,FALSE,-0.100657894736842,-0.0786842105263159,0.100657894736842,0.210526315789474,-0.210526315789474,0.789473684210526,0.826315789473684,1,0.905,0.820175438596491,0.920833333333333,0.833333333333333,12,FALSE,FALSE,-0.100657894736842,-0.0786842105263159,0.100657894736842,0.210526315789474,-0.210526315789474,FALSE,FALSE,TRUE,TRUE,FALSE
8,29,"Central Power & Light","cpl.t1cons","8:29104","8:29104::cpl.t1cons","triple","29104",0.789473684210526,0.742105263157895,0.7,0.82,0.746411483253589,0.809090909090909,0.909090909090909,11,FALSE,FALSE,0.0626794258373206,0.0778947368421051,-0.0626794258373206,0.089473684210526,-0.089473684210526,0.789473684210526,0.742105263157895,0.7,0.82,0.746411483253589,0.809090909090909,0.909090909090909,11,FALSE,FALSE,0.0626794258373206,0.0778947368421051,-0.0626794258373206,0.089473684210526,-0.089473684210526,TRUE,TRUE,FALSE,TRUE,FALSE
8,29,"Central Power & Light","cpl.t1cons","8:29105","8:29105::cpl.t1cons","triple","29105",0.894736842105263,0.842105263157895,1,0.978571428571429,0.853801169590643,0.983333333333333,0.777777777777778,9,FALSE,FALSE,0.12953216374269,0.136466165413534,-0.12953216374269,-0.105263157894737,0.105263157894737,0.894736842105263,0.842105263157895,1,0.978571428571429,0.853801169590643,0.983333333333333,0.777777777777778,9,FALSE,FALSE,0.12953216374269,0.136466165413534,-0.12953216374269,-0.105263157894737,0.105263157894737,TRUE,TRUE,FALSE,FALSE,TRUE
8,29,"Central Power & Light","cpl.t1cons","8:29106","8:29106::cpl.t1cons","triple","29106",0.894736842105263,0.888888888888889,0.916666666666667,0.911111111111111,0.890350877192982,0.9125,0.75,12,FALSE,FALSE,0.0221491228070176,0.0222222222222223,-0.0221491228070176,-0.0219298245614036,0.0219298245614036,0.894736842105263,0.888888888888889,0.916666666666667,0.911111111111111,0.890350877192982,0.9125,0.75,12,FALSE,FALSE,0.0221491228070176,0.0222222222222223,-0.0221491228070176,-0.0219298245614036,0.0219298245614036,TRUE,TRUE,FALSE,FALSE,TRUE
8,29,"Central Power & Light","cpl.t1cons","8:29107","8:29107::cpl.t1cons","triple","29107",0.868421052631579,0.781954887218045,0.75,0.9,0.813397129186603,0.845454545454545,0.636363636363636,11,FALSE,FALSE,0.0320574162679427,0.118045112781955,-0.0320574162679427,0.118421052631579,-0.118421052631579,0.868421052631579,0.781954887218045,0.75,0.9,0.813397129186603,0.845454545454545,0.636363636363636,11,FALSE,FALSE,0.0320574162679427,0.118045112781955,-0.0320574162679427,0.118421052631579,-0.118421052631579,TRUE,TRUE,FALSE,TRUE,FALSE
8,29,"Central Power & Light","cpl.t1cons","8:29108","8:29108::cpl.t1cons","triple","29108",0.824561403508772,0.807017543859649,0.85,0.816666666666667,0.810526315789474,0.823333333333333,0.8,15,FALSE,FALSE,0.0128070175438596,0.00964912280701746,-0.0128070175438596,-0.025438596491228,0.025438596491228,0.824561403508772,0.807017543859649,0.85,0.816666666666667,0.810526315789474,0.823333333333333,0.8,15,FALSE,FALSE,0.0128070175438596,0.00964912280701746,-0.0128070175438596,-0.025438596491228,0.025438596491228,TRUE,TRUE,FALSE,FALSE,TRUE
8,29,"Central Power & Light","cpl.t1cons","8:29109","8:29109::cpl.t1cons","triple","29109",0.736842105263158,0.868421052631579,0.916666666666667,0.8875,0.832535885167464,0.895454545454546,0.727272727272727,11,FALSE,FALSE,-0.0629186602870813,-0.019078947368421,0.0629186602870813,0.179824561403509,-0.179824561403509,0.736842105263158,0.868421052631579,0.916666666666667,0.8875,0.832535885167464,0.895454545454546,0.727272727272727,11,FALSE,FALSE,-0.0629186602870813,-0.019078947368421,0.0629186602870813,0.179824561403509,-0.179824561403509,FALSE,FALSE,TRUE,TRUE,FALSE
8,29,"Central Power & Light","cpl.t1cons","8:29110","8:29110::cpl.t1cons","triple","29110",0.859649122807017,0.842105263157895,0.766666666666667,0.844444444444444,0.846491228070175,0.825,0.75,12,FALSE,FALSE,-0.0214912280701754,0.00233918128654964,0.0214912280701754,0.0929824561403506,-0.0929824561403506,0.859649122807017,0.842105263157895,0.766666666666667,0.844444444444444,0.846491228070175,0.825,0.75,12,FALSE,FALSE,-0.0214912280701754,0.00233918128654964,0.0214912280701754,0.0929824561403506,-0.0929824561403506,FALSE,TRUE,TRUE,TRUE,FALSE
8,29,"Central Power & Light","cpl.t1cons","8:29111","8:29111::cpl.t1cons","triple","29111",0.592105263157895,0.697368421052632,0.8,0.79375,0.662280701754386,0.795833333333333,0.666666666666667,12,FALSE,FALSE,-0.133552631578947,-0.0963815789473684,0.133552631578947,0.207894736842105,-0.207894736842105,0.592105263157895,0.697368421052632,0.8,0.79375,0.662280701754386,0.795833333333333,0.666666666666667,12,FALSE,FALSE,-0.133552631578947,-0.0963815789473684,0.133552631578947,0.207894736842105,-0.207894736842105,FALSE,FALSE,TRUE,TRUE,FALSE
8,29,"Central Power & Light","cpl.t1cons","8:29112","8:29112::cpl.t1cons","triple","29112",0.736842105263158,0.820175438596491,0.9,0.870833333333333,0.813765182186235,0.873076923076923,0.923076923076923,13,FALSE,FALSE,-0.0593117408906882,-0.0506578947368421,0.0593117408906882,0.163157894736842,-0.163157894736842,0.736842105263158,0.820175438596491,0.9,0.870833333333333,0.813765182186235,0.873076923076923,0.923076923076923,13,FALSE,FALSE,-0.0593117408906882,-0.0506578947368421,0.0593117408906882,0.163157894736842,-0.163157894736842,FALSE,FALSE,TRUE,TRUE,FALSE
8,29,"Central Power & Light","cpl.t1cons","8:29113","8:29113::cpl.t1cons","triple","29113",0.578947368421053,0.838056680161943,0.85,0.8,0.819548872180451,0.803846153846154,0.928571428571429,14,FALSE,FALSE,0.0157027183342973,0.0380566801619433,-0.0157027183342973,0.271052631578947,-0.271052631578947,0.578947368421053,0.859649122807018,0.85,0.8,0.838056680161943,0.803846153846154,0.923076923076923,13,FALSE,FALSE,0.0342105263157895,0.0596491228070175,-0.0342105263157895,0.271052631578947,-0.271052631578947,TRUE,TRUE,FALSE,TRUE,FALSE
8,29,"Central Power & Light","cpl.t1cons","8:29114","8:29114::cpl.t1cons","triple","29114",0.68421052631579,0.883040935672515,0.725,0.844444444444444,0.821862348178138,0.807692307692308,0.692307692307692,13,FALSE,FALSE,0.0141700404858299,0.0385964912280702,-0.0141700404858299,0.0407894736842105,-0.0407894736842105,0.68421052631579,0.883040935672515,0.725,0.844444444444444,0.821862348178138,0.807692307692308,0.692307692307692,13,FALSE,FALSE,0.0141700404858299,0.0385964912280702,-0.0141700404858299,0.0407894736842105,-0.0407894736842105,TRUE,TRUE,FALSE,TRUE,FALSE
8,29,"Central Power & Light","cpl.t1cons","8:29115","8:29115::cpl.t1cons","triple","29115",0.947368421052632,0.801619433198381,0.95,0.869230769230769,0.821052631578947,0.88,0.866666666666667,15,FALSE,FALSE,0.0589473684210526,0.0676113360323887,-0.0589473684210526,-0.00263157894736843,0.00263157894736843,0.947368421052632,0.801619433198381,0.95,0.869230769230769,0.821052631578947,0.88,0.866666666666667,15,FALSE,FALSE,0.0589473684210526,0.0676113360323887,-0.0589473684210526,-0.00263157894736843,0.00263157894736843,TRUE,TRUE,FALSE,FALSE,TRUE
8,29,"Central Power & Light","cpl.t1cons","8:29116","8:29116::cpl.t1cons","triple","29116",0.859649122807018,0.776315789473684,0.866666666666667,0.84375,0.799043062200957,0.85,0.727272727272727,11,FALSE,FALSE,0.050956937799043,0.0674342105263157,-0.050956937799043,-0.00701754385964903,0.00701754385964903,0.859649122807018,0.776315789473684,0.866666666666667,0.84375,0.799043062200957,0.85,0.727272727272727,11,FALSE,FALSE,0.050956937799043,0.0674342105263157,-0.050956937799043,-0.00701754385964903,0.00701754385964903,TRUE,TRUE,FALSE,FALSE,TRUE
8,29,"Central Power & Light","cpl.t1poor","8:29102","8:29102::cpl.t1poor","triple","29102",0.591666666666667,0.703125,0.833333333333333,0.802777777777778,0.672727272727273,0.810416666666667,0.75,12,FALSE,FALSE,-0.137689393939394,-0.0996527777777778,0.137689393939394,0.241666666666667,-0.241666666666667,0.591666666666667,0.703125,0.833333333333333,0.809375,0.672727272727273,0.815909090909091,0.727272727272727,11,FALSE,FALSE,-0.143181818181818,-0.10625,0.143181818181818,0.241666666666667,-0.241666666666667,FALSE,FALSE,TRUE,TRUE,FALSE
8,29,"Central Power & Light","cpl.t1poor","8:29103","8:29103::cpl.t1poor","triple","29103",0.375,0.555,0.675,0.61,0.525,0.620833333333333,0.833333333333333,12,FALSE,FALSE,-0.0958333333333333,-0.0549999999999999,0.0958333333333333,0.3,-0.3,0.375,0.555,0.675,0.61,0.525,0.620833333333333,0.833333333333333,12,FALSE,FALSE,-0.0958333333333333,-0.0549999999999999,0.0958333333333333,0.3,-0.3,FALSE,FALSE,TRUE,TRUE,FALSE
8,29,"Central Power & Light","cpl.t1poor","8:29104","8:29104::cpl.t1poor","triple","29104",0.525,0.7175,0.4,0.6825,0.7,0.656818181818182,0.909090909090909,11,FALSE,FALSE,0.0431818181818181,0.035,-0.0431818181818181,-0.125,0.125,0.525,0.7175,0.4,0.6825,0.7,0.656818181818182,0.909090909090909,11,FALSE,FALSE,0.0431818181818181,0.035,-0.0431818181818181,-0.125,0.125,TRUE,TRUE,FALSE,FALSE,TRUE
8,29,"Central Power & Light","cpl.t1poor","8:29105","8:29105::cpl.t1poor","triple","29105",0.4375,0.660714285714286,0.625,0.585714285714286,0.611111111111111,0.594444444444444,0.777777777777778,9,FALSE,FALSE,0.0166666666666667,0.075,-0.0166666666666667,0.1875,-0.1875,0.4375,0.660714285714286,0.625,0.585714285714286,0.611111111111111,0.594444444444444,0.777777777777778,9,FALSE,FALSE,0.0166666666666667,0.075,-0.0166666666666667,0.1875,-0.1875,TRUE,TRUE,FALSE,TRUE,FALSE
8,29,"Central Power & Light","cpl.t1poor","8:29106","8:29106::cpl.t1poor","triple","29106",0.416666666666667,0.638888888888889,0.466666666666667,0.572222222222222,0.583333333333333,0.545833333333333,0.75,12,FALSE,FALSE,0.0375000000000001,0.0666666666666667,-0.0375000000000001,0.0499999999999999,-0.0499999999999999,0.416666666666667,0.638888888888889,0.466666666666667,0.572222222222222,0.583333333333333,0.545833333333333,0.75,12,FALSE,FALSE,0.0375000000000001,0.0666666666666667,-0.0375000000000001,0.0499999999999999,-0.0499999999999999,TRUE,TRUE,FALSE,TRUE,FALSE
8,29,"Central Power & Light","cpl.t1poor","8:29107","8:29107::cpl.t1poor","triple","29107",0.53125,0.725,0.75625,0.667857142857143,0.654545454545455,0.7,0.636363636363636,11,FALSE,FALSE,-0.0454545454545454,0.0571428571428572,0.0454545454545454,0.225,-0.225,0.53125,0.725,0.75625,0.667857142857143,0.654545454545455,0.7,0.636363636363636,11,FALSE,FALSE,-0.0454545454545454,0.0571428571428572,0.0454545454545454,0.225,-0.225,FALSE,TRUE,TRUE,TRUE,FALSE
8,29,"Central Power & Light","cpl.t1poor","8:29108","8:29108::cpl.t1poor","triple","29108",0.6,0.685416666666667,0.775,0.5625,0.668333333333333,0.605,0.8,15,FALSE,FALSE,0.0633333333333334,0.122916666666667,-0.0633333333333334,0.175,-0.175,0.6,0.685416666666667,0.775,0.5625,0.668333333333333,0.605,0.8,15,FALSE,FALSE,0.0633333333333334,0.122916666666667,-0.0633333333333334,0.175,-0.175,TRUE,TRUE,FALSE,TRUE,FALSE
8,29,"Central Power & Light","cpl.t1poor","8:29109","8:29109::cpl.t1poor","triple","29109",0.458333333333333,0.775,0.5,0.7375,0.688636363636364,0.672727272727273,0.727272727272727,11,FALSE,FALSE,0.0159090909090909,0.0375,-0.0159090909090909,0.0416666666666667,-0.0416666666666667,0.458333333333333,0.775,0.5,0.7375,0.688636363636364,0.672727272727273,0.727272727272727,11,FALSE,FALSE,0.0159090909090909,0.0375,-0.0159090909090909,0.0416666666666667,-0.0416666666666667,TRUE,TRUE,FALSE,TRUE,FALSE
8,29,"Central Power & Light","cpl.t1poor","8:29110","8:29110::cpl.t1poor","triple","29110",0.316666666666667,0.583333333333333,0.358333333333333,0.591666666666667,0.516666666666667,0.533333333333333,0.75,12,FALSE,FALSE,-0.0166666666666666,-0.0083333333333333,0.0166666666666666,0.0416666666666667,-0.0416666666666667,0.316666666666667,0.583333333333333,0.358333333333333,0.591666666666667,0.516666666666667,0.533333333333333,0.75,12,FALSE,FALSE,-0.0166666666666666,-0.0083333333333333,0.0166666666666666,0.0416666666666667,-0.0416666666666667,FALSE,FALSE,TRUE,TRUE,FALSE
8,29,"Central Power & Light","cpl.t1poor","8:29111","8:29111::cpl.t1poor","triple","29111",0.31875,0.55625,0.2625,0.4,0.477083333333333,0.354166666666667,0.666666666666667,12,FALSE,FALSE,0.122916666666667,0.15625,-0.122916666666667,-0.05625,0.05625,0.31875,0.55625,0.2625,0.4,0.477083333333333,0.354166666666667,0.666666666666667,12,FALSE,FALSE,0.122916666666667,0.15625,-0.122916666666667,-0.05625,0.05625,TRUE,TRUE,FALSE,FALSE,TRUE
8,29,"Central Power & Light","cpl.t1poor","8:29112","8:29112::cpl.t1poor","triple","29112",0.775,0.635416666666667,0.5,0.733333333333333,0.646153846153846,0.715384615384615,0.923076923076923,13,FALSE,FALSE,0.0692307692307692,0.0979166666666667,-0.0692307692307692,0.275,-0.275,0.775,0.635416666666667,0.5,0.733333333333333,0.646153846153846,0.715384615384615,0.923076923076923,13,FALSE,FALSE,0.0692307692307692,0.0979166666666667,-0.0692307692307692,0.275,-0.275,TRUE,TRUE,FALSE,TRUE,FALSE
8,29,"Central Power & Light","cpl.t1poor","8:29113","8:29113::cpl.t1poor","triple","29113",0.425,0.64375,0.525,0.610416666666667,0.626923076923077,0.603846153846154,0.928571428571429,14,FALSE,FALSE,0.0230769230769231,0.0333333333333333,-0.0230769230769231,0.1,-0.1,0.425,0.661363636363636,0.525,0.611363636363636,0.641666666666667,0.604166666666667,0.916666666666667,12,FALSE,FALSE,0.0375000000000001,0.05,-0.0375000000000001,0.1,-0.1,TRUE,TRUE,FALSE,TRUE,FALSE
8,29,"Central Power & Light","cpl.t1poor","8:29114","8:29114::cpl.t1poor","triple","29114",0.46875,0.638888888888889,0.35625,0.605555555555556,0.586538461538462,0.528846153846154,0.692307692307692,13,FALSE,FALSE,0.0576923076923077,0.0333333333333333,-0.0576923076923077,-0.1125,0.1125,0.46875,0.638888888888889,0.35625,0.605555555555556,0.586538461538462,0.528846153846154,0.692307692307692,13,FALSE,FALSE,0.0576923076923077,0.0333333333333333,-0.0576923076923077,-0.1125,0.1125,TRUE,TRUE,FALSE,FALSE,TRUE
8,29,"Central Power & Light","cpl.t1poor","8:29115","8:29115::cpl.t1poor","triple","29115",0.55,0.717307692307692,0.825,0.730769230769231,0.695,0.743333333333333,0.866666666666667,15,FALSE,FALSE,-0.0483333333333333,-0.0134615384615384,0.0483333333333333,0.275,-0.275,0.55,0.717307692307692,0.825,0.730769230769231,0.695,0.743333333333333,0.866666666666667,15,FALSE,FALSE,-0.0483333333333333,-0.0134615384615384,0.0483333333333333,0.275,-0.275,FALSE,FALSE,TRUE,TRUE,FALSE
8,29,"Central Power & Light","cpl.t1poor","8:29116","8:29116::cpl.t1poor","triple","29116",0.575,0.709375,0.45,0.81875,0.672727272727273,0.718181818181818,0.727272727272727,11,FALSE,FALSE,-0.0454545454545454,-0.109375,0.0454545454545454,-0.125,0.125,0.575,0.709375,0.45,0.81875,0.672727272727273,0.718181818181818,0.727272727272727,11,FALSE,FALSE,-0.0454545454545454,-0.109375,0.0454545454545454,-0.125,0.125,FALSE,FALSE,TRUE,FALSE,TRUE
8,29,"Central Power & Light","cpl.t1renew","8:29102","8:29102::cpl.t1renew","triple","29102",0.75,0.8375,0.583333333333333,0.788888888888889,0.813636363636364,0.7375,0.75,12,FALSE,FALSE,0.0761363636363636,0.0486111111111112,-0.0761363636363636,-0.166666666666667,0.166666666666667,0.75,0.8375,0.583333333333333,0.79375,0.813636363636364,0.736363636363636,0.727272727272727,11,FALSE,FALSE,0.0772727272727273,0.0437500000000001,-0.0772727272727273,-0.166666666666667,0.166666666666667,TRUE,TRUE,FALSE,FALSE,TRUE
8,29,"Central Power & Light","cpl.t1renew","8:29103","8:29103::cpl.t1renew","triple","29103",0.975,0.93,0.675,0.975,0.9375,0.925,0.833333333333333,12,FALSE,FALSE,-0.0125,0.0449999999999999,0.0125,0.3,-0.3,0.975,0.93,0.675,0.975,0.9375,0.925,0.833333333333333,12,FALSE,FALSE,-0.0125,0.0449999999999999,0.0125,0.3,-0.3,FALSE,TRUE,TRUE,TRUE,FALSE
8,29,"Central Power & Light","cpl.t1renew","8:29104","8:29104::cpl.t1renew","triple","29104",0.9,0.915,0.9,0.915,0.913636363636364,0.913636363636364,0.909090909090909,11,FALSE,TRUE,0,0,0,0,0,0.9,0.915,0.9,0.915,0.913636363636364,0.913636363636364,0.909090909090909,11,FALSE,TRUE,0,0,0,0,0,FALSE,FALSE,FALSE,FALSE,FALSE
8,29,"Central Power & Light","cpl.t1renew","8:29105","8:29105::cpl.t1renew","triple","29105",0.55,0.914285714285714,0.7,0.95,0.833333333333333,0.894444444444444,0.777777777777778,9,FALSE,FALSE,-0.0611111111111111,-0.0357142857142857,0.0611111111111111,0.15,-0.15,0.55,0.914285714285714,0.7,0.95,0.833333333333333,0.894444444444444,0.777777777777778,9,FALSE,FALSE,-0.0611111111111111,-0.0357142857142857,0.0611111111111111,0.15,-0.15,FALSE,FALSE,TRUE,TRUE,FALSE
8,29,"Central Power & Light","cpl.t1renew","8:29106","8:29106::cpl.t1renew","triple","29106",0.75,0.955555555555556,0.583333333333333,0.844444444444444,0.904166666666667,0.779166666666667,0.75,12,FALSE,FALSE,0.125,0.111111111111111,-0.125,-0.166666666666667,0.166666666666667,0.75,0.955555555555556,0.583333333333333,0.844444444444444,0.904166666666667,0.779166666666667,0.75,12,FALSE,FALSE,0.125,0.111111111111111,-0.125,-0.166666666666667,0.166666666666667,TRUE,TRUE,FALSE,FALSE,TRUE
8,29,"Central Power & Light","cpl.t1renew","8:29107","8:29107::cpl.t1renew","triple","29107",0.675,1,0.7125,0.921428571428571,0.881818181818182,0.845454545454545,0.636363636363636,11,FALSE,FALSE,0.0363636363636364,0.0785714285714286,-0.0363636363636364,0.0375,-0.0375,0.675,1,0.7125,0.921428571428571,0.881818181818182,0.845454545454545,0.636363636363636,11,FALSE,FALSE,0.0363636363636364,0.0785714285714286,-0.0363636363636364,0.0375,-0.0375,TRUE,TRUE,FALSE,TRUE,FALSE
8,29,"Central Power & Light","cpl.t1renew","8:29108","8:29108::cpl.t1renew","triple","29108",0.983333333333333,0.904166666666667,0.983333333333333,0.9375,0.92,0.946666666666667,0.8,15,FALSE,FALSE,0.0266666666666666,0.0333333333333333,-0.0266666666666666,0,0,0.983333333333333,0.904166666666667,0.983333333333333,0.9375,0.92,0.946666666666667,0.8,15,FALSE,FALSE,0.0266666666666666,0.0333333333333333,-0.0266666666666666,0,0,TRUE,TRUE,FALSE,FALSE,FALSE
8,29,"Central Power & Light","cpl.t1renew","8:29109","8:29109::cpl.t1renew","triple","29109",1,0.9125,0.833333333333333,0.95,0.936363636363636,0.918181818181818,0.727272727272727,11,FALSE,FALSE,-0.0181818181818182,0.0375,0.0181818181818182,0.166666666666667,-0.166666666666667,1,0.9125,0.833333333333333,0.95,0.936363636363636,0.918181818181818,0.727272727272727,11,FALSE,FALSE,-0.0181818181818182,0.0375,0.0181818181818182,0.166666666666667,-0.166666666666667,FALSE,TRUE,TRUE,TRUE,FALSE
8,29,"Central Power & Light","cpl.t1renew","8:29110","8:29110::cpl.t1renew","triple","29110",0.65,0.75,0.566666666666667,0.8,0.725,0.741666666666667,0.75,12,FALSE,FALSE,-0.0166666666666667,-0.05,0.0166666666666667,-0.0833333333333334,0.0833333333333334,0.65,0.75,0.566666666666667,0.8,0.725,0.741666666666667,0.75,12,FALSE,FALSE,-0.0166666666666667,-0.05,0.0166666666666667,-0.0833333333333334,0.0833333333333334,FALSE,FALSE,TRUE,FALSE,TRUE
8,29,"Central Power & Light","cpl.t1renew","8:29111","8:29111::cpl.t1renew","triple","29111",0.7625,0.86875,0.75,0.8625,0.833333333333333,0.825,0.666666666666667,12,FALSE,FALSE,0.00833333333333341,0.00624999999999998,-0.00833333333333341,-0.0125,0.0125,0.7625,0.86875,0.75,0.8625,0.833333333333333,0.825,0.666666666666667,12,FALSE,FALSE,0.00833333333333341,0.00624999999999998,-0.00833333333333341,-0.0125,0.0125,TRUE,TRUE,FALSE,FALSE,TRUE
8,29,"Central Power & Light","cpl.t1renew","8:29112","8:29112::cpl.t1renew","triple","29112",0.65,0.925,1,0.941666666666667,0.903846153846154,0.946153846153846,0.923076923076923,13,FALSE,FALSE,-0.0423076923076923,-0.0166666666666666,0.0423076923076923,0.35,-0.35,0.65,0.925,1,0.941666666666667,0.903846153846154,0.946153846153846,0.923076923076923,13,FALSE,FALSE,-0.0423076923076923,-0.0166666666666666,0.0423076923076923,0.35,-0.35,FALSE,FALSE,TRUE,TRUE,FALSE
8,29,"Central Power & Light","cpl.t1renew","8:29113","8:29113::cpl.t1renew","triple","29113",0.7,0.953846153846154,0.7,0.873076923076923,0.935714285714286,0.860714285714286,0.928571428571429,14,FALSE,FALSE,0.075,0.0807692307692308,-0.075,0,0,0.7,0.953846153846154,0.7,0.873076923076923,0.935714285714286,0.860714285714286,0.928571428571429,14,FALSE,FALSE,0.075,0.0807692307692308,-0.075,0,0,TRUE,TRUE,FALSE,FALSE,FALSE
8,29,"Central Power & Light","cpl.t1renew","8:29114","8:29114::cpl.t1renew","triple","29114",0.75,0.972222222222222,0.925,0.855555555555556,0.903846153846154,0.876923076923077,0.692307692307692,13,FALSE,FALSE,0.0269230769230769,0.116666666666667,-0.0269230769230769,0.175,-0.175,0.75,0.972222222222222,0.925,0.855555555555556,0.903846153846154,0.876923076923077,0.692307692307692,13,FALSE,FALSE,0.0269230769230769,0.116666666666667,-0.0269230769230769,0.175,-0.175,TRUE,TRUE,FALSE,TRUE,FALSE
8,29,"Central Power & Light","cpl.t1renew","8:29115","8:29115::cpl.t1renew","triple","29115",0.975,0.873076923076923,0.925,0.834615384615385,0.886666666666667,0.846666666666667,0.866666666666667,15,FALSE,FALSE,-0.0399999999999999,-0.0384615384615384,0.0399999999999999,0.0499999999999999,-0.0499999999999999,0.975,0.873076923076923,0.925,0.834615384615385,0.886666666666667,0.846666666666667,0.866666666666667,15,FALSE,FALSE,-0.0399999999999999,-0.0384615384615384,0.0399999999999999,0.0499999999999999,-0.0499999999999999,FALSE,FALSE,TRUE,TRUE,FALSE
8,29,"Central Power & Light","cpl.t1renew","8:29116","8:29116::cpl.t1renew","triple","29116",0.933333333333333,0.81875,0.883333333333333,0.74375,0.85,0.781818181818182,0.727272727272727,11,FALSE,FALSE,-0.0681818181818181,-0.075,0.0681818181818181,0.05,-0.05,0.933333333333333,0.81875,0.883333333333333,0.74375,0.85,0.781818181818182,0.727272727272727,11,FALSE,FALSE,-0.0681818181818181,-0.075,0.0681818181818181,0.05,-0.05,FALSE,FALSE,TRUE,TRUE,FALSE
8,29,"Central Power & Light","cpl.t1fossil","8:29102","8:29102::cpl.t1fossil","triple","29102",0.633333333333333,0.614285714285714,0.851851851851852,0.753086419753087,0.62,0.777777777777778,0.75,12,FALSE,FALSE,0.157777777777778,0.138800705467372,-0.157777777777778,-0.218518518518519,0.218518518518519,0.633333333333333,0.614285714285714,0.851851851851852,0.80952380952381,0.62,0.822222222222222,0.7,10,FALSE,FALSE,0.202222222222222,0.195238095238095,-0.202222222222222,-0.218518518518519,0.218518518518519,TRUE,TRUE,FALSE,FALSE,TRUE
8,29,"Central Power & Light","cpl.t1fossil","8:29103","8:29103::cpl.t1fossil","triple","29103",0.6,0.68,0.555555555555555,0.511111111111111,0.666666666666667,0.518518518518518,0.833333333333333,12,FALSE,FALSE,0.148148148148148,0.168888888888889,-0.148148148148148,-0.0444444444444445,0.0444444444444445,0.6,0.68,0.555555555555555,0.511111111111111,0.666666666666667,0.518518518518518,0.833333333333333,12,FALSE,FALSE,0.148148148148148,0.168888888888889,-0.148148148148148,-0.0444444444444445,0.0444444444444445,TRUE,TRUE,FALSE,FALSE,TRUE
8,29,"Central Power & Light","cpl.t1fossil","8:29104","8:29104::cpl.t1fossil","triple","29104",0.9,0.73,0.888888888888889,0.644444444444444,0.745454545454545,0.666666666666667,0.909090909090909,11,FALSE,FALSE,-0.078787878787879,-0.0855555555555557,0.078787878787879,0.0111111111111111,-0.0111111111111111,0.9,0.73,0.888888888888889,0.644444444444444,0.745454545454545,0.666666666666667,0.909090909090909,11,FALSE,FALSE,-0.078787878787879,-0.0855555555555557,0.078787878787879,0.0111111111111111,-0.0111111111111111,FALSE,FALSE,TRUE,TRUE,FALSE
8,29,"Central Power & Light","cpl.t1fossil","8:29105","8:29105::cpl.t1fossil","triple","29105",0.3,0.728571428571429,0.611111111111111,0.682539682539683,0.633333333333333,0.666666666666667,0.777777777777778,9,FALSE,FALSE,-0.0333333333333333,0.046031746031746,0.0333333333333333,0.311111111111111,-0.311111111111111,0.3,0.728571428571429,0.611111111111111,0.682539682539683,0.633333333333333,0.666666666666667,0.777777777777778,9,FALSE,FALSE,-0.0333333333333333,0.046031746031746,0.0333333333333333,0.311111111111111,-0.311111111111111,FALSE,TRUE,TRUE,TRUE,FALSE
8,29,"Central Power & Light","cpl.t1fossil","8:29106","8:29106::cpl.t1fossil","triple","29106",0.7,0.6375,0.555555555555556,0.361111111111111,0.654545454545455,0.414141414141414,0.75,12,FALSE,FALSE,-0.24040404040404,-0.276388888888889,0.24040404040404,0.144444444444444,-0.144444444444444,0.7,0.6,0.555555555555556,0.349206349206349,0.63,0.411111111111111,0.7,10,FALSE,FALSE,-0.218888888888889,-0.250793650793651,0.218888888888889,0.144444444444444,-0.144444444444444,FALSE,FALSE,TRUE,TRUE,FALSE
8,29,"Central Power & Light","cpl.t1fossil","8:29107","8:29107::cpl.t1fossil","triple","29107",0.65,0.742857142857143,0.694444444444445,0.746031746031746,0.709090909090909,0.727272727272727,0.636363636363636,11,FALSE,FALSE,-0.0181818181818183,-0.00317460317460327,0.0181818181818183,0.0444444444444447,-0.0444444444444447,0.65,0.742857142857143,0.694444444444445,0.746031746031746,0.709090909090909,0.727272727272727,0.636363636363636,11,FALSE,FALSE,-0.0181818181818183,-0.00317460317460327,0.0181818181818183,0.0444444444444447,-0.0444444444444447,FALSE,FALSE,TRUE,TRUE,FALSE
8,29,"Central Power & Light","cpl.t1fossil","8:29108","8:29108::cpl.t1fossil","triple","29108",0.666666666666667,0.733333333333333,0.666666666666667,0.712962962962963,0.72,0.703703703703704,0.8,15,FALSE,FALSE,0.0162962962962963,0.0203703703703705,-0.0162962962962963,0,0,0.666666666666667,0.733333333333333,0.666666666666667,0.712962962962963,0.72,0.703703703703704,0.8,15,FALSE,FALSE,0.0162962962962963,0.0203703703703705,-0.0162962962962963,0,0,TRUE,TRUE,FALSE,FALSE,FALSE
8,29,"Central Power & Light","cpl.t1fossil","8:29109","8:29109::cpl.t1fossil","triple","29109",0.566666666666667,0.5125,0.740740740740741,0.708333333333333,0.527272727272727,0.717171717171717,0.727272727272727,11,FALSE,FALSE,0.18989898989899,0.195833333333333,-0.18989898989899,-0.174074074074074,0.174074074074074,0.566666666666667,0.5125,0.740740740740741,0.708333333333333,0.527272727272727,0.717171717171717,0.727272727272727,11,FALSE,FALSE,0.18989898989899,0.195833333333333,-0.18989898989899,-0.174074074074074,0.174074074074074,TRUE,TRUE,FALSE,FALSE,TRUE
8,29,"Central Power & Light","cpl.t1fossil","8:29110","8:29110::cpl.t1fossil","triple","29110",0.633333333333333,0.744444444444444,0.888888888888889,0.814814814814815,0.716666666666667,0.833333333333333,0.75,12,FALSE,FALSE,-0.116666666666667,-0.0703703703703703,0.116666666666667,0.255555555555556,-0.255555555555556,0.633333333333333,0.744444444444444,0.888888888888889,0.814814814814815,0.716666666666667,0.833333333333333,0.75,12,FALSE,FALSE,-0.116666666666667,-0.0703703703703703,0.116666666666667,0.255555555555556,-0.255555555555556,FALSE,FALSE,TRUE,TRUE,FALSE
8,29,"Central Power & Light","cpl.t1fossil","8:29111","8:29111::cpl.t1fossil","triple","29111",0.575,0.6375,0.527777777777778,0.666666666666667,0.616666666666667,0.62037037037037,0.666666666666667,12,FALSE,FALSE,-0.00370370370370365,-0.0291666666666668,0.00370370370370365,-0.0472222222222223,0.0472222222222223,0.575,0.6375,0.527777777777778,0.666666666666667,0.616666666666667,0.62037037037037,0.666666666666667,12,FALSE,FALSE,-0.00370370370370365,-0.0291666666666668,0.00370370370370365,-0.0472222222222223,0.0472222222222223,FALSE,FALSE,TRUE,FALSE,TRUE
8,29,"Central Power & Light","cpl.t1fossil","8:29112","8:29112::cpl.t1fossil","triple","29112",0.7,0.691666666666667,0.888888888888889,0.805555555555556,0.692307692307692,0.811965811965812,0.923076923076923,13,FALSE,FALSE,0.11965811965812,0.113888888888889,-0.11965811965812,-0.188888888888889,0.188888888888889,0.7,0.691666666666667,0.888888888888889,0.805555555555556,0.692307692307692,0.811965811965812,0.923076923076923,13,FALSE,FALSE,0.11965811965812,0.113888888888889,-0.11965811965812,-0.188888888888889,0.188888888888889,TRUE,TRUE,FALSE,FALSE,TRUE
8,29,"Central Power & Light","cpl.t1fossil","8:29113","8:29113::cpl.t1fossil","triple","29113",0.7,0.622222222222222,0.666666666666667,0.685185185185185,0.63,0.683760683760684,0.928571428571429,14,FALSE,FALSE,0.0537606837606838,0.0629629629629629,-0.0537606837606838,0.033333333333333,-0.033333333333333,0.7,0.622222222222222,0.666666666666667,0.654320987654321,0.63,0.655555555555555,0.9,10,FALSE,FALSE,0.0255555555555554,0.0320987654320987,-0.0255555555555554,0.033333333333333,-0.033333333333333,TRUE,TRUE,FALSE,TRUE,FALSE
8,29,"Central Power & Light","cpl.t1fossil","8:29114","8:29114::cpl.t1fossil","triple","29114",0.3,0.757142857142857,0.638888888888889,0.814814814814815,0.62,0.760683760683761,0.692307692307692,13,FALSE,FALSE,-0.140683760683761,-0.0576719576719577,0.140683760683761,0.338888888888889,-0.338888888888889,0.3,0.757142857142857,0.518518518518518,0.841269841269841,0.62,0.744444444444444,0.7,10,FALSE,FALSE,-0.124444444444444,-0.0841269841269842,0.124444444444444,0.218518518518518,-0.218518518518518,FALSE,FALSE,TRUE,TRUE,FALSE
8,29,"Central Power & Light","cpl.t1fossil","8:29115","8:29115::cpl.t1fossil","triple","29115",0.9,0.746153846153846,0.722222222222223,0.88034188034188,0.766666666666667,0.859259259259259,0.866666666666667,15,FALSE,FALSE,0.0925925925925926,0.134188034188034,-0.0925925925925926,0.177777777777777,-0.177777777777777,0.9,0.746153846153846,0.722222222222223,0.88034188034188,0.766666666666667,0.859259259259259,0.866666666666667,15,FALSE,FALSE,0.0925925925925926,0.134188034188034,-0.0925925925925926,0.177777777777777,-0.177777777777777,TRUE,TRUE,FALSE,TRUE,FALSE
8,29,"Central Power & Light","cpl.t1fossil","8:29116","8:29116::cpl.t1fossil","triple","29116",0.666666666666667,0.716666666666667,0.740740740740741,0.680555555555556,0.7,0.696969696969697,0.727272727272727,11,FALSE,FALSE,0.00303030303030294,0.0361111111111111,-0.00303030303030294,0.0740740740740741,-0.0740740740740741,0.666666666666667,0.716666666666667,0.740740740740741,0.722222222222222,0.7,0.728395061728395,0.666666666666667,9,FALSE,FALSE,-0.0283950617283951,-0.00555555555555565,0.0283950617283951,0.0740740740740741,-0.0740740740740741,TRUE,TRUE,FALSE,TRUE,FALSE
8,29,"Central Power & Light","cpl.t1buypwr","8:29102","8:29102::cpl.t1buypwr","triple","29102",0.5,0.5875,0.633333333333333,0.533333333333333,0.563636363636364,0.558333333333333,0.75,12,FALSE,FALSE,0.00530303030303025,0.0541666666666667,-0.00530303030303025,0.133333333333333,-0.133333333333333,0.5,0.5875,0.633333333333333,0.5625,0.563636363636364,0.581818181818182,0.727272727272727,11,FALSE,FALSE,-0.0181818181818182,0.025,0.0181818181818182,0.133333333333333,-0.133333333333333,TRUE,TRUE,FALSE,TRUE,FALSE
8,29,"Central Power & Light","cpl.t1buypwr","8:29103","8:29103::cpl.t1buypwr","triple","29103",0.2,0.46,0.7,0.44,0.436363636363636,0.483333333333333,0.833333333333333,12,FALSE,FALSE,-0.046969696969697,0.02,0.046969696969697,0.5,-0.5,0.2,0.46,0.9,0.44,0.436363636363636,0.481818181818182,0.909090909090909,11,FALSE,FALSE,-0.0454545454545455,0.02,0.0454545454545455,0.7,-0.7,FALSE,TRUE,TRUE,TRUE,FALSE
8,29,"Central Power & Light","cpl.t1buypwr","8:29104","8:29104::cpl.t1buypwr","triple","29104",0,0.533333333333333,0.7,0.43,0.48,0.454545454545455,0.909090909090909,11,FALSE,FALSE,0.0254545454545455,0.103333333333333,-0.0254545454545455,0.7,-0.7,0,0.533333333333333,0.7,0.377777777777778,0.48,0.41,0.9,10,FALSE,FALSE,0.07,0.155555555555556,-0.07,0.7,-0.7,TRUE,TRUE,FALSE,TRUE,FALSE
8,29,"Central Power & Light","cpl.t1buypwr","8:29105","8:29105::cpl.t1buypwr","triple","29105",0.9,0.557142857142857,0.65,0.814285714285714,0.633333333333333,0.777777777777778,0.777777777777778,9,FALSE,FALSE,0.144444444444444,0.257142857142857,-0.144444444444444,0.25,-0.25,0.9,0.557142857142857,0.65,0.814285714285714,0.633333333333333,0.777777777777778,0.777777777777778,9,FALSE,FALSE,0.144444444444444,0.257142857142857,-0.144444444444444,0.25,-0.25,TRUE,TRUE,FALSE,TRUE,FALSE
8,29,"Central Power & Light","cpl.t1buypwr","8:29106","8:29106::cpl.t1buypwr","triple","29106",0.65,0.455555555555556,0.966666666666667,0.7125,0.490909090909091,0.781818181818182,0.75,12,FALSE,FALSE,0.290909090909091,0.256944444444444,-0.290909090909091,-0.316666666666667,0.316666666666667,0.65,0.4125,0.95,0.7125,0.46,0.76,0.8,10,FALSE,FALSE,0.3,0.3,-0.3,-0.3,0.3,TRUE,TRUE,FALSE,FALSE,TRUE
8,29,"Central Power & Light","cpl.t1buypwr","8:29107","8:29107::cpl.t1buypwr","triple","29107",0.375,0.385714285714286,0.35,0.428571428571429,0.381818181818182,0.4,0.636363636363636,11,FALSE,FALSE,-0.0181818181818182,-0.0428571428571428,0.0181818181818182,-0.025,0.025,0.375,0.385714285714286,0.35,0.428571428571429,0.381818181818182,0.4,0.636363636363636,11,FALSE,FALSE,-0.0181818181818182,-0.0428571428571428,0.0181818181818182,-0.025,0.025,FALSE,FALSE,TRUE,FALSE,TRUE
8,29,"Central Power & Light","cpl.t1buypwr","8:29108","8:29108::cpl.t1buypwr","triple","29108",0.266666666666667,0.391666666666667,0.766666666666667,0.533333333333333,0.366666666666667,0.58,0.8,15,FALSE,FALSE,-0.213333333333333,-0.141666666666667,0.213333333333333,0.5,-0.5,0.266666666666667,0.391666666666667,0.766666666666667,0.533333333333333,0.366666666666667,0.58,0.8,15,FALSE,FALSE,-0.213333333333333,-0.141666666666667,0.213333333333333,0.5,-0.5,FALSE,FALSE,TRUE,TRUE,FALSE
8,29,"Central Power & Light","cpl.t1buypwr","8:29109","8:29109::cpl.t1buypwr","triple","29109",0.233333333333333,0.475,0.633333333333333,0.6,0.409090909090909,0.609090909090909,0.727272727272727,11,FALSE,FALSE,-0.2,-0.125,0.2,0.4,-0.4,0.233333333333333,0.475,0.633333333333333,0.6,0.409090909090909,0.609090909090909,0.727272727272727,11,FALSE,FALSE,-0.2,-0.125,0.2,0.4,-0.4,FALSE,FALSE,TRUE,TRUE,FALSE
8,29,"Central Power & Light","cpl.t1buypwr","8:29110","8:29110::cpl.t1buypwr","triple","29110",0.433333333333333,0.35,0.4,0.411111111111111,0.372727272727273,0.408333333333333,0.75,12,FALSE,FALSE,0.0356060606060606,0.0611111111111111,-0.0356060606060606,0.0333333333333334,-0.0333333333333334,0.433333333333333,0.35,0.4,0.375,0.372727272727273,0.381818181818182,0.727272727272727,11,FALSE,FALSE,0.00909090909090909,0.025,-0.00909090909090909,0.0333333333333334,-0.0333333333333334,TRUE,TRUE,FALSE,TRUE,FALSE
8,29,"Central Power & Light","cpl.t1buypwr","8:29111","8:29111::cpl.t1buypwr","triple","29111",0.525,0.4375,0.7,0.375,0.466666666666667,0.483333333333333,0.666666666666667,12,FALSE,FALSE,0.0166666666666667,-0.0625,-0.0166666666666667,-0.175,0.175,0.525,0.4375,0.7,0.375,0.466666666666667,0.483333333333333,0.666666666666667,12,FALSE,FALSE,0.0166666666666667,-0.0625,-0.0166666666666667,-0.175,0.175,TRUE,FALSE,FALSE,FALSE,TRUE
8,29,"Central Power & Light","cpl.t1buypwr","8:29112","8:29112::cpl.t1buypwr","triple","29112",0.8,0.475,0.8,0.483333333333333,0.5,0.507692307692308,0.923076923076923,13,FALSE,FALSE,0.00769230769230766,0.00833333333333336,-0.00769230769230766,0,0,0.8,0.475,0.8,0.483333333333333,0.5,0.507692307692308,0.923076923076923,13,FALSE,FALSE,0.00769230769230766,0.00833333333333336,-0.00769230769230766,0,0,TRUE,TRUE,FALSE,FALSE,FALSE
8,29,"Central Power & Light","cpl.t1buypwr","8:29113","8:29113::cpl.t1buypwr","triple","29113",0.5,0.488888888888889,0.4,0.316666666666667,0.49,0.323076923076923,0.928571428571429,14,FALSE,FALSE,-0.166923076923077,-0.172222222222222,0.166923076923077,0.1,-0.1,0.5,0.55,0.4,0.3375,0.544444444444444,0.344444444444444,0.888888888888889,9,FALSE,FALSE,0.2,0.2125,-0.2,-0.1,0.1,FALSE,FALSE,TRUE,TRUE,FALSE
8,29,"Central Power & Light","cpl.t1buypwr","8:29114","8:29114::cpl.t1buypwr","triple","29114",0.4,0.411111111111111,0.125,0.344444444444444,0.407692307692308,0.276923076923077,0.692307692307692,13,FALSE,FALSE,0.130769230769231,0.0666666666666667,-0.130769230769231,-0.275,0.275,0.4,0.411111111111111,0.125,0.344444444444444,0.407692307692308,0.276923076923077,0.692307692307692,13,FALSE,FALSE,0.130769230769231,0.0666666666666667,-0.130769230769231,-0.275,0.275,TRUE,TRUE,FALSE,FALSE,TRUE
8,29,"Central Power & Light","cpl.t1buypwr","8:29115","8:29115::cpl.t1buypwr","triple","29115",0.25,0.418181818181818,0.55,0.538461538461538,0.392307692307692,0.54,0.866666666666667,15,FALSE,FALSE,-0.147692307692308,-0.12027972027972,0.147692307692308,0.3,-0.3,0.25,0.418181818181818,0.55,0.536363636363636,0.392307692307692,0.538461538461538,0.846153846153846,13,FALSE,FALSE,-0.146153846153846,-0.118181818181818,0.146153846153846,0.3,-0.3,FALSE,FALSE,TRUE,TRUE,FALSE
8,29,"Central Power & Light","cpl.t1buypwr","8:29116","8:29116::cpl.t1buypwr","triple","29116",0.633333333333333,0.4,0.766666666666667,0.425,0.47,0.518181818181818,0.727272727272727,11,FALSE,FALSE,0.0481818181818182,0.025,-0.0481818181818182,-0.133333333333333,0.133333333333333,0.633333333333333,0.4,0.766666666666667,0.371428571428571,0.47,0.49,0.7,10,FALSE,FALSE,0.02,-0.0285714285714286,-0.02,-0.133333333333333,0.133333333333333,TRUE,TRUE,FALSE,FALSE,TRUE
10,53,"Bulgarian National","bulgaria.bulgaria.t1tghpc","10:5303","10:5303::bulgaria.bulgaria.t1tghpc","triple","5303",0.5,0.729166666666667,0.916666686534882,0.739583331346512,0.711538461538462,0.755681818181818,0.923076923076923,13,FALSE,FALSE,-0.0441433566433567,-0.0104166646798451,0.0441433566433567,0.416666686534882,-0.416666686534882,0.5,0.775,0.916666686534882,0.739583331346512,0.75,0.755681818181818,0.909090909090909,11,FALSE,FALSE,-0.00568181818181823,0.0354166686534882,0.00568181818181823,0.416666686534882,-0.416666686534882,FALSE,FALSE,TRUE,TRUE,FALSE
10,53,"Bulgarian National","bulgaria.bulgaria.t1tghpc","10:5304","10:5304::bulgaria.bulgaria.t1tghpc","triple","5304",0.25,0.742559522390366,0.4375,0.605769230769231,0.709722220897675,0.59375,0.933333333333333,15,FALSE,FALSE,0.115972220897675,0.136790291621135,-0.115972220897675,0.1875,-0.1875,0.25,0.756410254881932,0.4375,0.605769230769231,0.720238093818937,0.59375,0.928571428571429,14,FALSE,FALSE,0.126488093818937,0.150641024112701,-0.126488093818937,0.1875,-0.1875,TRUE,TRUE,FALSE,TRUE,FALSE
10,53,"Bulgarian National","bulgaria.bulgaria.t1tghpc","10:5305","10:5305::bulgaria.bulgaria.t1tghpc","triple","5305",0.625,0.869444445768992,0.5,0.857142857142857,0.85416666790843,0.833333333333333,0.9375,16,FALSE,FALSE,0.0208333345750967,0.0123015886261351,-0.0208333345750967,-0.125,0.125,0.625,0.860119049038206,0.5,0.857142857142857,0.844444445768992,0.833333333333333,0.933333333333333,15,FALSE,FALSE,0.0111111124356588,0.00297619189534881,-0.0111111124356588,-0.125,0.125,TRUE,TRUE,FALSE,FALSE,TRUE
10,53,"Bulgarian National","bulgaria.bulgaria.t1tghpc","10:5306","10:5306::bulgaria.bulgaria.t1tghpc","triple","5306",0.6875,0.77213541790843,0.25,0.5390625,0.767156863913817,0.522058823529412,0.941176470588235,17,FALSE,FALSE,0.245098040384405,0.23307291790843,-0.245098040384405,-0.4375,0.4375,0.6875,0.77213541790843,0.25,0.5390625,0.767156863913817,0.522058823529412,0.941176470588235,17,FALSE,FALSE,0.245098040384405,0.23307291790843,-0.245098040384405,-0.4375,0.4375,TRUE,TRUE,FALSE,FALSE,TRUE
10,53,"Bulgarian National","bulgaria.bulgaria.t1tghpc","10:5307","10:5307::bulgaria.bulgaria.t1tghpc","triple","5307",0.75,0.875,0.375,0.675595238804817,0.866666666666667,0.655555556217829,0.933333333333333,15,FALSE,FALSE,0.211111110448837,0.199404761195183,-0.211111110448837,-0.375,0.375,0.75,0.875,0.375,0.675595238804817,0.866666666666667,0.655555556217829,0.933333333333333,15,FALSE,FALSE,0.211111110448837,0.199404761195183,-0.211111110448837,-0.375,0.375,TRUE,TRUE,FALSE,FALSE,TRUE
10,53,"Bulgarian National","bulgaria.bulgaria.t1tghpc","10:5310","10:5310::bulgaria.bulgaria.t1tghpc","triple","5310",0.625,0.779166666666667,0.3125,0.670833333333333,0.76953125,0.6484375,0.9375,16,FALSE,FALSE,0.12109375,0.108333333333333,-0.12109375,-0.3125,0.3125,0.625,0.779166666666667,0.3125,0.670833333333333,0.76953125,0.6484375,0.9375,16,FALSE,FALSE,0.12109375,0.108333333333333,-0.12109375,-0.3125,0.3125,TRUE,TRUE,FALSE,FALSE,TRUE
10,53,"Bulgarian National","bulgaria.bulgaria.t1tghpc","10:5311","10:5311::bulgaria.bulgaria.t1tghpc","triple","5311",0.59375,0.794642857142857,0.34375,0.529761907245432,0.76953125,0.506510418839753,0.875,16,FALSE,FALSE,0.263020831160247,0.264880949897425,-0.263020831160247,-0.25,0.25,0.59375,0.794642857142857,0.34375,0.529761907245432,0.76953125,0.506510418839753,0.875,16,FALSE,FALSE,0.263020831160247,0.264880949897425,-0.263020831160247,-0.25,0.25,TRUE,TRUE,FALSE,FALSE,TRUE
10,53,"Bulgarian National","bulgaria.bulgaria.t1tghpc","10:5312","10:5312::bulgaria.bulgaria.t1tghpc","triple","5312",0.6875,0.878205129733452,0.8125,0.596153846153846,0.852777779102325,0.625,0.866666666666667,15,FALSE,FALSE,0.227777779102325,0.282051283579606,-0.227777779102325,0.125,-0.125,0.6875,0.878205129733452,0.8125,0.596153846153846,0.852777779102325,0.625,0.866666666666667,15,FALSE,FALSE,0.227777779102325,0.282051283579606,-0.227777779102325,0.125,-0.125,TRUE,TRUE,FALSE,TRUE,FALSE
10,53,"Bulgarian National","bulgaria.bulgaria.t1tghpc","10:5313","10:5313::bulgaria.bulgaria.t1tghpc","triple","5313",0.75,0.80514705882353,0.375,0.56372548902736,0.802083333333333,0.553240739636951,0.944444444444444,18,FALSE,FALSE,0.248842593696382,0.24142156979617,-0.248842593696382,-0.375,0.375,0.75,0.80514705882353,0.375,0.56372548902736,0.802083333333333,0.553240739636951,0.944444444444444,18,FALSE,FALSE,0.248842593696382,0.24142156979617,-0.248842593696382,-0.375,0.375,TRUE,TRUE,FALSE,FALSE,TRUE
10,53,"Bulgarian National","bulgaria.bulgaria.t1tghpc","10:5314","10:5314::bulgaria.bulgaria.t1tghpc","triple","5314",0.8125,0.864583334752492,0.5625,0.7875,0.861111112435659,0.7734375,0.9375,16,FALSE,FALSE,0.0876736124356589,0.0770833347524916,-0.0876736124356589,-0.25,0.25,0.8125,0.864583334752492,0.5625,0.790178571428571,0.861111112435659,0.775,0.933333333333333,15,FALSE,FALSE,0.0861111124356588,0.0744047633239202,-0.0861111124356588,-0.25,0.25,TRUE,TRUE,FALSE,FALSE,TRUE
10,53,"Bulgarian National","bulgaria.bulgaria.t1tghpc","10:5317","10:5317::bulgaria.bulgaria.t1tghpc","triple","5317",0.78125,0.822916665247508,0.6875,0.596726189766611,0.81770833209157,0.608072916045785,0.875,16,FALSE,FALSE,0.209635416045785,0.226190475480897,-0.209635416045785,-0.09375,0.09375,0.78125,0.822916665247508,0.6875,0.596726189766611,0.81770833209157,0.608072916045785,0.875,16,FALSE,FALSE,0.209635416045785,0.226190475480897,-0.209635416045785,-0.09375,0.09375,TRUE,TRUE,FALSE,FALSE,TRUE
10,53,"Bulgarian National","bulgaria.bulgaria.t1clibe","10:5303","10:5303::bulgaria.bulgaria.t1clibe","triple","5303",1,0.480555556714535,0.800000011920929,0.464583337617417,0.520512821582647,0.490384620256149,0.923076923076923,13,FALSE,FALSE,-0.0301282013264986,-0.0159722190971176,0.0301282013264986,0.199999988079071,-0.199999988079071,1,0.480555556714535,0.800000011920929,0.464583337617417,0.520512821582647,0.490384620256149,0.923076923076923,13,FALSE,FALSE,-0.0301282013264986,-0.0159722190971176,0.0301282013264986,0.199999988079071,-0.199999988079071,FALSE,FALSE,TRUE,TRUE,FALSE
10,53,"Bulgarian National","bulgaria.bulgaria.t1clibe","10:5304","10:5304::bulgaria.bulgaria.t1clibe","triple","5304",0.100000001490116,0.419940482825041,0.300000011920929,0.48044870994412,0.398611117402712,0.467559517228178,0.933333333333333,15,FALSE,FALSE,-0.0689483998254652,-0.060508227119079,0.0689483998254652,0.200000010430813,-0.200000010430813,0.100000001490116,0.428205135350044,0.300000011920929,0.48044870994412,0.404761911502906,0.467559517228178,0.928571428571429,14,FALSE,FALSE,-0.0627976057252714,-0.0522435745940759,0.0627976057252714,0.200000010430813,-0.200000010430813,FALSE,FALSE,TRUE,TRUE,FALSE
10,53,"Bulgarian National","bulgaria.bulgaria.t1clibe","10:5305","10:5305::bulgaria.bulgaria.t1clibe","triple","5305",0.200000002980232,0.478611115614573,0.25,0.603611112137636,0.461197921074927,0.581510417629033,0.9375,16,FALSE,FALSE,-0.120312496554107,-0.124999996523062,0.120312496554107,0.049999997019768,-0.049999997019768,0.200000002980232,0.478611115614573,0.25,0.603611112137636,0.461197921074927,0.581510417629033,0.9375,16,FALSE,FALSE,-0.120312496554107,-0.124999996523062,0.120312496554107,0.049999997019768,-0.049999997019768,FALSE,FALSE,TRUE,TRUE,FALSE
10,53,"Bulgarian National","bulgaria.bulgaria.t1clibe","10:5306","10:5306::bulgaria.bulgaria.t1clibe","triple","5306",0.550000011920929,0.402343753958121,0.349999994039536,0.340625000884757,0.411029416191227,0.341176471070332,0.941176470588235,17,FALSE,FALSE,-0.0698529451208955,-0.0617187530733644,0.0698529451208955,0.200000017881393,-0.200000017881393,0.550000011920929,0.402343753958121,0.349999994039536,0.340625000884757,0.411029416191227,0.341176471070332,0.941176470588235,17,FALSE,FALSE,-0.0698529451208955,-0.0617187530733644,0.0698529451208955,0.200000017881393,-0.200000017881393,FALSE,FALSE,TRUE,TRUE,FALSE
10,53,"Bulgarian National","bulgaria.bulgaria.t1clibe","10:5307","10:5307::bulgaria.bulgaria.t1clibe","triple","5307",0.150000005960465,0.48779762137149,0.300000011920929,0.346428577389036,0.465277780344089,0.343333339691162,0.933333333333333,15,FALSE,FALSE,0.121944440652927,0.141369043982455,-0.121944440652927,0.150000005960464,-0.150000005960464,0.150000005960465,0.48779762137149,0.300000011920929,0.346428577389036,0.465277780344089,0.343333339691162,0.933333333333333,15,FALSE,FALSE,0.121944440652927,0.141369043982455,-0.121944440652927,0.150000005960464,-0.150000005960464,TRUE,TRUE,FALSE,TRUE,FALSE
10,53,"Bulgarian National","bulgaria.bulgaria.t1clibe","10:5310","10:5310::bulgaria.bulgaria.t1clibe","triple","5310",0.400000005960464,0.511111111442248,0.100000001490116,0.32767857318478,0.504166667349636,0.312500001738469,0.9375,16,FALSE,FALSE,0.191666665611168,0.183432538257468,-0.191666665611168,-0.300000004470348,0.300000004470348,0.400000005960464,0.547619047973837,0.100000001490116,0.32767857318478,0.537777778506279,0.312500001738469,0.933333333333333,15,FALSE,FALSE,0.22527777676781,0.219940474789057,-0.22527777676781,-0.300000004470348,0.300000004470348,TRUE,TRUE,FALSE,FALSE,TRUE
10,53,"Bulgarian National","bulgaria.bulgaria.t1clibe","10:5311","10:5311::bulgaria.bulgaria.t1clibe","triple","5311",0.100000001490116,0.441071429156831,0.150000005960465,0.377678572067193,0.398437500698492,0.349218751303852,0.875,16,FALSE,FALSE,0.0492187493946402,0.0633928570896385,-0.0492187493946402,0.0500000044703485,-0.0500000044703485,0.100000001490116,0.441071429156831,0.150000005960465,0.377678572067193,0.398437500698492,0.349218751303852,0.875,16,FALSE,FALSE,0.0492187493946402,0.0633928570896385,-0.0492187493946402,0.0500000044703485,-0.0500000044703485,TRUE,TRUE,FALSE,TRUE,FALSE
10,53,"Bulgarian National","bulgaria.bulgaria.t1clibe","10:5312","10:5312::bulgaria.bulgaria.t1clibe","triple","5312",0.375,0.47980769437093,0.424999989569187,0.400000001375492,0.465833335121473,0.403333333134651,0.866666666666667,15,FALSE,FALSE,0.0625000019868215,0.0798076929954382,-0.0625000019868215,0.049999989569187,-0.049999989569187,0.375,0.47980769437093,0.424999989569187,0.400000001375492,0.465833335121473,0.403333333134651,0.866666666666667,15,FALSE,FALSE,0.0625000019868215,0.0798076929954382,-0.0625000019868215,0.049999989569187,-0.049999989569187,TRUE,TRUE,FALSE,TRUE,FALSE
10,53,"Bulgarian National","bulgaria.bulgaria.t1clibe","10:5313","10:5313::bulgaria.bulgaria.t1clibe","triple","5313",0.349999994039536,0.555147057070452,0.300000011920929,0.496323527001283,0.543749998013178,0.485416665052374,0.944444444444444,18,FALSE,FALSE,0.0583333329608042,0.0588235300691687,-0.0583333329608042,-0.049999982118607,0.049999982118607,0.349999994039536,0.555147057070452,0.300000011920929,0.496323527001283,0.543749998013178,0.485416665052374,0.944444444444444,18,FALSE,FALSE,0.0583333329608042,0.0588235300691687,-0.0583333329608042,-0.049999982118607,0.049999982118607,TRUE,TRUE,FALSE,FALSE,TRUE
10,53,"Bulgarian National","bulgaria.bulgaria.t1clibe","10:5314","10:5314::bulgaria.bulgaria.t1clibe","triple","5314",0.300000011920929,0.485000005364418,0.200000002980232,0.505000005414089,0.4734375057742,0.485937505261973,0.9375,16,FALSE,FALSE,-0.0124999994877726,-0.0200000000496706,0.0124999994877726,-0.100000008940697,0.100000008940697,0.300000011920929,0.485000005364418,0.200000002980232,0.505000005414089,0.4734375057742,0.485937505261973,0.9375,16,FALSE,FALSE,-0.0124999994877726,-0.0200000000496706,0.0124999994877726,-0.100000008940697,0.100000008940697,FALSE,FALSE,TRUE,FALSE,TRUE
10,53,"Bulgarian National","bulgaria.bulgaria.t1clibe","10:5317","10:5317::bulgaria.bulgaria.t1clibe","triple","5317",0.125,0.510714290397508,0.400000013411045,0.510714290397508,0.462500004097819,0.4968750057742,0.875,16,FALSE,FALSE,-0.0343750016763805,0,0.0343750016763805,0.275000013411045,-0.275000013411045,0.125,0.510714290397508,0.400000013411045,0.510714290397508,0.462500004097819,0.4968750057742,0.875,16,FALSE,FALSE,-0.0343750016763805,0,0.0343750016763805,0.275000013411045,-0.275000013411045,FALSE,FALSE,TRUE,TRUE,FALSE
10,53,"Bulgarian National","bulgaria.bulgaria.t1q8_7","10:5303","10:5303::bulgaria.bulgaria.t1q8_7","triple","5303",1,0.568181818181818,0.75,0.666666666666667,0.604166666666667,0.675,0.923076923076923,13,FALSE,FALSE,0.0708333333333334,0.0984848484848484,-0.0708333333333334,0.25,-0.25,1,0.5625,0.75,0.625,0.611111111111111,0.638888888888889,0.888888888888889,9,FALSE,FALSE,0.0277777777777777,0.0625,-0.0277777777777777,0.25,-0.25,TRUE,TRUE,FALSE,TRUE,FALSE
10,53,"Bulgarian National","bulgaria.bulgaria.t1q8_7","10:5304","10:5304::bulgaria.bulgaria.t1q8_7","triple","5304",0.75,0.732142857142857,0.5,0.5625,0.733333333333333,0.557692307692308,0.933333333333333,15,FALSE,FALSE,-0.175641025641026,-0.169642857142857,0.175641025641026,0.25,-0.25,0.75,0.708333333333333,0.5,0.5625,0.711538461538462,0.557692307692308,0.923076923076923,13,FALSE,FALSE,-0.153846153846154,-0.145833333333333,0.153846153846154,0.25,-0.25,FALSE,FALSE,TRUE,TRUE,FALSE
10,53,"Bulgarian National","bulgaria.bulgaria.t1q8_7","10:5305","10:5305::bulgaria.bulgaria.t1q8_7","triple","5305",0.75,0.730769230769231,0.5,0.727272727272727,0.732142857142857,0.708333333333333,0.9375,16,FALSE,FALSE,-0.0238095238095237,-0.00349650349650343,0.0238095238095237,0.25,-0.25,0.75,0.722222222222222,0.5,0.75,0.725,0.725,0.9,10,FALSE,TRUE,0,0.0277777777777778,0,0.25,-0.25,FALSE,FALSE,TRUE,TRUE,FALSE
10,53,"Bulgarian National","bulgaria.bulgaria.t1q8_7","10:5306","10:5306::bulgaria.bulgaria.t1q8_7","triple","5306",1,0.6875,0,0.6,0.705882352941177,0.5625,0.941176470588235,17,FALSE,FALSE,-0.143382352941177,-0.0875,0.143382352941177,1,-1,1,0.733333333333333,0,0.6,0.75,0.5625,0.9375,16,FALSE,FALSE,-0.1875,-0.133333333333333,0.1875,1,-1,FALSE,FALSE,TRUE,TRUE,FALSE
10,53,"Bulgarian National","bulgaria.bulgaria.t1q8_7","10:5307","10:5307::bulgaria.bulgaria.t1q8_7","triple","5307",0.5,0.75,0.75,0.596153846153846,0.732142857142857,0.607142857142857,0.933333333333333,15,FALSE,FALSE,0.125,0.153846153846154,-0.125,0.25,-0.25,0.5,0.729166666666667,0.75,0.604166666666667,0.711538461538462,0.615384615384615,0.923076923076923,13,FALSE,FALSE,0.0961538461538461,0.125,-0.0961538461538461,0.25,-0.25,TRUE,TRUE,FALSE,TRUE,FALSE
10,53,"Bulgarian National","bulgaria.bulgaria.t1q8_7","10:5310","10:5310::bulgaria.bulgaria.t1q8_7","triple","5310",1,0.732142857142857,0,0.708333333333333,0.75,0.653846153846154,0.9375,16,FALSE,FALSE,-0.0961538461538461,-0.0238095238095237,0.0961538461538461,1,-1,1,0.727272727272727,0,0.681818181818182,0.75,0.625,0.916666666666667,12,FALSE,FALSE,-0.125,-0.0454545454545455,0.125,1,-1,FALSE,FALSE,TRUE,TRUE,FALSE
10,53,"Bulgarian National","bulgaria.bulgaria.t1q8_7","10:5311","10:5311::bulgaria.bulgaria.t1q8_7","triple","5311",0.625,0.660714285714286,0.625,0.791666666666667,0.65625,0.767857142857143,0.875,16,FALSE,FALSE,-0.111607142857143,-0.130952380952381,0.111607142857143,0,0,0.625,0.625,0.625,0.791666666666667,0.625,0.767857142857143,0.857142857142857,14,TRUE,FALSE,NA,NA,NA,NA,NA,FALSE,FALSE,TRUE,FALSE,FALSE
10,53,"Bulgarian National","bulgaria.bulgaria.t1q8_7","10:5312","10:5312::bulgaria.bulgaria.t1q8_7","triple","5312",0.875,0.653846153846154,0.75,0.625,0.683333333333333,0.642857142857143,0.866666666666667,15,FALSE,FALSE,-0.0404761904761904,-0.0288461538461539,0.0404761904761904,0.125,-0.125,0.875,0.625,0.75,0.625,0.660714285714286,0.642857142857143,0.857142857142857,14,FALSE,FALSE,-0.0178571428571428,0,0.0178571428571428,0.125,-0.125,FALSE,FALSE,TRUE,TRUE,FALSE
10,53,"Bulgarian National","bulgaria.bulgaria.t1q8_7","10:5313","10:5313::bulgaria.bulgaria.t1q8_7","triple","5313",0.25,0.671875,0,0.609375,0.647058823529412,0.573529411764706,0.944444444444444,18,FALSE,FALSE,0.073529411764706,0.0625,-0.073529411764706,-0.25,0.25,0.25,0.666666666666667,0,0.583333333333333,0.640625,0.546875,0.9375,16,FALSE,FALSE,0.09375,0.0833333333333334,-0.09375,-0.25,0.25,TRUE,TRUE,FALSE,FALSE,TRUE
10,53,"Bulgarian National","bulgaria.bulgaria.t1q8_7","10:5314","10:5314::bulgaria.bulgaria.t1q8_7","triple","5314",1,0.791666666666667,0.75,0.733333333333333,0.807692307692308,0.734375,0.9375,16,FALSE,FALSE,-0.0733173076923077,-0.0583333333333333,0.0733173076923077,0.25,-0.25,1,0.791666666666667,0.75,0.75,0.807692307692308,0.75,0.923076923076923,13,FALSE,FALSE,-0.0576923076923077,-0.0416666666666666,0.0576923076923077,0.25,-0.25,FALSE,FALSE,TRUE,TRUE,FALSE
10,53,"Bulgarian National","bulgaria.bulgaria.t1q8_7","10:5317","10:5317::bulgaria.bulgaria.t1q8_7","triple","5317",1,0.730769230769231,0,0.576923076923077,0.766666666666667,0.535714285714286,0.875,16,FALSE,FALSE,-0.230952380952381,-0.153846153846154,0.230952380952381,1,-1,1,0.729166666666667,0,0.604166666666667,0.75,0.557692307692308,0.923076923076923,13,FALSE,FALSE,-0.192307692307692,-0.125,0.192307692307692,1,-1,FALSE,FALSE,TRUE,TRUE,FALSE
10,53,"Bulgarian National","bulgaria.bulgaria.t1q8_1","10:5303","10:5303::bulgaria.bulgaria.t1q8_1","triple","5303",1,0.854166666666667,0.75,0.886363636363636,0.865384615384615,0.875,0.923076923076923,13,FALSE,FALSE,0.00961538461538458,0.0321969696969697,-0.00961538461538458,0.25,-0.25,1,0.840909090909091,0.75,0.886363636363636,0.854166666666667,0.875,0.916666666666667,12,FALSE,FALSE,0.0208333333333334,0.0454545454545454,-0.0208333333333334,0.25,-0.25,TRUE,TRUE,FALSE,TRUE,FALSE
10,53,"Bulgarian National","bulgaria.bulgaria.t1q8_1","10:5304","10:5304::bulgaria.bulgaria.t1q8_1","triple","5304",0.75,0.923076923076923,0.75,0.892857142857143,0.910714285714286,0.883333333333333,0.933333333333333,15,FALSE,FALSE,0.0273809523809524,0.0302197802197802,-0.0273809523809524,0,0,0.75,0.923076923076923,0.75,0.903846153846154,0.910714285714286,0.892857142857143,0.928571428571429,14,FALSE,FALSE,0.0178571428571428,0.0192307692307693,-0.0178571428571428,0,0,TRUE,TRUE,FALSE,FALSE,FALSE
10,53,"Bulgarian National","bulgaria.bulgaria.t1q8_1","10:5305","10:5305::bulgaria.bulgaria.t1q8_1","triple","5305",1,0.875,0.75,0.9375,0.883333333333333,0.923076923076923,0.9375,16,FALSE,FALSE,0.0397435897435898,0.0625,-0.0397435897435898,0.25,-0.25,1,0.854166666666667,0.75,0.9375,0.865384615384615,0.923076923076923,0.923076923076923,13,FALSE,FALSE,0.0576923076923077,0.0833333333333334,-0.0576923076923077,0.25,-0.25,TRUE,TRUE,FALSE,TRUE,FALSE
10,53,"Bulgarian National","bulgaria.bulgaria.t1q8_1","10:5306","10:5306::bulgaria.bulgaria.t1q8_1","triple","5306",0.5,0.9375,0.75,0.921875,0.911764705882353,0.911764705882353,0.941176470588235,17,FALSE,TRUE,0,0.015625,0,0.25,-0.25,0.5,0.9375,0.75,0.921875,0.911764705882353,0.911764705882353,0.941176470588235,17,FALSE,TRUE,0,0.015625,0,0.25,-0.25,FALSE,TRUE,FALSE,TRUE,FALSE
10,53,"Bulgarian National","bulgaria.bulgaria.t1q8_1","10:5307","10:5307::bulgaria.bulgaria.t1q8_1","triple","5307",1,1,1,0.910714285714286,1,0.916666666666667,0.933333333333333,15,TRUE,FALSE,NA,NA,NA,NA,NA,1,1,1,0.903846153846154,1,0.910714285714286,0.928571428571429,14,TRUE,FALSE,NA,NA,NA,NA,NA,NA,NA,NA,NA,NA
10,53,"Bulgarian National","bulgaria.bulgaria.t1q8_1","10:5310","10:5310::bulgaria.bulgaria.t1q8_1","triple","5310",0,0.883333333333333,1,0.857142857142857,0.828125,0.866666666666667,0.9375,16,FALSE,FALSE,-0.0385416666666667,0.0261904761904762,0.0385416666666667,1,-1,0,0.892857142857143,1,0.857142857142857,0.833333333333333,0.866666666666667,0.933333333333333,15,FALSE,FALSE,-0.0333333333333333,0.0357142857142858,0.0333333333333333,1,-1,FALSE,TRUE,TRUE,TRUE,FALSE
10,53,"Bulgarian National","bulgaria.bulgaria.t1q8_1","10:5311","10:5311::bulgaria.bulgaria.t1q8_1","triple","5311",0.625,0.928571428571429,1,0.980769230769231,0.890625,0.983333333333333,0.875,16,FALSE,FALSE,-0.0927083333333333,-0.0521978021978021,0.0927083333333333,0.375,-0.375,0.625,0.923076923076923,1,0.980769230769231,0.883333333333333,0.983333333333333,0.866666666666667,15,FALSE,FALSE,-0.1,-0.0576923076923076,0.1,0.375,-0.375,FALSE,FALSE,TRUE,TRUE,FALSE
10,53,"Bulgarian National","bulgaria.bulgaria.t1q8_1","10:5312","10:5312::bulgaria.bulgaria.t1q8_1","triple","5312",0.875,0.923076923076923,1,0.826923076923077,0.916666666666667,0.85,0.866666666666667,15,FALSE,FALSE,0.0666666666666667,0.0961538461538463,-0.0666666666666667,0.125,-0.125,0.875,0.923076923076923,1,0.826923076923077,0.916666666666667,0.85,0.866666666666667,15,FALSE,FALSE,0.0666666666666667,0.0961538461538463,-0.0666666666666667,0.125,-0.125,TRUE,TRUE,FALSE,TRUE,FALSE
10,53,"Bulgarian National","bulgaria.bulgaria.t1q8_1","10:5313","10:5313::bulgaria.bulgaria.t1q8_1","triple","5313",0.75,0.88235294117647,1,0.88235294117647,0.875,0.888888888888889,0.944444444444444,18,FALSE,FALSE,-0.0138888888888888,0,0.0138888888888888,0.25,-0.25,0.75,0.88235294117647,1,0.88235294117647,0.875,0.888888888888889,0.944444444444444,18,FALSE,FALSE,-0.0138888888888888,0,0.0138888888888888,0.25,-0.25,FALSE,FALSE,TRUE,TRUE,FALSE
10,53,"Bulgarian National","bulgaria.bulgaria.t1q8_1","10:5314","10:5314::bulgaria.bulgaria.t1q8_1","triple","5314",0.75,0.933333333333333,0.5,0.95,0.921875,0.921875,0.9375,16,FALSE,TRUE,0,-0.0166666666666666,0,-0.25,0.25,0.75,0.933333333333333,0.5,0.95,0.921875,0.921875,0.9375,16,FALSE,TRUE,0,-0.0166666666666666,0,-0.25,0.25,FALSE,FALSE,FALSE,FALSE,TRUE
10,53,"Bulgarian National","bulgaria.bulgaria.t1q8_1","10:5317","10:5317::bulgaria.bulgaria.t1q8_1","triple","5317",1,0.982142857142857,1,0.928571428571429,0.984375,0.9375,0.875,16,FALSE,FALSE,-0.046875,-0.0535714285714285,0.046875,0,0,1,0.982142857142857,1,0.928571428571429,0.984375,0.9375,0.875,16,FALSE,FALSE,-0.046875,-0.0535714285714285,0.046875,0,0,FALSE,FALSE,TRUE,FALSE,FALSE
10,53,"Bulgarian National","bulgaria.bulgaria.t1q8_8","10:5303","10:5303::bulgaria.bulgaria.t1q8_8","triple","5303",NA,0.725,1,0.75,0.725,0.775,0.923076923076923,13,NA,FALSE,NA,NA,NA,NA,NA,NA,NA,NA,NA,NA,NA,NA,NA,NA,NA,NA,NA,NA,NA,NA,NA,NA,NA,NA,NA
10,53,"Bulgarian National","bulgaria.bulgaria.t1q8_8","10:5304","10:5304::bulgaria.bulgaria.t1q8_8","triple","5304",0.75,0.673076923076923,0.75,0.625,0.678571428571429,0.636363636363636,0.933333333333333,15,FALSE,FALSE,-0.0422077922077922,-0.0480769230769231,0.0422077922077922,0,0,0.75,0.775,0.75,0.625,0.772727272727273,0.636363636363636,0.909090909090909,11,FALSE,FALSE,0.136363636363636,0.15,-0.136363636363636,0,0,FALSE,FALSE,TRUE,FALSE,FALSE
10,53,"Bulgarian National","bulgaria.bulgaria.t1q8_8","10:5305","10:5305::bulgaria.bulgaria.t1q8_8","triple","5305",0.75,0.568181818181818,0.5,0.722222222222222,0.583333333333333,0.7,0.9375,16,FALSE,FALSE,0.116666666666667,0.154040404040404,-0.116666666666667,0.25,-0.25,0.75,0.5,0.5,0.6875,0.527777777777778,0.666666666666667,0.888888888888889,9,FALSE,FALSE,0.138888888888889,0.1875,-0.138888888888889,0.25,-0.25,TRUE,TRUE,FALSE,TRUE,FALSE
10,53,"Bulgarian National","bulgaria.bulgaria.t1q8_8","10:5306","10:5306::bulgaria.bulgaria.t1q8_8","triple","5306",1,0.933333333333333,0.75,0.821428571428571,0.9375,0.816666666666667,0.941176470588235,17,FALSE,FALSE,-0.120833333333333,-0.111904761904762,0.120833333333333,0.25,-0.25,1,0.923076923076923,0.75,0.846153846153846,0.928571428571429,0.839285714285714,0.928571428571429,14,FALSE,FALSE,-0.0892857142857143,-0.076923076923077,0.0892857142857143,0.25,-0.25,FALSE,FALSE,TRUE,TRUE,FALSE
10,53,"Bulgarian National","bulgaria.bulgaria.t1q8_8","10:5307","10:5307::bulgaria.bulgaria.t1q8_8","triple","5307",1,0.846153846153846,1,0.865384615384615,0.857142857142857,0.875,0.933333333333333,15,FALSE,FALSE,0.0178571428571429,0.0192307692307693,-0.0178571428571429,0,0,1,0.833333333333333,1,0.916666666666667,0.846153846153846,0.923076923076923,0.923076923076923,13,FALSE,FALSE,0.076923076923077,0.0833333333333333,-0.076923076923077,0,0,TRUE,TRUE,FALSE,FALSE,FALSE
10,53,"Bulgarian National","bulgaria.bulgaria.t1q8_8","10:5310","10:5310::bulgaria.bulgaria.t1q8_8","triple","5310",1,0.854166666666667,1,0.692307692307692,0.865384615384615,0.714285714285714,0.9375,16,FALSE,FALSE,-0.151098901098901,-0.161858974358974,0.151098901098901,0,0,1,0.9,1,0.7,0.909090909090909,0.727272727272727,0.909090909090909,11,FALSE,FALSE,-0.181818181818182,-0.2,0.181818181818182,0,0,FALSE,FALSE,TRUE,FALSE,FALSE
10,53,"Bulgarian National","bulgaria.bulgaria.t1q8_8","10:5311","10:5311::bulgaria.bulgaria.t1q8_8","triple","5311",0.875,0.846153846153846,0.875,0.854166666666667,0.85,0.857142857142857,0.875,16,FALSE,FALSE,0.00714285714285712,0.00801282051282048,-0.00714285714285712,0,0,0.875,0.840909090909091,0.875,0.863636363636364,0.846153846153846,0.865384615384615,0.846153846153846,13,FALSE,FALSE,0.0192307692307693,0.0227272727272727,-0.0192307692307693,0,0,TRUE,TRUE,FALSE,FALSE,FALSE
10,53,"Bulgarian National","bulgaria.bulgaria.t1q8_8","10:5312","10:5312::bulgaria.bulgaria.t1q8_8","triple","5312",0.75,0.916666666666667,0.875,0.645833333333333,0.892857142857143,0.678571428571429,0.866666666666667,15,FALSE,FALSE,0.214285714285714,0.270833333333333,-0.214285714285714,0.125,-0.125,0.75,0.909090909090909,0.875,0.613636363636364,0.884615384615385,0.653846153846154,0.846153846153846,13,FALSE,FALSE,0.230769230769231,0.295454545454545,-0.230769230769231,0.125,-0.125,TRUE,TRUE,FALSE,TRUE,FALSE
10,53,"Bulgarian National","bulgaria.bulgaria.t1q8_8","10:5313","10:5313::bulgaria.bulgaria.t1q8_8","triple","5313",0.75,0.7,1,0.7,0.703125,0.71875,0.944444444444444,18,FALSE,FALSE,0.015625,0,-0.015625,-0.25,0.25,0.75,0.678571428571429,1,0.678571428571429,0.683333333333333,0.7,0.933333333333333,15,FALSE,FALSE,0.0166666666666666,0,-0.0166666666666666,-0.25,0.25,TRUE,FALSE,FALSE,FALSE,TRUE
10,53,"Bulgarian National","bulgaria.bulgaria.t1q8_8","10:5314","10:5314::bulgaria.bulgaria.t1q8_8","triple","5314",1,0.8125,0.75,0.714285714285714,0.826923076923077,0.716666666666667,0.9375,16,FALSE,FALSE,-0.11025641025641,-0.0982142857142857,0.11025641025641,0.25,-0.25,1,0.8125,0.75,0.75,0.826923076923077,0.75,0.923076923076923,13,FALSE,FALSE,-0.0769230769230769,-0.0625,0.0769230769230769,0.25,-0.25,FALSE,FALSE,TRUE,TRUE,FALSE
10,53,"Bulgarian National","bulgaria.bulgaria.t1q8_8","10:5317","10:5317::bulgaria.bulgaria.t1q8_8","triple","5317",1,0.660714285714286,1,0.785714285714286,0.703125,0.8125,0.875,16,FALSE,FALSE,0.109375,0.125,-0.109375,0,0,1,0.660714285714286,1,0.785714285714286,0.703125,0.8125,0.875,16,FALSE,FALSE,0.109375,0.125,-0.109375,0,0,TRUE,TRUE,FALSE,FALSE,FALSE
10,53,"Bulgarian National","bulgaria.bulgaria.t1q8_11","10:5303","10:5303::bulgaria.bulgaria.t1q8_11","triple","5303",1,0.854166666666667,1,0.775,0.865384615384615,0.795454545454545,0.923076923076923,13,FALSE,FALSE,-0.06993006993007,-0.0791666666666666,0.06993006993007,0,0,1,0.825,1,0.775,0.840909090909091,0.795454545454545,0.909090909090909,11,FALSE,FALSE,-0.0454545454545455,-0.0499999999999999,0.0454545454545455,0,0,FALSE,FALSE,TRUE,FALSE,FALSE
10,53,"Bulgarian National","bulgaria.bulgaria.t1q8_11","10:5304","10:5304::bulgaria.bulgaria.t1q8_11","triple","5304",0.75,0.788461538461538,0.75,0.575,0.785714285714286,0.590909090909091,0.933333333333333,15,FALSE,FALSE,0.194805194805195,0.213461538461538,-0.194805194805195,0,0,0.75,0.85,0.75,0.575,0.840909090909091,0.590909090909091,0.909090909090909,11,FALSE,FALSE,0.25,0.275,-0.25,0,0,TRUE,TRUE,FALSE,FALSE,FALSE
10,53,"Bulgarian National","bulgaria.bulgaria.t1q8_11","10:5305","10:5305::bulgaria.bulgaria.t1q8_11","triple","5305",0.5,0.673076923076923,0.75,0.75,0.660714285714286,0.75,0.9375,16,FALSE,FALSE,-0.0892857142857143,-0.0769230769230769,0.0892857142857143,0.25,-0.25,0.5,0.675,0.75,0.7,0.659090909090909,0.704545454545455,0.909090909090909,11,FALSE,FALSE,-0.0454545454545455,-0.0249999999999999,0.0454545454545455,0.25,-0.25,FALSE,FALSE,TRUE,TRUE,FALSE
10,53,"Bulgarian National","bulgaria.bulgaria.t1q8_11","10:5306","10:5306::bulgaria.bulgaria.t1q8_11","triple","5306",0.25,0.71875,NA,0.40625,0.691176470588235,0.40625,0.941176470588235,17,FALSE,FALSE,0.284926470588235,0.3125,-0.284926470588235,NA,NA,NA,NA,NA,NA,NA,NA,NA,NA,NA,NA,NA,NA,NA,NA,NA,TRUE,TRUE,FALSE,NA,NA
10,53,"Bulgarian National","bulgaria.bulgaria.t1q8_11","10:5307","10:5307::bulgaria.bulgaria.t1q8_11","triple","5307",0.25,0.903846153846154,0.25,0.615384615384615,0.857142857142857,0.589285714285714,0.933333333333333,15,FALSE,FALSE,0.267857142857143,0.288461538461538,-0.267857142857143,0,0,0.25,0.895833333333333,0.25,0.583333333333333,0.846153846153846,0.557692307692308,0.923076923076923,13,FALSE,FALSE,0.288461538461538,0.3125,-0.288461538461538,0,0,TRUE,TRUE,FALSE,FALSE,FALSE
10,53,"Bulgarian National","bulgaria.bulgaria.t1q8_11","10:5310","10:5310::bulgaria.bulgaria.t1q8_11","triple","5310",0,0.708333333333333,0.25,0.678571428571429,0.653846153846154,0.65,0.9375,16,FALSE,FALSE,0.00384615384615383,0.0297619047619048,-0.00384615384615383,0.25,-0.25,0,0.681818181818182,0.25,0.681818181818182,0.625,0.645833333333333,0.916666666666667,12,FALSE,FALSE,-0.0208333333333334,0,0.0208333333333334,0.25,-0.25,TRUE,TRUE,FALSE,TRUE,FALSE
10,53,"Bulgarian National","bulgaria.bulgaria.t1q8_11","10:5311","10:5311::bulgaria.bulgaria.t1q8_11","triple","5311",0.5,0.571428571428571,0.375,0.576923076923077,0.5625,0.55,0.875,16,FALSE,FALSE,0.0125,-0.00549450549450547,-0.0125,-0.125,0.125,0.5,0.538461538461539,0.375,0.576923076923077,0.533333333333333,0.55,0.866666666666667,15,FALSE,FALSE,-0.0166666666666667,-0.0384615384615383,0.0166666666666667,-0.125,0.125,TRUE,FALSE,FALSE,FALSE,TRUE
10,53,"Bulgarian National","bulgaria.bulgaria.t1q8_11","10:5312","10:5312::bulgaria.bulgaria.t1q8_11","triple","5312",0.75,0.884615384615385,0.75,0.770833333333333,0.866666666666667,0.767857142857143,0.866666666666667,15,FALSE,FALSE,0.0988095238095238,0.113782051282051,-0.0988095238095238,0,0,0.75,0.875,0.75,0.770833333333333,0.857142857142857,0.767857142857143,0.857142857142857,14,FALSE,FALSE,0.0892857142857142,0.104166666666667,-0.0892857142857142,0,0,TRUE,TRUE,FALSE,FALSE,FALSE
10,53,"Bulgarian National","bulgaria.bulgaria.t1q8_11","10:5313","10:5313::bulgaria.bulgaria.t1q8_11","triple","5313",0.75,0.8125,0.75,0.666666666666667,0.808823529411765,0.671875,0.944444444444444,18,FALSE,FALSE,0.136948529411765,0.145833333333333,-0.136948529411765,0,0,0.75,0.803571428571429,0.75,0.642857142857143,0.8,0.65,0.933333333333333,15,FALSE,FALSE,0.15,0.160714285714286,-0.15,0,0,TRUE,TRUE,FALSE,FALSE,FALSE
10,53,"Bulgarian National","bulgaria.bulgaria.t1q8_11","10:5314","10:5314::bulgaria.bulgaria.t1q8_11","triple","5314",1,0.769230769230769,0.75,0.785714285714286,0.785714285714286,0.783333333333333,0.9375,16,FALSE,FALSE,-0.00238095238095237,0.0164835164835164,0.00238095238095237,0.25,-0.25,1,0.75,0.75,0.770833333333333,0.769230769230769,0.769230769230769,0.923076923076923,13,FALSE,TRUE,0,0.0208333333333334,0,0.25,-0.25,FALSE,TRUE,TRUE,TRUE,FALSE
10,53,"Bulgarian National","bulgaria.bulgaria.t1q8_11","10:5317","10:5317::bulgaria.bulgaria.t1q8_11","triple","5317",1,0.839285714285714,0.75,0.732142857142857,0.85,0.733333333333333,0.875,16,FALSE,FALSE,-0.116666666666667,-0.107142857142857,0.116666666666667,0.25,-0.25,1,0.839285714285714,0.75,0.732142857142857,0.85,0.733333333333333,0.933333333333333,15,FALSE,FALSE,-0.116666666666667,-0.107142857142857,0.116666666666667,0.25,-0.25,FALSE,FALSE,TRUE,TRUE,FALSE
10,53,"Bulgarian National","bulgaria.bulgaria.t1q10_3","10:5303","10:5303::bulgaria.bulgaria.t1q10_3","triple","5303",1,0.818181818181818,1,0.65,0.833333333333333,0.681818181818182,0.923076923076923,13,FALSE,FALSE,-0.151515151515152,-0.168181818181818,0.151515151515152,0,0,1,0.888888888888889,1,0.611111111111111,0.9,0.65,0.9,10,FALSE,FALSE,-0.25,-0.277777777777778,0.25,0,0,FALSE,FALSE,TRUE,FALSE,FALSE
10,53,"Bulgarian National","bulgaria.bulgaria.t1q10_3","10:5304","10:5304::bulgaria.bulgaria.t1q10_3","triple","5304",0.75,0.732142857142857,0.75,0.538461538461538,0.733333333333333,0.553571428571429,0.933333333333333,15,FALSE,FALSE,-0.179761904761905,-0.193681318681319,0.179761904761905,0,0,0.75,0.711538461538462,0.75,0.538461538461538,0.714285714285714,0.553571428571429,0.928571428571429,14,FALSE,FALSE,-0.160714285714286,-0.173076923076923,0.160714285714286,0,0,FALSE,FALSE,TRUE,FALSE,FALSE
10,53,"Bulgarian National","bulgaria.bulgaria.t1q10_3","10:5305","10:5305::bulgaria.bulgaria.t1q10_3","triple","5305",0.25,0.85,0.5,0.708333333333333,0.8125,0.692307692307692,0.9375,16,FALSE,FALSE,0.120192307692308,0.141666666666667,-0.120192307692308,0.25,-0.25,0.25,0.8125,0.5,0.708333333333333,0.769230769230769,0.692307692307692,0.923076923076923,13,FALSE,FALSE,0.076923076923077,0.104166666666667,-0.076923076923077,0.25,-0.25,TRUE,TRUE,FALSE,TRUE,FALSE
10,53,"Bulgarian National","bulgaria.bulgaria.t1q10_3","10:5306","10:5306::bulgaria.bulgaria.t1q10_3","triple","5306",0.75,0.6875,0,0.45,0.691176470588235,0.421875,0.941176470588235,17,FALSE,FALSE,-0.269301470588235,-0.2375,0.269301470588235,0.75,-0.75,0.75,0.683333333333333,0,0.45,0.6875,0.421875,0.9375,16,FALSE,FALSE,-0.265625,-0.233333333333333,0.265625,0.75,-0.75,FALSE,FALSE,TRUE,TRUE,FALSE
10,53,"Bulgarian National","bulgaria.bulgaria.t1q10_3","10:5307","10:5307::bulgaria.bulgaria.t1q10_3","triple","5307",1,0.982142857142857,0.25,0.704545454545455,0.983333333333333,0.666666666666667,0.933333333333333,15,FALSE,FALSE,-0.316666666666667,-0.277597402597403,0.316666666666667,0.75,-0.75,1,0.977272727272727,0.25,0.704545454545455,0.979166666666667,0.666666666666667,0.916666666666667,12,FALSE,FALSE,-0.3125,-0.272727272727273,0.3125,0.75,-0.75,FALSE,FALSE,TRUE,TRUE,FALSE
10,53,"Bulgarian National","bulgaria.bulgaria.t1q10_3","10:5310","10:5310::bulgaria.bulgaria.t1q10_3","triple","5310",1,0.766666666666667,0.25,0.716666666666667,0.78125,0.6875,0.9375,16,FALSE,FALSE,-0.09375,-0.05,0.09375,0.75,-0.75,1,0.766666666666667,0.25,0.716666666666667,0.78125,0.6875,0.9375,16,FALSE,FALSE,-0.09375,-0.05,0.09375,0.75,-0.75,FALSE,FALSE,TRUE,TRUE,FALSE
10,53,"Bulgarian National","bulgaria.bulgaria.t1q10_3","10:5311","10:5311::bulgaria.bulgaria.t1q10_3","triple","5311",0.625,0.75,0.375,0.5,0.734375,0.484375,0.875,16,FALSE,FALSE,0.25,0.25,-0.25,-0.25,0.25,0.625,0.75,0.375,0.5,0.734375,0.484375,0.875,16,FALSE,FALSE,0.25,0.25,-0.25,-0.25,0.25,TRUE,TRUE,FALSE,FALSE,TRUE
10,53,"Bulgarian National","bulgaria.bulgaria.t1q10_3","10:5312","10:5312::bulgaria.bulgaria.t1q10_3","triple","5312",0.5,0.826923076923077,0.75,0.729166666666667,0.783333333333333,0.732142857142857,0.866666666666667,15,FALSE,FALSE,0.0511904761904762,0.0977564102564102,-0.0511904761904762,0.25,-0.25,0.5,0.8125,0.75,0.729166666666667,0.767857142857143,0.732142857142857,0.857142857142857,14,FALSE,FALSE,0.0357142857142858,0.0833333333333334,-0.0357142857142858,0.25,-0.25,TRUE,TRUE,FALSE,TRUE,FALSE
10,53,"Bulgarian National","bulgaria.bulgaria.t1q10_3","10:5313","10:5313::bulgaria.bulgaria.t1q10_3","triple","5313",0.25,0.65,0,0.515625,0.625,0.485294117647059,0.944444444444444,18,FALSE,FALSE,0.139705882352941,0.134375,-0.139705882352941,-0.25,0.25,0.25,0.660714285714286,0,0.5,0.633333333333333,0.466666666666667,0.933333333333333,15,FALSE,FALSE,0.166666666666667,0.160714285714286,-0.166666666666667,-0.25,0.25,TRUE,TRUE,FALSE,FALSE,TRUE
10,53,"Bulgarian National","bulgaria.bulgaria.t1q10_3","10:5314","10:5314::bulgaria.bulgaria.t1q10_3","triple","5314",0.5,0.8,0.5,0.816666666666667,0.78125,0.796875,0.9375,16,FALSE,FALSE,-0.015625,-0.0166666666666666,0.015625,0,0,0.5,0.8,0.5,0.816666666666667,0.78125,0.796875,0.9375,16,FALSE,FALSE,-0.015625,-0.0166666666666666,0.015625,0,0,FALSE,FALSE,TRUE,FALSE,FALSE
10,53,"Bulgarian National","bulgaria.bulgaria.t1q10_3","10:5317","10:5317::bulgaria.bulgaria.t1q10_3","triple","5317",1,0.903846153846154,0,0.714285714285714,0.916666666666667,0.625,0.875,16,FALSE,FALSE,-0.291666666666667,-0.18956043956044,0.291666666666667,1,-1,1,0.903846153846154,0,0.730769230769231,0.916666666666667,0.633333333333333,0.866666666666667,15,FALSE,FALSE,-0.283333333333333,-0.173076923076923,0.283333333333333,1,-1,FALSE,FALSE,TRUE,TRUE,FALSE
10,53,"Bulgarian National","bulgaria.bulgaria.t1q16","10:5303","10:5303::bulgaria.bulgaria.t1q16","triple","5303",0.5,0.541666666666667,0.5,0.295454545454545,0.538461538461538,0.3125,0.923076923076923,13,FALSE,FALSE,0.225961538461538,0.246212121212121,-0.225961538461538,0,0,0.5,0.590909090909091,0.5,0.295454545454545,0.583333333333333,0.3125,0.916666666666667,12,FALSE,FALSE,0.270833333333333,0.295454545454545,-0.270833333333333,0,0,TRUE,TRUE,FALSE,FALSE,FALSE
10,53,"Bulgarian National","bulgaria.bulgaria.t1q16","10:5304","10:5304::bulgaria.bulgaria.t1q16","triple","5304",0.75,0.5,0,0.659090909090909,0.517857142857143,0.604166666666667,0.933333333333333,15,FALSE,FALSE,0.0863095238095237,0.159090909090909,-0.0863095238095237,0.75,-0.75,0.75,0.575,0,0.625,0.590909090909091,0.568181818181818,0.909090909090909,11,FALSE,FALSE,-0.0227272727272727,0.05,0.0227272727272727,0.75,-0.75,TRUE,TRUE,FALSE,TRUE,FALSE
10,53,"Bulgarian National","bulgaria.bulgaria.t1q16","10:5305","10:5305::bulgaria.bulgaria.t1q16","triple","5305",0.5,0.446428571428571,0.75,0.383333333333333,0.45,0.40625,0.9375,16,FALSE,FALSE,-0.04375,-0.0630952380952381,0.04375,-0.25,0.25,0.5,0.446428571428571,0.75,0.392857142857143,0.45,0.416666666666667,0.933333333333333,15,FALSE,FALSE,-0.0333333333333333,-0.0535714285714286,0.0333333333333333,-0.25,0.25,FALSE,FALSE,TRUE,FALSE,TRUE
10,53,"Bulgarian National","bulgaria.bulgaria.t1q16","10:5306","10:5306::bulgaria.bulgaria.t1q16","triple","5306",1,0.65625,NA,0.53125,0.676470588235294,0.53125,0.941176470588235,17,FALSE,FALSE,-0.145220588235294,-0.125,0.145220588235294,NA,NA,NA,NA,NA,NA,NA,NA,NA,NA,NA,NA,NA,NA,NA,NA,NA,FALSE,FALSE,TRUE,NA,NA
10,53,"Bulgarian National","bulgaria.bulgaria.t1q16","10:5307","10:5307::bulgaria.bulgaria.t1q16","triple","5307",1,0.673076923076923,1,0.576923076923077,0.696428571428571,0.607142857142857,0.933333333333333,15,FALSE,FALSE,-0.0892857142857143,-0.0961538461538463,0.0892857142857143,0,0,1,0.729166666666667,1,0.5625,0.75,0.596153846153846,0.923076923076923,13,FALSE,FALSE,-0.153846153846154,-0.166666666666667,0.153846153846154,0,0,FALSE,FALSE,TRUE,FALSE,FALSE
10,53,"Bulgarian National","bulgaria.bulgaria.t1q16","10:5310","10:5310::bulgaria.bulgaria.t1q16","triple","5310",1,0.696428571428571,1,0.791666666666667,0.716666666666667,0.807692307692308,0.9375,16,FALSE,FALSE,0.091025641025641,0.0952380952380952,-0.091025641025641,0,0,1,0.770833333333333,1,0.791666666666667,0.788461538461538,0.807692307692308,0.923076923076923,13,FALSE,FALSE,0.0192307692307693,0.0208333333333333,-0.0192307692307693,0,0,TRUE,TRUE,FALSE,FALSE,FALSE
10,53,"Bulgarian National","bulgaria.bulgaria.t1q16","10:5311","10:5311::bulgaria.bulgaria.t1q16","triple","5311",0.75,0.625,0.5,0.660714285714286,0.634615384615385,0.640625,0.875,16,FALSE,FALSE,0.00600961538461542,0.0357142857142857,-0.00600961538461542,0.25,-0.25,0.75,0.625,0.75,0.708333333333333,0.634615384615385,0.711538461538462,0.923076923076923,13,FALSE,FALSE,0.076923076923077,0.0833333333333333,-0.076923076923077,0,0,TRUE,TRUE,FALSE,TRUE,FALSE
10,53,"Bulgarian National","bulgaria.bulgaria.t1q16","10:5312","10:5312::bulgaria.bulgaria.t1q16","triple","5312",0.375,0.576923076923077,0.75,0.75,0.55,0.75,0.866666666666667,15,FALSE,FALSE,-0.2,-0.173076923076923,0.2,0.375,-0.375,0.375,0.613636363636364,0.75,0.75,0.576923076923077,0.75,0.846153846153846,13,FALSE,FALSE,-0.173076923076923,-0.136363636363636,0.173076923076923,0.375,-0.375,FALSE,FALSE,TRUE,TRUE,FALSE
10,53,"Bulgarian National","bulgaria.bulgaria.t1q16","10:5313","10:5313::bulgaria.bulgaria.t1q16","triple","5313",0.75,0.484375,1,0.484375,0.5,0.514705882352941,0.944444444444444,18,FALSE,FALSE,0.0147058823529411,0,-0.0147058823529411,-0.25,0.25,0.75,0.5,1,0.466666666666667,0.515625,0.5,0.9375,16,FALSE,FALSE,-0.015625,-0.0333333333333333,0.015625,-0.25,0.25,TRUE,FALSE,FALSE,FALSE,TRUE
10,53,"Bulgarian National","bulgaria.bulgaria.t1q16","10:5314","10:5314::bulgaria.bulgaria.t1q16","triple","5314",0.75,0.416666666666667,0.75,0.446428571428571,0.4375,0.466666666666667,0.9375,16,FALSE,FALSE,0.0291666666666666,0.0297619047619048,-0.0291666666666666,0,0,0.75,0.446428571428571,0.75,0.446428571428571,0.466666666666667,0.466666666666667,0.933333333333333,15,FALSE,TRUE,0,0,0,0,0,TRUE,TRUE,FALSE,FALSE,FALSE
10,53,"Bulgarian National","bulgaria.bulgaria.t1q16","10:5317","10:5317::bulgaria.bulgaria.t1q16","triple","5317",1,0.535714285714286,0,0.692307692307692,0.59375,0.642857142857143,0.875,16,FALSE,FALSE,0.0491071428571429,0.156593406593407,-0.0491071428571429,1,-1,1,0.538461538461538,0,0.692307692307692,0.571428571428571,0.642857142857143,0.928571428571429,14,FALSE,FALSE,0.0714285714285715,0.153846153846154,-0.0714285714285715,1,-1,TRUE,TRUE,FALSE,TRUE,FALSE
10,53,"Bulgarian National","bulgaria.bulgaria.t1q21","10:5303","10:5303::bulgaria.bulgaria.t1q21","triple","5303",1,0.5,1,0.8,0.545454545454545,0.818181818181818,0.923076923076923,13,FALSE,FALSE,0.272727272727273,0.3,-0.272727272727273,0,0,1,0.444444444444444,1,0.777777777777778,0.5,0.8,0.9,10,FALSE,FALSE,0.3,0.333333333333333,-0.3,0,0,TRUE,TRUE,FALSE,FALSE,FALSE
10,53,"Bulgarian National","bulgaria.bulgaria.t1q21","10:5304","10:5304::bulgaria.bulgaria.t1q21","triple","5304",NA,0.428571428571429,1,0.7,0.428571428571429,0.727272727272727,0.933333333333333,15,NA,FALSE,NA,NA,NA,NA,NA,NA,NA,NA,NA,NA,NA,NA,NA,NA,NA,NA,NA,NA,NA,NA,NA,NA,NA,NA,NA
10,53,"Bulgarian National","bulgaria.bulgaria.t1q21","10:5305","10:5305::bulgaria.bulgaria.t1q21","triple","5305",1,0.4,1,0.692307692307692,0.454545454545455,0.714285714285714,0.9375,16,FALSE,FALSE,0.25974025974026,0.292307692307692,-0.25974025974026,0,0,1,0.375,1,0.5,0.444444444444444,0.555555555555556,0.888888888888889,9,FALSE,FALSE,0.111111111111111,0.125,-0.111111111111111,0,0,TRUE,TRUE,FALSE,FALSE,FALSE
10,53,"Bulgarian National","bulgaria.bulgaria.t1q21","10:5306","10:5306::bulgaria.bulgaria.t1q21","triple","5306",1,0.571428571428571,1,0.857142857142857,0.6,0.866666666666667,0.941176470588235,17,FALSE,FALSE,0.266666666666667,0.285714285714286,-0.266666666666667,0,0,1,0.5,1,0.833333333333333,0.538461538461538,0.846153846153846,0.923076923076923,13,FALSE,FALSE,0.307692307692308,0.333333333333333,-0.307692307692308,0,0,TRUE,TRUE,FALSE,FALSE,FALSE
10,53,"Bulgarian National","bulgaria.bulgaria.t1q21","10:5307","10:5307::bulgaria.bulgaria.t1q21","triple","5307",1,0.615384615384615,1,0.785714285714286,0.642857142857143,0.8,0.933333333333333,15,FALSE,FALSE,0.157142857142857,0.17032967032967,-0.157142857142857,0,0,1,0.615384615384615,1,0.769230769230769,0.642857142857143,0.785714285714286,0.928571428571429,14,FALSE,FALSE,0.142857142857143,0.153846153846154,-0.142857142857143,0,0,TRUE,TRUE,FALSE,FALSE,FALSE
10,53,"Bulgarian National","bulgaria.bulgaria.t1q21","10:5310","10:5310::bulgaria.bulgaria.t1q21","triple","5310",1,0.538461538461538,0,0.769230769230769,0.571428571428571,0.714285714285714,0.9375,16,FALSE,FALSE,0.142857142857143,0.230769230769231,-0.142857142857143,1,-1,1,0.545454545454545,0,0.727272727272727,0.583333333333333,0.666666666666667,0.916666666666667,12,FALSE,FALSE,0.0833333333333333,0.181818181818182,-0.0833333333333333,1,-1,TRUE,TRUE,FALSE,TRUE,FALSE
10,53,"Bulgarian National","bulgaria.bulgaria.t1q21","10:5311","10:5311::bulgaria.bulgaria.t1q21","triple","5311",1,0.5,1,1,0.571428571428571,1,0.875,16,FALSE,FALSE,0.428571428571429,0.5,-0.428571428571429,0,0,1,0.5,1,1,0.583333333333333,1,0.833333333333333,12,FALSE,FALSE,0.416666666666667,0.5,-0.416666666666667,0,0,TRUE,TRUE,FALSE,FALSE,FALSE
10,53,"Bulgarian National","bulgaria.bulgaria.t1q21","10:5312","10:5312::bulgaria.bulgaria.t1q21","triple","5312",1,0.5,1,0.7,0.6,0.75,0.866666666666667,15,FALSE,FALSE,0.15,0.2,-0.15,0,0,1,0.571428571428571,1,0.714285714285714,0.666666666666667,0.777777777777778,0.777777777777778,9,FALSE,FALSE,0.111111111111111,0.142857142857143,-0.111111111111111,0,0,TRUE,TRUE,FALSE,FALSE,FALSE
10,53,"Bulgarian National","bulgaria.bulgaria.t1q21","10:5313","10:5313::bulgaria.bulgaria.t1q21","triple","5313",1,0.533333333333333,1,0.733333333333333,0.5625,0.75,0.944444444444444,18,FALSE,FALSE,0.1875,0.2,-0.1875,0,0,1,0.571428571428571,1,0.714285714285714,0.6,0.733333333333333,0.933333333333333,15,FALSE,FALSE,0.133333333333333,0.142857142857143,-0.133333333333333,0,0,TRUE,TRUE,FALSE,FALSE,FALSE
10,53,"Bulgarian National","bulgaria.bulgaria.t1q21","10:5314","10:5314::bulgaria.bulgaria.t1q21","triple","5314",NA,0.727272727272727,1,0.846153846153846,0.727272727272727,0.857142857142857,0.9375,16,NA,FALSE,NA,NA,NA,NA,NA,NA,NA,NA,NA,NA,NA,NA,NA,NA,NA,NA,NA,NA,NA,NA,NA,NA,NA,NA,NA
10,53,"Bulgarian National","bulgaria.bulgaria.t1q21","10:5317","10:5317::bulgaria.bulgaria.t1q21","triple","5317",0.5,0.416666666666667,1,0.928571428571429,0.428571428571429,0.9375,0.875,16,FALSE,FALSE,0.508928571428571,0.511904761904762,-0.508928571428571,-0.5,0.5,0.5,0.416666666666667,1,0.916666666666667,0.428571428571429,0.928571428571429,0.857142857142857,14,FALSE,FALSE,0.5,0.5,-0.5,-0.5,0.5,TRUE,TRUE,FALSE,FALSE,TRUE
10,53,"Bulgarian National","bulgaria.bulgaria.t1q22","10:5303","10:5303::bulgaria.bulgaria.t1q22","triple","5303",0,0.4,0,0.0909090909090909,0.363636363636364,0.0833333333333333,0.923076923076923,13,FALSE,FALSE,0.28030303030303,0.309090909090909,-0.28030303030303,0,0,0,0.333333333333333,0,0.111111111111111,0.3,0.1,0.9,10,FALSE,FALSE,0.2,0.222222222222222,-0.2,0,0,TRUE,TRUE,FALSE,FALSE,FALSE
10,53,"Bulgarian National","bulgaria.bulgaria.t1q22","10:5304","10:5304::bulgaria.bulgaria.t1q22","triple","5304",0,0.333333333333333,0,0,0.307692307692308,0,0.933333333333333,15,FALSE,FALSE,0.307692307692308,0.333333333333333,-0.307692307692308,0,0,0,0.333333333333333,0,0,0.307692307692308,0,0.923076923076923,13,FALSE,FALSE,0.307692307692308,0.333333333333333,-0.307692307692308,0,0,TRUE,TRUE,FALSE,FALSE,FALSE
10,53,"Bulgarian National","bulgaria.bulgaria.t1q22","10:5305","10:5305::bulgaria.bulgaria.t1q22","triple","5305",1,0.5,0,0.0909090909090909,0.545454545454545,0.0833333333333333,0.9375,16,FALSE,FALSE,-0.462121212121212,-0.409090909090909,0.462121212121212,1,-1,1,0.625,0,0.125,0.666666666666667,0.111111111111111,0.888888888888889,9,FALSE,FALSE,-0.555555555555556,-0.5,0.555555555555556,1,-1,FALSE,FALSE,TRUE,TRUE,FALSE
10,53,"Bulgarian National","bulgaria.bulgaria.t1q22","10:5306","10:5306::bulgaria.bulgaria.t1q22","triple","5306",1,0.5,NA,0.142857142857143,0.533333333333333,0.142857142857143,0.941176470588235,17,FALSE,FALSE,-0.39047619047619,-0.357142857142857,0.39047619047619,NA,NA,NA,NA,NA,NA,NA,NA,NA,NA,NA,NA,NA,NA,NA,NA,NA,FALSE,FALSE,TRUE,NA,NA
10,53,"Bulgarian National","bulgaria.bulgaria.t1q22","10:5307","10:5307::bulgaria.bulgaria.t1q22","triple","5307",0,0.285714285714286,0,0.142857142857143,0.266666666666667,0.133333333333333,0.933333333333333,15,FALSE,FALSE,0.133333333333333,0.142857142857143,-0.133333333333333,0,0,0,0.285714285714286,0,0.142857142857143,0.266666666666667,0.133333333333333,0.933333333333333,15,FALSE,FALSE,0.133333333333333,0.142857142857143,-0.133333333333333,0,0,TRUE,TRUE,FALSE,FALSE,FALSE
10,53,"Bulgarian National","bulgaria.bulgaria.t1q22","10:5310","10:5310::bulgaria.bulgaria.t1q22","triple","5310",0,0.142857142857143,0,0.230769230769231,0.125,0.214285714285714,0.9375,16,FALSE,FALSE,-0.0892857142857143,-0.0879120879120879,0.0892857142857143,0,0,0,0.166666666666667,0,0.333333333333333,0.142857142857143,0.285714285714286,0.857142857142857,7,FALSE,FALSE,-0.142857142857143,-0.166666666666667,0.142857142857143,0,0,FALSE,FALSE,TRUE,FALSE,FALSE
10,53,"Bulgarian National","bulgaria.bulgaria.t1q22","10:5311","10:5311::bulgaria.bulgaria.t1q22","triple","5311",0,0.454545454545455,0.5,0.214285714285714,0.384615384615385,0.25,0.875,16,FALSE,FALSE,0.134615384615385,0.24025974025974,-0.134615384615385,0.5,-0.5,0,0.454545454545455,0.5,0.272727272727273,0.384615384615385,0.307692307692308,0.846153846153846,13,FALSE,FALSE,0.0769230769230769,0.181818181818182,-0.0769230769230769,0.5,-0.5,TRUE,TRUE,FALSE,TRUE,FALSE
10,53,"Bulgarian National","bulgaria.bulgaria.t1q22","10:5312","10:5312::bulgaria.bulgaria.t1q22","triple","5312",1,0.222222222222222,0,0,0.3,0,0.866666666666667,15,FALSE,FALSE,-0.3,-0.222222222222222,0.3,1,-1,1,0.222222222222222,0,0,0.3,0,0.9,10,FALSE,FALSE,-0.3,-0.222222222222222,0.3,1,-1,FALSE,FALSE,TRUE,TRUE,FALSE
10,53,"Bulgarian National","bulgaria.bulgaria.t1q22","10:5313","10:5313::bulgaria.bulgaria.t1q22","triple","5313",0,0.5,0,0.1875,0.466666666666667,0.176470588235294,0.944444444444444,18,FALSE,FALSE,0.290196078431373,0.3125,-0.290196078431373,0,0,0,0.5,0,0.214285714285714,0.466666666666667,0.2,0.933333333333333,15,FALSE,FALSE,0.266666666666667,0.285714285714286,-0.266666666666667,0,0,TRUE,TRUE,FALSE,FALSE,FALSE
10,53,"Bulgarian National","bulgaria.bulgaria.t1q22","10:5314","10:5314::bulgaria.bulgaria.t1q22","triple","5314",0,0.384615384615385,0,0.214285714285714,0.357142857142857,0.2,0.9375,16,FALSE,FALSE,0.157142857142857,0.17032967032967,-0.157142857142857,0,0,0,0.416666666666667,0,0.25,0.384615384615385,0.230769230769231,0.923076923076923,13,FALSE,FALSE,0.153846153846154,0.166666666666667,-0.153846153846154,0,0,TRUE,TRUE,FALSE,FALSE,FALSE
10,53,"Bulgarian National","bulgaria.bulgaria.t1q22","10:5317","10:5317::bulgaria.bulgaria.t1q22","triple","5317",0,0.4,0.5,0.0714285714285714,0.333333333333333,0.125,0.875,16,FALSE,FALSE,0.208333333333333,0.328571428571429,-0.208333333333333,0.5,-0.5,0,0.4,0.5,0,0.333333333333333,0.0833333333333333,0.833333333333333,12,FALSE,FALSE,0.25,0.4,-0.25,0.5,-0.5,TRUE,TRUE,FALSE,TRUE,FALSE
10,53,"Bulgarian National","bulgaria.bulgaria.t1q23","10:5303","10:5303::bulgaria.bulgaria.t1q23","triple","5303",0,0.4,0,0.5,0.363636363636364,0.454545454545455,0.923076923076923,13,FALSE,FALSE,-0.0909090909090909,-0.1,0.0909090909090909,0,0,0,0.375,0,0.5,0.333333333333333,0.444444444444444,0.888888888888889,9,FALSE,FALSE,-0.111111111111111,-0.125,0.111111111111111,0,0,FALSE,FALSE,TRUE,FALSE,FALSE
10,53,"Bulgarian National","bulgaria.bulgaria.t1q23","10:5304","10:5304::bulgaria.bulgaria.t1q23","triple","5304",0,0.615384615384615,0,0.727272727272727,0.571428571428571,0.666666666666667,0.933333333333333,15,FALSE,FALSE,-0.0952380952380952,-0.111888111888112,0.0952380952380952,0,0,0,0.545454545454545,0,0.727272727272727,0.5,0.666666666666667,0.916666666666667,12,FALSE,FALSE,-0.166666666666667,-0.181818181818182,0.166666666666667,0,0,FALSE,FALSE,TRUE,FALSE,FALSE
10,53,"Bulgarian National","bulgaria.bulgaria.t1q23","10:5305","10:5305::bulgaria.bulgaria.t1q23","triple","5305",0,0.2,0,0.272727272727273,0.166666666666667,0.25,0.9375,16,FALSE,FALSE,-0.0833333333333333,-0.0727272727272727,0.0833333333333333,0,0,0,0.25,0,0.5,0.2,0.4,0.8,5,FALSE,FALSE,-0.2,-0.25,0.2,0,0,FALSE,FALSE,TRUE,FALSE,FALSE
10,53,"Bulgarian National","bulgaria.bulgaria.t1q23","10:5306","10:5306::bulgaria.bulgaria.t1q23","triple","5306",1,0.5,NA,0.466666666666667,0.529411764705882,0.466666666666667,0.941176470588235,17,FALSE,FALSE,-0.0627450980392157,-0.0333333333333333,0.0627450980392157,NA,NA,NA,NA,NA,NA,NA,NA,NA,NA,NA,NA,NA,NA,NA,NA,NA,FALSE,FALSE,TRUE,NA,NA
10,53,"Bulgarian National","bulgaria.bulgaria.t1q23","10:5307","10:5307::bulgaria.bulgaria.t1q23","triple","5307",0,0.416666666666667,1,0.857142857142857,0.384615384615385,0.866666666666667,0.933333333333333,15,FALSE,FALSE,-0.482051282051282,-0.44047619047619,0.482051282051282,1,-1,0,0.416666666666667,1,0.833333333333333,0.384615384615385,0.846153846153846,0.923076923076923,13,FALSE,FALSE,-0.461538461538462,-0.416666666666667,0.461538461538462,1,-1,FALSE,FALSE,TRUE,TRUE,FALSE
10,53,"Bulgarian National","bulgaria.bulgaria.t1q23","10:5310","10:5310::bulgaria.bulgaria.t1q23","triple","5310",1,0.2,1,0.545454545454545,0.333333333333333,0.583333333333333,0.9375,16,FALSE,FALSE,0.25,0.345454545454545,-0.25,0,0,1,0,1,0.666666666666667,0.25,0.75,0.75,4,FALSE,FALSE,0.5,0.666666666666667,-0.5,0,0,TRUE,TRUE,FALSE,FALSE,FALSE
10,53,"Bulgarian National","bulgaria.bulgaria.t1q23","10:5311","10:5311::bulgaria.bulgaria.t1q23","triple","5311",0,0.5,0.5,0.384615384615385,0.416666666666667,0.4,0.875,16,FALSE,FALSE,0.0166666666666667,0.115384615384615,-0.0166666666666667,0.5,-0.5,0,0.444444444444444,0.5,0.222222222222222,0.363636363636364,0.272727272727273,0.818181818181818,11,FALSE,FALSE,0.0909090909090909,0.222222222222222,-0.0909090909090909,0.5,-0.5,TRUE,TRUE,FALSE,TRUE,FALSE
10,53,"Bulgarian National","bulgaria.bulgaria.t1q23","10:5312","10:5312::bulgaria.bulgaria.t1q23","triple","5312",0,0.375,0.5,0.545454545454545,0.333333333333333,0.538461538461538,0.866666666666667,15,FALSE,FALSE,-0.205128205128205,-0.170454545454545,0.205128205128205,0.5,-0.5,0,0.375,0,0.625,0.333333333333333,0.555555555555556,0.888888888888889,9,FALSE,FALSE,-0.222222222222222,-0.25,0.222222222222222,0,0,FALSE,FALSE,TRUE,TRUE,FALSE
10,53,"Bulgarian National","bulgaria.bulgaria.t1q23","10:5313","10:5313::bulgaria.bulgaria.t1q23","triple","5313",1,0.363636363636364,1,0.466666666666667,0.416666666666667,0.5,0.944444444444444,18,FALSE,FALSE,0.0833333333333333,0.103030303030303,-0.0833333333333333,0,0,1,0.3,1,0.4,0.363636363636364,0.454545454545455,0.909090909090909,11,FALSE,FALSE,0.0909090909090909,0.1,-0.0909090909090909,0,0,TRUE,TRUE,FALSE,FALSE,FALSE
10,53,"Bulgarian National","bulgaria.bulgaria.t1q23","10:5314","10:5314::bulgaria.bulgaria.t1q23","triple","5314",0,0.571428571428571,0,0.785714285714286,0.5,0.733333333333333,0.9375,16,FALSE,FALSE,-0.233333333333333,-0.214285714285714,0.233333333333333,0,0,0,0.571428571428571,0,0.714285714285714,0.5,0.625,0.875,8,FALSE,FALSE,-0.125,-0.142857142857143,0.125,0,0,FALSE,FALSE,TRUE,FALSE,FALSE
10,53,"Bulgarian National","bulgaria.bulgaria.t1q23","10:5317","10:5317::bulgaria.bulgaria.t1q23","triple","5317",1,0.363636363636364,0.5,0.357142857142857,0.416666666666667,0.375,0.875,16,FALSE,FALSE,-0.0416666666666667,-0.0064935064935065,0.0416666666666667,0.5,-0.5,1,0.363636363636364,0,0.454545454545455,0.416666666666667,0.416666666666667,0.916666666666667,12,FALSE,TRUE,0,0.0909090909090909,0,1,-1,FALSE,FALSE,TRUE,TRUE,FALSE
10,53,"Bulgarian National","bulgaria.bulgaria.t1q19","10:5303","10:5303::bulgaria.bulgaria.t1q19","triple","5303",1,0.659090909090909,0.75,0.772727272727273,0.6875,0.770833333333333,0.923076923076923,13,FALSE,FALSE,0.0833333333333334,0.113636363636364,-0.0833333333333334,0.25,-0.25,1,0.659090909090909,0.75,0.772727272727273,0.6875,0.770833333333333,0.916666666666667,12,FALSE,FALSE,0.0833333333333334,0.113636363636364,-0.0833333333333334,0.25,-0.25,TRUE,TRUE,FALSE,TRUE,FALSE
10,53,"Bulgarian National","bulgaria.bulgaria.t1q19","10:5304","10:5304::bulgaria.bulgaria.t1q19","triple","5304",0.75,0.711538461538462,1,0.653846153846154,0.714285714285714,0.678571428571429,0.933333333333333,15,FALSE,FALSE,-0.0357142857142857,-0.0576923076923077,0.0357142857142857,-0.25,0.25,0.75,0.75,1,0.6875,0.75,0.711538461538462,0.923076923076923,13,TRUE,FALSE,NA,NA,NA,NA,NA,FALSE,FALSE,TRUE,FALSE,TRUE
10,53,"Bulgarian National","bulgaria.bulgaria.t1q19","10:5305","10:5305::bulgaria.bulgaria.t1q19","triple","5305",0.5,0.9375,0.25,0.961538461538462,0.903846153846154,0.910714285714286,0.9375,16,FALSE,FALSE,-0.00686813186813184,-0.0240384615384616,0.00686813186813184,-0.25,0.25,0.5,0.931818181818182,0.25,0.954545454545455,0.895833333333333,0.895833333333333,0.916666666666667,12,FALSE,TRUE,0,-0.0227272727272728,0,-0.25,0.25,FALSE,FALSE,TRUE,FALSE,TRUE
10,53,"Bulgarian National","bulgaria.bulgaria.t1q19","10:5306","10:5306::bulgaria.bulgaria.t1q19","triple","5306",0.25,0.714285714285714,0.5,0.359375,0.683333333333333,0.367647058823529,0.941176470588235,17,FALSE,FALSE,0.315686274509804,0.354910714285714,-0.315686274509804,0.25,-0.25,0.25,0.714285714285714,0.5,0.357142857142857,0.683333333333333,0.366666666666667,0.933333333333333,15,FALSE,FALSE,0.316666666666667,0.357142857142857,-0.316666666666667,0.25,-0.25,TRUE,TRUE,FALSE,TRUE,FALSE
10,53,"Bulgarian National","bulgaria.bulgaria.t1q19","10:5307","10:5307::bulgaria.bulgaria.t1q19","triple","5307",NA,0.826923076923077,0.5,0.519230769230769,0.826923076923077,0.517857142857143,0.933333333333333,15,NA,FALSE,NA,NA,NA,NA,NA,NA,NA,NA,NA,NA,NA,NA,NA,NA,NA,NA,NA,NA,NA,NA,NA,NA,NA,NA,NA
10,53,"Bulgarian National","bulgaria.bulgaria.t1q19","10:5310","10:5310::bulgaria.bulgaria.t1q19","triple","5310",0.25,0.772727272727273,0.25,0.483333333333333,0.729166666666667,0.46875,0.9375,16,FALSE,FALSE,0.260416666666667,0.289393939393939,-0.260416666666667,0,0,0.25,0.772727272727273,0.25,0.5,0.729166666666667,0.479166666666667,0.916666666666667,12,FALSE,FALSE,0.25,0.272727272727273,-0.25,0,0,TRUE,TRUE,FALSE,FALSE,FALSE
10,53,"Bulgarian National","bulgaria.bulgaria.t1q19","10:5311","10:5311::bulgaria.bulgaria.t1q19","triple","5311",0.375,0.767857142857143,0.25,0.375,0.71875,0.357142857142857,0.875,16,FALSE,FALSE,0.361607142857143,0.392857142857143,-0.361607142857143,-0.125,0.125,0.375,0.75,0.25,0.375,0.696428571428571,0.357142857142857,0.857142857142857,14,FALSE,FALSE,0.339285714285714,0.375,-0.339285714285714,-0.125,0.125,TRUE,TRUE,FALSE,FALSE,TRUE
10,53,"Bulgarian National","bulgaria.bulgaria.t1q19","10:5312","10:5312::bulgaria.bulgaria.t1q19","triple","5312",0.5,0.788461538461538,0.625,0.4,0.767857142857143,0.4375,0.866666666666667,15,FALSE,FALSE,0.330357142857143,0.388461538461538,-0.330357142857143,0.125,-0.125,0.5,0.775,0.25,0.4,0.75,0.386363636363636,0.909090909090909,11,FALSE,FALSE,0.363636363636364,0.375,-0.363636363636364,-0.25,0.25,TRUE,TRUE,FALSE,TRUE,FALSE
10,53,"Bulgarian National","bulgaria.bulgaria.t1q19","10:5313","10:5313::bulgaria.bulgaria.t1q19","triple","5313",0.5,0.6875,0.25,0.5,0.676470588235294,0.486111111111111,0.944444444444444,18,FALSE,FALSE,0.190359477124183,0.1875,-0.190359477124183,-0.25,0.25,0.5,0.6875,0.25,0.515625,0.676470588235294,0.5,0.941176470588235,17,FALSE,FALSE,0.176470588235294,0.171875,-0.176470588235294,-0.25,0.25,TRUE,TRUE,FALSE,FALSE,TRUE
10,53,"Bulgarian National","bulgaria.bulgaria.t1q19","10:5314","10:5314::bulgaria.bulgaria.t1q19","triple","5314",0.75,0.865384615384615,0.75,0.833333333333333,0.857142857142857,0.828125,0.9375,16,FALSE,FALSE,0.0290178571428571,0.032051282051282,-0.0290178571428571,0,0,0.75,0.865384615384615,0.75,0.846153846153846,0.857142857142857,0.839285714285714,0.928571428571429,14,FALSE,FALSE,0.0178571428571428,0.0192307692307693,-0.0178571428571428,0,0,TRUE,TRUE,FALSE,FALSE,FALSE
10,53,"Bulgarian National","bulgaria.bulgaria.t1q19","10:5317","10:5317::bulgaria.bulgaria.t1q19","triple","5317",0.625,0.666666666666667,0.875,0.589285714285714,0.660714285714286,0.625,0.875,16,FALSE,FALSE,0.0357142857142857,0.0773809523809523,-0.0357142857142857,0.25,-0.25,0.625,0.666666666666667,0.875,0.5625,0.660714285714286,0.607142857142857,0.857142857142857,14,FALSE,FALSE,0.0535714285714286,0.104166666666667,-0.0535714285714286,0.25,-0.25,TRUE,TRUE,FALSE,TRUE,FALSE
16,95,"By the People 2004 US Presidential Primaries","btp04pr.t1trade","16:9501","16:9501::btp04pr.t1trade","triple","9501",0.277666668097178,0.555555555555556,0.722333331902822,0.742363637143915,0.486083333690961,0.738071428877967,0.785714285714286,14,FALSE,FALSE,-0.251988095187006,-0.18680808158836,0.251988095187006,0.444666663805644,-0.444666663805644,0.277666668097178,0.555555555555556,0.722333331902822,0.759222222699059,0.486083333690961,0.75,0.75,12,FALSE,FALSE,-0.263916666309039,-0.203666667143504,0.263916666309039,0.444666663805644,-0.444666663805644,FALSE,FALSE,TRUE,TRUE,FALSE
16,95,"By the People 2004 US Presidential Primaries","btp04pr.t1trade","16:9502","16:9502::btp04pr.t1trade","triple","9502",0,0.769230769230769,NA,0.722266666094462,0.714285714285714,0.722266666094462,0.9375,16,FALSE,FALSE,-0.0079809518087478,0.0469641031363072,0.0079809518087478,NA,NA,NA,NA,NA,NA,NA,NA,NA,NA,NA,NA,NA,NA,NA,NA,NA,FALSE,TRUE,TRUE,NA,NA
16,95,"By the People 2004 US Presidential Primaries","btp04pr.t1trade","16:9503","16:9503::btp04pr.t1trade","triple","9503",0.611333330472311,0.62491666773955,0.611333330472311,0.730923074942369,0.622200000286102,0.708499997854233,0.8125,16,FALSE,FALSE,-0.0862999975681308,-0.106006407202819,0.0862999975681308,0,0,0.611333330472311,0.62491666773955,0.611333330472311,0.708499997854233,0.622200000286102,0.689066664377849,0.8,15,FALSE,FALSE,-0.0668666640917464,-0.0835833301146829,0.0668666640917464,0,0,FALSE,FALSE,TRUE,FALSE,FALSE
16,95,"By the People 2004 US Presidential Primaries","btp04pr.t1trade","16:9504","16:9504::btp04pr.t1trade","triple","9504",0.333333333333333,0.65009999871254,0.444333334763845,0.583333333333333,0.576999999009646,0.555533333619436,0.8,15,FALSE,FALSE,0.0214666653902105,0.0667666653792064,-0.0214666653902105,0.111000001430511,-0.111000001430511,0.333333333333333,0.65009999871254,0.444333334763845,0.583300000429153,0.576999999009646,0.551230769891005,0.769230769230769,13,FALSE,FALSE,0.0257692291186408,0.0667999982833863,-0.0257692291186408,0.111000001430511,-0.111000001430511,TRUE,TRUE,FALSE,TRUE,FALSE
16,95,"By the People 2004 US Presidential Primaries","btp04pr.t1trade","16:9505","16:9505::btp04pr.t1trade","triple","9505",0.666666666666667,0.687375001609325,0.722000002861023,0.766600000858307,0.681727273897691,0.756307693628164,0.769230769230769,13,FALSE,FALSE,-0.0745804197304732,-0.0792249992489816,0.0745804197304732,0.055333336194356,-0.055333336194356,0.666666666666667,0.687375001609325,0.722000002861023,0.708250001072883,0.681727273897691,0.712000001560558,0.727272727272727,11,FALSE,FALSE,-0.0302727276628667,-0.0208749994635583,0.0302727276628667,0.055333336194356,-0.055333336194356,FALSE,FALSE,TRUE,TRUE,FALSE
16,95,"By the People 2004 US Presidential Primaries","btp04pr.t1trade","16:9506","16:9506::btp04pr.t1trade","triple","9506",0.5,0.621181818571958,0.541749998927117,0.772727272727273,0.588866666952769,0.711133333047231,0.733333333333333,15,FALSE,FALSE,-0.122266666094462,-0.151545454155315,0.122266666094462,0.0417499989271165,-0.0417499989271165,0.5,0.621181818571958,0.541749998927117,0.772727272727273,0.588866666952769,0.711133333047231,0.733333333333333,15,FALSE,FALSE,-0.122266666094462,-0.151545454155315,0.122266666094462,0.0417499989271165,-0.0417499989271165,FALSE,FALSE,TRUE,TRUE,FALSE
16,95,"By the People 2004 US Presidential Primaries","btp04pr.t1trade","16:9507","16:9507::btp04pr.t1trade","triple","9507",0.555666665236155,0.833200001716614,0.611333330472311,0.785714285714286,0.729125000536442,0.733399999141693,0.727272727272727,11,FALSE,FALSE,-0.00427499860525138,0.0474857160023279,0.00427499860525138,0.0556666652361553,-0.0556666652361553,0.555666665236155,0.833200001716614,0.611333330472311,0.833200001716614,0.729125000536442,0.75,0.625,8,FALSE,FALSE,-0.0208749994635582,0,0.0208749994635582,0.0556666652361553,-0.0556666652361553,FALSE,TRUE,TRUE,TRUE,FALSE
16,95,"By the People 2004 US Presidential Primaries","btp04pr.t1trade","16:9508","16:9508::btp04pr.t1trade","triple","9508",0.166999995708466,0.571428571428571,0.5,0.714285714285714,0.520874999463558,0.666666666666667,0.8,10,FALSE,FALSE,-0.145791667203108,-0.142857142857143,0.145791667203108,0.333000004291534,-0.333000004291534,0.166999995708466,0.571428571428571,0.166999995708466,0.714285714285714,0.520874999463558,0.645874999463558,0.875,8,FALSE,FALSE,-0.125,-0.142857142857143,0.125,0,0,FALSE,FALSE,TRUE,TRUE,FALSE
16,95,"By the People 2004 US Presidential Primaries","btp04pr.t1trade","16:9509","16:9509::btp04pr.t1trade","triple","9509",0.277666668097178,0.611133333047231,0.333333333333333,0.666749998927117,0.555555555555556,0.614105262254414,0.842105263157895,19,FALSE,FALSE,-0.0585497066988583,-0.0556166658798855,0.0585497066988583,0.0556666652361553,-0.0556666652361553,0.277666668097178,0.611133333047231,0.333333333333333,0.688999998569489,0.555555555555556,0.629722221030129,0.833333333333333,18,FALSE,FALSE,-0.0741666654745738,-0.0778666655222576,0.0741666654745738,0.0556666652361553,-0.0556666652361553,FALSE,FALSE,TRUE,TRUE,FALSE
16,95,"By the People 2004 US Presidential Primaries","btp04pr.t1trade","16:9510","16:9510::btp04pr.t1trade","triple","9510",0.458499997854233,0.733399999141693,0.722000002861023,0.733399999141693,0.611222220791711,0.729125000536442,0.6,10,FALSE,FALSE,-0.117902779744731,0,0.117902779744731,0.26350000500679,-0.26350000500679,0.388999998569489,0.75,0.722000002861023,0.666749998927117,0.595285713672638,0.690428572041648,0.571428571428571,7,FALSE,FALSE,-0.0951428583690097,0.0832500010728835,0.0951428583690097,0.333000004291534,-0.333000004291534,FALSE,FALSE,TRUE,TRUE,FALSE
16,95,"By the People 2004 US Presidential Primaries","btp04pr.t1trade","16:9511","16:9511::btp04pr.t1trade","triple","9511",0.666666666666667,0.645874999463558,0.611000001430511,0.566699999570847,0.651545454155315,0.576923076923077,0.785714285714286,14,FALSE,FALSE,-0.0746223772322382,-0.0791749998927116,0.0746223772322382,0.0556666652361553,-0.0556666652361553,0.666666666666667,0.645874999463558,0.611000001430511,0.5625,0.651545454155315,0.575727273117412,0.727272727272727,11,FALSE,FALSE,-0.0758181810379028,-0.0833749994635582,0.0758181810379028,0.0556666652361553,-0.0556666652361553,FALSE,FALSE,TRUE,TRUE,FALSE
16,95,"By the People 2004 US Presidential Primaries","btp04pr.t1trade","16:9512","16:9512::btp04pr.t1trade","triple","9512",0.583250001072883,0.533399999141693,0.708250001072883,0.416749998927117,0.555555555555556,0.5625,0.555555555555556,9,FALSE,FALSE,0.00694444444444442,-0.116650000214577,-0.00694444444444442,-0.125,0.125,0.583250001072883,0.458499997854233,0.708250001072883,0.416749998927117,0.520874999463558,0.5625,0.5,8,FALSE,FALSE,0.0416250005364418,-0.0417499989271165,-0.0416250005364418,-0.125,0.125,TRUE,FALSE,FALSE,FALSE,TRUE
16,95,"By the People 2004 US Presidential Primaries","btp04pr.t1trade","16:9513","16:9513::btp04pr.t1trade","triple","9513",0.466799998283386,0.694499999284744,0.633200001716614,0.679461538791656,0.627529410754933,0.666611111826367,0.761904761904762,21,FALSE,FALSE,-0.0390817010714336,0.0150384604930879,0.0390817010714336,0.166400003433227,-0.166400003433227,0.466799998283386,0.648222221268548,0.633200001716614,0.722222222222222,0.583428570202419,0.690428572041648,0.642857142857143,14,FALSE,FALSE,-0.107000001839229,-0.0740000009536742,0.107000001839229,0.166400003433227,-0.166400003433227,FALSE,TRUE,TRUE,TRUE,FALSE
16,95,"By the People 2004 US Presidential Primaries","btp04pr.t1trade","16:9515","16:9515::btp04pr.t1trade","triple","9515",0.444666663805644,0.66671428510121,0.266799998283386,0.690571427345276,0.564230767580179,0.513999998569489,0.538461538461538,13,FALSE,FALSE,0.0502307690106906,-0.0238571422440665,-0.0502307690106906,-0.177866665522258,0.177866665522258,0.40019999742508,0.66671428510121,0.266799998283386,0.690571427345276,0.555666665236155,0.513999998569489,0.583333333333333,12,FALSE,FALSE,0.0416666666666667,-0.0238571422440665,-0.0416666666666667,-0.133399999141693,0.133399999141693,TRUE,FALSE,FALSE,FALSE,TRUE
16,95,"By the People 2004 US Presidential Primaries","btp04pr.t1trade","16:9516","16:9516::btp04pr.t1trade","triple","9516",0.666500002145767,0.714285714285714,0.583499997854233,0.5,0.703666667143504,0.520874999463558,0.818181818181818,11,FALSE,FALSE,0.182791667679946,0.214285714285714,-0.182791667679946,-0.083000004291534,0.083000004291534,0.666500002145767,0.666666666666667,0.583499997854233,0.5,0.666625000536442,0.520874999463558,0.75,8,FALSE,FALSE,0.145750001072884,0.166666666666667,-0.145750001072884,-0.083000004291534,0.083000004291534,TRUE,TRUE,FALSE,FALSE,TRUE
16,95,"By the People 2004 US Presidential Primaries","btp04pr.t1mindex","16:9501","16:9501::btp04pr.t1mindex","triple","9501",0.657222221295039,0.722212120890617,0.75916666785876,0.801803025332364,0.708285713834422,0.792666663016592,0.785714285714286,14,FALSE,FALSE,-0.0843809491821699,-0.0795909044417468,0.0843809491821699,0.101944446563721,-0.101944446563721,0.657222221295039,0.722212120890617,0.75916666785876,0.801803025332364,0.708285713834422,0.792666663016592,0.785714285714286,14,FALSE,FALSE,-0.0843809491821699,-0.0795909044417468,0.0843809491821699,0.101944446563721,-0.101944446563721,FALSE,FALSE,TRUE,TRUE,FALSE
16,95,"By the People 2004 US Presidential Primaries","btp04pr.t1mindex","16:9502","16:9502::btp04pr.t1mindex","triple","9502",0.222333326935768,0.726855552196503,0.444333344697952,0.746288893620173,0.695322913117707,0.727416671812534,0.9375,16,FALSE,FALSE,-0.0320937586948273,-0.0194333414236703,0.0320937586948273,0.222000017762184,-0.222000017762184,0.222333326935768,0.726855552196503,0.444333344697952,0.746288893620173,0.695322913117707,0.727416671812534,0.9375,16,FALSE,FALSE,-0.0320937586948273,-0.0194333414236703,0.0320937586948273,0.222000017762184,-0.222000017762184,FALSE,FALSE,TRUE,TRUE,FALSE
16,95,"By the People 2004 US Presidential Primaries","btp04pr.t1mindex","16:9503","16:9503::btp04pr.t1mindex","triple","9503",0.759222229321797,0.527794878070171,0.749888896942138,0.634551282685537,0.571187506429851,0.656177085358649,0.8125,16,FALSE,FALSE,0.0849895789287982,0.106756404615365,-0.0849895789287982,0.00933333237965905,-0.00933333237965905,0.759222229321797,0.527794878070171,0.749888896942138,0.634551282685537,0.571187506429851,0.656177085358649,0.8125,16,FALSE,FALSE,0.0849895789287982,0.106756404615365,-0.0849895789287982,0.00933333237965905,-0.00933333237965905,TRUE,TRUE,FALSE,TRUE,FALSE
16,95,"By the People 2004 US Presidential Primaries","btp04pr.t1mindex","16:9504","16:9504::btp04pr.t1mindex","triple","9504",0.25,0.649319448197881,0.342666669438283,0.687499999379118,0.569455558558305,0.618533333390951,0.8,15,FALSE,FALSE,-0.0490777748326461,-0.038180551181237,0.0490777748326461,0.0926666694382829,-0.0926666694382829,0.25,0.649319448197881,0.342666669438283,0.687499999379118,0.569455558558305,0.618533333390951,0.8,15,FALSE,FALSE,-0.0490777748326461,-0.038180551181237,0.0490777748326461,0.0926666694382829,-0.0926666694382829,FALSE,FALSE,TRUE,TRUE,FALSE
16,95,"By the People 2004 US Presidential Primaries","btp04pr.t1mindex","16:9505","16:9505::btp04pr.t1mindex","triple","9505",0.76844443877538,0.65416666418314,0.768555561701457,0.741666674613953,0.680538458319811,0.747871802403377,0.769230769230769,13,FALSE,FALSE,0.0673333440835661,0.0875000104308129,-0.0673333440835661,-0.000111122926076623,0.000111122926076623,0.76844443877538,0.65416666418314,0.768555561701457,0.741666674613953,0.680538458319811,0.747871802403377,0.769230769230769,13,FALSE,FALSE,0.0673333440835661,0.0875000104308129,-0.0673333440835661,-0.000111122926076623,0.000111122926076623,TRUE,TRUE,FALSE,FALSE,TRUE
16,95,"By the People 2004 US Presidential Primaries","btp04pr.t1mindex","16:9506","16:9506::btp04pr.t1mindex","triple","9506",0.381916660815477,0.604757571762258,0.430583324283361,0.717121210965243,0.545333328843117,0.640711107850075,0.733333333333333,15,FALSE,FALSE,-0.095377779006958,-0.112363639202985,0.095377779006958,0.0486666634678842,-0.0486666634678842,0.381916660815477,0.604757571762258,0.430583324283361,0.717121210965243,0.545333328843117,0.640711107850075,0.733333333333333,15,FALSE,FALSE,-0.095377779006958,-0.112363639202985,0.095377779006958,0.0486666634678842,-0.0486666634678842,FALSE,FALSE,TRUE,TRUE,FALSE
16,95,"By the People 2004 US Presidential Primaries","btp04pr.t1mindex","16:9507","16:9507::btp04pr.t1mindex","triple","9507",0.712999989589055,0.597208337858319,0.805555562178294,0.579833330586553,0.628787879239429,0.641393939202482,0.727272727272727,11,FALSE,FALSE,0.0126060599630531,-0.0173750072717666,-0.0126060599630531,-0.0925555725892384,0.0925555725892384,0.712999989589055,0.597208337858319,0.805555562178294,0.579833330586553,0.628787879239429,0.641393939202482,0.727272727272727,11,FALSE,FALSE,0.0126060599630531,-0.0173750072717666,-0.0126060599630531,-0.0925555725892384,0.0925555725892384,TRUE,FALSE,FALSE,FALSE,TRUE
16,95,"By the People 2004 US Presidential Primaries","btp04pr.t1mindex","16:9508","16:9508::btp04pr.t1mindex","triple","9508",0.305666662752628,0.585041671991348,0.41666666418314,0.618083331733942,0.529166670143604,0.577799998223781,0.8,10,FALSE,FALSE,-0.0486333280801772,-0.0330416597425938,0.0486333280801772,0.111000001430511,-0.111000001430511,0.305666662752628,0.585041671991348,0.41666666418314,0.618083331733942,0.529166670143604,0.577799998223781,0.8,10,FALSE,FALSE,-0.0486333280801772,-0.0330416597425938,0.0486333280801772,0.111000001430511,-0.111000001430511,FALSE,FALSE,TRUE,TRUE,FALSE
16,95,"By the People 2004 US Presidential Primaries","btp04pr.t1mindex","16:9509","16:9509::btp04pr.t1mindex","triple","9509",0.361111109455426,0.67189583927393,0.435111115376154,0.590270832180977,0.622824566144692,0.565771929527584,0.842105263157895,19,FALSE,FALSE,0.0570526366171084,0.0816250070929527,-0.0570526366171084,0.074000005920728,-0.074000005920728,0.361111109455426,0.67189583927393,0.435111115376154,0.590270832180977,0.622824566144692,0.565771929527584,0.842105263157895,19,FALSE,FALSE,0.0570526366171084,0.0816250070929527,-0.0570526366171084,0.074000005920728,-0.074000005920728,TRUE,TRUE,FALSE,TRUE,FALSE
16,95,"By the People 2004 US Presidential Primaries","btp04pr.t1mindex","16:9510","16:9510::btp04pr.t1mindex","triple","9510",0.597166676074266,0.722166657447815,0.59716666303575,0.689722215135892,0.672166664898395,0.652699994295835,0.6,10,FALSE,FALSE,0.0194666706025601,0.0324444423119228,-0.0194666706025601,-1.3038516155639e-08,1.3038516155639e-08,0.597166676074266,0.722166657447815,0.59716666303575,0.689722215135892,0.672166664898395,0.652699994295835,0.6,10,FALSE,FALSE,0.0194666706025601,0.0324444423119228,-0.0194666706025601,-1.3038516155639e-08,1.3038516155639e-08,TRUE,TRUE,FALSE,FALSE,TRUE
16,95,"By the People 2004 US Presidential Primaries","btp04pr.t1mindex","16:9511","16:9511::btp04pr.t1mindex","triple","9511",0.694444437821706,0.782818181948228,0.722111105918884,0.691909093748439,0.763880951063973,0.698380953499249,0.785714285714286,14,FALSE,FALSE,0.0654999975647246,0.0909090881997889,-0.0654999975647246,0.0276666680971781,-0.0276666680971781,0.694444437821706,0.782818181948228,0.722111105918884,0.691909093748439,0.763880951063973,0.698380953499249,0.785714285714286,14,FALSE,FALSE,0.0654999975647246,0.0909090881997889,-0.0654999975647246,0.0276666680971781,-0.0276666680971781,TRUE,TRUE,FALSE,TRUE,FALSE
16,95,"By the People 2004 US Presidential Primaries","btp04pr.t1mindex","16:9512","16:9512::btp04pr.t1mindex","triple","9512",0.541750013828278,0.700000008195639,0.548583339899778,0.59446667432785,0.6296666773657,0.574074081248707,0.555555555555556,9,FALSE,FALSE,0.0555925961169933,0.105533333867788,-0.0555925961169933,0.00683332607150045,-0.00683332607150045,0.541750013828278,0.700000008195639,0.548583339899778,0.59446667432785,0.6296666773657,0.574074081248707,0.555555555555556,9,FALSE,FALSE,0.0555925961169933,0.105533333867788,-0.0555925961169933,0.00683332607150045,-0.00683332607150045,TRUE,TRUE,FALSE,TRUE,FALSE
16,95,"By the People 2004 US Presidential Primaries","btp04pr.t1mindex","16:9513","16:9513::btp04pr.t1mindex","triple","9513",0.66113333106041,0.635395831894129,0.727733331918716,0.633687496185303,0.641523807886101,0.656079361836115,0.761904761904762,21,FALSE,FALSE,0.0145555539500146,-0.00170833570882667,-0.0145555539500146,-0.0666000008583068,0.0666000008583068,0.66113333106041,0.635395831894129,0.727733331918716,0.633687496185303,0.641523807886101,0.656079361836115,0.761904761904762,21,FALSE,FALSE,0.0145555539500146,-0.00170833570882667,-0.0145555539500146,-0.0666000008583068,0.0666000008583068,TRUE,FALSE,FALSE,FALSE,TRUE
16,95,"By the People 2004 US Presidential Primaries","btp04pr.t1mindex","16:9515","16:9515::btp04pr.t1mindex","triple","9515",0.634333332379659,0.678523816168308,0.569444447755813,0.702380955219269,0.658128208265855,0.64102564408229,0.538461538461538,13,FALSE,FALSE,0.0171025641835653,-0.0238571390509607,-0.0171025641835653,-0.0648888846238456,0.0648888846238456,0.634333332379659,0.678523816168308,0.569444447755813,0.702380955219269,0.658128208265855,0.64102564408229,0.538461538461538,13,FALSE,FALSE,0.0171025641835653,-0.0238571390509607,-0.0171025641835653,-0.0648888846238456,0.0648888846238456,TRUE,FALSE,FALSE,FALSE,TRUE
16,95,"By the People 2004 US Presidential Primaries","btp04pr.t1mindex","16:9516","16:9516::btp04pr.t1mindex","triple","9516",0.500000011175871,0.736111111111111,0.500000011175871,0.783962958388858,0.693181820213795,0.732333331622861,0.818181818181818,11,FALSE,FALSE,-0.0391515114090659,-0.0478518472777473,0.0391515114090659,0,0,0.500000011175871,0.736111111111111,0.500000011175871,0.783962958388858,0.693181820213795,0.732333331622861,0.818181818181818,11,FALSE,FALSE,-0.0391515114090659,-0.0478518472777473,0.0391515114090659,0,0,FALSE,FALSE,TRUE,FALSE,FALSE
16,95,"By the People 2004 US Presidential Primaries","btp04pr.t1services","16:9501","16:9501::btp04pr.t1services","triple","9501",0.277999997138977,0.666636364026503,0.333333333333333,0.651454546234824,0.583357142550605,0.58328571489879,0.785714285714286,14,FALSE,FALSE,7.14276518141155e-05,0.0151818177916787,-7.14276518141155e-05,0.055333336194356,-0.055333336194356,0.277999997138977,0.666636364026503,0.333333333333333,0.651454546234824,0.583357142550605,0.58328571489879,0.785714285714286,14,FALSE,FALSE,7.14276518141155e-05,0.0151818177916787,-7.14276518141155e-05,0.055333336194356,-0.055333336194356,TRUE,TRUE,FALSE,TRUE,FALSE
16,95,"By the People 2004 US Presidential Primaries","btp04pr.t1services","16:9502","16:9502::btp04pr.t1services","triple","9502",0,0.533333333333333,0,0.5,0.5,0.466666666666667,0.9375,16,FALSE,FALSE,0.0333333333333333,0.0333333333333333,-0.0333333333333333,0,0,0,0.523785714592252,0,0.5,0.488866666952769,0.466666666666667,0.933333333333333,15,FALSE,FALSE,0.0222000002861023,0.0237857145922524,-0.0222000002861023,0,0,TRUE,TRUE,FALSE,FALSE,FALSE
16,95,"By the People 2004 US Presidential Primaries","btp04pr.t1services","16:9503","16:9503::btp04pr.t1services","triple","9503",0.611333330472311,0.525538462858934,0.555666665236155,0.569416667024294,0.541625000536442,0.566666666666667,0.8125,16,FALSE,FALSE,0.0250416661302248,0.0438782041653609,-0.0250416661302248,0.0556666652361553,-0.0556666652361553,0.611333330472311,0.527666668097178,0.555666665236155,0.569416667024294,0.544400000572205,0.566666666666667,0.8,15,FALSE,FALSE,0.0222666660944622,0.0417499989271165,-0.0222666660944622,0.0556666652361553,-0.0556666652361553,TRUE,TRUE,FALSE,TRUE,FALSE
16,95,"By the People 2004 US Presidential Primaries","btp04pr.t1services","16:9504","16:9504::btp04pr.t1services","triple","9504",0.166999995708466,0.583333333333333,0.166666666666667,0.611166665951411,0.50006666580836,0.522266666094462,0.8,15,FALSE,FALSE,-0.0222000002861023,-0.0278333326180776,0.0222000002861023,-0.000333329041799335,0.000333329041799335,0.166999995708466,0.583333333333333,0.166666666666667,0.611166665951411,0.50006666580836,0.522266666094462,0.8,15,FALSE,FALSE,-0.0222000002861023,-0.0278333326180776,0.0222000002861023,-0.000333329041799335,0.000333329041799335,FALSE,FALSE,TRUE,FALSE,TRUE
16,95,"By the People 2004 US Presidential Primaries","btp04pr.t1services","16:9505","16:9505::btp04pr.t1services","triple","9505",0.5,0.481444444921282,0.555333336194356,0.481444444921282,0.486083333690961,0.49991666773955,0.769230769230769,13,FALSE,FALSE,0.0138333340485889,0,-0.0138333340485889,-0.055333336194356,0.055333336194356,0.5,0.479125000536442,0.555333336194356,0.479125000536442,0.484818182208321,0.499909092079509,0.727272727272727,11,FALSE,FALSE,0.0150909098711879,0,-0.0150909098711879,-0.055333336194356,0.055333336194356,TRUE,FALSE,FALSE,FALSE,TRUE
16,95,"By the People 2004 US Presidential Primaries","btp04pr.t1services","16:9506","16:9506::btp04pr.t1services","triple","9506",0.333250001072883,0.681909089738673,0.333499997854233,0.716799998283386,0.588933332761129,0.607285712446485,0.733333333333333,15,FALSE,FALSE,-0.0183523796853566,-0.0348909085447138,0.0183523796853566,0.000249996781349515,-0.000249996781349515,0.333250001072883,0.70009999871254,0.333499997854233,0.716799998283386,0.595285713672638,0.607285712446485,0.714285714285714,14,FALSE,FALSE,-0.0119999987738474,-0.0166999995708466,0.0119999987738474,0.000249996781349515,-0.000249996781349515,FALSE,FALSE,TRUE,TRUE,FALSE
16,95,"By the People 2004 US Presidential Primaries","btp04pr.t1services","16:9507","16:9507::btp04pr.t1services","triple","9507",0.611333330472311,0.547571429184505,0.722333331902822,0.5715714267322,0.566699999570847,0.616799998283386,0.727272727272727,11,FALSE,FALSE,0.0500999987125398,0.0239999975476949,-0.0500999987125398,-0.111000001430511,0.111000001430511,0.611333330472311,0.547571429184505,0.722333331902822,0.5715714267322,0.566699999570847,0.616799998283386,0.7,10,FALSE,FALSE,0.0500999987125398,0.0239999975476949,-0.0500999987125398,-0.111000001430511,0.111000001430511,TRUE,TRUE,FALSE,FALSE,TRUE
16,95,"By the People 2004 US Presidential Primaries","btp04pr.t1services","16:9508","16:9508::btp04pr.t1services","triple","9508",0.666500002145767,0.571428571428571,0.666500002145767,0.5625,0.592555556032393,0.583300000429153,0.8,10,FALSE,FALSE,-0.00925555560323921,-0.0089285714285714,0.00925555560323921,0,0,0.666500002145767,0.571428571428571,0.666500002145767,0.547571429184505,0.592555556032393,0.574000000953674,0.777777777777778,9,FALSE,FALSE,-0.0185555550787184,-0.0238571422440665,0.0185555550787184,0,0,FALSE,FALSE,TRUE,FALSE,FALSE
16,95,"By the People 2004 US Presidential Primaries","btp04pr.t1services","16:9509","16:9509::btp04pr.t1services","triple","9509",0.166999995708466,0.571285716124943,0.277666668097178,0.555533333619436,0.499941177227918,0.509222222699059,0.842105263157895,19,FALSE,FALSE,-0.00928104547114161,0.0157523825055076,0.00928104547114161,0.110666672388712,-0.110666672388712,0.166999995708466,0.576769232749939,0.277666668097178,0.551230769891005,0.499937500804663,0.499937500804663,0.8125,16,FALSE,TRUE,0,0.0255384628589335,0,0.110666672388712,-0.110666672388712,FALSE,TRUE,TRUE,TRUE,FALSE
16,95,"By the People 2004 US Presidential Primaries","btp04pr.t1services","16:9510","16:9510::btp04pr.t1services","triple","9510",0.458250001072883,0.694499999284744,0.458499997854233,0.75,0.6,0.633399999141693,0.6,10,FALSE,FALSE,-0.0333999991416932,-0.0555000007152556,0.0333999991416932,0.000249996781349515,-0.000249996781349515,0.458250001072883,0.694499999284744,0.458499997854233,0.75,0.6,0.633399999141693,0.6,10,FALSE,FALSE,-0.0333999991416932,-0.0555000007152556,0.0333999991416932,0.000249996781349515,-0.000249996781349515,FALSE,FALSE,TRUE,TRUE,FALSE
16,95,"By the People 2004 US Presidential Primaries","btp04pr.t1services","16:9511","16:9511::btp04pr.t1services","triple","9511",0.444333334763845,0.648333330949148,0.5,0.6,0.597333331902822,0.576923076923077,0.785714285714286,14,FALSE,FALSE,0.0204102549797451,0.0483333309491478,-0.0204102549797451,0.0556666652361553,-0.0556666652361553,0.444333334763845,0.648333330949148,0.5,0.611111111111111,0.597333331902822,0.583333333333333,0.75,12,FALSE,FALSE,0.0139999985694886,0.0372222198380366,-0.0139999985694886,0.0556666652361553,-0.0556666652361553,TRUE,TRUE,FALSE,TRUE,FALSE
16,95,"By the People 2004 US Presidential Primaries","btp04pr.t1services","16:9512","16:9512::btp04pr.t1services","triple","9512",0.291749998927117,0.444333334763845,0.291749998927117,0.5,0.357142857142857,0.407444443967607,0.555555555555556,9,FALSE,FALSE,-0.0503015868247502,-0.0556666652361554,0.0503015868247502,0,0,0.291749998927117,0.444333334763845,0.291749998927117,0.5,0.357142857142857,0.380999999386924,0.428571428571429,7,FALSE,FALSE,-0.0238571422440665,-0.0556666652361554,0.0238571422440665,0,0,FALSE,FALSE,TRUE,FALSE,FALSE
16,95,"By the People 2004 US Presidential Primaries","btp04pr.t1services","16:9513","16:9513::btp04pr.t1services","triple","9513",0.5,0.572875000536442,0.566600000858307,0.458374999463558,0.555523809932527,0.484142856938498,0.761904761904762,21,FALSE,FALSE,0.0713809529940286,0.114500001072884,-0.0713809529940286,0.0666000008583068,-0.0666000008583068,0.5,0.572875000536442,0.566600000858307,0.458374999463558,0.555523809932527,0.484142856938498,0.761904761904762,21,FALSE,FALSE,0.0713809529940286,0.114500001072884,-0.0713809529940286,0.0666000008583068,-0.0666000008583068,TRUE,TRUE,FALSE,TRUE,FALSE
16,95,"By the People 2004 US Presidential Primaries","btp04pr.t1services","16:9515","16:9515::btp04pr.t1services","triple","9515",0.555500000715256,0.59514285836901,0.389166663090388,0.722166667381922,0.576846154836508,0.555666665236155,0.538461538461538,13,FALSE,FALSE,0.0211794896003524,-0.127023809012913,-0.0211794896003524,-0.166333337624867,0.166333337624867,0.555500000715256,0.611000001430511,0.389166663090388,0.722166667381922,0.583250001072883,0.555666665236155,0.5,12,FALSE,FALSE,0.0275833358367281,-0.111166665951411,-0.0275833358367281,-0.166333337624867,0.166333337624867,TRUE,FALSE,FALSE,FALSE,TRUE
16,95,"By the People 2004 US Presidential Primaries","btp04pr.t1services","16:9516","16:9516::btp04pr.t1services","triple","9516",0.416999995708466,0.75911111301846,0.5,0.777888887458378,0.69690909168937,0.727363635193218,0.818181818181818,11,FALSE,FALSE,-0.0304545435038482,-0.018777774439918,0.0304545435038482,0.083000004291534,-0.083000004291534,0.416999995708466,0.75911111301846,0.5,0.777888887458378,0.69690909168937,0.727363635193218,0.818181818181818,11,FALSE,FALSE,-0.0304545435038482,-0.018777774439918,0.0304545435038482,0.083000004291534,-0.083000004291534,FALSE,FALSE,TRUE,TRUE,FALSE
14,93,"By the People: National","btp03.olt1usseca","14:9301","14:9301::btp03.olt1usseca","triple","9301",0.875,0.76555554734336,0.896999990940094,0.769999997483359,0.804642851863589,0.815357138003622,0.642857142857143,14,FALSE,FALSE,0.0107142861400332,0.00444445013999928,-0.0107142861400332,-0.0219999909400944,0.0219999909400944,0.875,0.76555554734336,0.896999990940094,0.769999997483359,0.804642851863589,0.815357138003622,0.642857142857143,14,FALSE,FALSE,0.0107142861400332,0.00444445013999928,-0.0107142861400332,-0.0219999909400944,0.0219999909400944,TRUE,TRUE,FALSE,FALSE,TRUE
14,93,"By the People: National","btp03.olt1usseca","14:9302","14:9302::btp03.olt1usseca","triple","9302",0.797499984502792,0.817500015099843,0.864999994635582,0.753958324591319,0.809500002861023,0.798374992609024,0.6,10,FALSE,FALSE,0.011125010251999,0.0635416905085247,-0.011125010251999,0.0675000101327895,-0.0675000101327895,0.797499984502792,0.817500015099843,0.864999994635582,0.753958324591319,0.809500002861023,0.798374992609024,0.6,10,FALSE,FALSE,0.011125010251999,0.0635416905085247,-0.011125010251999,0.0675000101327895,-0.0675000101327895,TRUE,TRUE,FALSE,TRUE,FALSE
14,93,"By the People: National","btp03.olt1usseca","14:9303","14:9303::btp03.olt1usseca","triple","9303",0.78400000333786,0.878750006357829,0.698000001907349,0.859166661898295,0.850882358410779,0.811764703077429,0.705882352941177,17,FALSE,FALSE,0.0391176553333507,0.0195833444595337,-0.0391176553333507,-0.0860000014305113,0.0860000014305113,0.78400000333786,0.878750006357829,0.698000001907349,0.859166661898295,0.850882358410779,0.811764703077429,0.705882352941177,17,FALSE,FALSE,0.0391176553333507,0.0195833444595337,-0.0391176553333507,-0.0860000014305113,0.0860000014305113,TRUE,TRUE,FALSE,FALSE,TRUE
14,93,"By the People: National","btp03.olt1usseca","14:9304","14:9304::btp03.olt1usseca","triple","9304",0.734999991953373,0.815714282648904,0.69624999910593,0.799285709857941,0.786363631486893,0.761818178675392,0.636363636363636,11,FALSE,FALSE,0.0245454528115011,0.0164285727909632,-0.0245454528115011,-0.0387499928474422,0.0387499928474422,0.734999991953373,0.815714282648904,0.69624999910593,0.799285709857941,0.786363631486893,0.761818178675392,0.636363636363636,11,FALSE,FALSE,0.0245454528115011,0.0164285727909632,-0.0245454528115011,-0.0387499928474422,0.0387499928474422,TRUE,TRUE,FALSE,FALSE,TRUE
14,93,"By the People: National","btp03.olt1usseca","14:9305","14:9305::btp03.olt1usseca","triple","9305",0.8125,0.823750004172325,0.766249999403954,0.830625005066395,0.82000000278155,0.809166669845581,0.666666666666667,12,FALSE,FALSE,0.0108333329359688,-0.00687500089406989,-0.0108333329359688,-0.046250000596046,0.046250000596046,0.8125,0.823750004172325,0.766249999403954,0.830625005066395,0.82000000278155,0.809166669845581,0.666666666666667,12,FALSE,FALSE,0.0108333329359688,-0.00687500089406989,-0.0108333329359688,-0.046250000596046,0.046250000596046,TRUE,FALSE,FALSE,FALSE,TRUE
14,93,"By the People: National","btp03.olt1usseca","14:9306","14:9306::btp03.olt1usseca","triple","9306",0.745277772347132,0.801969696174968,0.772499998410543,0.828181814063679,0.781960781882791,0.808529408539043,0.647058823529412,17,FALSE,FALSE,-0.0265686266562519,-0.026212117888711,0.0265686266562519,0.0272222260634104,-0.0272222260634104,0.745277772347132,0.801969696174968,0.772499998410543,0.828181814063679,0.781960781882791,0.808529408539043,0.647058823529412,17,FALSE,FALSE,-0.0265686266562519,-0.026212117888711,0.0265686266562519,0.0272222260634104,-0.0272222260634104,FALSE,FALSE,TRUE,TRUE,FALSE
14,93,"By the People: National","btp03.olt1usseca","14:9307","14:9307::btp03.olt1usseca","triple","9307",0.767499993244807,0.743333332240582,0.830833325783412,0.737272723154588,0.751388885908657,0.770294112317702,0.666666666666667,18,FALSE,FALSE,0.0189052264090457,-0.00606060908599337,-0.0189052264090457,-0.0633333325386047,0.0633333325386047,0.767499993244807,0.764999999241395,0.830833325783412,0.737272723154588,0.765882350066129,0.770294112317702,0.647058823529412,17,FALSE,FALSE,0.00441176225157336,-0.0277272760868073,-0.00441176225157336,-0.0633333325386047,0.0633333325386047,TRUE,FALSE,FALSE,FALSE,TRUE
14,93,"By the People: National","btp03.olt1usseca","14:9308","14:9308::btp03.olt1usseca","triple","9308",0.796250000596046,0.806500005722046,0.712499991059303,0.817999994754791,0.803571432828903,0.78785713655608,0.714285714285714,14,FALSE,FALSE,0.0157142962728227,-0.0114999890327454,-0.0157142962728227,-0.0837500095367429,0.0837500095367429,0.796250000596046,0.806500005722046,0.712499991059303,0.817999994754791,0.803571432828903,0.78785713655608,0.714285714285714,14,FALSE,FALSE,0.0157142962728227,-0.0114999890327454,-0.0157142962728227,-0.0837500095367429,0.0837500095367429,TRUE,FALSE,FALSE,FALSE,TRUE
14,93,"By the People: National","btp03.olt1usseca","14:9309","14:9309::btp03.olt1usseca","triple","9309",0.778333326180776,0.81277777089013,0.721666673819224,0.825000001324548,0.804166659712792,0.799166669448217,0.75,12,FALSE,FALSE,0.00499999026457476,-0.0122222304344175,-0.00499999026457476,-0.056666652361552,0.056666652361552,0.778333326180776,0.81277777089013,0.721666673819224,0.825000001324548,0.804166659712792,0.799166669448217,0.75,12,FALSE,FALSE,0.00499999026457476,-0.0122222304344175,-0.00499999026457476,-0.056666652361552,0.056666652361552,TRUE,FALSE,FALSE,FALSE,TRUE
14,93,"By the People: National","btp03.olt1usseca","14:9310","14:9310::btp03.olt1usseca","triple","9310",0.690000007549922,0.727500004072984,0.70333331823349,0.761249999205272,0.715000005231963,0.741944438881344,0.666666666666667,18,FALSE,FALSE,-0.0269444336493811,-0.0337499951322876,0.0269444336493811,0.0133333106835681,-0.0133333106835681,0.690000007549922,0.727500004072984,0.70333331823349,0.761249999205272,0.715000005231963,0.741944438881344,0.666666666666667,18,FALSE,FALSE,-0.0269444336493811,-0.0337499951322876,0.0269444336493811,0.0133333106835681,-0.0133333106835681,FALSE,FALSE,TRUE,TRUE,FALSE
14,93,"By the People: National","btp03.olt1usseca","14:9312","14:9312::btp03.olt1usseca","triple","9312",0.580000013113022,0.815238096884319,0.609999984502792,0.842142860094706,0.794782611338989,0.821956523086714,0.91304347826087,23,FALSE,FALSE,-0.0271739117477249,-0.0269047632103873,0.0271739117477249,0.0299999713897701,-0.0299999713897701,0.580000013113022,0.815238096884319,0.609999984502792,0.842142860094706,0.794782611338989,0.821956523086714,0.91304347826087,23,FALSE,FALSE,-0.0271739117477249,-0.0269047632103873,0.0271739117477249,0.0299999713897701,-0.0299999713897701,FALSE,FALSE,TRUE,TRUE,FALSE
14,93,"By the People: National","btp03.olt1usseca","14:9313","14:9313::btp03.olt1usseca","triple","9313",0.835714297635215,0.771428565893854,0.805714283670698,0.741071424313954,0.792857143140974,0.762619044099535,0.666666666666667,21,FALSE,FALSE,-0.0302380990414393,-0.0303571415799005,0.0302380990414393,0.0300000139645167,-0.0300000139645167,0.835714297635215,0.771428565893854,0.805714283670698,0.741071424313954,0.792857143140974,0.762619044099535,0.666666666666667,21,FALSE,FALSE,-0.0302380990414393,-0.0303571415799005,0.0302380990414393,0.0300000139645167,-0.0300000139645167,FALSE,FALSE,TRUE,TRUE,FALSE
14,93,"By the People: National","btp03.olt1usseca","14:9314","14:9314::btp03.olt1usseca","triple","9314",0.882499992847443,0.808611111508475,0.822499990463257,0.805277779698372,0.815999999642372,0.80700000077486,0.9,20,FALSE,FALSE,-0.00899999886751179,-0.00333333181010342,0.00899999886751179,0.060000002384186,-0.060000002384186,0.882499992847443,0.808611111508475,0.822499990463257,0.805277779698372,0.815999999642372,0.80700000077486,0.9,20,FALSE,FALSE,-0.00899999886751179,-0.00333333181010342,0.00899999886751179,0.060000002384186,-0.060000002384186,FALSE,FALSE,TRUE,TRUE,FALSE
14,93,"By the People: National","btp03.olt1usseca","14:9315","14:9315::btp03.olt1usseca","triple","9315",0.882499992847443,0.824666666984558,0.912499994039536,0.791666664679845,0.831470587674309,0.805882350486868,0.88235294117647,17,FALSE,FALSE,-0.0255882371874415,-0.0330000023047129,0.0255882371874415,-0.030000001192093,0.030000001192093,0.882499992847443,0.824666666984558,0.912499994039536,0.791666664679845,0.831470587674309,0.805882350486868,0.88235294117647,17,FALSE,FALSE,-0.0255882371874415,-0.0330000023047129,0.0255882371874415,-0.030000001192093,0.030000001192093,FALSE,FALSE,TRUE,FALSE,TRUE
14,93,"By the People: National","btp03.olt1humrh2","14:9301","14:9301::btp03.olt1humrh2","triple","9301",0.620000000298023,0.633333348565631,0.620000004768371,0.677777783738242,0.628571438470057,0.657142862677574,0.642857142857143,14,FALSE,FALSE,-0.028571424207517,-0.0444444351726109,0.028571424207517,4.47034820272307e-09,-4.47034820272307e-09,0.620000000298023,0.633333348565631,0.620000004768371,0.677777783738242,0.628571438470057,0.657142862677574,0.642857142857143,14,FALSE,FALSE,-0.028571424207517,-0.0444444351726109,0.028571424207517,4.47034820272307e-09,-4.47034820272307e-09,FALSE,FALSE,TRUE,TRUE,FALSE
14,93,"By the People: National","btp03.olt1humrh2","14:9302","14:9302::btp03.olt1humrh2","triple","9302",0.475000012665987,0.666666666666667,0.600000001490116,0.639999997615814,0.590000005066395,0.622222221559948,0.6,10,FALSE,FALSE,-0.0322222164935535,0.0266666690508525,0.0322222164935535,0.124999988824129,-0.124999988824129,0.475000012665987,0.660000002384186,0.600000001490116,0.639999997615814,0.577777784731653,0.622222221559948,0.555555555555556,9,FALSE,FALSE,-0.0444444368282954,0.0200000047683716,0.0444444368282954,0.124999988824129,-0.124999988824129,FALSE,TRUE,TRUE,TRUE,FALSE
14,93,"By the People: National","btp03.olt1humrh2","14:9303","14:9303::btp03.olt1humrh2","triple","9303",0.580000001192093,0.558333336686095,0.400000011920929,0.633333337803682,0.564705885070212,0.564705889014637,0.705882352941177,17,FALSE,FALSE,3.9444250088394e-09,0.0750000011175871,-3.9444250088394e-09,0.179999989271164,-0.179999989271164,0.580000001192093,0.558333336686095,0.400000011920929,0.633333337803682,0.564705885070212,0.564705889014637,0.705882352941177,17,FALSE,FALSE,3.9444250088394e-09,0.0750000011175871,-3.9444250088394e-09,0.179999989271164,-0.179999989271164,TRUE,TRUE,FALSE,TRUE,FALSE
14,93,"By the People: National","btp03.olt1humrh2","14:9304","14:9304::btp03.olt1humrh2","triple","9304",0.50000000372529,0.671428565468107,0.550000004470348,0.671428571854319,0.609090906652537,0.627272729169239,0.636363636363636,11,FALSE,FALSE,-0.0181818225167014,-6.38621189263944e-09,0.0181818225167014,0.050000000745058,-0.050000000745058,0.50000000372529,0.671428565468107,0.550000004470348,0.671428571854319,0.609090906652537,0.627272729169239,0.636363636363636,11,FALSE,FALSE,-0.0181818225167014,-6.38621189263944e-09,0.0181818225167014,0.050000000745058,-0.050000000745058,FALSE,FALSE,TRUE,TRUE,FALSE
14,93,"By the People: National","btp03.olt1humrh2","14:9305","14:9305::btp03.olt1humrh2","triple","9305",0.62500000745058,0.525000005960464,0.675000011920929,0.675000004470348,0.558333339790503,0.675000006953875,0.666666666666667,12,FALSE,FALSE,0.116666667163372,0.149999998509884,-0.116666667163372,-0.0500000044703485,0.0500000044703485,0.62500000745058,0.525000005960464,0.675000011920929,0.675000004470348,0.558333339790503,0.675000006953875,0.666666666666667,12,FALSE,FALSE,0.116666667163372,0.149999998509884,-0.116666667163372,-0.0500000044703485,0.0500000044703485,TRUE,TRUE,FALSE,FALSE,TRUE
14,93,"By the People: National","btp03.olt1humrh2","14:9306","14:9306::btp03.olt1humrh2","triple","9306",0.550000006953875,0.509090907871723,0.566666667660077,0.66363635930148,0.52352941343013,0.629411762251573,0.647058823529412,17,FALSE,FALSE,0.105882348821444,0.154545451429757,-0.105882348821444,-0.0166666607062022,0.0166666607062022,0.550000006953875,0.509090907871723,0.566666667660077,0.66363635930148,0.52352941343013,0.629411762251573,0.647058823529412,17,FALSE,FALSE,0.105882348821444,0.154545451429757,-0.105882348821444,-0.0166666607062022,0.0166666607062022,TRUE,TRUE,FALSE,FALSE,TRUE
14,93,"By the People: National","btp03.olt1humrh2","14:9307","14:9307::btp03.olt1humrh2","triple","9307",0.45000001291434,0.591666676104069,0.616666679581006,0.600000000812791,0.544444455040826,0.605882358025102,0.666666666666667,18,FALSE,FALSE,-0.0614379029842763,-0.00833332470872183,0.0614379029842763,0.166666666666667,-0.166666666666667,0.45000001291434,0.590909099036997,0.616666679581006,0.600000000812791,0.541176480405471,0.605882358025102,0.647058823529412,17,FALSE,FALSE,-0.0647058776196312,-0.00909090177579364,0.0647058776196312,0.166666666666667,-0.166666666666667,FALSE,FALSE,TRUE,TRUE,FALSE
14,93,"By the People: National","btp03.olt1humrh2","14:9308","14:9308::btp03.olt1humrh2","triple","9308",0.525000005960464,0.670000001788139,0.50000000372529,0.770000004768372,0.628571431551661,0.692857147327491,0.714285714285714,14,FALSE,FALSE,-0.0642857157758305,-0.100000002980232,0.0642857157758305,-0.025000002235174,0.025000002235174,0.525000005960464,0.670000001788139,0.50000000372529,0.770000004768372,0.628571431551661,0.692857147327491,0.714285714285714,14,FALSE,FALSE,-0.0642857157758305,-0.100000002980232,0.0642857157758305,-0.025000002235174,0.025000002235174,FALSE,FALSE,TRUE,FALSE,TRUE
14,93,"By the People: National","btp03.olt1humrh2","14:9309","14:9309::btp03.olt1humrh2","triple","9309",0.433333327372869,0.544444451729457,0.533333341280619,0.64444445239173,0.51666667064031,0.616666674613953,0.75,12,FALSE,FALSE,-0.100000003973643,-0.100000000662274,0.100000003973643,0.100000013907751,-0.100000013907751,0.433333327372869,0.544444451729457,0.533333341280619,0.64444445239173,0.51666667064031,0.616666674613953,0.75,12,FALSE,FALSE,-0.100000003973643,-0.100000000662274,0.100000003973643,0.100000013907751,-0.100000013907751,FALSE,FALSE,TRUE,TRUE,FALSE
14,93,"By the People: National","btp03.olt1humrh2","14:9310","14:9310::btp03.olt1humrh2","triple","9310",0.616666674613953,0.599999995281299,0.566666672627131,0.650000000993411,0.60555555505885,0.622222224871318,0.666666666666667,18,FALSE,FALSE,0.0166666698124674,0.0500000057121118,-0.0166666698124674,0.0500000019868215,-0.0500000019868215,0.616666674613953,0.599999995281299,0.566666672627131,0.650000000993411,0.60555555505885,0.622222224871318,0.666666666666667,18,FALSE,FALSE,0.0166666698124674,0.0500000057121118,-0.0166666698124674,0.0500000019868215,-0.0500000019868215,TRUE,TRUE,FALSE,TRUE,FALSE
14,93,"By the People: National","btp03.olt1humrh2","14:9312","14:9312::btp03.olt1humrh2","triple","9312",0.350000001490116,0.62380952565443,0.599999994039536,0.595238100914728,0.600000001814054,0.595652178577755,0.91304347826087,23,FALSE,FALSE,0.00434782323629967,0.0285714247397014,-0.00434782323629967,0.24999999254942,-0.24999999254942,0.350000001490116,0.62380952565443,0.599999994039536,0.595238100914728,0.600000001814054,0.595652178577755,0.91304347826087,23,FALSE,FALSE,0.00434782323629967,0.0285714247397014,-0.00434782323629967,0.24999999254942,-0.24999999254942,TRUE,TRUE,FALSE,TRUE,FALSE
14,93,"By the People: National","btp03.olt1humrh2","14:9313","14:9313::btp03.olt1humrh2","triple","9313",0.557142862251827,0.614285718649626,0.628571429422923,0.621428568448339,0.59523809985036,0.623809522106534,0.666666666666667,21,FALSE,FALSE,-0.0285714222561745,-0.00714284979871338,0.0285714222561745,0.0714285671710967,-0.0714285671710967,0.557142862251827,0.614285718649626,0.628571429422923,0.621428568448339,0.59523809985036,0.623809522106534,0.666666666666667,21,FALSE,FALSE,-0.0285714222561745,-0.00714284979871338,0.0285714222561745,0.0714285671710967,-0.0714285671710967,FALSE,FALSE,TRUE,TRUE,FALSE
14,93,"By the People: National","btp03.olt1humrh2","14:9314","14:9314::btp03.olt1humrh2","triple","9314",0.449999995529652,0.600000004801485,0.5,0.661111110614406,0.585000003874302,0.644999999552965,0.9,20,FALSE,FALSE,-0.0599999956786632,-0.0611111058129205,0.0599999956786632,0.0500000044703485,-0.0500000044703485,0.449999995529652,0.600000004801485,0.5,0.661111110614406,0.585000003874302,0.644999999552965,0.9,20,FALSE,FALSE,-0.0599999956786632,-0.0611111058129205,0.0599999956786632,0.0500000044703485,-0.0500000044703485,FALSE,FALSE,TRUE,TRUE,FALSE
14,93,"By the People: National","btp03.olt1humrh2","14:9315","14:9315::btp03.olt1humrh2","triple","9315",0.5,0.513333336512248,0.75,0.533333337306976,0.511764708687277,0.55882353291792,0.88235294117647,17,FALSE,FALSE,-0.0470588242306428,-0.0200000007947285,0.0470588242306428,0.25,-0.25,0.5,0.513333336512248,0.75,0.533333337306976,0.511764708687277,0.55882353291792,0.88235294117647,17,FALSE,FALSE,-0.0470588242306428,-0.0200000007947285,0.0470588242306428,0.25,-0.25,FALSE,FALSE,TRUE,TRUE,FALSE
14,93,"By the People: National","btp03.olt1envir","14:9301","14:9301::btp03.olt1envir","triple","9301",0.720000002533197,0.64166667064031,0.685000007227063,0.73611111442248,0.669642860602055,0.717857147566974,0.642857142857143,14,FALSE,FALSE,0.0482142869649188,0.0944444437821707,-0.0482142869649188,0.0349999953061342,-0.0349999953061342,0.720000002533197,0.64166667064031,0.685000007227063,0.73611111442248,0.669642860602055,0.717857147566974,0.642857142857143,14,FALSE,FALSE,0.0482142869649188,0.0944444437821707,-0.0482142869649188,0.0349999953061342,-0.0349999953061342,TRUE,TRUE,FALSE,TRUE,FALSE
14,93,"By the People: National","btp03.olt1envir","14:9302","14:9302::btp03.olt1envir","triple","9302",0.643749997019768,0.787500003973643,0.749999985098839,0.64583333581686,0.730000001192093,0.687499995529652,0.6,10,FALSE,FALSE,0.0425000056624413,0.141666668156783,-0.0425000056624413,0.106249988079071,-0.106249988079071,0.643749997019768,0.787500003973643,0.749999985098839,0.64583333581686,0.730000001192093,0.687499995529652,0.6,10,FALSE,FALSE,0.0425000056624413,0.141666668156783,-0.0425000056624413,0.106249988079071,-0.106249988079071,TRUE,TRUE,FALSE,TRUE,FALSE
14,93,"By the People: National","btp03.olt1envir","14:9303","14:9303::btp03.olt1envir","triple","9303",0.555000001192093,0.738194445768992,0.600000001490116,0.747222219904264,0.684313726775786,0.703921567429515,0.705882352941177,17,FALSE,FALSE,-0.0196078406537281,-0.00902777413527189,0.0196078406537281,0.0450000002980234,-0.0450000002980234,0.555000001192093,0.738194445768992,0.600000001490116,0.747222219904264,0.684313726775786,0.703921567429515,0.705882352941177,17,FALSE,FALSE,-0.0196078406537281,-0.00902777413527189,0.0196078406537281,0.0450000002980234,-0.0450000002980234,FALSE,FALSE,TRUE,TRUE,FALSE
14,93,"By the People: National","btp03.olt1envir","14:9304","14:9304::btp03.olt1envir","triple","9304",0.562499988824129,0.747619054147175,0.512500002980232,0.82500000510897,0.68030303039334,0.71136364069852,0.636363636363636,11,FALSE,FALSE,-0.0310606103051794,-0.0773809509617942,0.0310606103051794,-0.0499999858438968,0.0499999858438968,0.562499988824129,0.747619054147175,0.512500002980232,0.82500000510897,0.68030303039334,0.71136364069852,0.636363636363636,11,FALSE,FALSE,-0.0310606103051794,-0.0773809509617942,0.0310606103051794,-0.0499999858438968,0.0499999858438968,FALSE,FALSE,TRUE,FALSE,TRUE
14,93,"By the People: National","btp03.olt1envir","14:9305","14:9305::btp03.olt1envir","triple","9305",0.806250005960464,0.596875004470348,0.775000005960464,0.594791660550982,0.66666667163372,0.654861109020809,0.666666666666667,12,FALSE,FALSE,-0.0118055626129111,-0.0020833439193666,0.0118055626129111,0.03125,-0.03125,0.806250005960464,0.596875004470348,0.775000005960464,0.594791660550982,0.66666667163372,0.654861109020809,0.666666666666667,12,FALSE,FALSE,-0.0118055626129111,-0.0020833439193666,0.0118055626129111,0.03125,-0.03125,FALSE,FALSE,TRUE,TRUE,FALSE
14,93,"By the People: National","btp03.olt1envir","14:9306","14:9306::btp03.olt1envir","triple","9306",0.730555564165115,0.636363638564944,0.766666680574417,0.590909094295718,0.669607847600299,0.652941183570553,0.647058823529412,17,FALSE,FALSE,-0.0166666640297455,-0.0454545442692258,0.0166666640297455,-0.0361111164093018,0.0361111164093018,0.730555564165115,0.636363638564944,0.766666680574417,0.590909094295718,0.669607847600299,0.652941183570553,0.647058823529412,17,FALSE,FALSE,-0.0166666640297455,-0.0454545442692258,0.0166666640297455,-0.0361111164093018,0.0361111164093018,FALSE,FALSE,TRUE,FALSE,TRUE
14,93,"By the People: National","btp03.olt1envir","14:9307","14:9307::btp03.olt1envir","triple","9307",0.698611110448837,0.629166671385368,0.812499990065892,0.650000002235174,0.652314817739858,0.707352939116604,0.666666666666667,18,FALSE,FALSE,0.0550381213767466,0.0208333308498064,-0.0550381213767466,-0.113888879617055,0.113888879617055,0.698611110448837,0.606818186965856,0.812499990065892,0.650000002235174,0.639215689371614,0.707352939116604,0.647058823529412,17,FALSE,FALSE,0.0681372497449902,0.0431818152693184,-0.0681372497449902,-0.113888879617055,0.113888879617055,TRUE,TRUE,FALSE,FALSE,TRUE
14,93,"By the People: National","btp03.olt1envir","14:9308","14:9308::btp03.olt1envir","triple","9308",0.704166673123837,0.790000000596046,0.725000008940697,0.745000000298023,0.765476192746844,0.739285717053073,0.714285714285714,14,FALSE,FALSE,0.0261904756937708,0.0450000002980231,-0.0261904756937708,0.0208333358168602,-0.0208333358168602,0.704166673123837,0.790000000596046,0.725000008940697,0.745000000298023,0.765476192746844,0.739285717053073,0.714285714285714,14,FALSE,FALSE,0.0261904756937708,0.0450000002980231,-0.0261904756937708,0.0208333358168602,-0.0208333358168602,TRUE,TRUE,FALSE,TRUE,FALSE
14,93,"By the People: National","btp03.olt1envir","14:9309","14:9309::btp03.olt1envir","triple","9309",0.75,0.622222228182687,0.73888889948527,0.658333334657881,0.654166671137015,0.678472225864728,0.75,12,FALSE,FALSE,0.0243055547277133,0.0361111064751943,-0.0243055547277133,0.0111111005147296,-0.0111111005147296,0.75,0.622222228182687,0.73888889948527,0.658333334657881,0.654166671137015,0.678472225864728,0.75,12,FALSE,FALSE,0.0243055547277133,0.0361111064751943,-0.0243055547277133,0.0111111005147296,-0.0111111005147296,TRUE,TRUE,FALSE,TRUE,FALSE
14,93,"By the People: National","btp03.olt1envir","14:9310","14:9310::btp03.olt1envir","triple","9310",0.73333332935969,0.743055554727713,0.899999996026357,0.779166663686434,0.739814812938372,0.819444441133075,0.666666666666667,18,FALSE,FALSE,-0.0796296281947029,-0.036111108958721,0.0796296281947029,0.166666666666667,-0.166666666666667,0.73333332935969,0.743055554727713,0.899999996026357,0.779166663686434,0.739814812938372,0.819444441133075,0.666666666666667,18,FALSE,FALSE,-0.0796296281947029,-0.036111108958721,0.0796296281947029,0.166666666666667,-0.166666666666667,FALSE,FALSE,TRUE,TRUE,FALSE
14,93,"By the People: National","btp03.olt1envir","14:9312","14:9312::btp03.olt1envir","triple","9312",0.625,0.642063492820376,0.637499988079071,0.704761905329568,0.640579710835996,0.69891304295996,0.91304347826087,23,FALSE,FALSE,-0.0583333321239637,-0.0626984125091916,0.0583333321239637,0.012499988079071,-0.012499988079071,0.625,0.642063492820376,0.637499988079071,0.704761905329568,0.640579710835996,0.69891304295996,0.91304347826087,23,FALSE,FALSE,-0.0583333321239637,-0.0626984125091916,0.0583333321239637,0.012499988079071,-0.012499988079071,FALSE,FALSE,TRUE,TRUE,FALSE
14,93,"By the People: National","btp03.olt1envir","14:9313","14:9313::btp03.olt1envir","triple","9313",0.867857141154153,0.600595234760216,0.867857149669102,0.630357144134385,0.689682536891529,0.709523812645958,0.666666666666667,21,FALSE,FALSE,0.019841275754429,0.0297619093741689,-0.019841275754429,-8.51494930120822e-09,8.51494930120822e-09,0.867857141154153,0.600595234760216,0.867857149669102,0.630357144134385,0.689682536891529,0.709523812645958,0.666666666666667,21,FALSE,FALSE,0.019841275754429,0.0297619093741689,-0.019841275754429,-8.51494930120822e-09,8.51494930120822e-09,TRUE,TRUE,FALSE,FALSE,TRUE
14,93,"By the People: National","btp03.olt1envir","14:9314","14:9314::btp03.olt1envir","triple","9314",0.949999988079071,0.627314810951551,0.925000011920929,0.661574073963695,0.659583328664303,0.687916667759419,0.9,20,FALSE,FALSE,0.0283333390951157,0.0342592630121443,-0.0283333390951157,0.0249999761581421,-0.0249999761581421,0.949999988079071,0.627314810951551,0.925000011920929,0.661574073963695,0.659583328664303,0.687916667759419,0.9,20,FALSE,FALSE,0.0283333390951157,0.0342592630121443,-0.0283333390951157,0.0249999761581421,-0.0249999761581421,TRUE,TRUE,FALSE,TRUE,FALSE
14,93,"By the People: National","btp03.olt1envir","14:9315","14:9315::btp03.olt1envir","triple","9315",0.762500017881393,0.688333334525426,0.775000005960464,0.739999999602636,0.697058826684952,0.744117647409439,0.88235294117647,17,FALSE,FALSE,0.0470588207244873,0.0516666650772095,-0.0470588207244873,-0.012499988079071,0.012499988079071,0.762500017881393,0.688333334525426,0.775000005960464,0.739999999602636,0.697058826684952,0.744117647409439,0.88235294117647,17,FALSE,FALSE,0.0470588207244873,0.0516666650772095,-0.0470588207244873,-0.012499988079071,0.012499988079071,TRUE,TRUE,FALSE,FALSE,TRUE
14,93,"By the People: National","btp03.olt1inter","14:9301","14:9301::btp03.olt1inter","triple","9301",1,0.944444444444444,0.95,0.833333333333333,0.964285714285714,0.875,0.642857142857143,14,FALSE,FALSE,-0.0892857142857143,-0.111111111111111,0.0892857142857143,0.05,-0.05,1,0.944444444444444,0.95,0.833333333333333,0.964285714285714,0.875,0.642857142857143,14,FALSE,FALSE,-0.0892857142857143,-0.111111111111111,0.0892857142857143,0.05,-0.05,FALSE,FALSE,TRUE,TRUE,FALSE
14,93,"By the People: National","btp03.olt1inter","14:9302","14:9302::btp03.olt1inter","triple","9302",0.8125,0.708333333333333,0.8125,0.583333333333333,0.75,0.675,0.6,10,FALSE,FALSE,-0.075,-0.125,0.075,0,0,0.8125,0.708333333333333,0.8125,0.583333333333333,0.75,0.675,0.6,10,FALSE,FALSE,-0.075,-0.125,0.075,0,0,FALSE,FALSE,TRUE,FALSE,FALSE
14,93,"By the People: National","btp03.olt1inter","14:9303","14:9303::btp03.olt1inter","triple","9303",0.85,0.625,0.65,0.479166666666667,0.691176470588235,0.529411764705882,0.705882352941177,17,FALSE,FALSE,-0.161764705882353,-0.145833333333333,0.161764705882353,0.2,-0.2,0.85,0.625,0.65,0.479166666666667,0.691176470588235,0.529411764705882,0.705882352941177,17,FALSE,FALSE,-0.161764705882353,-0.145833333333333,0.161764705882353,0.2,-0.2,FALSE,FALSE,TRUE,TRUE,FALSE
14,93,"By the People: National","btp03.olt1inter","14:9304","14:9304::btp03.olt1inter","triple","9304",0.625,0.607142857142857,0.625,0.75,0.613636363636364,0.704545454545455,0.636363636363636,11,FALSE,FALSE,0.0909090909090909,0.142857142857143,-0.0909090909090909,0,0,0.625,0.607142857142857,0.625,0.75,0.613636363636364,0.704545454545455,0.636363636363636,11,FALSE,FALSE,0.0909090909090909,0.142857142857143,-0.0909090909090909,0,0,TRUE,TRUE,FALSE,FALSE,FALSE
14,93,"By the People: National","btp03.olt1inter","14:9305","14:9305::btp03.olt1inter","triple","9305",0.6875,0.571428571428571,0.75,0.78125,0.613636363636364,0.770833333333333,0.666666666666667,12,FALSE,FALSE,0.15719696969697,0.209821428571429,-0.15719696969697,-0.0625,0.0625,0.6875,0.571428571428571,0.75,0.785714285714286,0.613636363636364,0.772727272727273,0.636363636363636,11,FALSE,FALSE,0.159090909090909,0.214285714285714,-0.159090909090909,-0.0625,0.0625,TRUE,TRUE,FALSE,FALSE,TRUE
14,93,"By the People: National","btp03.olt1inter","14:9306","14:9306::btp03.olt1inter","triple","9306",0.5,0.5,0.416666666666667,0.590909090909091,0.5,0.529411764705882,0.647058823529412,17,TRUE,FALSE,NA,NA,NA,NA,NA,0.5,0.5,0.416666666666667,0.590909090909091,0.5,0.529411764705882,0.647058823529412,17,TRUE,FALSE,NA,NA,NA,NA,NA,NA,NA,NA,NA,NA
14,93,"By the People: National","btp03.olt1inter","14:9307","14:9307::btp03.olt1inter","triple","9307",0.666666666666667,0.5625,0.791666666666667,0.636363636363636,0.597222222222222,0.691176470588235,0.666666666666667,18,FALSE,FALSE,0.0939542483660131,0.0738636363636364,-0.0939542483660131,-0.125,0.125,0.666666666666667,0.590909090909091,0.791666666666667,0.636363636363636,0.61764705882353,0.691176470588235,0.647058823529412,17,FALSE,FALSE,0.0735294117647058,0.0454545454545454,-0.0735294117647058,-0.125,0.125,TRUE,TRUE,FALSE,FALSE,TRUE
14,93,"By the People: National","btp03.olt1inter","14:9308","14:9308::btp03.olt1inter","triple","9308",0.5625,0.85,0.6875,0.85,0.767857142857143,0.803571428571429,0.714285714285714,14,FALSE,FALSE,-0.0357142857142857,0,0.0357142857142857,0.125,-0.125,0.5625,0.85,0.6875,0.85,0.767857142857143,0.803571428571429,0.714285714285714,14,FALSE,FALSE,-0.0357142857142857,0,0.0357142857142857,0.125,-0.125,FALSE,FALSE,TRUE,TRUE,FALSE
14,93,"By the People: National","btp03.olt1inter","14:9309","14:9309::btp03.olt1inter","triple","9309",0.583333333333333,0.5625,0.583333333333333,0.777777777777778,0.568181818181818,0.729166666666667,0.75,12,FALSE,FALSE,0.160984848484848,0.215277777777778,-0.160984848484848,0,0,0.583333333333333,0.5625,0.583333333333333,0.75,0.568181818181818,0.704545454545455,0.727272727272727,11,FALSE,FALSE,0.136363636363636,0.1875,-0.136363636363636,0,0,TRUE,TRUE,FALSE,FALSE,FALSE
14,93,"By the People: National","btp03.olt1inter","14:9310","14:9310::btp03.olt1inter","triple","9310",0.791666666666667,0.6875,0.833333333333333,0.833333333333333,0.722222222222222,0.833333333333333,0.666666666666667,18,FALSE,FALSE,0.111111111111111,0.145833333333333,-0.111111111111111,-0.0416666666666667,0.0416666666666667,0.791666666666667,0.6875,0.833333333333333,0.833333333333333,0.722222222222222,0.833333333333333,0.666666666666667,18,FALSE,FALSE,0.111111111111111,0.145833333333333,-0.111111111111111,-0.0416666666666667,0.0416666666666667,TRUE,TRUE,FALSE,FALSE,TRUE
14,93,"By the People: National","btp03.olt1inter","14:9312","14:9312::btp03.olt1inter","triple","9312",0.75,0.6125,0.875,0.666666666666667,0.625,0.684782608695652,0.91304347826087,23,FALSE,FALSE,0.0597826086956522,0.0541666666666666,-0.0597826086956522,-0.125,0.125,0.75,0.6125,0.875,0.6625,0.625,0.681818181818182,0.909090909090909,22,FALSE,FALSE,0.0568181818181818,0.0499999999999999,-0.0568181818181818,-0.125,0.125,TRUE,TRUE,FALSE,FALSE,TRUE
14,93,"By the People: National","btp03.olt1inter","14:9313","14:9313::btp03.olt1inter","triple","9313",0.75,0.607142857142857,0.821428571428571,0.730769230769231,0.654761904761905,0.7625,0.666666666666667,21,FALSE,FALSE,0.107738095238095,0.123626373626374,-0.107738095238095,-0.0714285714285714,0.0714285714285714,0.75,0.634615384615385,0.821428571428571,0.730769230769231,0.675,0.7625,0.65,20,FALSE,FALSE,0.0874999999999999,0.0961538461538461,-0.0874999999999999,-0.0714285714285714,0.0714285714285714,TRUE,TRUE,FALSE,FALSE,TRUE
14,93,"By the People: National","btp03.olt1inter","14:9314","14:9314::btp03.olt1inter","triple","9314",0.375,0.722222222222222,0.625,0.625,0.6875,0.625,0.9,20,FALSE,FALSE,0.0625,0.0972222222222222,-0.0625,0.25,-0.25,0.375,0.6875,0.625,0.625,0.652777777777778,0.625,0.888888888888889,18,FALSE,FALSE,0.0277777777777778,0.0625,-0.0277777777777778,0.25,-0.25,TRUE,TRUE,FALSE,TRUE,FALSE
14,93,"By the People: National","btp03.olt1inter","14:9315","14:9315::btp03.olt1inter","triple","9315",0.875,0.566666666666667,1,0.516666666666667,0.602941176470588,0.573529411764706,0.88235294117647,17,FALSE,FALSE,-0.0294117647058824,-0.0499999999999999,0.0294117647058824,-0.125,0.125,0.875,0.566666666666667,1,0.516666666666667,0.602941176470588,0.573529411764706,0.88235294117647,17,FALSE,FALSE,-0.0294117647058824,-0.0499999999999999,0.0294117647058824,-0.125,0.125,FALSE,FALSE,TRUE,FALSE,TRUE
14,93,"By the People: National","btp03.olt1multi","14:9301","14:9301::btp03.olt1multi","triple","9301",0.790416669845581,0.75524691078398,0.790208339691162,0.717206802633074,0.767807539020266,0.74327878015382,0.642857142857143,14,FALSE,FALSE,-0.0245287588664462,-0.0380401081509059,0.0245287588664462,0.000208330154419012,-0.000208330154419012,0.790416669845581,0.75524691078398,0.790208339691162,0.717206802633074,0.767807539020266,0.74327878015382,0.642857142857143,14,FALSE,FALSE,-0.0245287588664462,-0.0380401081509059,0.0245287588664462,0.000208330154419012,-0.000208330154419012,FALSE,FALSE,TRUE,TRUE,FALSE
14,93,"By the People: National","btp03.olt1multi","14:9302","14:9302::btp03.olt1multi","triple","9302",0.724739581346512,0.78732638557752,0.750520825386047,0.690277765194575,0.762291663885116,0.714374989271164,0.6,10,FALSE,FALSE,0.0479166746139527,0.0970486203829447,-0.0479166746139527,0.0257812440395355,-0.0257812440395355,0.724739581346512,0.78732638557752,0.750520825386047,0.690277765194575,0.762291663885116,0.714374989271164,0.6,10,FALSE,FALSE,0.0479166746139527,0.0970486203829447,-0.0479166746139527,0.0257812440395355,-0.0257812440395355,TRUE,TRUE,FALSE,TRUE,FALSE
14,93,"By the People: National","btp03.olt1multi","14:9303","14:9303::btp03.olt1multi","triple","9303",0.678888893127441,0.76882854104042,0.67631943821907,0.724805727601051,0.742375703418956,0.71054505425341,0.705882352941177,17,FALSE,FALSE,0.0318306491655461,0.0440228134393691,-0.0318306491655461,-0.00256945490837102,0.00256945490837102,0.678888893127441,0.76882854104042,0.67631943821907,0.724805727601051,0.742375703418956,0.71054505425341,0.705882352941177,17,FALSE,FALSE,0.0318306491655461,0.0440228134393691,-0.0318306491655461,-0.00256945490837102,0.00256945490837102,TRUE,TRUE,FALSE,FALSE,TRUE
14,93,"By the People: National","btp03.olt1multi","14:9304","14:9304::btp03.olt1multi","triple","9304",0.734635420143604,0.736670919827053,0.761979170143604,0.763839287417276,0.73593073812398,0.763162881135941,0.636363636363636,11,FALSE,FALSE,-0.0272321430119602,-0.0271683675902231,0.0272321430119602,0.02734375,-0.02734375,0.734635420143604,0.736670919827053,0.761979170143604,0.763839287417276,0.73593073812398,0.763162881135941,0.636363636363636,11,FALSE,FALSE,-0.0272321430119602,-0.0271683675902231,0.0272321430119602,0.02734375,-0.02734375,FALSE,FALSE,TRUE,TRUE,FALSE
14,93,"By the People: National","btp03.olt1multi","14:9305","14:9305::btp03.olt1multi","triple","9305",0.810751497745514,0.679414682090282,0.763541668653488,0.700204622000456,0.723193620642026,0.7213169708848,0.666666666666667,12,FALSE,FALSE,-0.00187664975722635,0.0207899399101735,0.00187664975722635,0.0472098290920261,-0.0472098290920261,0.810751497745514,0.679414682090282,0.763541668653488,0.700204622000456,0.723193620642026,0.7213169708848,0.666666666666667,12,FALSE,FALSE,-0.00187664975722635,0.0207899399101735,0.00187664975722635,0.0472098290920261,-0.0472098290920261,FALSE,TRUE,TRUE,TRUE,FALSE
14,93,"By the People: National","btp03.olt1multi","14:9306","14:9306::btp03.olt1multi","triple","9306",0.730868061383565,0.730018943548203,0.676967600981395,0.650865813547915,0.730318632195978,0.660078209112672,0.647058823529412,17,FALSE,FALSE,-0.0702404230833052,-0.0791531300002878,0.0702404230833052,0.0539004604021708,-0.0539004604021708,0.730868061383565,0.730018943548203,0.676967600981395,0.650865813547915,0.730318632195978,0.660078209112672,0.647058823529412,17,FALSE,FALSE,-0.0702404230833052,-0.0791531300002878,0.0702404230833052,0.0539004604021708,-0.0539004604021708,FALSE,FALSE,TRUE,TRUE,FALSE
14,93,"By the People: National","btp03.olt1multi","14:9307","14:9307::btp03.olt1multi","triple","9307",0.756770839293798,0.707328868408998,0.775421639283498,0.70330086350441,0.723809525370598,0.728755254955853,0.666666666666667,18,FALSE,FALSE,0.00494572958525508,-0.00402800490458788,-0.00494572958525508,-0.0186507999897003,0.0186507999897003,0.756770839293798,0.687256490642374,0.775421639283498,0.70330086350441,0.711790966636994,0.728755254955853,0.647058823529412,17,FALSE,FALSE,0.0169642883188585,0.0160443728620357,-0.0169642883188585,-0.0186507999897003,0.0186507999897003,TRUE,FALSE,FALSE,FALSE,TRUE
14,93,"By the People: National","btp03.olt1multi","14:9308","14:9308::btp03.olt1multi","triple","9308",0.751364096999169,0.741755959391594,0.83020831644535,0.753576385974884,0.744501141565187,0.77547122325216,0.714285714285714,14,FALSE,FALSE,0.0309700816869733,0.0118204265832899,-0.0309700816869733,-0.0788442194461819,0.0788442194461819,0.751364096999169,0.741755959391594,0.83020831644535,0.753576385974884,0.744501141565187,0.77547122325216,0.714285714285714,14,FALSE,FALSE,0.0309700816869733,0.0118204265832899,-0.0309700816869733,-0.0788442194461819,0.0788442194461819,TRUE,TRUE,FALSE,FALSE,TRUE
14,93,"By the People: National","btp03.olt1multi","14:9309","14:9309::btp03.olt1multi","triple","9309",0.548263887564341,0.742146167490217,0.759722212950389,0.738128307792875,0.693675597508748,0.743526784082254,0.75,12,FALSE,FALSE,-0.0498511865735054,0.00401785969734203,0.0498511865735054,0.211458325386047,-0.211458325386047,0.548263887564341,0.742146167490217,0.759722212950389,0.738128307792875,0.693675597508748,0.743526784082254,0.75,12,FALSE,FALSE,-0.0498511865735054,0.00401785969734203,0.0498511865735054,0.211458325386047,-0.211458325386047,FALSE,TRUE,TRUE,TRUE,FALSE
14,93,"By the People: National","btp03.olt1multi","14:9310","14:9310::btp03.olt1multi","triple","9310",0.679340273141861,0.750248029828072,0.789409726858139,0.76402530570825,0.726612110932668,0.772486779424879,0.666666666666667,18,FALSE,FALSE,-0.0458746684922112,-0.0137772758801777,0.0458746684922112,0.110069453716278,-0.110069453716278,0.679340273141861,0.750248029828072,0.789409726858139,0.76402530570825,0.726612110932668,0.772486779424879,0.666666666666667,18,FALSE,FALSE,-0.0458746684922112,-0.0137772758801777,0.0458746684922112,0.110069453716278,-0.110069453716278,FALSE,FALSE,TRUE,TRUE,FALSE
14,93,"By the People: National","btp03.olt1multi","14:9312","14:9312::btp03.olt1multi","triple","9312",0.658854186534881,0.733560564972105,0.691145852208138,0.772531656991868,0.727064358151477,0.765454630488935,0.91304347826087,23,FALSE,FALSE,-0.0383902723374575,-0.0389710920197625,0.0383902723374575,0.032291665673256,-0.032291665673256,0.658854186534881,0.733560564972105,0.691145852208138,0.772531656991868,0.727064358151477,0.765454630488935,0.91304347826087,23,FALSE,FALSE,-0.0383902723374575,-0.0389710920197625,0.0383902723374575,0.032291665673256,-0.032291665673256,FALSE,FALSE,TRUE,TRUE,FALSE
14,93,"By the People: National","btp03.olt1multi","14:9313","14:9313::btp03.olt1multi","triple","9313",0.805824824741908,0.686651785458837,0.786479583808354,0.738959750958851,0.726376131886528,0.754799695242019,0.666666666666667,21,FALSE,FALSE,0.0284235633554912,0.0523079655000142,-0.0284235633554912,0.0193452409335547,-0.0193452409335547,0.805824824741908,0.686651785458837,0.786479583808354,0.738959750958851,0.726376131886528,0.754799695242019,0.666666666666667,21,FALSE,FALSE,0.0284235633554912,0.0523079655000142,-0.0284235633554912,0.0193452409335547,-0.0193452409335547,TRUE,TRUE,FALSE,TRUE,FALSE
14,93,"By the People: National","btp03.olt1multi","14:9314","14:9314::btp03.olt1multi","triple","9314",0.803645849227905,0.725049606627888,0.818229168653488,0.748324520058102,0.73290923088789,0.755314984917641,0.9,20,FALSE,FALSE,0.0224057540297506,0.0232749134302138,-0.0224057540297506,-0.0145833194255824,0.0145833194255824,0.803645849227905,0.725049606627888,0.818229168653488,0.748324520058102,0.73290923088789,0.755314984917641,0.9,20,FALSE,FALSE,0.0224057540297506,0.0232749134302138,-0.0224057540297506,-0.0145833194255824,0.0145833194255824,TRUE,TRUE,FALSE,FALSE,TRUE
14,93,"By the People: National","btp03.olt1multi","14:9315","14:9315::btp03.olt1multi","triple","9315",0.86770835518837,0.729123675823212,0.880208343267441,0.778958340485891,0.745427755748524,0.790870105519014,0.88235294117647,17,FALSE,FALSE,0.0454423497704898,0.0498346646626789,-0.0454423497704898,-0.012499988079071,0.012499988079071,0.86770835518837,0.729123675823212,0.880208343267441,0.778958340485891,0.745427755748524,0.790870105519014,0.88235294117647,17,FALSE,FALSE,0.0454423497704898,0.0498346646626789,-0.0454423497704898,-0.012499988079071,0.012499988079071,TRUE,TRUE,FALSE,FALSE,TRUE
14,93,"By the People: National","btp03.olt1demo","14:9301","14:9301::btp03.olt1demo","triple","9301",0.707777774333954,0.450617283582687,0.704444444179535,0.550000011920929,0.542460315993854,0.605158737727574,0.642857142857143,14,FALSE,FALSE,0.06269842173372,0.0993827283382415,-0.06269842173372,0.00333333015441883,-0.00333333015441883,0.707777774333954,0.450617283582687,0.704444444179535,0.550000011920929,0.542460315993854,0.605158737727574,0.642857142857143,14,FALSE,FALSE,0.06269842173372,0.0993827283382415,-0.06269842173372,0.00333333015441883,-0.00333333015441883,TRUE,TRUE,FALSE,TRUE,FALSE
14,93,"By the People: National","btp03.olt1demo","14:9302","14:9302::btp03.olt1demo","triple","9302",0.386111114174128,0.576851844787598,0.511111102998257,0.500925928354263,0.50055555254221,0.504999998211861,0.6,10,FALSE,FALSE,-0.00444444566965108,0.0759259164333344,0.00444444566965108,0.124999988824129,-0.124999988824129,0.386111114174128,0.576851844787598,0.511111102998257,0.500925928354263,0.50055555254221,0.504999998211861,0.6,10,FALSE,FALSE,-0.00444444566965108,0.0759259164333344,0.00444444566965108,0.124999988824129,-0.124999988824129,FALSE,TRUE,TRUE,TRUE,FALSE
14,93,"By the People: National","btp03.olt1demo","14:9303","14:9303::btp03.olt1demo","triple","9303",0.521111103892326,0.457638890792926,0.534444445371628,0.501851854225,0.476307188763338,0.511437910444596,0.705882352941177,17,FALSE,FALSE,0.0351307216812583,0.0442129634320736,-0.0351307216812583,-0.0133333414793014,0.0133333414793014,0.521111103892326,0.457638890792926,0.534444445371628,0.501851854225,0.476307188763338,0.511437910444596,0.705882352941177,17,FALSE,FALSE,0.0351307216812583,0.0442129634320736,-0.0351307216812583,-0.0133333414793014,0.0133333414793014,TRUE,TRUE,FALSE,FALSE,TRUE
14,93,"By the People: National","btp03.olt1demo","14:9304","14:9304::btp03.olt1demo","triple","9304",0.524999991059303,0.553968242236546,0.454166669398546,0.550793647766113,0.543434332717549,0.515656564723362,0.636363636363636,11,FALSE,FALSE,0.027777767994187,0.00317459447043278,-0.027777767994187,-0.0708333216607571,0.0708333216607571,0.524999991059303,0.553968242236546,0.454166669398546,0.550793647766113,0.543434332717549,0.515656564723362,0.636363636363636,11,FALSE,FALSE,0.027777767994187,0.00317459447043278,-0.027777767994187,-0.0708333216607571,0.0708333216607571,TRUE,TRUE,FALSE,FALSE,TRUE
14,93,"By the People: National","btp03.olt1demo","14:9305","14:9305::btp03.olt1demo","triple","9305",0.541666679084301,0.468055557459593,0.497222229838371,0.560416672378778,0.492592598001162,0.539351858198643,0.666666666666667,12,FALSE,FALSE,0.0467592601974805,0.0923611149191856,-0.0467592601974805,0.0444444492459298,-0.0444444492459298,0.541666679084301,0.468055557459593,0.497222229838371,0.560416672378778,0.492592598001162,0.539351858198643,0.666666666666667,12,FALSE,FALSE,0.0467592601974805,0.0923611149191856,-0.0467592601974805,0.0444444492459298,-0.0444444492459298,TRUE,TRUE,FALSE,TRUE,FALSE
14,93,"By the People: National","btp03.olt1demo","14:9306","14:9306::btp03.olt1demo","triple","9306",0.456481489042441,0.464646461335095,0.505555565158526,0.518181817098097,0.461764706408276,0.513725492884131,0.647058823529412,17,FALSE,FALSE,-0.0519607864758548,-0.0535353557630019,0.0519607864758548,0.0490740761160852,-0.0490740761160852,0.456481489042441,0.464646461335095,0.505555565158526,0.518181817098097,0.461764706408276,0.513725492884131,0.647058823529412,17,FALSE,FALSE,-0.0519607864758548,-0.0535353557630019,0.0519607864758548,0.0490740761160852,-0.0490740761160852,FALSE,FALSE,TRUE,TRUE,FALSE
14,93,"By the People: National","btp03.olt1demo","14:9307","14:9307::btp03.olt1demo","triple","9307",0.451851844787598,0.522222229590019,0.57870369652907,0.479797982356765,0.498765434655878,0.514705881476402,0.666666666666667,18,FALSE,FALSE,-0.015940446820524,0.0424242472332536,0.015940446820524,0.126851851741473,-0.126851851741473,0.451851844787598,0.552525260231712,0.57870369652907,0.479797982356765,0.516993466545554,0.514705881476402,0.647058823529412,17,FALSE,FALSE,0.0022875850691515,0.0727272778749466,-0.0022875850691515,0.126851851741473,-0.126851851741473,FALSE,TRUE,TRUE,TRUE,FALSE
14,93,"By the People: National","btp03.olt1demo","14:9308","14:9308::btp03.olt1demo","triple","9308",0.409722223877906,0.529722222685814,0.543055556714535,0.558333331346512,0.495436508740697,0.553968252880233,0.714285714285714,14,FALSE,FALSE,-0.0585317441395352,-0.028611108660698,0.0585317441395352,0.133333332836628,-0.133333332836628,0.409722223877906,0.529722222685814,0.543055556714535,0.558333331346512,0.495436508740697,0.553968252880233,0.714285714285714,14,FALSE,FALSE,-0.0585317441395352,-0.028611108660698,0.0585317441395352,0.133333332836628,-0.133333332836628,FALSE,FALSE,TRUE,TRUE,FALSE
14,93,"By the People: National","btp03.olt1demo","14:9309","14:9309::btp03.olt1demo","triple","9309",0.514814813931783,0.46753086315261,0.514814813931783,0.509259260363049,0.479351850847403,0.510648148755232,0.75,12,FALSE,FALSE,0.0312962979078292,0.041728397210439,-0.0312962979078292,0,0,0.514814813931783,0.46753086315261,0.514814813931783,0.509259260363049,0.479351850847403,0.510648148755232,0.75,12,FALSE,FALSE,0.0312962979078292,0.041728397210439,-0.0312962979078292,0,0,TRUE,TRUE,FALSE,FALSE,FALSE
14,93,"By the People: National","btp03.olt1demo","14:9310","14:9310::btp03.olt1demo","triple","9310",0.473148157199224,0.545601858446995,0.464814821879069,0.622685194015503,0.521450624697738,0.570061736636692,0.666666666666667,18,FALSE,FALSE,-0.0486111119389534,-0.0770833355685075,0.0486111119389534,-0.00833333532015496,0.00833333532015496,0.473148157199224,0.545601858446995,0.464814821879069,0.622685194015503,0.521450624697738,0.570061736636692,0.666666666666667,18,FALSE,FALSE,-0.0486111119389534,-0.0770833355685075,0.0486111119389534,-0.00833333532015496,0.00833333532015496,FALSE,FALSE,TRUE,FALSE,TRUE
14,93,"By the People: National","btp03.olt1demo","14:9312","14:9312::btp03.olt1demo","triple","9312",0.455555558204651,0.487830692103931,0.41388888657093,0.490873018900553,0.485024158721385,0.484178746524065,0.91304347826087,23,FALSE,FALSE,0.000845412197320261,-0.00304232679662259,-0.000845412197320261,-0.0416666716337205,0.0416666716337205,0.455555558204651,0.487830692103931,0.41388888657093,0.490873018900553,0.485024158721385,0.484178746524065,0.91304347826087,23,FALSE,FALSE,0.000845412197320261,-0.00304232679662259,-0.000845412197320261,-0.0416666716337205,0.0416666716337205,TRUE,FALSE,FALSE,FALSE,TRUE
14,93,"By the People: National","btp03.olt1demo","14:9313","14:9313::btp03.olt1demo","triple","9313",0.646031745842525,0.523809522390366,0.582539690392358,0.506428573812757,0.564550263541086,0.531798946005957,0.666666666666667,21,FALSE,FALSE,-0.0327513175351281,-0.0173809485776085,0.0327513175351281,0.063492055450167,-0.063492055450167,0.646031745842525,0.523809522390366,0.582539690392358,0.506428573812757,0.564550263541086,0.531798946005957,0.666666666666667,21,FALSE,FALSE,-0.0327513175351281,-0.0173809485776085,0.0327513175351281,0.063492055450167,-0.063492055450167,FALSE,FALSE,TRUE,TRUE,FALSE
14,93,"By the People: National","btp03.olt1demo","14:9314","14:9314::btp03.olt1demo","triple","9314",0.552777782082557,0.478086416920026,0.469444453716278,0.56049382686615,0.485555553436279,0.551388889551163,0.9,20,FALSE,FALSE,0.0658333361148835,0.0824074099461238,-0.0658333361148835,0.0833333283662794,-0.0833333283662794,0.552777782082557,0.478086416920026,0.469444453716278,0.56049382686615,0.485555553436279,0.551388889551163,0.9,20,FALSE,FALSE,0.0658333361148835,0.0824074099461238,-0.0658333361148835,0.0833333283662794,-0.0833333283662794,TRUE,TRUE,FALSE,TRUE,FALSE
14,93,"By the People: National","btp03.olt1demo","14:9315","14:9315::btp03.olt1demo","triple","9315",0.516666665673256,0.501851854721705,0.505555555224418,0.508148153622945,0.503594773657182,0.507843142046648,0.88235294117647,17,FALSE,FALSE,0.00424836838946607,0.00629629890123995,-0.00424836838946607,0.0111111104488375,-0.0111111104488375,0.516666665673256,0.501851854721705,0.505555555224418,0.508148153622945,0.503594773657182,0.507843142046648,0.88235294117647,17,FALSE,FALSE,0.00424836838946607,0.00629629890123995,-0.00424836838946607,0.0111111104488375,-0.0111111104488375,TRUE,TRUE,FALSE,TRUE,FALSE
14,93,"By the People: National","btp03.olt1forai1","14:9301","14:9301::btp03.olt1forai1","triple","9301",0.6,0.375,0.6,0.5,0.461538461538462,0.535714285714286,0.642857142857143,14,FALSE,FALSE,0.0741758241758242,0.125,-0.0741758241758242,0,0,0.6,0.375,0.6,0.4375,0.461538461538462,0.5,0.615384615384615,13,FALSE,FALSE,0.0384615384615385,0.0625,-0.0384615384615385,0,0,TRUE,TRUE,FALSE,FALSE,FALSE
14,93,"By the People: National","btp03.olt1forai1","14:9302","14:9302::btp03.olt1forai1","triple","9302",0.25,0.416666666666667,0.25,0.666666666666667,0.35,0.5,0.6,10,FALSE,FALSE,-0.15,-0.25,0.15,0,0,0.25,0.416666666666667,0.25,0.666666666666667,0.35,0.5,0.6,10,FALSE,FALSE,-0.15,-0.25,0.15,0,0,FALSE,FALSE,TRUE,FALSE,FALSE
14,93,"By the People: National","btp03.olt1forai1","14:9303","14:9303::btp03.olt1forai1","triple","9303",0.4,0.0909090909090909,0.6,0.181818181818182,0.1875,0.3125,0.705882352941177,17,FALSE,FALSE,0.125,0.0909090909090909,-0.125,-0.2,0.2,0.4,0.1,0.6,0.15,0.2,0.3,0.666666666666667,15,FALSE,FALSE,0.1,0.05,-0.1,-0.2,0.2,TRUE,TRUE,FALSE,FALSE,TRUE
14,93,"By the People: National","btp03.olt1forai1","14:9304","14:9304::btp03.olt1forai1","triple","9304",0.166666666666667,0.642857142857143,0.125,0.642857142857143,0.5,0.454545454545455,0.636363636363636,11,FALSE,FALSE,0.0454545454545455,0,-0.0454545454545455,-0.0416666666666667,0.0416666666666667,0.166666666666667,0.642857142857143,0,0.642857142857143,0.5,0.45,0.7,10,FALSE,FALSE,0.05,0,-0.05,-0.166666666666667,0.166666666666667,TRUE,FALSE,FALSE,FALSE,TRUE
14,93,"By the People: National","btp03.olt1forai1","14:9305","14:9305::btp03.olt1forai1","triple","9305",0.375,0.25,0.375,0.25,0.291666666666667,0.3,0.666666666666667,12,FALSE,FALSE,0.0083333333333333,0,-0.0083333333333333,0,0,0.375,0.166666666666667,0.375,0.25,0.25,0.3,0.6,10,FALSE,FALSE,0.05,0.0833333333333333,-0.05,0,0,TRUE,FALSE,FALSE,FALSE,FALSE
14,93,"By the People: National","btp03.olt1forai1","14:9306","14:9306::btp03.olt1forai1","triple","9306",0.125,0.125,0.1,0.272727272727273,0.125,0.21875,0.647058823529412,17,TRUE,FALSE,NA,NA,NA,NA,NA,0,0.125,0,0.25,0.0909090909090909,0.181818181818182,0.727272727272727,11,FALSE,FALSE,-0.0909090909090909,-0.125,0.0909090909090909,0,0,NA,NA,NA,NA,NA
14,93,"By the People: National","btp03.olt1forai1","14:9307","14:9307::btp03.olt1forai1","triple","9307",0.375,0.272727272727273,0.333333333333333,0.318181818181818,0.3,0.321428571428571,0.666666666666667,18,FALSE,FALSE,0.0214285714285715,0.0454545454545455,-0.0214285714285715,0.0416666666666666,-0.0416666666666666,0.333333333333333,0.3,0.333333333333333,0.35,0.307692307692308,0.346153846153846,0.769230769230769,13,FALSE,FALSE,0.0384615384615384,0.05,-0.0384615384615384,0,0,TRUE,TRUE,FALSE,TRUE,FALSE
14,93,"By the People: National","btp03.olt1forai1","14:9308","14:9308::btp03.olt1forai1","triple","9308",0.166666666666667,0.45,0.333333333333333,0.444444444444444,0.384615384615385,0.416666666666667,0.714285714285714,14,FALSE,FALSE,-0.032051282051282,0.00555555555555559,0.032051282051282,0.166666666666667,-0.166666666666667,0.166666666666667,0.444444444444444,0.333333333333333,0.444444444444444,0.375,0.416666666666667,0.75,12,FALSE,FALSE,-0.0416666666666666,0,0.0416666666666666,0.166666666666667,-0.166666666666667,FALSE,TRUE,TRUE,TRUE,FALSE
14,93,"By the People: National","btp03.olt1forai1","14:9309","14:9309::btp03.olt1forai1","triple","9309",0.333333333333333,0.25,0.5,0.5,0.277777777777778,0.5,0.75,12,FALSE,FALSE,0.222222222222222,0.25,-0.222222222222222,-0.166666666666667,0.166666666666667,0.333333333333333,0.25,0.5,0.5,0.277777777777778,0.5,0.666666666666667,9,FALSE,FALSE,0.222222222222222,0.25,-0.222222222222222,-0.166666666666667,0.166666666666667,TRUE,TRUE,FALSE,FALSE,TRUE
14,93,"By the People: National","btp03.olt1forai1","14:9310","14:9310::btp03.olt1forai1","triple","9310",0.5,0.3,0.583333333333333,0.7,0.366666666666667,0.65625,0.666666666666667,18,FALSE,FALSE,0.289583333333333,0.4,-0.289583333333333,-0.0833333333333334,0.0833333333333334,0.5,0.277777777777778,0.6,0.666666666666667,0.357142857142857,0.642857142857143,0.642857142857143,14,FALSE,FALSE,0.285714285714286,0.388888888888889,-0.285714285714286,-0.1,0.1,TRUE,TRUE,FALSE,FALSE,TRUE
14,93,"By the People: National","btp03.olt1forai1","14:9312","14:9312::btp03.olt1forai1","triple","9312",0.25,0.21875,0.5,0.394736842105263,0.222222222222222,0.404761904761905,0.91304347826087,23,FALSE,FALSE,0.182539682539683,0.175986842105263,-0.182539682539683,-0.25,0.25,0.25,0.21875,0.5,0.40625,0.222222222222222,0.416666666666667,0.888888888888889,18,FALSE,FALSE,0.194444444444444,0.1875,-0.194444444444444,-0.25,0.25,TRUE,TRUE,FALSE,FALSE,TRUE
14,93,"By the People: National","btp03.olt1forai1","14:9313","14:9313::btp03.olt1forai1","triple","9313",0.5,0.272727272727273,0.428571428571429,0.454545454545455,0.361111111111111,0.444444444444444,0.666666666666667,21,FALSE,FALSE,0.0833333333333333,0.181818181818182,-0.0833333333333333,0.0714285714285715,-0.0714285714285715,0.5,0.3,0.428571428571429,0.45,0.382352941176471,0.441176470588235,0.588235294117647,17,FALSE,FALSE,0.0588235294117647,0.15,-0.0588235294117647,0.0714285714285715,-0.0714285714285715,TRUE,TRUE,FALSE,TRUE,FALSE
14,93,"By the People: National","btp03.olt1forai1","14:9314","14:9314::btp03.olt1forai1","triple","9314",0,0.3,0.25,0.5,0.25,0.473684210526316,0.9,20,FALSE,FALSE,-0.223684210526316,-0.2,0.223684210526316,0.25,-0.25,0,0.333333333333333,0.25,0.5,0.272727272727273,0.454545454545455,0.818181818181818,11,FALSE,FALSE,-0.181818181818182,-0.166666666666667,0.181818181818182,0.25,-0.25,FALSE,FALSE,TRUE,TRUE,FALSE
14,93,"By the People: National","btp03.olt1forai1","14:9315","14:9315::btp03.olt1forai1","triple","9315",0.25,0.307692307692308,0.25,0.230769230769231,0.3,0.233333333333333,0.88235294117647,17,FALSE,FALSE,0.0666666666666667,0.0769230769230769,-0.0666666666666667,0,0,0.25,0.291666666666667,0.25,0.25,0.285714285714286,0.25,0.857142857142857,14,FALSE,FALSE,0.0357142857142857,0.0416666666666666,-0.0357142857142857,0,0,TRUE,TRUE,FALSE,FALSE,FALSE
14,93,"By the People: National","btp03.olt1global","14:9301","14:9301::btp03.olt1global","triple","9301",0.528888893127441,0.454012347592248,0.569444453716278,0.504320984085401,0.480753970997674,0.527579366096429,0.642857142857143,14,FALSE,FALSE,0.0468253950987543,0.050308636493153,-0.0468253950987543,-0.0405555605888368,0.0405555605888368,0.528888893127441,0.454012347592248,0.569444453716278,0.504320984085401,0.480753970997674,0.527579366096429,0.642857142857143,14,FALSE,FALSE,0.0468253950987543,0.050308636493153,-0.0468253950987543,-0.0405555605888368,0.0405555605888368,TRUE,TRUE,FALSE,FALSE,TRUE
14,93,"By the People: National","btp03.olt1global","14:9302","14:9302::btp03.olt1global","triple","9302",0.3152777813375,0.541203707456589,0.441666670143604,0.492592598001163,0.450833337008953,0.472222226858139,0.6,10,FALSE,FALSE,-0.0213888898491859,0.0486111094554263,0.0213888898491859,0.126388888806104,-0.126388888806104,0.3152777813375,0.541203707456589,0.441666670143604,0.492592598001163,0.450833337008953,0.472222226858139,0.6,10,FALSE,FALSE,-0.0213888898491859,0.0486111094554263,0.0213888898491859,0.126388888806104,-0.126388888806104,FALSE,TRUE,TRUE,TRUE,FALSE
14,93,"By the People: National","btp03.olt1global","14:9303","14:9303::btp03.olt1global","triple","9303",0.396111112833023,0.461574075122674,0.465555563569069,0.479861112932364,0.442320262684542,0.475653598413748,0.705882352941177,17,FALSE,FALSE,-0.0333333357292062,-0.0182870378096897,0.0333333357292062,0.069444450736046,-0.069444450736046,0.396111112833023,0.461574075122674,0.465555563569069,0.479861112932364,0.442320262684542,0.475653598413748,0.705882352941177,17,FALSE,FALSE,-0.0333333357292062,-0.0182870378096897,0.0333333357292062,0.069444450736046,-0.069444450736046,FALSE,FALSE,TRUE,TRUE,FALSE
14,93,"By the People: National","btp03.olt1global","14:9304","14:9304::btp03.olt1global","triple","9304",0.425694450736046,0.517857147114617,0.363888897001743,0.513888895511627,0.484343439340591,0.459343441508033,0.636363636363636,11,FALSE,FALSE,0.0249999978325582,0.00396825160298997,-0.0249999978325582,-0.0618055537343025,0.0618055537343025,0.425694450736046,0.517857147114617,0.363888897001743,0.513888895511627,0.484343439340591,0.459343441508033,0.636363636363636,11,FALSE,FALSE,0.0249999978325582,0.00396825160298997,-0.0249999978325582,-0.0618055537343025,0.0618055537343025,TRUE,TRUE,FALSE,FALSE,TRUE
14,93,"By the People: National","btp03.olt1global","14:9305","14:9305::btp03.olt1global","triple","9305",0.45833333581686,0.392361113801598,0.509722225368023,0.475000008940696,0.414351854473352,0.486574081083139,0.666666666666667,12,FALSE,FALSE,0.0722222266097863,0.082638895139098,-0.0722222266097863,-0.051388889551163,0.051388889551163,0.45833333581686,0.392361113801598,0.509722225368023,0.475000008940696,0.414351854473352,0.486574081083139,0.666666666666667,12,FALSE,FALSE,0.0722222266097863,0.082638895139098,-0.0722222266097863,-0.051388889551163,0.051388889551163,TRUE,TRUE,FALSE,FALSE,TRUE
14,93,"By the People: National","btp03.olt1global","14:9306","14:9306::btp03.olt1global","triple","9306",0.386111105481784,0.381161619316448,0.447222222884496,0.442171721295877,0.382908496786566,0.443954251268331,0.647058823529412,17,FALSE,FALSE,0.0610457544817645,0.0610101019794291,-0.0610457544817645,-0.0611111174027127,0.0611111174027127,0.386111105481784,0.381161619316448,0.447222222884496,0.442171721295877,0.382908496786566,0.443954251268331,0.647058823529412,17,FALSE,FALSE,0.0610457544817645,0.0610101019794291,-0.0610457544817645,-0.0611111174027127,0.0611111174027127,TRUE,TRUE,FALSE,FALSE,TRUE
14,93,"By the People: National","btp03.olt1global","14:9307","14:9307::btp03.olt1global","triple","9307",0.382870378593604,0.413888896505038,0.454629624883334,0.429797986691648,0.40354939053456,0.438562094288714,0.666666666666667,18,FALSE,FALSE,-0.035012703754154,-0.0159090901866104,0.035012703754154,0.0717592462897303,-0.0717592462897303,0.382870378593604,0.430555563081394,0.454629624883334,0.429797986691648,0.413725497968057,0.438562094288714,0.647058823529412,17,FALSE,FALSE,-0.0248365963206573,0.000757576389746217,0.0248365963206573,0.0717592462897303,-0.0717592462897303,FALSE,FALSE,TRUE,TRUE,FALSE
14,93,"By the People: National","btp03.olt1global","14:9308","14:9308::btp03.olt1global","triple","9308",0.452083349227905,0.501666671037674,0.473611108958721,0.528888881206512,0.487500007663454,0.513095231992858,0.714285714285714,14,FALSE,FALSE,-0.0255952243294035,-0.0272222101688385,0.0255952243294035,0.021527759730816,-0.021527759730816,0.452083349227905,0.501666671037674,0.473611108958721,0.528888881206512,0.487500007663454,0.513095231992858,0.714285714285714,14,FALSE,FALSE,-0.0255952243294035,-0.0272222101688385,0.0255952243294035,0.021527759730816,-0.021527759730816,FALSE,FALSE,TRUE,TRUE,FALSE
14,93,"By the People: National","btp03.olt1global","14:9309","14:9309::btp03.olt1global","triple","9309",0.40092591693004,0.403703707787726,0.410185197989146,0.447222229507235,0.403009260073304,0.437962971627712,0.75,12,FALSE,FALSE,-0.0349537115544082,-0.0435185217195089,0.0349537115544082,0.00925928105910634,-0.00925928105910634,0.40092591693004,0.403703707787726,0.410185197989146,0.447222229507235,0.403009260073304,0.437962971627712,0.75,12,FALSE,FALSE,-0.0349537115544082,-0.0435185217195089,0.0349537115544082,0.00925928105910634,-0.00925928105910634,FALSE,FALSE,TRUE,TRUE,FALSE
14,93,"By the People: National","btp03.olt1global","14:9310","14:9310::btp03.olt1global","triple","9310",0.44027778506279,0.461111115912596,0.467592601974805,0.537037037312984,0.454166672295994,0.513888892200258,0.666666666666667,18,FALSE,FALSE,-0.0597222199042638,-0.0759259214003881,0.0597222199042638,0.0273148169120154,-0.0273148169120154,0.44027778506279,0.461111115912596,0.467592601974805,0.537037037312984,0.454166672295994,0.513888892200258,0.666666666666667,18,FALSE,FALSE,-0.0597222199042638,-0.0759259214003881,0.0597222199042638,0.0273148169120154,-0.0273148169120154,FALSE,FALSE,TRUE,TRUE,FALSE
14,93,"By the People: National","btp03.olt1global","14:9312","14:9312::btp03.olt1global","triple","9312",0.218055564910173,0.475608469474883,0.387500010430813,0.474338634383111,0.453212564730126,0.466787449691607,0.91304347826087,23,FALSE,FALSE,-0.0135748849614806,0.00126983509177264,0.0135748849614806,0.16944444552064,-0.16944444552064,0.218055564910173,0.475608469474883,0.387500010430813,0.474338634383111,0.453212564730126,0.466787449691607,0.91304347826087,23,FALSE,FALSE,-0.0135748849614806,0.00126983509177264,0.0135748849614806,0.16944444552064,-0.16944444552064,FALSE,TRUE,TRUE,TRUE,FALSE
14,93,"By the People: National","btp03.olt1global","14:9313","14:9313::btp03.olt1global","triple","9313",0.498809516429901,0.483432544129236,0.502777780805315,0.480555564165115,0.488558201562791,0.487962969711849,0.666666666666667,21,FALSE,FALSE,-0.000595231850942013,-0.00287697996412012,0.000595231850942013,-0.0039682643754142,0.0039682643754142,0.498809516429901,0.483432544129236,0.502777780805315,0.480555564165115,0.488558201562791,0.487962969711849,0.666666666666667,21,FALSE,FALSE,-0.000595231850942013,-0.00287697996412012,0.000595231850942013,-0.0039682643754142,0.0039682643754142,FALSE,FALSE,TRUE,FALSE,TRUE
14,93,"By the People: National","btp03.olt1global","14:9314","14:9314::btp03.olt1global","triple","9314",0.400000013411045,0.430246919393539,0.33611112087965,0.489891976118088,0.42722222879529,0.474513890594244,0.9,20,FALSE,FALSE,-0.0472916617989542,-0.0596450567245485,0.0472916617989542,-0.0638888925313945,0.0638888925313945,0.400000013411045,0.430246919393539,0.33611112087965,0.489891976118088,0.42722222879529,0.474513890594244,0.9,20,FALSE,FALSE,-0.0472916617989542,-0.0596450567245485,0.0472916617989542,-0.0638888925313945,0.0638888925313945,FALSE,FALSE,TRUE,FALSE,TRUE
14,93,"By the People: National","btp03.olt1global","14:9315","14:9315::btp03.olt1global","triple","9315",0.531944438815117,0.41592592994372,0.552777782082557,0.388888897498449,0.429575166281532,0.408169942743638,0.88235294117647,17,FALSE,FALSE,-0.0214052235378939,-0.0270370324452718,0.0214052235378939,-0.0208333432674405,0.0208333432674405,0.531944438815117,0.41592592994372,0.552777782082557,0.388888897498449,0.429575166281532,0.408169942743638,0.88235294117647,17,FALSE,FALSE,-0.0214052235378939,-0.0270370324452718,0.0214052235378939,-0.0208333432674405,0.0208333432674405,FALSE,FALSE,TRUE,FALSE,TRUE
14,93,"By the People: National","btp03.olt1trade","14:9301","14:9301::btp03.olt1trade","triple","9301",0.6,0.3,0.7,0.611111111111111,0.45,0.642857142857143,0.642857142857143,14,FALSE,FALSE,0.192857142857143,0.311111111111111,-0.192857142857143,-0.1,0.1,0.6,0.3,0.7,0.3,0.45,0.5,0.5,10,FALSE,FALSE,0.0499999999999999,0,-0.0499999999999999,-0.1,0.1,TRUE,TRUE,FALSE,FALSE,TRUE
14,93,"By the People: National","btp03.olt1trade","14:9302","14:9302::btp03.olt1trade","triple","9302",0.5,0.666666666666667,0.5,0.8,0.583333333333333,0.6875,0.6,10,FALSE,FALSE,-0.104166666666667,-0.133333333333333,0.104166666666667,0,0,0.5,0.666666666666667,0.5,0.666666666666667,0.583333333333333,0.583333333333333,0.5,6,FALSE,TRUE,0,0,0,0,0,FALSE,FALSE,TRUE,FALSE,FALSE
14,93,"By the People: National","btp03.olt1trade","14:9303","14:9303::btp03.olt1trade","triple","9303",0.8,0.214285714285714,0.9,0.166666666666667,0.458333333333333,0.428571428571429,0.705882352941177,17,FALSE,FALSE,-0.0297619047619048,-0.0476190476190476,0.0297619047619048,-0.1,0.1,0.8,0.25,0.9,0.25,0.5,0.545454545454545,0.545454545454545,11,FALSE,FALSE,0.0454545454545454,0,-0.0454545454545454,-0.1,0.1,FALSE,FALSE,TRUE,FALSE,TRUE
14,93,"By the People: National","btp03.olt1trade","14:9304","14:9304::btp03.olt1trade","triple","9304",0.625,0.375,0.625,0.5,0.5,0.55,0.636363636363636,11,FALSE,FALSE,0.05,0.125,-0.05,0,0,0.625,0.166666666666667,0.625,0.166666666666667,0.428571428571429,0.428571428571429,0.428571428571429,7,FALSE,TRUE,0,0,0,0,0,TRUE,TRUE,FALSE,FALSE,FALSE
14,93,"By the People: National","btp03.olt1trade","14:9305","14:9305::btp03.olt1trade","triple","9305",0.5,0.375,0.5,0.9,0.416666666666667,0.722222222222222,0.666666666666667,12,FALSE,FALSE,0.305555555555556,0.525,-0.305555555555556,0,0,0.5,0.375,0.5,0.875,0.416666666666667,0.75,0.666666666666667,6,FALSE,FALSE,0.333333333333333,0.5,-0.333333333333333,0,0,TRUE,TRUE,FALSE,FALSE,FALSE
14,93,"By the People: National","btp03.olt1trade","14:9306","14:9306::btp03.olt1trade","triple","9306",0,0.428571428571429,0.375,0.5625,0.3,0.5,0.647058823529412,17,FALSE,FALSE,-0.2,-0.133928571428571,0.2,0.375,-0.375,0,0.5,0.5,0.666666666666667,0.428571428571429,0.642857142857143,0.857142857142857,7,FALSE,FALSE,-0.214285714285714,-0.166666666666667,0.214285714285714,0.5,-0.5,FALSE,FALSE,TRUE,TRUE,FALSE
14,93,"By the People: National","btp03.olt1trade","14:9307","14:9307::btp03.olt1trade","triple","9307",0.2,0.3125,0.25,0.285714285714286,0.269230769230769,0.269230769230769,0.666666666666667,18,FALSE,TRUE,0,0.0267857142857143,0,0.05,-0.05,0.2,0.25,0.2,0.333333333333333,0.227272727272727,0.272727272727273,0.545454545454545,11,FALSE,FALSE,-0.0454545454545454,-0.0833333333333334,0.0454545454545454,0,0,FALSE,TRUE,FALSE,TRUE,FALSE
14,93,"By the People: National","btp03.olt1trade","14:9308","14:9308::btp03.olt1trade","triple","9308",0.666666666666667,0.666666666666667,0.5,0.75,0.666666666666667,0.6875,0.714285714285714,14,TRUE,FALSE,NA,NA,NA,NA,NA,0.75,0.833333333333333,0.5,0.75,0.8125,0.6875,0.75,8,FALSE,FALSE,0.125,0.0833333333333334,-0.125,-0.25,0.25,NA,NA,NA,NA,NA
14,93,"By the People: National","btp03.olt1trade","14:9309","14:9309::btp03.olt1trade","triple","9309",0.5,0.25,0.833333333333333,0.5,0.3125,0.611111111111111,0.75,12,FALSE,FALSE,0.298611111111111,0.25,-0.298611111111111,-0.333333333333333,0.333333333333333,0.5,0.25,1,0.5,0.3125,0.625,0.75,8,FALSE,FALSE,0.3125,0.25,-0.3125,-0.5,0.5,TRUE,TRUE,FALSE,FALSE,TRUE
14,93,"By the People: National","btp03.olt1trade","14:9310","14:9310::btp03.olt1trade","triple","9310",0.6,0.25,0.666666666666667,0.5,0.384615384615385,0.571428571428571,0.666666666666667,18,FALSE,FALSE,0.186813186813187,0.25,-0.186813186813187,-0.0666666666666667,0.0666666666666667,0.6,0.214285714285714,0.6,0.428571428571429,0.375,0.5,0.583333333333333,12,FALSE,FALSE,0.125,0.214285714285714,-0.125,0,0,TRUE,TRUE,FALSE,FALSE,TRUE
14,93,"By the People: National","btp03.olt1trade","14:9312","14:9312::btp03.olt1trade","triple","9312",1,0.4375,1,0.576923076923077,0.55,0.633333333333333,0.91304347826087,23,FALSE,FALSE,0.0833333333333333,0.139423076923077,-0.0833333333333333,0,0,1,0.583333333333333,1,0.75,0.6875,0.8125,0.75,8,FALSE,FALSE,0.125,0.166666666666667,-0.125,0,0,TRUE,TRUE,FALSE,FALSE,FALSE
14,93,"By the People: National","btp03.olt1trade","14:9313","14:9313::btp03.olt1trade","triple","9313",0.5,0.583333333333333,0.642857142857143,0.571428571428571,0.538461538461538,0.607142857142857,0.666666666666667,21,FALSE,FALSE,-0.0686813186813187,0.011904761904762,0.0686813186813187,0.142857142857143,-0.142857142857143,0.5,0.5,0.642857142857143,0.6,0.5,0.625,0.416666666666667,12,TRUE,FALSE,NA,NA,NA,NA,NA,FALSE,TRUE,TRUE,TRUE,FALSE
14,93,"By the People: National","btp03.olt1trade","14:9314","14:9314::btp03.olt1trade","triple","9314",0.5,0.3125,0.75,0.363636363636364,0.35,0.423076923076923,0.9,20,FALSE,FALSE,0.073076923076923,0.0511363636363636,-0.073076923076923,-0.25,0.25,0.5,0.333333333333333,0.75,0.416666666666667,0.375,0.5,0.75,8,FALSE,FALSE,0.125,0.0833333333333333,-0.125,-0.25,0.25,TRUE,TRUE,FALSE,FALSE,TRUE
14,93,"By the People: National","btp03.olt1trade","14:9315","14:9315::btp03.olt1trade","triple","9315",0.5,0.416666666666667,0.5,0.3,0.4375,0.333333333333333,0.88235294117647,17,FALSE,FALSE,-0.104166666666667,-0.116666666666667,0.104166666666667,0,0,0.5,0.25,0.5,0,0.333333333333333,0.166666666666667,0.666666666666667,6,FALSE,FALSE,-0.166666666666667,-0.25,0.166666666666667,0,0,FALSE,FALSE,TRUE,FALSE,FALSE
