"poll_id","source_poll_id","poll_name","issue_id","pair_id","group_id","group_key","t1mean","t2mean","t1sd","t2sd","n_t1","n_t2","n_complete","t1mean_cc","t2mean_cc","t1sd_cc","t2sd_cc","polarex","homoex","polarfreq","homofreq","polar_abs","polarex_cc","homoex_cc","polarfreq_cc","homofreq_cc","polar_abs_cc","polarex_normed","homoex_normed"
12,12,"New Haven","nh.t1manvol","12:9101::nh.t1manvol","9101","12:9101",0.416666666666667,0.260416666666667,0.211640418320005,0.191281315518967,6,6,6,0.416666666666667,0.260416666666667,0.211640418320005,0.191281315518967,0.15625,0.0203591028010378,TRUE,TRUE,0.15625,0.15625,0.0203591028010378,TRUE,TRUE,0.15625,0.375,0.0961966667928918
12,12,"New Haven","nh.t1manvol","12:9102::nh.t1manvol","9102","12:9102",0.446428571428571,0.241071428571429,0.091490631838925,0.223689969334685,7,7,7,0.446428571428571,0.241071428571429,0.091490631838925,0.223689969334685,0.205357142857143,-0.13219933749576,TRUE,FALSE,0.205357142857143,0.205357142857143,-0.13219933749576,TRUE,FALSE,0.205357142857143,0.46,-0.323613967755163
12,12,"New Haven","nh.t1manvol","12:9103::nh.t1manvol","9103","12:9103",0.428571428571429,0.196428571428571,0.14173667737846,0.146257885420305,7,7,7,0.428571428571429,0.196428571428571,0.14173667737846,0.146257885420305,0.232142857142857,-0.00452120804184475,TRUE,FALSE,0.232142857142857,0.232142857142857,-0.00452120804184475,TRUE,FALSE,0.232142857142857,0.541666666666667,-0.0126197904065687
12,12,"New Haven","nh.t1manvol","12:9104::nh.t1manvol","9104","12:9104",0.390625,0.3125,0.143824091577808,0.180749701370305,12,12,12,0.390625,0.3125,0.143824091577808,0.180749701370305,0.078125,-0.0369256097924969,TRUE,FALSE,0.078125,0.078125,-0.0369256097924969,TRUE,FALSE,0.078125,0.2,-0.10367239591266
12,12,"New Haven","nh.t1manvol","12:9105::nh.t1manvol","9105","12:9105",0.34375,0.225,0.15095184110614,0.156458194629322,10,10,10,0.34375,0.225,0.15095184110614,0.156458194629322,0.11875,-0.00550635352318157,TRUE,FALSE,0.11875,0.11875,-0.00550635352318157,TRUE,FALSE,0.11875,0.345454545454545,-0.0157753404018268
12,12,"New Haven","nh.t1manvol","12:9106::nh.t1manvol","9106","12:9106",0.421875,0.359375,0.09375,0.193480996052153,4,4,4,0.421875,0.359375,0.09375,0.193480996052153,0.0625,-0.0997309960521532,TRUE,FALSE,0.0625,0.0625,-0.0997309960521532,TRUE,FALSE,0.0625,0.148148148148148,-0.245491682589916
12,12,"New Haven","nh.t1manvol","12:9107::nh.t1manvol","9107","12:9107",0.45,0.29375,0.140682858467784,0.169378971868149,10,10,10,0.45,0.29375,0.140682858467784,0.169378971868149,0.15625,-0.0286961134003643,TRUE,FALSE,0.15625,0.15625,-0.0286961134003643,TRUE,FALSE,0.15625,0.347222222222222,-0.0798629124065639
12,12,"New Haven","nh.t1manvol","12:9108::nh.t1manvol","9108","12:9108",0.4453125,0.3984375,0.107930512533362,0.0879928720733349,8,8,8,0.4453125,0.3984375,0.107930512533362,0.0879928720733349,0.046875,0.0199376404600274,TRUE,TRUE,0.046875,0.046875,0.0199376404600274,TRUE,TRUE,0.046875,0.105263157894737,0.184726635610708
12,12,"New Haven","nh.t1manvol","12:9109::nh.t1manvol","9109","12:9109",0.4375,0.298611111111111,0.149869735103522,0.145833333333333,9,9,9,0.4375,0.298611111111111,0.149869735103522,0.145833333333333,0.138888888888889,0.00403640177018916,TRUE,TRUE,0.138888888888889,0.138888888888889,0.00403640177018916,TRUE,TRUE,0.138888888888889,0.317460317460317,0.0269327344003178
12,12,"New Haven","nh.t1manvol","12:9110::nh.t1manvol","9110","12:9110",0.421875,0.28125,0.119289189427566,0.211288563682129,8,8,8,0.421875,0.28125,0.119289189427566,0.211288563682129,0.140625,-0.0919993742545632,TRUE,FALSE,0.140625,0.140625,-0.0919993742545632,TRUE,FALSE,0.140625,0.333333333333333,-0.241651594070138
12,12,"New Haven","nh.t1manvol","12:9111::nh.t1manvol","9111","12:9111",0.363636363636364,0.210227272727273,0.152628485367098,0.196199689555866,11,11,11,0.363636363636364,0.210227272727273,0.152628485367098,0.196199689555866,0.153409090909091,-0.0435712041887677,TRUE,FALSE,0.153409090909091,0.153409090909091,-0.0435712041887677,TRUE,FALSE,0.153409090909091,0.421875,-0.125431137423036
12,12,"New Haven","nh.t1manvol","12:9112::nh.t1manvol","9112","12:9112",0.4453125,0.3203125,0.17177350899617,0.193180326101954,8,8,8,0.4453125,0.3203125,0.17177350899617,0.193180326101954,0.125,-0.0214068171057841,TRUE,FALSE,0.125,0.125,-0.0214068171057841,TRUE,FALSE,0.125,0.280701754385965,-0.0652196507366441
12,12,"New Haven","nh.t1manvol","12:9113::nh.t1manvol","9113","12:9113",0.4375,0.302083333333333,0.125,0.121299388566747,6,6,6,0.4375,0.302083333333333,0.125,0.121299388566747,0.135416666666667,0.00370061143325302,TRUE,TRUE,0.135416666666667,0.135416666666667,0.00370061143325302,TRUE,TRUE,0.135416666666667,0.30952380952381,0.0296048914660242
12,12,"New Haven","nh.t1manvol","12:9114::nh.t1manvol","9114","12:9114",0.446428571428571,0.455357142857143,0.0668153104781061,0.18298126367785,7,7,7,0.446428571428571,0.455357142857143,0.0668153104781061,0.18298126367785,-0.0089285714285714,-0.116165953199744,FALSE,FALSE,-0.0089285714285714,-0.0089285714285714,-0.116165953199744,FALSE,FALSE,-0.0089285714285714,-0.0161290322580645,-0.268167264470857
12,12,"New Haven","nh.t1manvol","12:9115::nh.t1manvol","9115","12:9115",0.418269230769231,0.360576923076923,0.19159523473813,0.177059764645755,13,13,13,0.418269230769231,0.360576923076923,0.19159523473813,0.177059764645755,0.0576923076923077,0.0145354700923743,TRUE,TRUE,0.0576923076923077,0.0576923076923077,0.0145354700923743,TRUE,TRUE,0.0576923076923077,0.137931034482759,0.0758655094540385
12,12,"New Haven","nh.t1manvol","12:9116::nh.t1manvol","9116","12:9116",0.416666666666667,0.479166666666667,0.183995018048497,0.0940965815886351,6,6,6,0.416666666666667,0.479166666666667,0.183995018048497,0.0940965815886351,-0.0625,0.0898984364598617,FALSE,TRUE,-0.0625,-0.0625,0.0898984364598617,FALSE,TRUE,-0.0625,-0.107142857142857,0.488591688043241
12,12,"New Haven","nh.t1endexp","12:9101::nh.t1endexp","9101","12:9101",0.654166668653488,0.625,0.242598777338238,0.344601218802256,6,6,6,0.654166668653488,0.625,0.242598777338238,0.344601218802256,-0.0291666686534882,-0.102002441464018,FALSE,FALSE,-0.0291666686534882,-0.0291666686534882,-0.102002441464018,FALSE,FALSE,-0.0291666686534882,-0.0445859901629102,-0.396277999028987
12,12,"New Haven","nh.t1endexp","12:9102::nh.t1endexp","9102","12:9102",0.892857142857143,0.964285714285714,0.233056808933951,0.0944911182523068,7,7,7,0.892857142857143,0.964285714285714,0.233056808933951,0.0944911182523068,0.0714285714285714,0.138565690681644,TRUE,TRUE,0.0714285714285714,0.0714285714285714,0.138565690681644,TRUE,TRUE,0.0714285714285714,0.666666666666667,0.594557572960309
12,12,"New Haven","nh.t1endexp","12:9103::nh.t1endexp","9103","12:9103",0.871428574834551,0.946428571428571,0.145364888538733,0.0668153104781061,7,7,7,0.871428574834551,0.946428571428571,0.145364888538733,0.0668153104781061,0.0749999965940202,0.0785495780606273,TRUE,TRUE,0.0749999965940202,0.0749999965940202,0.0785495780606273,TRUE,TRUE,0.0749999965940202,0.583333322295436,0.540361423244907
12,12,"New Haven","nh.t1endexp","12:9104::nh.t1endexp","9104","12:9104",0.729166666666667,0.625,0.314576434802948,0.287030248643525,12,12,12,0.729166666666667,0.625,0.314576434802948,0.287030248643525,-0.104166666666667,0.0275461861594232,FALSE,TRUE,-0.104166666666667,-0.104166666666667,0.0275461861594232,FALSE,TRUE,-0.104166666666667,-0.142857142857143,0.0875659557165438
12,12,"New Haven","nh.t1endexp","12:9105::nh.t1endexp","9105","12:9105",0.8,0.7875,0.24438130497692,0.243313355344274,10,10,10,0.8,0.7875,0.24438130497692,0.243313355344274,-0.0125000000000001,0.00106794963264575,FALSE,TRUE,-0.0125000000000001,-0.0125000000000001,0.00106794963264575,FALSE,TRUE,-0.0125000000000001,-0.0156250000000001,0.00437001362582385
12,12,"New Haven","nh.t1endexp","12:9106::nh.t1endexp","9106","12:9106",0.71875,0.5625,0.257694101601104,0.314576434802948,4,4,4,0.71875,0.5625,0.257694101601104,0.314576434802948,-0.15625,-0.0568823332018441,FALSE,FALSE,-0.15625,-0.15625,-0.0568823332018441,FALSE,FALSE,-0.15625,-0.217391304347826,-0.234754224217033
12,12,"New Haven","nh.t1endexp","12:9107::nh.t1endexp","9107","12:9107",0.7125,0.410000002384186,0.343844683929629,0.278687402066701,10,10,10,0.7125,0.410000002384186,0.343844683929629,0.278687402066701,-0.302499997615814,0.065157281862928,FALSE,TRUE,-0.122500002384186,-0.302499997615814,0.065157281862928,FALSE,TRUE,-0.122500002384186,-0.424561400162546,0.189496260690373
12,12,"New Haven","nh.t1endexp","12:9108::nh.t1endexp","9108","12:9108",0.646875001490116,0.5,0.403431154627855,0.377964473009227,8,8,8,0.646875001490116,0.5,0.403431154627855,0.377964473009227,-0.146875001490116,0.0254666816186282,FALSE,TRUE,-0.146875001490116,-0.146875001490116,0.0254666816186282,FALSE,TRUE,-0.146875001490116,-0.227053141877149,0.0631252230436192
12,12,"New Haven","nh.t1endexp","12:9109::nh.t1endexp","9109","12:9109",0.708333333333333,0.736111111111111,0.347985272676876,0.321401012927948,9,9,9,0.708333333333333,0.736111111111111,0.347985272676876,0.321401012927948,0.0277777777777778,0.0265842597489283,TRUE,TRUE,0.0277777777777778,0.0277777777777778,0.0265842597489283,TRUE,TRUE,0.0277777777777778,0.0952380952380953,0.0763947840218319
12,12,"New Haven","nh.t1endexp","12:9110::nh.t1endexp","9110","12:9110",0.600000001490116,0.646875001490116,0.298208939644706,0.216067739269276,8,8,8,0.600000001490116,0.646875001490116,0.298208939644706,0.216067739269276,0.046875,0.0821412003754295,TRUE,TRUE,0.046875,0.046875,0.0821412003754295,TRUE,TRUE,0.046875,0.117187500436557,0.275448484117527
12,12,"New Haven","nh.t1endexp","12:9111::nh.t1endexp","9111","12:9111",0.800000001083721,0.829545454545455,0.199999999254942,0.269679944985297,11,11,11,0.800000001083721,0.829545454545455,0.199999999254942,0.269679944985297,0.0295454534617338,-0.0696799457303549,TRUE,FALSE,0.0295454534617338,0.0295454534617338,-0.0696799457303549,TRUE,FALSE,0.0295454534617338,0.147727268109144,-0.23226648519101
12,12,"New Haven","nh.t1endexp","12:9112::nh.t1endexp","9112","12:9112",0.865625001490116,0.850000001490116,0.229104427361082,0.190394326081303,8,8,8,0.865625001490116,0.850000001490116,0.229104427361082,0.190394326081303,-0.015625,0.0387101012797792,FALSE,TRUE,-0.015625,-0.015625,0.0387101012797792,FALSE,TRUE,-0.015625,-0.0180505414851727,0.168962694111405
12,12,"New Haven","nh.t1endexp","12:9113::nh.t1endexp","9113","12:9113",0.883333335320155,0.958333333333333,0.142886898186139,0.102062072615966,6,6,6,0.883333335320155,0.958333333333333,0.142886898186139,0.102062072615966,0.0749999980131786,0.0408248255701729,TRUE,TRUE,0.0749999980131786,0.0749999980131786,0.0408248255701729,TRUE,TRUE,0.0749999980131786,0.642857136775037,0.285714268336838
12,12,"New Haven","nh.t1endexp","12:9114::nh.t1endexp","9114","12:9114",0.910714285714286,0.625,0.187003310385774,0.420812705765087,7,7,7,0.910714285714286,0.625,0.187003310385774,0.420812705765087,-0.285714285714286,-0.233809395379313,FALSE,FALSE,-0.285714285714286,-0.285714285714286,-0.233809395379313,FALSE,FALSE,-0.285714285714286,-0.313725490196078,-0.747002773951018
12,12,"New Haven","nh.t1endexp","12:9115::nh.t1endexp","9115","12:9115",0.825000001833989,0.686538462455456,0.187638835898347,0.242086284633897,13,13,13,0.825000001833989,0.686538462455456,0.187638835898347,0.242086284633897,-0.138461539378533,-0.05444744873555,FALSE,FALSE,-0.138461539378533,-0.138461539378533,-0.05444744873555,FALSE,FALSE,-0.138461539378533,-0.167832168570583,-0.174309277186043
12,12,"New Haven","nh.t1endexp","12:9116::nh.t1endexp","9116","12:9116",0.787500003973643,0.875,0.202947034782764,0.0790569415042095,6,6,6,0.787500003973643,0.875,0.202947034782764,0.0790569415042095,0.087499996026357,0.123890093278555,TRUE,TRUE,0.087499996026357,0.087499996026357,0.123890093278555,TRUE,TRUE,0.087499996026357,0.411764694882649,0.610455301360611
13,13,"National Issues Convention 2","nic2.t1envir","13:9201::nic2.t1envir","9201","13:9201",0.83388888835907,0.899999992052714,0.168220930167337,0.100888915654103,15,15,15,0.83388888835907,0.899999992052714,0.168220930167337,0.100888915654103,0.0661111036936441,0.0673320145132345,TRUE,TRUE,0.0661111036936441,0.0661111036936441,0.0673320145132345,TRUE,TRUE,0.0661111036936441,0.397993265113724,0.400259435292958
13,13,"National Issues Convention 2","nic2.t1envir","13:9202::nic2.t1envir","9202","13:9202",0.84277777671814,0.766666664679845,0.16056900849005,0.221534146497542,15,15,15,0.84277777671814,0.766666664679845,0.16056900849005,0.221534146497542,-0.0761111120382946,-0.0609651380074921,FALSE,FALSE,-0.0761111120382946,-0.0761111120382946,-0.0609651380074921,FALSE,FALSE,-0.0761111120382946,-0.0903098232308388,-0.17960981622889
13,13,"National Issues Convention 2","nic2.t1envir","13:9203::nic2.t1envir","9203","13:9203",0.771875003585592,0.781250001862645,0.30026030464903,0.275907593073406,16,16,16,0.771875003585592,0.781250001862645,0.30026030464903,0.275907593073406,0.00937499827705324,0.0243527115756238,TRUE,TRUE,0.00937499827705324,0.00937499827705324,0.0243527115756238,TRUE,TRUE,0.00937499827705324,0.0410958835042468,0.0811053316024885
13,13,"National Issues Convention 2","nic2.t1envir","13:9204::nic2.t1envir","9204","13:9204",0.763888891537984,0.725000001986821,0.152676736529896,0.215679988158079,15,15,15,0.763888891537984,0.725000001986821,0.152676736529896,0.215679988158079,-0.0388888895511628,-0.063003251628183,FALSE,FALSE,-0.0388888895511628,-0.0388888895511628,-0.063003251628183,FALSE,FALSE,-0.0388888895511628,-0.0509090915995196,-0.181396578503605
13,13,"National Issues Convention 2","nic2.t1envir","13:9205::nic2.t1envir","9205","13:9205",0.793452384748629,0.812500003193106,0.223611060944021,0.208647199839578,14,14,14,0.793452384748629,0.812500003193106,0.223611060944021,0.208647199839578,0.0190476184444769,0.0149638611044433,TRUE,TRUE,0.0190476184444769,0.0190476184444769,0.0149638611044433,TRUE,TRUE,0.0190476184444769,0.092219018947741,0.066919145418255
13,13,"National Issues Convention 2","nic2.t1envir","13:9206::nic2.t1envir","9206","13:9206",0.744230773013372,0.759615391492844,0.279164273497701,0.257701877289263,13,13,13,0.744230773013372,0.759615391492844,0.279164273497701,0.257701877289263,0.0153846184794719,0.0214623962084385,TRUE,TRUE,0.0153846184794719,0.0153846184794719,0.0214623962084385,TRUE,TRUE,0.0153846184794719,0.0601503889296121,0.0768808842891396
13,13,"National Issues Convention 2","nic2.t1envir","13:9207::nic2.t1envir","9207","13:9207",0.783333331346512,0.732812499627471,0.179118212905024,0.203248363315873,16,16,16,0.783333331346512,0.732812499627471,0.179118212905024,0.203248363315873,-0.0505208317190409,-0.0241301504108487,FALSE,FALSE,-0.0505208317190409,-0.0505208317190409,-0.0241301504108487,FALSE,FALSE,-0.0505208317190409,-0.0644946789538472,-0.075199501440406
13,13,"National Issues Convention 2","nic2.t1envir","13:9208::nic2.t1envir","9208","13:9208",0.698076926744901,0.755769242460911,0.285452730424393,0.242417054400082,13,13,13,0.698076926744901,0.755769242460911,0.285452730424393,0.242417054400082,0.05769231571601,0.043035676024311,TRUE,TRUE,0.05769231571601,0.05769231571601,0.043035676024311,TRUE,TRUE,0.05769231571601,0.191082831444502,0.150762880986734
13,13,"National Issues Convention 2","nic2.t1envir","13:9209::nic2.t1envir","9209","13:9209",0.742261907884053,0.689285714711462,0.178265153103786,0.189309038605496,14,14,14,0.742261907884053,0.689285714711462,0.178265153103786,0.189309038605496,-0.0529761931725911,-0.0110438855017105,FALSE,FALSE,-0.0529761931725911,-0.0529761931725911,-0.0110438855017105,FALSE,FALSE,-0.0529761931725911,-0.0713712944311112,-0.0343260470796097
13,13,"National Issues Convention 2","nic2.t1envir","13:9210::nic2.t1envir","9210","13:9210",0.854761907032558,0.851785719394684,0.141070168607942,0.18278409839913,14,14,14,0.854761907032558,0.851785719394684,0.141070168607942,0.18278409839913,-0.00297618763787411,-0.0417139297911879,FALSE,FALSE,-0.00297618763787411,-0.00297618763787411,-0.0417139297911879,FALSE,FALSE,-0.00297618763787411,-0.0034818908205753,-0.116217505882435
13,13,"National Issues Convention 2","nic2.t1envir","13:9211::nic2.t1envir","9211","13:9211",0.766071423888206,0.756547618125166,0.248337723570139,0.272907316169712,14,14,14,0.766071423888206,0.756547618125166,0.248337723570139,0.272907316169712,-0.00952380576304024,-0.0245695925995722,FALSE,FALSE,-0.00952380576304024,-0.00952380576304024,-0.0245695925995722,FALSE,FALSE,-0.00952380576304024,-0.0124320075988503,-0.0976292233707895
13,13,"National Issues Convention 2","nic2.t1envir","13:9212::nic2.t1envir","9212","13:9212",0.710119047335216,0.680357140089784,0.166896589615052,0.221267886368763,14,14,14,0.710119047335216,0.680357140089784,0.166896589615052,0.221267886368763,-0.0297619072454317,-0.0543712967537114,FALSE,FALSE,-0.0297619072454317,-0.0297619072454317,-0.0543712967537114,FALSE,FALSE,-0.0297619072454317,-0.0419111518795558,-0.163226478800916
13,13,"National Issues Convention 2","nic2.t1envir","13:9213::nic2.t1envir","9213","13:9213",0.686111118396123,0.720000004768372,0.199768389339377,0.173256621506723,15,15,15,0.686111118396123,0.720000004768372,0.199768389339377,0.173256621506723,0.0338888863722483,0.0265117678326545,TRUE,TRUE,0.0338888863722483,0.0338888863722483,0.0265117678326545,TRUE,TRUE,0.0338888863722483,0.107964596258034,0.132712527343927
13,13,"National Issues Convention 2","nic2.t1envir","13:9214::nic2.t1envir","9214","13:9214",0.82888889114062,0.832222225268682,0.231173390542318,0.218850410811034,15,15,15,0.82888889114062,0.832222225268682,0.231173390542318,0.218850410811034,0.00333333412806203,0.0123229797312837,TRUE,TRUE,0.00333333412806203,0.00333333412806203,0.0123229797312837,TRUE,TRUE,0.00333333412806203,0.0194805243813911,0.0533062205056334
13,13,"National Issues Convention 2","nic2.t1envir","13:9215::nic2.t1envir","9215","13:9215",0.807142862251827,0.778571424739701,0.140886124757398,0.246291171197353,14,14,14,0.807142862251827,0.778571424739701,0.140886124757398,0.246291171197353,-0.0285714375121253,-0.105405046439955,FALSE,FALSE,-0.0285714375121253,-0.0285714375121253,-0.105405046439955,FALSE,FALSE,-0.0285714375121253,-0.0353982409414049,-0.293514268611169
13,13,"National Issues Convention 2","nic2.t1envir","13:9216::nic2.t1envir","9216","13:9216",0.838690483144351,0.851785715137209,0.196758106206364,0.144603000626546,14,14,14,0.838690483144351,0.851785715137209,0.196758106206364,0.144603000626546,0.0130952319928578,0.0521551055798185,TRUE,TRUE,0.0130952319928578,0.0130952319928578,0.0521551055798185,TRUE,TRUE,0.0130952319928578,0.0811807774774773,0.265072207622882
13,13,"National Issues Convention 2","nic2.t1envir","13:9217::nic2.t1envir","9217","13:9217",0.748076929495885,0.790384622720572,0.11567803922926,0.133673449638235,13,13,13,0.748076929495885,0.790384622720572,0.11567803922926,0.133673449638235,0.0423076932246869,-0.0179954104089752,TRUE,FALSE,0.0423076932246869,0.0423076932246869,-0.0179954104089752,TRUE,FALSE,0.0423076932246869,0.167938939216747,-0.046823789025447
13,13,"National Issues Convention 2","nic2.t1envir","13:9218::nic2.t1envir","9218","13:9218",0.758333332263506,0.763461537659168,0.250346981347328,0.279250367682801,13,13,13,0.758333332263506,0.763461537659168,0.250346981347328,0.279250367682801,0.00512820539566183,-0.0289033863354729,TRUE,FALSE,0.00512820539566183,0.00512820539566183,-0.0289033863354729,TRUE,FALSE,0.00512820539566183,0.0212201601639721,-0.115774231336992
13,13,"National Issues Convention 2","nic2.t1envir","13:9219::nic2.t1envir","9219","13:9219",0.780208330601454,0.798437500372529,0.245097764409569,0.203811343387298,16,16,16,0.780208330601454,0.798437500372529,0.245097764409569,0.203811343387298,0.0182291697710752,0.041286421022271,TRUE,TRUE,0.0182291697710752,0.0182291697710752,0.041286421022271,TRUE,TRUE,0.0182291697710752,0.0829384017190409,0.168448786637155
13,13,"National Issues Convention 2","nic2.t1envir","13:9220::nic2.t1envir","9220","13:9220",0.881547621318272,0.807738097650664,0.158895049799519,0.191247150982663,14,14,14,0.881547621318272,0.807738097650664,0.158895049799519,0.191247150982663,-0.0738095236676081,-0.0323521011831436,FALSE,FALSE,-0.0738095236676081,-0.0738095236676081,-0.0323521011831436,FALSE,FALSE,-0.0738095236676081,-0.0837272109670409,-0.0948450063950377
13,13,"National Issues Convention 2","nic2.t1envir","13:9221::nic2.t1envir","9221","13:9221",0.708333343267441,0.736666672428449,0.214110377709478,0.215445275673434,15,15,15,0.708333343267441,0.736666672428449,0.214110377709478,0.215445275673434,0.0283333291610082,-0.00133489796395589,TRUE,FALSE,0.0283333291610082,0.0283333291610082,-0.00133489796395589,TRUE,FALSE,0.0283333291610082,0.0971428461464079,-0.00466927744092564
13,13,"National Issues Convention 2","nic2.t1envir","13:9222::nic2.t1envir","9222","13:9222",0.775000000993411,0.76666667064031,0.20378365388602,0.123091489511969,12,12,12,0.775000000993411,0.76666667064031,0.20378365388602,0.123091489511969,-0.00833333035310113,0.0806921643740507,FALSE,TRUE,-0.00833333035310113,-0.00833333035310113,0.0806921643740507,FALSE,TRUE,-0.00833333035310113,-0.0107526843127991,0.395969759278059
13,13,"National Issues Convention 2","nic2.t1envir","13:9223::nic2.t1envir","9223","13:9223",0.754761898091861,0.739880951387542,0.216536306928117,0.19715331211427,14,14,14,0.754761898091861,0.739880951387542,0.216536306928117,0.19715331211427,-0.0148809467043195,0.0193829948138471,FALSE,TRUE,-0.0148809467043195,-0.0148809467043195,0.0193829948138471,FALSE,TRUE,-0.0148809467043195,-0.0197160809812214,0.0895138329863621
13,13,"National Issues Convention 2","nic2.t1envir","13:9224::nic2.t1envir","9224","13:9224",0.786111108958721,0.677083334575097,0.223926540720875,0.274370839310228,12,12,12,0.786111108958721,0.677083334575097,0.223926540720875,0.274370839310228,-0.109027774383624,-0.0504442985893529,FALSE,FALSE,-0.109027774383624,-0.109027774383624,-0.0504442985893529,FALSE,FALSE,-0.109027774383624,-0.138692575567393,-0.182720565464973
13,13,"National Issues Convention 2","nic2.t1usseca","13:9201::nic2.t1usseca","9201","13:9201",0.80116666952769,0.789333333571752,0.133232024653037,0.180127602011159,15,15,15,0.80116666952769,0.789333333571752,0.133232024653037,0.180127602011159,-0.0118333359559378,-0.0468955773581221,FALSE,FALSE,-0.0118333359559378,-0.0118333359559378,-0.0468955773581221,FALSE,FALSE,-0.0118333359559378,-0.01477013011901,-0.127861701430608
13,13,"National Issues Convention 2","nic2.t1usseca","13:9202::nic2.t1usseca","9202","13:9202",0.781000008185704,0.799333337942759,0.214052735501163,0.168341349260936,15,15,15,0.781000008185704,0.799333337942759,0.214052735501163,0.168341349260936,0.0183333297570546,0.0457113862402269,TRUE,TRUE,0.0183333297570546,0.0183333297570546,0.0457113862402269,TRUE,TRUE,0.0183333297570546,0.0837138376361248,0.213551983501647
13,13,"National Issues Convention 2","nic2.t1usseca","13:9203::nic2.t1usseca","9203","13:9203",0.732500003650785,0.772812495008111,0.169676162826909,0.178428021166819,16,16,16,0.732500003650785,0.772812495008111,0.169676162826909,0.178428021166819,0.0403124913573263,-0.00875185833990999,TRUE,FALSE,0.0403124913573263,0.0403124913573263,-0.00875185833990999,TRUE,FALSE,0.0403124913573263,0.150700904327113,-0.0264947828615953
13,13,"National Issues Convention 2","nic2.t1usseca","13:9204::nic2.t1usseca","9204","13:9204",0.79099999666214,0.810333331425985,0.161446586317737,0.130390438243504,15,15,15,0.79099999666214,0.810333331425985,0.161446586317737,0.130390438243504,0.0193333347638448,0.0310561480742333,TRUE,TRUE,0.0193333347638448,0.0193333347638448,0.0310561480742333,TRUE,TRUE,0.0193333347638448,0.0925039926080354,0.192361751230298
13,13,"National Issues Convention 2","nic2.t1usseca","13:9205::nic2.t1usseca","9205","13:9205",0.729642853140831,0.790714280945914,0.158629511072368,0.114805141407699,14,14,14,0.729642853140831,0.790714280945914,0.158629511072368,0.114805141407699,0.0610714278050831,0.0438243696646684,TRUE,TRUE,0.0610714278050831,0.0610714278050831,0.0438243696646684,TRUE,TRUE,0.0610714278050831,0.225891671496651,0.276268705415574
13,13,"National Issues Convention 2","nic2.t1usseca","13:9206::nic2.t1usseca","9206","13:9206",0.822692302557138,0.821923072521503,0.130041906094471,0.11892818363861,13,13,13,0.822692302557138,0.821923072521503,0.130041906094471,0.11892818363861,-0.000769230035635227,0.0111137224558613,FALSE,TRUE,-0.000769230035635227,-0.000769230035635227,0.0111137224558613,FALSE,TRUE,-0.000769230035635227,-0.000935015476921642,0.0854626234699107
13,13,"National Issues Convention 2","nic2.t1usseca","13:9207::nic2.t1usseca","9207","13:9207",0.767734374850988,0.797812497243285,0.22322364112902,0.153024711087515,16,16,16,0.767734374850988,0.797812497243285,0.22322364112902,0.153024711087515,0.0300781223922968,0.0701989300415051,TRUE,TRUE,0.0300781223922968,0.0300781223922968,0.0701989300415051,TRUE,TRUE,0.0300781223922968,0.129498811427649,0.314478026101774
13,13,"National Issues Convention 2","nic2.t1usseca","13:9208::nic2.t1usseca","9208","13:9208",0.74384615627619,0.78307692362712,0.264631456488928,0.190323611797114,13,13,13,0.74384615627619,0.78307692362712,0.264631456488928,0.190323611797114,0.0392307673509303,0.0743078446918146,TRUE,TRUE,0.0392307673509303,0.0392307673509303,0.0743078446918146,TRUE,TRUE,0.0392307673509303,0.153153147267349,0.280797474637803
13,13,"National Issues Convention 2","nic2.t1usseca","13:9209::nic2.t1usseca","9209","13:9209",0.831785717180797,0.833571434020996,0.11411207429225,0.111776369693374,14,14,14,0.831785717180797,0.833571434020996,0.11411207429225,0.111776369693374,0.00178571684019913,0.00233570459887601,TRUE,TRUE,0.00178571684019913,0.00178571684019913,0.00233570459887601,TRUE,TRUE,0.00178571684019913,0.010615726621255,0.0204685140758558
13,13,"National Issues Convention 2","nic2.t1usseca","13:9210::nic2.t1usseca","9210","13:9210",0.784285711390632,0.77642857176917,0.144739242838871,0.149053803275307,14,14,14,0.784285711390632,0.77642857176917,0.144739242838871,0.149053803275307,-0.00785713962146206,-0.00431456043643594,FALSE,FALSE,-0.00785713962146206,-0.00785713962146206,-0.00431456043643594,FALSE,FALSE,-0.00785713962146206,-0.0100182108475882,-0.0121447707056455
13,13,"National Issues Convention 2","nic2.t1usseca","13:9211::nic2.t1usseca","9211","13:9211",0.814642859356744,0.870714277029037,0.178815160885254,0.106912207861046,14,14,14,0.814642859356744,0.870714277029037,0.178815160885254,0.106912207861046,0.0560714176722935,0.0719029530242075,TRUE,TRUE,0.0560714176722935,0.0560714176722935,0.0719029530242075,TRUE,TRUE,0.0560714176722935,0.302504761768041,0.402107699751185
13,13,"National Issues Convention 2","nic2.t1usseca","13:9212::nic2.t1usseca","9212","13:9212",0.815357144389834,0.859642859016146,0.149607997817135,0.111052029621561,14,14,14,0.815357144389834,0.859642859016146,0.149607997817135,0.111052029621561,0.0442857146263121,0.0385559681955732,TRUE,TRUE,0.0442857146263121,0.0442857146263121,0.0385559681955732,TRUE,TRUE,0.0442857146263121,0.239845264957405,0.257713282432267
13,13,"National Issues Convention 2","nic2.t1usseca","13:9213::nic2.t1usseca","9213","13:9213",0.771666661898295,0.784333328406016,0.210387963288652,0.151361282014608,15,15,15,0.771666661898295,0.784333328406016,0.210387963288652,0.151361282014608,0.012666666507721,0.0590266812740441,TRUE,TRUE,0.012666666507721,0.012666666507721,0.0590266812740441,TRUE,TRUE,0.012666666507721,0.055474450700138,0.280561113627301
13,13,"National Issues Convention 2","nic2.t1usseca","13:9214::nic2.t1usseca","9214","13:9214",0.819000001748403,0.866333333651225,0.161535041051482,0.160462127977663,15,15,15,0.819000001748403,0.866333333651225,0.161535041051482,0.160462127977663,0.047333331902822,0.00107291307381926,TRUE,TRUE,0.047333331902822,0.047333331902822,0.00107291307381926,TRUE,TRUE,0.047333331902822,0.261510123536171,0.00664198347823072
13,13,"National Issues Convention 2","nic2.t1usseca","13:9215::nic2.t1usseca","9215","13:9215",0.870357138769967,0.843928571258272,0.0790682371757309,0.124037511410079,14,14,14,0.870357138769967,0.843928571258272,0.0790682371757309,0.124037511410079,-0.0264285675116949,-0.0449692742343478,FALSE,FALSE,-0.0264285675116949,-0.0264285675116949,-0.0449692742343478,FALSE,FALSE,-0.0264285675116949,-0.0303651987608731,-0.106832694051462
13,13,"National Issues Convention 2","nic2.t1usseca","13:9216::nic2.t1usseca","9216","13:9216",0.783928566745349,0.792857140302658,0.182611171687214,0.157659742506341,14,14,14,0.783928566745349,0.792857140302658,0.182611171687214,0.157659742506341,0.0089285735573088,0.0249514291808736,TRUE,TRUE,0.0089285735573088,0.0089285735573088,0.0249514291808736,TRUE,TRUE,0.0089285735573088,0.0413223230059572,0.136636926154834
13,13,"National Issues Convention 2","nic2.t1usseca","13:9217::nic2.t1usseca","9217","13:9217",0.825384607681861,0.849999996332022,0.112610335254934,0.106926761328798,13,13,13,0.825384607681861,0.849999996332022,0.112610335254934,0.106926761328798,0.0246153886501607,0.00568357392613607,TRUE,TRUE,0.0246153886501607,0.0246153886501607,0.00568357392613607,TRUE,TRUE,0.0246153886501607,0.140969179883712,0.0504711571390785
13,13,"National Issues Convention 2","nic2.t1usseca","13:9218::nic2.t1usseca","9218","13:9218",0.824615386816172,0.808076927295098,0.159562698489093,0.125458140469304,13,13,13,0.824615386816172,0.808076927295098,0.159562698489093,0.125458140469304,-0.0165384595210737,0.034104558019789,FALSE,TRUE,-0.0165384595210737,-0.0165384595210737,0.034104558019789,FALSE,TRUE,-0.0165384595210737,-0.0200559676492679,0.213737661387822
13,13,"National Issues Convention 2","nic2.t1usseca","13:9219::nic2.t1usseca","9219","13:9219",0.829687502235174,0.874166673049331,0.163803425355417,0.153763893844036,16,16,16,0.829687502235174,0.874166673049331,0.163803425355417,0.153763893844036,0.0444791708141564,0.0100395315113816,TRUE,TRUE,0.0444791708141564,0.0444791708141564,0.0100395315113816,TRUE,TRUE,0.0444791708141564,0.261162107290418,0.0612901194807008
13,13,"National Issues Convention 2","nic2.t1usseca","13:9220::nic2.t1usseca","9220","13:9220",0.796428569725582,0.837142859186445,0.224048654596022,0.138296155392795,14,14,14,0.796428569725582,0.837142859186445,0.224048654596022,0.138296155392795,0.0407142894608632,0.0857524992032274,TRUE,TRUE,0.0407142894608632,0.0407142894608632,0.0857524992032274,TRUE,TRUE,0.0407142894608632,0.200000016731127,0.382740522846906
13,13,"National Issues Convention 2","nic2.t1usseca","13:9221::nic2.t1usseca","9221","13:9221",0.777500001589457,0.844333334763845,0.161474784175016,0.0789635191711186,15,15,15,0.777500001589457,0.844333334763845,0.161474784175016,0.0789635191711186,0.0668333331743876,0.0825112650038977,TRUE,TRUE,0.0668333331743876,0.0668333331743876,0.0825112650038977,TRUE,TRUE,0.0668333331743876,0.300374533266607,0.51098544844294
13,13,"National Issues Convention 2","nic2.t1usseca","13:9222::nic2.t1usseca","9222","13:9222",0.841666663686434,0.861250008145968,0.141891979532625,0.113179757635716,12,12,12,0.841666663686434,0.861250008145968,0.141891979532625,0.113179757635716,0.0195833444595338,0.028712221896909,TRUE,TRUE,0.0195833444595338,0.0195833444595338,0.028712221896909,TRUE,TRUE,0.0195833444595338,0.123684278469006,0.202352676955269
13,13,"National Issues Convention 2","nic2.t1usseca","13:9223::nic2.t1usseca","9223","13:9223",0.858928561210632,0.808392856802259,0.0601977023472998,0.100496868284314,14,14,14,0.858928561210632,0.808392856802259,0.0601977023472998,0.100496868284314,-0.0505357044083732,-0.0402991659370147,FALSE,FALSE,-0.0505357044083732,-0.0505357044083732,-0.0402991659370147,FALSE,FALSE,-0.0505357044083732,-0.0588357480360703,-0.0916301850902057
13,13,"National Issues Convention 2","nic2.t1usseca","13:9224::nic2.t1usseca","9224","13:9224",0.842916672428449,0.843749995032946,0.146107961782173,0.146102788589008,12,12,12,0.842916672428449,0.843749995032946,0.146107961782173,0.146102788589008,0.000833322604497311,5.17319316536979e-06,TRUE,TRUE,0.000833322604497311,0.000833322604497311,5.17319316536979e-06,TRUE,TRUE,0.000833322604497311,0.00530497168210124,3.54066479490167e-05
13,13,"National Issues Convention 2","nic2.t1humrh2","13:9201::nic2.t1humrh2","9201","13:9201",0.746666661898295,0.77333333492279,0.164171802017653,0.122279925546724,15,15,15,0.746666661898295,0.77333333492279,0.164171802017653,0.122279925546724,0.0266666730244954,0.0418918764709286,TRUE,TRUE,0.0266666730244954,0.0266666730244954,0.0418918764709286,TRUE,TRUE,0.0266666730244954,0.105263181010111,0.255170960884161
13,13,"National Issues Convention 2","nic2.t1humrh2","13:9202::nic2.t1humrh2","9202","13:9202",0.733333337306976,0.733333335320155,0.246885357295153,0.175932886023955,15,15,15,0.733333337306976,0.733333335320155,0.246885357295153,0.175932886023955,-1.98682148511153e-09,0.0709524712711986,FALSE,TRUE,-1.98682148511153e-09,-1.98682148511153e-09,0.0709524712711986,FALSE,TRUE,-1.98682148511153e-09,-2.70930201047146e-09,0.28739035821543
13,13,"National Issues Convention 2","nic2.t1humrh2","13:9203::nic2.t1humrh2","9203","13:9203",0.75000000372529,0.725000001490116,0.21602468718777,0.177012232325446,16,16,16,0.75000000372529,0.725000001490116,0.21602468718777,0.177012232325446,-0.0250000022351742,0.0390124548623236,FALSE,TRUE,-0.0250000022351742,-0.0250000022351742,0.0390124548623236,FALSE,TRUE,-0.0250000022351742,-0.0333333361479971,0.180592576571648
13,13,"National Issues Convention 2","nic2.t1humrh2","13:9204::nic2.t1humrh2","9204","13:9204",0.660000002384186,0.66000000834465,0.23844735731395,0.184390888083746,15,15,15,0.660000002384186,0.66000000834465,0.23844735731395,0.184390888083746,5.9604644553346e-09,0.0540564692302047,TRUE,TRUE,5.9604644553346e-09,5.9604644553346e-09,0.0540564692302047,TRUE,TRUE,5.9604644553346e-09,1.75307779327389e-08,0.226701901162324
13,13,"National Issues Convention 2","nic2.t1humrh2","13:9205::nic2.t1humrh2","9205","13:9205",0.671428573983056,0.79285714668887,0.219890081537687,0.205554725789287,14,14,14,0.671428573983056,0.79285714668887,0.219890081537687,0.205554725789287,0.121428572705814,0.0143353557484001,TRUE,TRUE,0.121428572705814,0.121428572705814,0.0143353557484001,TRUE,TRUE,0.121428572705814,0.369565224151756,0.0651932804251706
13,13,"National Issues Convention 2","nic2.t1humrh2","13:9206::nic2.t1humrh2","9206","13:9206",0.676923080132558,0.699999997249016,0.227866354240271,0.163299309493835,13,13,13,0.676923080132558,0.699999997249016,0.227866354240271,0.163299309493835,0.0230769171164587,0.0645670447464365,TRUE,TRUE,0.0230769171164587,0.0230769171164587,0.0645670447464365,TRUE,TRUE,0.0230769171164587,0.0714285536890938,0.283354885637721
13,13,"National Issues Convention 2","nic2.t1humrh2","13:9207::nic2.t1humrh2","9207","13:9207",0.731250000186265,0.731250004842877,0.282179017155078,0.195682563424932,16,16,16,0.731250000186265,0.731250004842877,0.282179017155078,0.195682563424932,4.65661287307739e-09,0.0864964537301461,TRUE,TRUE,4.65661287307739e-09,4.65661287307739e-09,0.0864964537301461,TRUE,TRUE,4.65661287307739e-09,1.7326931632762e-08,0.306530423850083
13,13,"National Issues Convention 2","nic2.t1humrh2","13:9208::nic2.t1humrh2","9208","13:9208",0.661538461653086,0.738461535710555,0.236426385494463,0.126085025057764,13,13,13,0.661538461653086,0.738461535710555,0.236426385494463,0.126085025057764,0.076923074057469,0.110341360436699,TRUE,TRUE,0.076923074057469,0.076923074057469,0.110341360436699,TRUE,TRUE,0.076923074057469,0.227272718883127,0.46670493314835
13,13,"National Issues Convention 2","nic2.t1humrh2","13:9209::nic2.t1humrh2","9209","13:9209",0.642857146050249,0.642857142857143,0.198898062498586,0.213808985381126,14,14,14,0.642857146050249,0.642857142857143,0.198898062498586,0.213808985381126,-3.19310589080857e-09,-0.0149109228825402,FALSE,FALSE,-3.19310589080857e-09,-3.19310589080857e-09,-0.0149109228825402,FALSE,FALSE,-3.19310589080857e-09,-4.96705358325282e-09,-0.049521178795039
13,13,"National Issues Convention 2","nic2.t1humrh2","13:9210::nic2.t1humrh2","9210","13:9210",0.742857147540365,0.764285717691694,0.174154147920999,0.154954795148108,14,14,14,0.742857147540365,0.764285717691694,0.174154147920999,0.154954795148108,0.021428570151329,0.019199352772891,TRUE,TRUE,0.021428570151329,0.021428570151329,0.019199352772891,TRUE,TRUE,0.021428570151329,0.0833333298839904,0.110243442387605
13,13,"National Issues Convention 2","nic2.t1humrh2","13:9211::nic2.t1humrh2","9211","13:9211",0.700000002980232,0.728571434106146,0.166410061347272,0.148989263590071,14,14,14,0.700000002980232,0.728571434106146,0.166410061347272,0.148989263590071,0.0285714311259133,0.0174207977572014,TRUE,TRUE,0.0285714311259133,0.0285714311259133,0.0174207977572014,TRUE,TRUE,0.0285714311259133,0.09523810469915,0.104685964395187
13,13,"National Issues Convention 2","nic2.t1humrh2","13:9212::nic2.t1humrh2","9212","13:9212",0.649999999574252,0.650000011282308,0.231217507460843,0.199036140062445,14,14,14,0.649999999574252,0.650000011282308,0.231217507460843,0.199036140062445,1.17080553030391e-08,0.0321813673983978,TRUE,TRUE,1.17080553030391e-08,1.17080553030391e-08,0.0321813673983978,TRUE,TRUE,1.17080553030391e-08,3.34515865394205e-08,0.139182226085747
13,13,"National Issues Convention 2","nic2.t1humrh2","13:9213::nic2.t1humrh2","9213","13:9213",0.606666664282481,0.693333335717519,0.298727457575904,0.221896580747364,15,15,15,0.606666664282481,0.693333335717519,0.298727457575904,0.221896580747364,0.0866666714350383,0.0768308768285394,TRUE,TRUE,0.0866666714350383,0.0866666714350383,0.0768308768285394,TRUE,TRUE,0.0866666714350383,0.220338993838244,0.257193889882109
13,13,"National Issues Convention 2","nic2.t1humrh2","13:9214::nic2.t1humrh2","9214","13:9214",0.726666673024496,0.819999996821086,0.221896580619452,0.17402791227747,15,15,15,0.726666673024496,0.819999996821086,0.221896580619452,0.17402791227747,0.0933333237965901,0.0478686683419829,TRUE,TRUE,0.0933333237965901,0.0933333237965901,0.0478686683419829,TRUE,TRUE,0.0933333237965901,0.34146338768618,0.215725128383463
13,13,"National Issues Convention 2","nic2.t1humrh2","13:9215::nic2.t1humrh2","9215","13:9215",0.621428573770182,0.707142863954817,0.196815302406575,0.168542549823501,14,14,14,0.621428573770182,0.707142863954817,0.196815302406575,0.168542549823501,0.0857142901846342,0.0282727525830742,TRUE,TRUE,0.0857142901846342,0.0857142901846342,0.0282727525830742,TRUE,TRUE,0.0857142901846342,0.226415107548555,0.143651190925537
13,13,"National Issues Convention 2","nic2.t1humrh2","13:9216::nic2.t1humrh2","9216","13:9216",0.721428573131561,0.792857153075082,0.229308559957602,0.149173543038821,14,14,14,0.721428573131561,0.792857153075082,0.229308559957602,0.149173543038821,0.0714285799435208,0.0801350169187806,TRUE,TRUE,0.0714285799435208,0.0714285799435208,0.0801350169187806,TRUE,TRUE,0.0714285799435208,0.256410288544253,0.349463696137629
13,13,"National Issues Convention 2","nic2.t1humrh2","13:9217::nic2.t1humrh2","9217","13:9217",0.738461547172987,0.784615381405904,0.175776657392276,0.195133085311331,13,13,13,0.738461547172987,0.784615381405904,0.175776657392276,0.195133085311331,0.0461538342329172,-0.0193564279190545,TRUE,FALSE,0.0461538342329172,0.0461538342329172,-0.0193564279190545,TRUE,FALSE,0.0461538342329172,0.176470548533237,-0.0597009079092549
13,13,"National Issues Convention 2","nic2.t1humrh2","13:9218::nic2.t1humrh2","9218","13:9218",0.807692305399821,0.730769230769231,0.175411603970316,0.193151984018016,13,13,13,0.807692305399821,0.730769230769231,0.175411603970316,0.193151984018016,-0.0769230746305906,-0.0177403800477003,FALSE,FALSE,-0.0769230746305906,-0.0769230746305906,-0.0177403800477003,FALSE,FALSE,-0.0769230746305906,-0.0952380926700946,-0.054655003890151
13,13,"National Issues Convention 2","nic2.t1humrh2","13:9219::nic2.t1humrh2","9219","13:9219",0.737499998882413,0.737500000745058,0.196214165488551,0.185741752626677,16,16,16,0.737499998882413,0.737500000745058,0.196214165488551,0.185741752626677,1.86264503820865e-09,0.0104724128618737,TRUE,TRUE,1.86264503820865e-09,1.86264503820865e-09,0.0104724128618737,TRUE,TRUE,1.86264503820865e-09,7.09579059153711e-09,0.0533723589007888
13,13,"National Issues Convention 2","nic2.t1humrh2","13:9220::nic2.t1humrh2","9220","13:9220",0.700000000851495,0.771428568022592,0.21483446221183,0.209132164095994,14,14,14,0.700000000851495,0.771428568022592,0.21483446221183,0.209132164095994,0.0714285671710968,0.00570229811583564,TRUE,TRUE,0.0714285671710968,0.0714285671710968,0.00570229811583564,TRUE,TRUE,0.0714285671710968,0.238095224579446,0.02654275323022
13,13,"National Issues Convention 2","nic2.t1humrh2","13:9221::nic2.t1humrh2","9221","13:9221",0.70000000645717,0.666666674613953,0.259119387570928,0.205866341918073,15,15,15,0.70000000645717,0.666666674613953,0.259119387570928,0.205866341918073,-0.0333333318432172,0.0532530456528552,FALSE,TRUE,-0.0333333318432172,-0.0333333318432172,0.0532530456528552,FALSE,TRUE,-0.0333333318432172,-0.047619045051047,0.205515481307929
13,13,"National Issues Convention 2","nic2.t1humrh2","13:9222::nic2.t1humrh2","9222","13:9222",0.675000001986821,0.749999997516473,0.289592189561916,0.197714207767177,12,12,12,0.675000001986821,0.749999997516473,0.289592189561916,0.197714207767177,0.0749999955296516,0.0918779817947385,TRUE,TRUE,0.0749999955296516,0.0749999955296516,0.0918779817947385,TRUE,TRUE,0.0749999955296516,0.230769218425073,0.317266781033453
13,13,"National Issues Convention 2","nic2.t1humrh2","13:9223::nic2.t1humrh2","9223","13:9223",0.714285714285714,0.664285713008472,0.21070263970396,0.190574603444799,14,14,14,0.714285714285714,0.664285713008472,0.21070263970396,0.190574603444799,-0.0500000012772425,0.0201280362591604,FALSE,TRUE,-0.0500000012772425,-0.0500000012772425,0.0201280362591604,FALSE,TRUE,-0.0500000012772425,-0.0700000017881394,0.0955281637071115
13,13,"National Issues Convention 2","nic2.t1humrh2","13:9224::nic2.t1humrh2","9224","13:9224",0.708333333333333,0.700000005463759,0.124011239189437,0.180906803451888,12,12,12,0.708333333333333,0.700000005463759,0.124011239189437,0.180906803451888,-0.0083333278695743,-0.056895564262451,FALSE,FALSE,-0.0083333278695743,-0.0083333278695743,-0.056895564262451,FALSE,FALSE,-0.0083333278695743,-0.0117646981688108,-0.151322513310756
13,13,"National Issues Convention 2","nic2.t1multi","13:9201::nic2.t1multi","9201","13:9201",0.735036377112071,0.796944455305735,0.131984036560363,0.0716194847094828,15,15,15,0.735036377112071,0.796944455305735,0.131984036560363,0.0716194847094828,0.0619080781936647,0.0603645518508804,TRUE,TRUE,0.0619080781936647,0.0619080781936647,0.0603645518508804,TRUE,TRUE,0.0619080781936647,0.233647462692831,0.457362522196179
13,13,"National Issues Convention 2","nic2.t1multi","13:9202::nic2.t1multi","9202","13:9202",0.755892852942149,0.809583338101705,0.104412279376649,0.074630867172338,15,15,15,0.755892852942149,0.809583338101705,0.104412279376649,0.074630867172338,0.0536904851595564,0.0297814122043106,TRUE,TRUE,0.0536904851595564,0.0536904851595564,0.0297814122043106,TRUE,TRUE,0.0536904851595564,0.219946387505124,0.285229020782886
13,13,"National Issues Convention 2","nic2.t1multi","13:9203::nic2.t1multi","9203","13:9203",0.697981776669621,0.785177957266569,0.129126109588118,0.104618669580761,16,16,16,0.697981776669621,0.785177957266569,0.129126109588118,0.104618669580761,0.0871961805969477,0.024507440007357,TRUE,TRUE,0.0871961805969477,0.0871961805969477,0.024507440007357,TRUE,TRUE,0.0871961805969477,0.288711653341406,0.189794613076549
13,13,"National Issues Convention 2","nic2.t1multi","13:9204::nic2.t1multi","9204","13:9204",0.677460318803787,0.742109799385071,0.12157307634369,0.110092537110849,15,15,15,0.677460318803787,0.742109799385071,0.12157307634369,0.110092537110849,0.0646494805812835,0.0114805392328416,TRUE,TRUE,0.0646494805812835,0.0646494805812835,0.0114805392328416,TRUE,TRUE,0.0646494805812835,0.200438843188274,0.0944332378361947
13,13,"National Issues Convention 2","nic2.t1multi","13:9205::nic2.t1multi","9205","13:9205",0.771785719054086,0.812202385493687,0.140494221136764,0.10181186801701,14,14,14,0.771785719054086,0.812202385493687,0.140494221136764,0.10181186801701,0.0404166664396014,0.0386823531197536,TRUE,TRUE,0.0404166664396014,0.0404166664396014,0.0386823531197536,TRUE,TRUE,0.0404166664396014,0.177099637551517,0.275330563825101
13,13,"National Issues Convention 2","nic2.t1multi","13:9206::nic2.t1multi","9206","13:9206",0.779658890687502,0.783848450734065,0.114112030533869,0.0950668205074428,13,13,13,0.779658890687502,0.783848450734065,0.114112030533869,0.0950668205074428,0.00418956004656301,0.0190452100264263,TRUE,TRUE,0.00418956004656301,0.00418956004656301,0.0190452100264263,TRUE,TRUE,0.00418956004656301,0.0190139736503786,0.166899229970092
13,13,"National Issues Convention 2","nic2.t1multi","13:9207::nic2.t1multi","9207","13:9207",0.74481026828289,0.799153655767441,0.123709218404655,0.112986497762684,16,16,16,0.74481026828289,0.799153655767441,0.123709218404655,0.112986497762684,0.0543433874845508,0.0107227206419709,TRUE,TRUE,0.0543433874845508,0.0543433874845508,0.0107227206419709,TRUE,TRUE,0.0543433874845508,0.212952876743462,0.0866768118031166
13,13,"National Issues Convention 2","nic2.t1multi","13:9208::nic2.t1multi","9208","13:9208",0.729792432143138,0.791266033282647,0.139500327371107,0.136753907789831,13,13,13,0.729792432143138,0.791266033282647,0.139500327371107,0.136753907789831,0.061473601139509,0.00274641958127619,TRUE,TRUE,0.061473601139509,0.061473601139509,0.00274641958127619,TRUE,TRUE,0.061473601139509,0.22750510515706,0.0196875493630205
13,13,"National Issues Convention 2","nic2.t1multi","13:9209::nic2.t1multi","9209","13:9209",0.747172619615282,0.79965986098562,0.124075728783573,0.0524315110457407,14,14,14,0.747172619615282,0.79965986098562,0.124075728783573,0.0524315110457407,0.0524872413703374,0.0716442177378327,TRUE,TRUE,0.0524872413703374,0.0524872413703374,0.0716442177378327,TRUE,TRUE,0.0524872413703374,0.207601096410008,0.577423307847762
13,13,"National Issues Convention 2","nic2.t1multi","13:9210::nic2.t1multi","9210","13:9210",0.76275156225477,0.81659226332392,0.0853996110960969,0.0651008996417773,14,14,14,0.76275156225477,0.81659226332392,0.0853996110960969,0.0651008996417773,0.0538407010691506,0.0202987114543196,TRUE,TRUE,0.0538407010691506,0.0538407010691506,0.0202987114543196,TRUE,TRUE,0.0538407010691506,0.226938063663743,0.237690912098865
13,13,"National Issues Convention 2","nic2.t1multi","13:9211::nic2.t1multi","9211","13:9211",0.661728318248476,0.736532743488039,0.162365024418119,0.128701518577519,14,14,14,0.661728318248476,0.736532743488039,0.162365024418119,0.128701518577519,0.074804425239563,0.0336635058406001,TRUE,TRUE,0.074804425239563,0.074804425239563,0.0336635058406001,TRUE,TRUE,0.074804425239563,0.221137119288958,0.207332250041182
13,13,"National Issues Convention 2","nic2.t1multi","13:9212::nic2.t1multi","9212","13:9212",0.774902927024024,0.802430561610631,0.102106928753371,0.0638678321064833,14,14,14,0.774902927024024,0.802430561610631,0.102106928753371,0.0638678321064833,0.0275276345866067,0.038239096646888,TRUE,TRUE,0.0275276345866067,0.0275276345866067,0.038239096646888,TRUE,TRUE,0.0275276345866067,0.12229228138184,0.374500507592884
13,13,"National Issues Convention 2","nic2.t1multi","13:9213::nic2.t1multi","9213","13:9213",0.737837302684784,0.77699404557546,0.131726011409187,0.112490884216966,15,15,15,0.737837302684784,0.77699404557546,0.131726011409187,0.112490884216966,0.0391567428906761,0.0192351271922216,TRUE,TRUE,0.0391567428906761,0.0391567428906761,0.0192351271922216,TRUE,TRUE,0.0391567428906761,0.149360466960695,0.14602375784742
13,13,"National Issues Convention 2","nic2.t1multi","13:9214::nic2.t1multi","9214","13:9214",0.762294987837474,0.813191147645315,0.133200808583121,0.0926898818701901,15,15,15,0.762294987837474,0.813191147645315,0.133200808583121,0.0926898818701901,0.0508961598078411,0.0405109267129306,TRUE,TRUE,0.0508961598078411,0.0508961598078411,0.0405109267129306,TRUE,TRUE,0.0508961598078411,0.214114794403417,0.304134240203585
13,13,"National Issues Convention 2","nic2.t1multi","13:9215::nic2.t1multi","9215","13:9215",0.754283592104912,0.760204085281917,0.122681952810092,0.0861189611631395,14,14,14,0.754283592104912,0.760204085281917,0.122681952810092,0.0861189611631395,0.00592049317700516,0.0365629916469524,TRUE,TRUE,0.00592049317700516,0.00592049317700516,0.0365629916469524,TRUE,TRUE,0.00592049317700516,0.0240948222697973,0.298030727498696
13,13,"National Issues Convention 2","nic2.t1multi","13:9216::nic2.t1multi","9216","13:9216",0.750042515141623,0.824457917894636,0.103762949779486,0.0580829120688442,14,14,14,0.750042515141623,0.824457917894636,0.103762949779486,0.0580829120688442,0.0744154027530127,0.045680037710642,TRUE,TRUE,0.0744154027530127,0.0744154027530127,0.045680037710642,TRUE,TRUE,0.0744154027530127,0.297712240124258,0.440234571277318
13,13,"National Issues Convention 2","nic2.t1multi","13:9217::nic2.t1multi","9217","13:9217",0.715934056502122,0.787099361419678,0.114525806633008,0.0881635621414742,13,13,13,0.715934056502122,0.787099361419678,0.114525806633008,0.0881635621414742,0.0711653049175559,0.0263622444915341,TRUE,TRUE,0.0711653049175559,0.0711653049175559,0.0263622444915341,TRUE,TRUE,0.0711653049175559,0.250523889070453,0.230186062570251
13,13,"National Issues Convention 2","nic2.t1multi","13:9218::nic2.t1multi","9218","13:9218",0.816868901252747,0.79423077748372,0.118416030596537,0.14886215367334,13,13,13,0.816868901252747,0.79423077748372,0.118416030596537,0.14886215367334,-0.0226381237690265,-0.0304461230768033,FALSE,FALSE,-0.0226381237690265,-0.0226381237690265,-0.0304461230768033,FALSE,FALSE,-0.0226381237690265,-0.0277132887961689,-0.0797887896716422
13,13,"National Issues Convention 2","nic2.t1multi","13:9219::nic2.t1multi","9219","13:9219",0.73812004365027,0.787503112107516,0.137823164733397,0.0962632201589157,16,16,16,0.73812004365027,0.787503112107516,0.137823164733397,0.0962632201589157,0.049383068457246,0.0415599445744808,TRUE,TRUE,0.049383068457246,0.049383068457246,0.0415599445744808,TRUE,TRUE,0.049383068457246,0.188571394105843,0.301545423477061
13,13,"National Issues Convention 2","nic2.t1multi","13:9220::nic2.t1multi","9220","13:9220",0.722782037087849,0.795957339661462,0.149608734738962,0.0764151811340168,14,14,14,0.722782037087849,0.795957339661462,0.149608734738962,0.0764151811340168,0.0731753025736126,0.073193553604945,TRUE,TRUE,0.0731753025736126,0.0731753025736126,0.073193553604945,TRUE,TRUE,0.0731753025736126,0.263963062872667,0.48923315695874
13,13,"National Issues Convention 2","nic2.t1multi","13:9221::nic2.t1multi","9221","13:9221",0.69623016367356,0.777384273211161,0.20512011158313,0.0819570392430992,15,15,15,0.69623016367356,0.777384273211161,0.20512011158313,0.0819570392430992,0.0811541095376016,0.123163072340031,TRUE,TRUE,0.0811541095376016,0.0811541095376016,0.123163072340031,TRUE,TRUE,0.0811541095376016,0.267156576568027,0.600443668782404
13,13,"National Issues Convention 2","nic2.t1multi","13:9222::nic2.t1multi","9222","13:9222",0.650520836313565,0.701839461922646,0.152518049421398,0.109004108929868,12,12,12,0.650520836313565,0.701839461922646,0.152518049421398,0.109004108929868,0.0513186256090802,0.0435139404915298,TRUE,TRUE,0.0513186256090802,0.0513186256090802,0.0435139404915298,TRUE,TRUE,0.0513186256090802,0.146843162458535,0.285303547066115
13,13,"National Issues Convention 2","nic2.t1multi","13:9223::nic2.t1multi","9223","13:9223",0.714455783367157,0.808450264590127,0.126946792330054,0.0764040539532972,14,14,14,0.714455783367157,0.808450264590127,0.126946792330054,0.0764040539532972,0.0939944812229703,0.0505427383767572,TRUE,TRUE,0.0939944812229703,0.0939944812229703,0.0505427383767572,TRUE,TRUE,0.0939944812229703,0.329176623961639,0.398141122347928
13,13,"National Issues Convention 2","nic2.t1multi","13:9224::nic2.t1multi","9224","13:9224",0.683366407950719,0.738350696861744,0.145861905660113,0.122741122877116,12,12,12,0.683366407950719,0.738350696861744,0.145861905660113,0.122741122877116,0.0549842889110248,0.0231207827829974,TRUE,TRUE,0.0549842889110248,0.0549842889110248,0.0231207827829974,TRUE,TRUE,0.0549842889110248,0.173652733922391,0.158511454230369
13,13,"National Issues Convention 2","nic2.t1inter","13:9201::nic2.t1inter","9201","13:9201",0.75,0.983333333333333,0.25,0.0645497224367903,15,15,15,0.75,0.983333333333333,0.25,0.0645497224367903,0.233333333333333,0.18545027756321,TRUE,TRUE,0.233333333333333,0.233333333333333,0.18545027756321,TRUE,TRUE,0.233333333333333,0.933333333333333,0.741801110252839
13,13,"National Issues Convention 2","nic2.t1inter","13:9202::nic2.t1inter","9202","13:9202",0.683333333333333,0.767857142857143,0.346753652090494,0.317203612634112,15,14,14,0.660714285714286,0.767857142857143,0.348170256444354,0.317203612634112,0.0845238095238096,0.0295500394563817,TRUE,TRUE,0.0845238095238096,0.107142857142857,0.0309666438102422,TRUE,TRUE,0.107142857142857,0.266917293233083,0.085219115294768
13,13,"National Issues Convention 2","nic2.t1inter","13:9203::nic2.t1inter","9203","13:9203",0.828125,0.875,0.298869397340488,0.258198889747161,16,16,16,0.828125,0.875,0.298869397340488,0.258198889747161,0.046875,0.0406705075933272,TRUE,TRUE,0.046875,0.046875,0.0406705075933272,TRUE,TRUE,0.046875,0.272727272727273,0.136081204550338
13,13,"National Issues Convention 2","nic2.t1inter","13:9204::nic2.t1inter","9204","13:9204",0.783333333333333,0.910714285714286,0.265024706844655,0.210474346535274,15,14,14,0.767857142857143,0.910714285714286,0.267902926490134,0.210474346535274,0.127380952380952,0.054550360309381,TRUE,TRUE,0.127380952380952,0.142857142857143,0.0574285799548599,TRUE,TRUE,0.142857142857143,0.587912087912088,0.205831225921725
13,13,"National Issues Convention 2","nic2.t1inter","13:9205::nic2.t1inter","9205","13:9205",0.75,0.946428571428571,0.277350098112615,0.10645382840658,14,14,14,0.75,0.946428571428571,0.277350098112615,0.10645382840658,0.196428571428571,0.170896269706035,TRUE,TRUE,0.196428571428571,0.196428571428571,0.170896269706035,TRUE,TRUE,0.196428571428571,0.785714285714286,0.616175263210631
13,13,"National Issues Convention 2","nic2.t1inter","13:9206::nic2.t1inter","9206","13:9206",0.730769230769231,0.729166666666667,0.401319937590562,0.249051229973905,13,12,12,0.708333333333333,0.729166666666667,0.410561330449674,0.249051229973905,-0.0016025641025641,0.152268707616656,FALSE,TRUE,-0.0016025641025641,0.0208333333333333,0.161510100475768,TRUE,TRUE,0.0208333333333333,-0.00219298245614034,0.379419743087883
13,13,"National Issues Convention 2","nic2.t1inter","13:9207::nic2.t1inter","9207","13:9207",0.71875,0.890625,0.314576434802948,0.223023728184544,16,16,16,0.71875,0.890625,0.314576434802948,0.223023728184544,0.171875,0.091552706618404,TRUE,TRUE,0.171875,0.171875,0.091552706618404,TRUE,TRUE,0.171875,0.611111111111111,0.291034853503102
13,13,"National Issues Convention 2","nic2.t1inter","13:9208::nic2.t1inter","9208","13:9208",0.769230769230769,0.884615384615385,0.31393899456374,0.281650356074554,13,13,13,0.769230769230769,0.884615384615385,0.31393899456374,0.281650356074554,0.115384615384615,0.0322886384891864,TRUE,TRUE,0.115384615384615,0.115384615384615,0.0322886384891864,TRUE,TRUE,0.115384615384615,0.5,0.102850041085389
13,13,"National Issues Convention 2","nic2.t1inter","13:9209::nic2.t1inter","9209","13:9209",0.839285714285714,0.821428571428571,0.232195682916016,0.267261241912424,14,14,14,0.839285714285714,0.821428571428571,0.232195682916016,0.267261241912424,-0.0178571428571429,-0.0350655589964081,FALSE,FALSE,-0.0178571428571429,-0.0178571428571429,-0.0350655589964081,FALSE,FALSE,-0.0178571428571429,-0.0212765957446809,-0.130937243201391
13,13,"National Issues Convention 2","nic2.t1inter","13:9210::nic2.t1inter","9210","13:9210",0.625,0.839285714285714,0.290059675557661,0.270454440517445,14,14,14,0.625,0.839285714285714,0.290059675557661,0.270454440517445,0.214285714285714,0.0196052350402153,TRUE,TRUE,0.214285714285714,0.214285714285714,0.0196052350402153,TRUE,TRUE,0.214285714285714,0.571428571428572,0.067590350166816
13,13,"National Issues Convention 2","nic2.t1inter","13:9211::nic2.t1inter","9211","13:9211",0.642857142857143,0.767857142857143,0.272352389700961,0.317203612634112,14,14,14,0.642857142857143,0.767857142857143,0.272352389700961,0.317203612634112,0.125,-0.0448512229331511,TRUE,FALSE,0.125,0.125,-0.0448512229331511,TRUE,FALSE,0.125,0.35,-0.197020398651382
13,13,"National Issues Convention 2","nic2.t1inter","13:9212::nic2.t1inter","9212","13:9212",0.625,0.785714285714286,0.306186217847897,0.307863963107441,14,14,14,0.625,0.785714285714286,0.306186217847897,0.307863963107441,0.160714285714286,-0.00167774525954373,TRUE,FALSE,0.160714285714286,0.160714285714286,-0.00167774525954373,TRUE,FALSE,0.160714285714286,0.428571428571429,-0.0086564806739443
13,13,"National Issues Convention 2","nic2.t1inter","13:9213::nic2.t1inter","9213","13:9213",0.583333333333333,0.783333333333333,0.349319065502886,0.247607600468006,15,15,15,0.583333333333333,0.783333333333333,0.349319065502886,0.247607600468006,0.2,0.10171146503488,TRUE,TRUE,0.2,0.2,0.10171146503488,TRUE,TRUE,0.2,0.48,0.291170666245926
13,13,"National Issues Convention 2","nic2.t1inter","13:9214::nic2.t1inter","9214","13:9214",0.766666666666667,0.875,0.258198889747161,0.272982107049584,15,14,14,0.785714285714286,0.875,0.256776295506548,0.272982107049584,0.108333333333333,-0.0147832173024233,TRUE,FALSE,0.108333333333333,0.0892857142857143,-0.0162058115430367,TRUE,FALSE,0.0892857142857143,0.464285714285714,-0.0611379215213912
13,13,"National Issues Convention 2","nic2.t1inter","13:9215::nic2.t1inter","9215","13:9215",0.892857142857143,0.857142857142857,0.234403615469248,0.21290765681316,14,14,14,0.892857142857143,0.857142857142857,0.234403615469248,0.21290765681316,-0.0357142857142858,0.0214959586560876,FALSE,TRUE,-0.0357142857142858,-0.0357142857142858,0.0214959586560876,FALSE,TRUE,-0.0357142857142858,-0.0400000000000001,0.0917048937707523
13,13,"National Issues Convention 2","nic2.t1inter","13:9216::nic2.t1inter","9216","13:9216",0.785714285714286,0.892857142857143,0.256776295506548,0.272352389700961,14,14,14,0.785714285714286,0.892857142857143,0.256776295506548,0.272352389700961,0.107142857142857,-0.0155760941944133,TRUE,FALSE,0.107142857142857,0.107142857142857,-0.0155760941944133,TRUE,FALSE,0.107142857142857,0.5,-0.0640401980014765
13,13,"National Issues Convention 2","nic2.t1inter","13:9217::nic2.t1inter","9217","13:9217",0.730769230769231,0.923076923076923,0.31393899456374,0.157606292989029,13,13,13,0.730769230769231,0.923076923076923,0.31393899456374,0.157606292989029,0.192307692307692,0.156332701574712,TRUE,TRUE,0.192307692307692,0.192307692307692,0.156332701574712,TRUE,TRUE,0.192307692307692,0.714285714285715,0.49797159410527
13,13,"National Issues Convention 2","nic2.t1inter","13:9218::nic2.t1inter","9218","13:9218",0.826923076923077,0.826923076923077,0.236832733357836,0.295532982236744,13,13,13,0.826923076923077,0.826923076923077,0.236832733357836,0.295532982236744,0,-0.0587002488789084,FALSE,FALSE,0,0,-0.0587002488789084,FALSE,FALSE,0,0,-0.223053002099705
13,13,"National Issues Convention 2","nic2.t1inter","13:9219::nic2.t1inter","9219","13:9219",0.78125,0.828125,0.221265300789196,0.338116720477806,16,16,16,0.78125,0.828125,0.221265300789196,0.338116720477806,0.046875,-0.11685141968861,TRUE,FALSE,0.046875,0.046875,-0.11685141968861,TRUE,FALSE,0.046875,0.214285714285714,-0.419220929505574
13,13,"National Issues Convention 2","nic2.t1inter","13:9220::nic2.t1inter","9220","13:9220",0.807692307692308,0.714285714285714,0.308792104987424,0.351605423203872,13,14,13,0.807692307692308,0.711538461538462,0.308792104987424,0.365806099681378,-0.0934065934065934,-0.0428133182164479,FALSE,FALSE,-0.0934065934065934,-0.0961538461538461,-0.0570139946939547,FALSE,FALSE,-0.0961538461538461,-0.115646258503401,-0.223909782666829
13,13,"National Issues Convention 2","nic2.t1inter","13:9221::nic2.t1inter","9221","13:9221",0.783333333333333,0.933333333333333,0.265024706844655,0.148404209926166,15,15,15,0.783333333333333,0.933333333333333,0.265024706844655,0.148404209926166,0.15,0.116620496918489,TRUE,TRUE,0.15,0.15,0.116620496918489,TRUE,TRUE,0.15,0.692307692307692,0.440036320790448
13,13,"National Issues Convention 2","nic2.t1inter","13:9222::nic2.t1inter","9222","13:9222",0.625,0.770833333333333,0.291937104060571,0.22508415934463,12,12,12,0.625,0.770833333333333,0.291937104060571,0.22508415934463,0.145833333333333,0.0668529447159411,TRUE,TRUE,0.145833333333333,0.145833333333333,0.0668529447159411,TRUE,TRUE,0.145833333333333,0.388888888888889,0.228997766251975
13,13,"National Issues Convention 2","nic2.t1inter","13:9223::nic2.t1inter","9223","13:9223",0.696428571428571,0.821428571428571,0.327850977940075,0.228468383365844,14,14,14,0.696428571428571,0.821428571428571,0.327850977940075,0.228468383365844,0.125,0.0993825945742314,TRUE,TRUE,0.125,0.125,0.0993825945742314,TRUE,TRUE,0.125,0.411764705882353,0.303133439462842
13,13,"National Issues Convention 2","nic2.t1inter","13:9224::nic2.t1inter","9224","13:9224",0.886363636363636,0.895833333333333,0.233549683248457,0.16713948085538,11,12,11,0.886363636363636,0.909090909090909,0.233549683248457,0.168549965615811,0.00946969696969702,0.0664102023930766,TRUE,TRUE,0.00946969696969702,0.0227272727272727,0.0649997176326464,TRUE,TRUE,0.0227272727272727,0.0833333333333337,0.284351498445097
13,13,"National Issues Convention 2","nic2.t1global","13:9201::nic2.t1global","9201","13:9201",0.613703707853953,0.761851851145426,0.162370102814139,0.115682104083197,15,15,15,0.613703707853953,0.761851851145426,0.162370102814139,0.115682104083197,0.148148143291473,0.0466879987309422,TRUE,TRUE,0.148148143291473,0.148148143291473,0.0466879987309422,TRUE,TRUE,0.148148143291473,0.383509099889219,0.287540611983136
13,13,"National Issues Convention 2","nic2.t1global","13:9202::nic2.t1global","9202","13:9202",0.638629633188248,0.686574069658915,0.153966201940909,0.127148283050883,15,15,15,0.638629633188248,0.686574069658915,0.153966201940909,0.127148283050883,0.0479444364706675,0.0268179188900252,TRUE,TRUE,0.0479444364706675,0.0479444364706675,0.0268179188900252,TRUE,TRUE,0.0479444364706675,0.132673956898195,0.174180557498702
13,13,"National Issues Convention 2","nic2.t1global","13:9203::nic2.t1global","9203","13:9203",0.659097224473953,0.711250009015203,0.222516642593783,0.167804911399218,16,16,16,0.659097224473953,0.711250009015203,0.222516642593783,0.167804911399218,0.0521527845412495,0.0547117311945652,TRUE,TRUE,0.0521527845412495,0.0521527845412495,0.0547117311945652,TRUE,TRUE,0.0521527845412495,0.15298433537472,0.245877029946226
13,13,"National Issues Convention 2","nic2.t1global","13:9204::nic2.t1global","9204","13:9204",0.586851857105891,0.660740741093953,0.187974753009946,0.166689371077202,15,15,15,0.586851857105891,0.660740741093953,0.187974753009946,0.166689371077202,0.0738888839880624,0.0212853819327442,TRUE,TRUE,0.0738888839880624,0.0738888839880624,0.0212853819327442,TRUE,TRUE,0.0738888839880624,0.178843558318984,0.113235323318222
13,13,"National Issues Convention 2","nic2.t1global","13:9205::nic2.t1global","9205","13:9205",0.629166669079236,0.757440481867109,0.18759217807704,0.172037951674561,14,14,14,0.629166669079236,0.757440481867109,0.18759217807704,0.172037951674561,0.128273812787873,0.0155542264024791,TRUE,TRUE,0.128273812787873,0.128273812787873,0.0155542264024791,TRUE,TRUE,0.128273812787873,0.34590691313905,0.082915111716925
13,13,"National Issues Convention 2","nic2.t1global","13:9206::nic2.t1global","9206","13:9206",0.541495726658748,0.672542737080501,0.161039637658269,0.19050925031945,13,13,13,0.541495726658748,0.672542737080501,0.161039637658269,0.19050925031945,0.131047010421753,-0.0294696126611816,TRUE,FALSE,0.131047010421753,0.131047010421753,-0.0294696126611816,TRUE,FALSE,0.131047010421753,0.285814152759746,-0.0869411764183537
13,13,"National Issues Convention 2","nic2.t1global","13:9207::nic2.t1global","9207","13:9207",0.542881949804723,0.639496525749564,0.173065351373891,0.141016086360682,16,16,16,0.542881949804723,0.639496525749564,0.173065351373891,0.141016086360682,0.0966145759448408,0.0320492650132088,TRUE,TRUE,0.0966145759448408,0.0966145759448408,0.0320492650132088,TRUE,TRUE,0.0966145759448408,0.211355854146577,0.185185912482098
13,13,"National Issues Convention 2","nic2.t1global","13:9208::nic2.t1global","9208","13:9208",0.559188038110733,0.650213674857066,0.20880004191791,0.195168825822668,13,13,13,0.559188038110733,0.650213674857066,0.20880004191791,0.195168825822668,0.0910256367463332,0.0136312160952415,TRUE,TRUE,0.0910256367463332,0.0910256367463332,0.0136312160952415,TRUE,TRUE,0.0910256367463332,0.206495387185521,0.0652835888826144
13,13,"National Issues Convention 2","nic2.t1global","13:9209::nic2.t1global","9209","13:9209",0.546924596386296,0.630198408450399,0.122530416612721,0.204916258331626,14,14,14,0.546924596386296,0.630198408450399,0.122530416612721,0.204916258331626,0.0832738120641027,-0.0823858417189043,TRUE,FALSE,0.0832738120641027,0.0832738120641027,-0.0823858417189043,TRUE,FALSE,0.0832738120641027,0.183796806006054,-0.218258226211508
13,13,"National Issues Convention 2","nic2.t1global","13:9210::nic2.t1global","9210","13:9210",0.570436509592192,0.65968253995691,0.145344039984704,0.17629613502616,14,14,14,0.570436509592192,0.65968253995691,0.145344039984704,0.17629613502616,0.089246030364718,-0.030952095041456,TRUE,FALSE,0.089246030364718,0.089246030364718,-0.030952095041456,TRUE,FALSE,0.089246030364718,0.20775981282765,-0.0872735792741818
13,13,"National Issues Convention 2","nic2.t1global","13:9211::nic2.t1global","9211","13:9211",0.524007941995348,0.666964294654983,0.163174259431157,0.17481520938922,14,14,14,0.524007941995348,0.666964294654983,0.163174259431157,0.17481520938922,0.142956352659634,-0.0116409499580625,TRUE,FALSE,0.142956352659634,0.142956352659634,-0.0116409499580625,TRUE,FALSE,0.142956352659634,0.300333482997393,-0.034560749242035
13,13,"National Issues Convention 2","nic2.t1global","13:9212::nic2.t1global","9212","13:9212",0.527182542851993,0.627658739686012,0.136453772952532,0.17116079931794,14,14,14,0.527182542851993,0.627658739686012,0.136453772952532,0.17116079931794,0.100476196834019,-0.0347070263654085,TRUE,FALSE,0.100476196834019,0.100476196834019,-0.0347070263654085,TRUE,FALSE,0.100476196834019,0.212505260360061,-0.0954679866912131
13,13,"National Issues Convention 2","nic2.t1global","13:9213::nic2.t1global","9213","13:9213",0.506666670367122,0.658037030696869,0.221045493526177,0.197146737760944,15,15,15,0.506666670367122,0.658037030696869,0.221045493526177,0.197146737760944,0.151370360329747,0.0238987557652328,TRUE,TRUE,0.151370360329747,0.151370360329747,0.0238987557652328,TRUE,TRUE,0.151370360329747,0.306831813780739,0.108116910161765
13,13,"National Issues Convention 2","nic2.t1global","13:9214::nic2.t1global","9214","13:9214",0.635555553436279,0.783685187498729,0.220359748629354,0.199292138000637,15,15,15,0.635555553436279,0.783685187498729,0.220359748629354,0.199292138000637,0.148129634062449,0.0210676106287162,TRUE,TRUE,0.148129634062449,0.148129634062449,0.0210676106287162,TRUE,TRUE,0.148129634062449,0.406453261832184,0.0956055303192056
13,13,"National Issues Convention 2","nic2.t1global","13:9215::nic2.t1global","9215","13:9215",0.589087301066944,0.652976193598338,0.150676950680912,0.123978319485639,14,14,14,0.589087301066944,0.652976193598338,0.150676950680912,0.123978319485639,0.0638888925313947,0.0266986311952732,TRUE,TRUE,0.0638888925313947,0.0638888925313947,0.0266986311952732,TRUE,TRUE,0.0638888925313947,0.155480452897376,0.177191209900529
13,13,"National Issues Convention 2","nic2.t1global","13:9216::nic2.t1global","9216","13:9216",0.688888890402658,0.737103176968438,0.189629018190413,0.145380789197469,14,14,14,0.688888890402658,0.737103176968438,0.189629018190413,0.145380789197469,0.0482142865657806,0.0442482289929443,TRUE,TRUE,0.0482142865657806,0.0482142865657806,0.0442482289929443,TRUE,TRUE,0.0482142865657806,0.154974493286924,0.233341022461621
13,13,"National Issues Convention 2","nic2.t1global","13:9217::nic2.t1global","9217","13:9217",0.62213675563152,0.6951709320912,0.0963590904295987,0.103666915175776,13,13,13,0.62213675563152,0.6951709320912,0.0963590904295987,0.103666915175776,0.0730341764596792,-0.00730782474617742,TRUE,FALSE,0.0730341764596792,0.0730341764596792,-0.00730782474617742,TRUE,FALSE,0.0730341764596792,0.193282034037846,-0.0181047673139851
13,13,"National Issues Convention 2","nic2.t1global","13:9218::nic2.t1global","9218","13:9218",0.655982909294275,0.676987178050555,0.209106114014313,0.191617406730152,13,13,13,0.655982909294275,0.676987178050555,0.209106114014313,0.191617406730152,0.0210042687562796,0.0174887072841612,TRUE,TRUE,0.0210042687562796,0.0210042687562796,0.0174887072841612,TRUE,TRUE,0.0210042687562796,0.0610558874071952,0.083635561621905
13,13,"National Issues Convention 2","nic2.t1global","13:9219::nic2.t1global","9219","13:9219",0.649652780964971,0.715711800381541,0.180707551806346,0.186804070562033,16,16,16,0.649652780964971,0.715711800381541,0.180707551806346,0.186804070562033,0.0660590194165706,-0.0060965187556872,TRUE,FALSE,0.0660590194165706,0.0660590194165706,-0.0060965187556872,TRUE,FALSE,0.0660590194165706,0.188553000644671,-0.0190938394884604
13,13,"National Issues Convention 2","nic2.t1global","13:9220::nic2.t1global","9220","13:9220",0.608531741159303,0.749007931777409,0.211188317765191,0.142598360032615,14,14,14,0.608531741159303,0.749007931777409,0.211188317765191,0.142598360032615,0.140476190618106,0.0685899577325758,TRUE,TRUE,0.140476190618106,0.140476190618106,0.0685899577325758,TRUE,TRUE,0.140476190618106,0.358844395287924,0.324781022257288
13,13,"National Issues Convention 2","nic2.t1global","13:9221::nic2.t1global","9221","13:9221",0.577111118038495,0.670259273052216,0.224084581951907,0.172457576747179,15,15,15,0.577111118038495,0.670259273052216,0.224084581951907,0.172457576747179,0.0931481550137202,0.0516270052047273,TRUE,TRUE,0.0931481550137202,0.0931481550137202,0.0516270052047273,TRUE,TRUE,0.0931481550137202,0.220266266120942,0.230390706736832
13,13,"National Issues Convention 2","nic2.t1global","13:9222::nic2.t1global","9222","13:9222",0.513750012343129,0.68923611442248,0.261984264436939,0.170286991266912,12,12,12,0.513750012343129,0.68923611442248,0.261984264436939,0.170286991266912,0.175486102079352,0.0916972731700272,TRUE,TRUE,0.175486102079352,0.175486102079352,0.0916972731700272,TRUE,TRUE,0.175486102079352,0.360896877190639,0.350010613679812
13,13,"National Issues Convention 2","nic2.t1global","13:9223::nic2.t1global","9223","13:9223",0.548055560461112,0.61829365257706,0.191521348960666,0.150474743483443,14,14,14,0.548055560461112,0.61829365257706,0.191521348960666,0.150474743483443,0.0702380921159471,0.041046605477223,TRUE,TRUE,0.0702380921159471,0.0702380921159471,0.041046605477223,TRUE,TRUE,0.0702380921159471,0.15541311269945,0.21431869449527
13,13,"National Issues Convention 2","nic2.t1global","13:9224::nic2.t1global","9224","13:9224",0.577777783075968,0.59305556366841,0.173504522990157,0.167105902452916,12,12,12,0.577777783075968,0.59305556366841,0.173504522990157,0.167105902452916,0.0152777805924414,0.00639862053724155,TRUE,TRUE,0.0152777805924414,0.0152777805924414,0.00639862053724155,TRUE,TRUE,0.0152777805924414,0.0361842176466766,0.0368786958804788
13,13,"National Issues Convention 2","nic2.t1demo","13:9201::nic2.t1demo","9201","13:9201",0.646925928195318,0.672777779897054,0.195869479888368,0.183339940606464,15,15,15,0.646925928195318,0.672777779897054,0.195869479888368,0.183339940606464,0.0258518517017363,0.0125295392819044,TRUE,TRUE,0.0258518517017363,0.0258518517017363,0.0125295392819044,TRUE,TRUE,0.0258518517017363,0.0732193433791348,0.0639688188739021
13,13,"National Issues Convention 2","nic2.t1demo","13:9202::nic2.t1demo","9202","13:9202",0.578888890147209,0.64648148616155,0.228716607016007,0.180785767841435,15,15,15,0.578888890147209,0.64648148616155,0.228716607016007,0.180785767841435,0.0675925960143405,0.0479308391745721,TRUE,TRUE,0.0675925960143405,0.0675925960143405,0.0479308391745721,TRUE,TRUE,0.0675925960143405,0.160510122941114,0.209564315420338
13,13,"National Issues Convention 2","nic2.t1demo","13:9203::nic2.t1demo","9203","13:9203",0.681666672229767,0.733680561184883,0.190049584982286,0.155657611816105,16,16,16,0.681666672229767,0.733680561184883,0.190049584982286,0.155657611816105,0.0520138889551165,0.0343919731661814,TRUE,TRUE,0.0520138889551165,0.0520138889551165,0.0343919731661814,TRUE,TRUE,0.0520138889551165,0.163394418421244,0.180963158479862
13,13,"National Issues Convention 2","nic2.t1demo","13:9204::nic2.t1demo","9204","13:9204",0.697407406568527,0.670666660865148,0.169666994153941,0.14315714322113,15,15,15,0.697407406568527,0.670666660865148,0.169666994153941,0.14315714322113,-0.0267407457033794,0.0265098509328112,FALSE,TRUE,-0.0267407457033794,-0.0267407457033794,0.0265098509328112,FALSE,TRUE,-0.0267407457033794,-0.0383430767317953,0.156246364032114
13,13,"National Issues Convention 2","nic2.t1demo","13:9205::nic2.t1demo","9205","13:9205",0.617857141154153,0.675396821328572,0.194232832471254,0.169477209969316,14,14,14,0.617857141154153,0.675396821328572,0.194232832471254,0.169477209969316,0.0575396801744187,0.0247556225019382,TRUE,TRUE,0.0575396801744187,0.0575396801744187,0.0247556225019382,TRUE,TRUE,0.0575396801744187,0.150571125019059,0.127453336220085
13,13,"National Issues Convention 2","nic2.t1demo","13:9206::nic2.t1demo","9206","13:9206",0.622649571070304,0.676282048225403,0.19940060941776,0.114433069448385,13,13,13,0.622649571070304,0.676282048225403,0.19940060941776,0.114433069448385,0.0536324771550987,0.0849675399693753,TRUE,TRUE,0.0536324771550987,0.0536324771550987,0.0849675399693753,TRUE,TRUE,0.0536324771550987,0.142129100812791,0.426114745674431
13,13,"National Issues Convention 2","nic2.t1demo","13:9207::nic2.t1demo","9207","13:9207",0.582291669212282,0.697916670702398,0.261006429736974,0.212472462206548,16,16,16,0.582291669212282,0.697916670702398,0.261006429736974,0.212472462206548,0.115625001490116,0.0485339675304263,TRUE,TRUE,0.115625001490116,0.115625001490116,0.0485339675304263,TRUE,TRUE,0.115625001490116,0.27680798530417,0.18594931772116
13,13,"National Issues Convention 2","nic2.t1demo","13:9208::nic2.t1demo","9208","13:9208",0.640085478241627,0.749786324225939,0.191437310607868,0.156003255533069,13,13,13,0.640085478241627,0.749786324225939,0.191437310607868,0.156003255533069,0.109700845984312,0.0354340550747992,TRUE,TRUE,0.109700845984312,0.109700845984312,0.0354340550747992,TRUE,TRUE,0.109700845984312,0.304796943030711,0.185094822750518
13,13,"National Issues Convention 2","nic2.t1demo","13:9209::nic2.t1demo","9209","13:9209",0.69285714839186,0.661904762898173,0.162752161671792,0.133099104882795,14,14,14,0.69285714839186,0.661904762898173,0.162752161671792,0.133099104882795,-0.0309523854936873,0.0296530567889978,FALSE,TRUE,-0.0309523854936873,-0.0309523854936873,0.0296530567889978,FALSE,TRUE,-0.0309523854936873,-0.0446735457164996,0.182197621736026
13,13,"National Issues Convention 2","nic2.t1demo","13:9210::nic2.t1demo","9210","13:9210",0.6039682499,0.632738092648132,0.173635336918823,0.222708280310428,14,14,14,0.6039682499,0.632738092648132,0.173635336918823,0.222708280310428,0.0287698427481311,-0.0490729433916055,TRUE,FALSE,0.0287698427481311,0.0287698427481311,-0.0490729433916055,TRUE,FALSE,0.0287698427481311,0.0726452935676662,-0.150362306164866
13,13,"National Issues Convention 2","nic2.t1demo","13:9211::nic2.t1demo","9211","13:9211",0.602222221238273,0.675396823457309,0.198996889883395,0.149670639521956,14,14,14,0.602222221238273,0.675396823457309,0.198996889883395,0.149670639521956,0.0731746022190367,0.0493262503614393,TRUE,TRUE,0.0731746022190367,0.0731746022190367,0.0493262503614393,TRUE,TRUE,0.0731746022190367,0.183958496743653,0.247874478793828
13,13,"National Issues Convention 2","nic2.t1demo","13:9212::nic2.t1demo","9212","13:9212",0.668809524604252,0.69742063326495,0.19485230242991,0.13399260494392,14,14,14,0.668809524604252,0.69742063326495,0.19485230242991,0.13399260494392,0.028611108660698,0.0608596974859897,TRUE,TRUE,0.028611108660698,0.028611108660698,0.0608596974859897,TRUE,TRUE,0.028611108660698,0.0863886820009239,0.312337584555263
13,13,"National Issues Convention 2","nic2.t1demo","13:9213::nic2.t1demo","9213","13:9213",0.553703704476357,0.657222217321396,0.228750016266726,0.152809513760366,15,15,15,0.553703704476357,0.657222217321396,0.228750016266726,0.152809513760366,0.103518512845039,0.0759405025063595,TRUE,TRUE,0.103518512845039,0.103518512845039,0.0759405025063595,TRUE,TRUE,0.103518512845039,0.231950195158084,0.33198031521804
13,13,"National Issues Convention 2","nic2.t1demo","13:9214::nic2.t1demo","9214","13:9214",0.65444445113341,0.765925927956899,0.23492653173686,0.170307150945722,15,15,15,0.65444445113341,0.765925927956899,0.23492653173686,0.170307150945722,0.111481476823489,0.0646193807911375,TRUE,TRUE,0.111481476823489,0.111481476823489,0.0646193807911375,TRUE,TRUE,0.111481476823489,0.322615212486515,0.275062081380904
13,13,"National Issues Convention 2","nic2.t1demo","13:9215::nic2.t1demo","9215","13:9215",0.663809525115149,0.622420640928405,0.169646704873905,0.171733738623751,14,14,14,0.663809525115149,0.622420640928405,0.169646704873905,0.171733738623751,-0.0413888841867445,-0.00208703374984634,FALSE,FALSE,-0.0413888841867445,-0.0413888841867445,-0.00208703374984634,FALSE,FALSE,-0.0413888841867445,-0.0623505427698779,-0.00631758114914436
13,13,"National Issues Convention 2","nic2.t1demo","13:9216::nic2.t1demo","9216","13:9216",0.683134921959468,0.667261911290033,0.137222753677967,0.170744896146299,14,14,14,0.683134921959468,0.667261911290033,0.137222753677967,0.170744896146299,-0.0158730106694358,-0.0335221424683318,FALSE,FALSE,-0.0158730106694358,-0.0158730106694358,-0.0335221424683318,FALSE,FALSE,-0.0158730106694358,-0.023235542729841,-0.0924042034283886
13,13,"National Issues Convention 2","nic2.t1demo","13:9217::nic2.t1demo","9217","13:9217",0.671581199535957,0.72136751963542,0.109626382924073,0.162839474275118,13,13,13,0.671581199535957,0.72136751963542,0.109626382924073,0.162839474275118,0.0497863200994638,-0.0532130913510452,TRUE,FALSE,0.0497863200994638,0.0497863200994638,-0.0532130913510452,TRUE,FALSE,0.0497863200994638,0.15159400140649,-0.136313236918097
13,13,"National Issues Convention 2","nic2.t1demo","13:9218::nic2.t1demo","9218","13:9218",0.65341879771306,0.718589748327549,0.192336967785725,0.157017702393604,13,13,13,0.65341879771306,0.718589748327549,0.192336967785725,0.157017702393604,0.0651709506144891,0.0353192653921205,TRUE,TRUE,0.0651709506144891,0.0651709506144891,0.0353192653921205,TRUE,TRUE,0.0651709506144891,0.188039484497295,0.18363222524891
13,13,"National Issues Convention 2","nic2.t1demo","13:9219::nic2.t1demo","9219","13:9219",0.669791679829359,0.782083328813315,0.158905317264914,0.137927411453166,16,16,16,0.669791679829359,0.782083328813315,0.158905317264914,0.137927411453166,0.112291648983955,0.0209779058117473,TRUE,TRUE,0.112291648983955,0.112291648983955,0.0209779058117473,TRUE,TRUE,0.112291648983955,0.340063051488003,0.132015128082685
13,13,"National Issues Convention 2","nic2.t1demo","13:9220::nic2.t1demo","9220","13:9220",0.633928573557309,0.740674606391362,0.2757106415544,0.197922515852779,14,14,14,0.633928573557309,0.740674606391362,0.2757106415544,0.197922515852779,0.106746032834053,0.0777881257016205,TRUE,TRUE,0.106746032834053,0.106746032834053,0.0777881257016205,TRUE,TRUE,0.106746032834053,0.291598920656989,0.282136827447309
13,13,"National Issues Convention 2","nic2.t1demo","13:9221::nic2.t1demo","9221","13:9221",0.585851846138636,0.672592594226201,0.156265082981559,0.142112847650002,15,15,15,0.585851846138636,0.672592594226201,0.156265082981559,0.142112847650002,0.0867407480875652,0.0141522353315573,TRUE,TRUE,0.0867407480875652,0.0867407480875652,0.0141522353315573,TRUE,TRUE,0.0867407480875652,0.209443763732439,0.0905655637301098
13,13,"National Issues Convention 2","nic2.t1demo","13:9222::nic2.t1demo","9222","13:9222",0.50916667530934,0.632361109058062,0.200399223450221,0.172700884798031,12,12,12,0.50916667530934,0.632361109058062,0.200399223450221,0.172700884798031,0.123194433748722,0.0276983386521893,TRUE,TRUE,0.123194433748722,0.123194433748722,0.0276983386521893,TRUE,TRUE,0.123194433748722,0.250990361802275,0.138215798321542
13,13,"National Issues Convention 2","nic2.t1demo","13:9223::nic2.t1demo","9223","13:9223",0.57222222004618,0.617321435894285,0.168056878681678,0.22458005968587,14,14,14,0.57222222004618,0.617321435894285,0.168056878681678,0.22458005968587,0.0450992158481053,-0.0565231810041923,TRUE,FALSE,0.0450992158481053,0.0450992158481053,-0.0565231810041923,TRUE,FALSE,0.0450992158481053,0.10542673780993,-0.170279717741126
13,13,"National Issues Convention 2","nic2.t1demo","13:9224::nic2.t1demo","9224","13:9224",0.689814818402131,0.672685188551744,0.202202149233819,0.17490510972224,12,12,12,0.689814818402131,0.672685188551744,0.202202149233819,0.17490510972224,-0.0171296298503876,0.0272970395115792,FALSE,TRUE,-0.0171296298503876,-0.0171296298503876,0.0272970395115792,FALSE,TRUE,-0.0171296298503876,-0.024832214955988,0.134998760473183
13,13,"National Issues Convention 2","nic2.t1forai1","13:9201::nic2.t1forai1","9201","13:9201",0.464285714285714,0.833333333333333,0.307863963107441,0.308606699924184,14,15,14,0.464285714285714,0.857142857142857,0.307863963107441,0.305624922751063,-0.369047619047619,-0.000742736816742917,FALSE,FALSE,0.297619047619048,-0.392857142857143,0.00223904035637762,FALSE,TRUE,0.321428571428572,-0.688888888888889,-0.00386568198634309
13,13,"National Issues Convention 2","nic2.t1forai1","13:9202::nic2.t1forai1","9202","13:9202",0.607142857142857,0.733333333333333,0.21290765681316,0.258198889747161,14,15,14,0.607142857142857,0.75,0.21290765681316,0.259437260831385,0.126190476190476,-0.0452912329340011,TRUE,FALSE,0.126190476190476,0.142857142857143,-0.0465296040182254,TRUE,FALSE,0.142857142857143,0.321212121212121,-0.157758414701173
13,13,"National Issues Convention 2","nic2.t1forai1","13:9203::nic2.t1forai1","9203","13:9203",0.5,0.8125,0.422577127364258,0.25,15,16,15,0.5,0.8,0.422577127364258,0.253546276418555,NA,0.172577127364258,NA,TRUE,0.3125,NA,0.169030850945703,NA,TRUE,0.3,NA,0.408392021690038
13,13,"National Issues Convention 2","nic2.t1forai1","13:9204::nic2.t1forai1","9204","13:9204",0.428571428571429,0.733333333333333,0.385164443259822,0.319970236711092,14,15,14,0.428571428571429,0.75,0.385164443259822,0.325221817793995,-0.304761904761905,0.0651942065487294,FALSE,TRUE,0.161904761904762,-0.321428571428571,0.0599426254658261,FALSE,TRUE,0.178571428571429,-0.533333333333333,0.169263304776945
13,13,"National Issues Convention 2","nic2.t1forai1","13:9205::nic2.t1forai1","9205","13:9205",0.545454545454545,0.928571428571429,0.150755672288882,0.181568259800641,11,14,11,0.545454545454545,0.909090909090909,0.150755672288882,0.202259958738973,0.383116883116883,-0.0308125875117589,TRUE,FALSE,0.383116883116883,0.363636363636364,-0.0515042864500908,TRUE,FALSE,0.363636363636364,0.842857142857143,-0.0882264508451687
13,13,"National Issues Convention 2","nic2.t1forai1","13:9206::nic2.t1forai1","9206","13:9206",0.333333333333333,0.730769230769231,0.325669473639465,0.330112645886762,12,13,12,0.333333333333333,0.708333333333333,0.325669473639465,0.334278961710761,-0.397435897435897,-0.00444317224729757,FALSE,FALSE,0.0641025641025641,-0.375,-0.00860948807129597,FALSE,FALSE,0.0416666666666667,-0.596153846153846,-0.0254870580618141
13,13,"National Issues Convention 2","nic2.t1forai1","13:9207::nic2.t1forai1","9207","13:9207",0.4375,0.59375,0.35939764421413,0.375,16,16,16,0.4375,0.59375,0.35939764421413,0.375,-0.15625,-0.0156023557858695,FALSE,FALSE,0.03125,-0.15625,-0.0156023557858695,FALSE,FALSE,0.03125,-0.277777777777778,-0.110967954261244
13,13,"National Issues Convention 2","nic2.t1forai1","13:9208::nic2.t1forai1","9208","13:9208",0.461538461538462,0.769230769230769,0.320256307610174,0.330112645886762,13,13,13,0.461538461538462,0.769230769230769,0.320256307610174,0.330112645886762,-0.307692307692308,-0.00985633827658816,FALSE,FALSE,0.230769230769231,-0.307692307692308,-0.00985633827658816,FALSE,FALSE,0.230769230769231,-0.571428571428572,-0.0548355168715009
13,13,"National Issues Convention 2","nic2.t1forai1","13:9209::nic2.t1forai1","9209","13:9209",0.5,0.678571428571429,0.288675134594813,0.248622579049423,13,14,13,0.5,0.653846153846154,0.288675134594813,0.240192230707631,NA,0.0400525555453894,NA,TRUE,0.178571428571429,NA,0.0484829038871822,NA,TRUE,0.153846153846154,NA,0.138746122355178
13,13,"National Issues Convention 2","nic2.t1forai1","13:9210::nic2.t1forai1","9210","13:9210",0.423076923076923,0.75,0.277350098112615,0.325221817793995,13,14,13,0.423076923076923,0.730769230769231,0.277350098112615,0.330112645886762,-0.326923076923077,-0.0478717196813809,FALSE,FALSE,0.173076923076923,-0.307692307692308,-0.0527625477741478,FALSE,FALSE,0.153846153846154,-0.566666666666667,-0.215008941282148
13,13,"National Issues Convention 2","nic2.t1forai1","13:9211::nic2.t1forai1","9211","13:9211",0.392857142857143,0.642857142857143,0.28946711176092,0.363136519601281,14,14,14,0.392857142857143,0.642857142857143,0.28946711176092,0.363136519601281,-0.25,-0.0736694078403616,FALSE,FALSE,0.0357142857142858,-0.25,-0.0736694078403616,FALSE,FALSE,0.0357142857142858,-0.411764705882353,-0.349918763080393
13,13,"National Issues Convention 2","nic2.t1forai1","13:9212::nic2.t1forai1","9212","13:9212",0.423076923076923,0.785714285714286,0.344368615860597,0.256776295506548,13,14,13,0.423076923076923,0.769230769230769,0.344368615860597,0.259437260831385,-0.362637362637363,0.0875923203540495,FALSE,TRUE,0.208791208791209,-0.346153846153846,0.0849313550292119,FALSE,TRUE,0.192307692307692,-0.628571428571429,0.25435628079856
13,13,"National Issues Convention 2","nic2.t1forai1","13:9213::nic2.t1forai1","9213","13:9213",0.433333333333333,0.566666666666667,0.371611676478603,0.319970236711092,15,15,15,0.433333333333333,0.566666666666667,0.371611676478603,0.319970236711092,-0.133333333333333,0.0516414397675111,FALSE,TRUE,0,-0.133333333333333,0.0516414397675111,FALSE,TRUE,0,-0.235294117647059,0.138966138676981
13,13,"National Issues Convention 2","nic2.t1forai1","13:9214::nic2.t1forai1","9214","13:9214",0.538461538461539,0.821428571428571,0.379777262656375,0.248622579049423,13,14,12,0.541666666666667,0.833333333333333,0.39648073054938,0.246182981958666,0.282967032967033,0.131154683606952,TRUE,TRUE,0.282967032967033,0.291666666666667,0.150297748590714,TRUE,TRUE,0.291666666666667,0.613095238095238,0.345346329292023
13,13,"National Issues Convention 2","nic2.t1forai1","13:9215::nic2.t1forai1","9215","13:9215",0.5,0.75,0.369274472937998,0.325221817793995,12,14,12,0.5,0.791666666666667,0.369274472937998,0.257464325272219,NA,0.0440526551440028,NA,TRUE,0.25,NA,0.11181014766578,NA,TRUE,0.291666666666667,NA,0.119295154072021
13,13,"National Issues Convention 2","nic2.t1forai1","13:9216::nic2.t1forai1","9216","13:9216",0.571428571428571,0.857142857142857,0.267261241912424,0.234403615469248,14,14,14,0.571428571428571,0.857142857142857,0.267261241912424,0.234403615469248,0.285714285714286,0.0328576264431766,TRUE,TRUE,0.285714285714286,0.285714285714286,0.0328576264431766,TRUE,TRUE,0.285714285714286,0.666666666666667,0.122941980692971
13,13,"National Issues Convention 2","nic2.t1forai1","13:9217::nic2.t1forai1","9217","13:9217",0.583333333333333,0.807692307692308,0.358870281282637,0.325221817793995,12,13,12,0.583333333333333,0.791666666666667,0.358870281282637,0.334278961710761,0.224358974358974,0.0336484634886413,TRUE,TRUE,0.224358974358974,0.208333333333333,0.0245913195718759,TRUE,TRUE,0.208333333333333,0.538461538461538,0.0937621899712019
13,13,"National Issues Convention 2","nic2.t1forai1","13:9218::nic2.t1forai1","9218","13:9218",0.7,0.692307692307692,0.258198889747161,0.325221817793995,10,13,10,0.7,0.6,0.258198889747161,0.316227766016838,-0.00769230769230766,-0.0670229280468343,FALSE,FALSE,-0.00769230769230766,-0.1,-0.0580288762696768,FALSE,FALSE,-0.1,-0.010989010989011,-0.277182052542074
13,13,"National Issues Convention 2","nic2.t1forai1","13:9219::nic2.t1forai1","9219","13:9219",0.5,0.71875,0.392232270276368,0.314576434802948,14,16,14,0.5,0.678571428571429,0.392232270276368,0.316661846888325,NA,0.0776558354734202,NA,TRUE,0.21875,NA,0.0755704233880427,NA,TRUE,0.178571428571429,NA,0.19798431021166
13,13,"National Issues Convention 2","nic2.t1forai1","13:9220::nic2.t1forai1","9220","13:9220",0.538461538461538,0.75,0.320256307610174,0.325221817793995,13,14,13,0.538461538461538,0.730769230769231,0.320256307610174,0.330112645886762,0.211538461538462,-0.00496551018382119,TRUE,FALSE,0.211538461538462,0.192307692307692,-0.00985633827658811,TRUE,FALSE,0.192307692307692,0.458333333333333,-0.0276255045047815
13,13,"National Issues Convention 2","nic2.t1forai1","13:9221::nic2.t1forai1","9221","13:9221",0.428571428571429,0.633333333333333,0.267261241912424,0.39940431835899,14,15,14,0.428571428571429,0.607142857142857,0.267261241912424,0.400891862868637,-0.204761904761905,-0.132143076446566,FALSE,FALSE,0.0619047619047619,-0.178571428571429,-0.133630620956212,FALSE,FALSE,0.0357142857142856,-0.358333333333333,-0.567774261289314
13,13,"National Issues Convention 2","nic2.t1forai1","13:9222::nic2.t1forai1","9222","13:9222",0.375,0.625,0.376889180722205,0.226133508433323,12,12,12,0.375,0.625,0.376889180722205,0.226133508433323,-0.25,0.150755672288882,FALSE,TRUE,0,-0.25,0.150755672288882,FALSE,TRUE,0,-0.4,0.4
13,13,"National Issues Convention 2","nic2.t1forai1","13:9223::nic2.t1forai1","9223","13:9223",0.346153846153846,0.653846153846154,0.375533808099405,0.427425207132555,13,13,12,0.375,0.666666666666667,0.376889180722205,0.443812682299297,-0.307692307692308,-0.0518913990331498,FALSE,FALSE,0,-0.291666666666667,-0.0669235015770927,FALSE,FALSE,0.0416666666666666,-0.470588235294118,-0.416911598569618
13,13,"National Issues Convention 2","nic2.t1forai1","13:9224::nic2.t1forai1","9224","13:9224",0.454545454545455,0.666666666666667,0.415604707296817,0.325669473639465,11,12,11,0.454545454545455,0.727272727272727,0.415604707296817,0.261116483933547,-0.212121212121212,0.0899352336573519,FALSE,TRUE,0.121212121212121,-0.272727272727273,0.15448822336327,FALSE,TRUE,0.181818181818182,-0.388888888888889,0.216396090030621
13,13,"National Issues Convention 2","nic2.t1trade_b","13:9201::nic2.t1trade_b","9201","13:9201",0.545454545454545,0.571428571428571,0.415604707296817,0.385164443259822,11,14,11,0.545454545454545,0.636363636363636,0.415604707296817,0.393122696553448,0.025974025974026,0.0304402640369951,TRUE,TRUE,0.025974025974026,0.0909090909090909,0.0224820107433684,TRUE,TRUE,0.0909090909090909,0.0571428571428572,0.0732433090928763
13,13,"National Issues Convention 2","nic2.t1trade_b","13:9202::nic2.t1trade_b","9202","13:9202",0.607142857142857,0.6,0.44629118765199,0.430945803685667,14,15,14,0.607142857142857,0.607142857142857,0.44629118765199,0.44629118765199,-0.00714285714285712,0.0153453839663232,FALSE,TRUE,-0.00714285714285712,0,0,FALSE,FALSE,0,-0.0117647058823529,0.0343842414793305
13,13,"National Issues Convention 2","nic2.t1trade_b","13:9203::nic2.t1trade_b","9203","13:9203",0.633333333333333,0.75,0.480575052361627,0.408248290463863,15,16,15,0.633333333333333,0.8,0.480575052361627,0.368394198806504,0.116666666666667,0.0723267618977644,TRUE,TRUE,0.116666666666667,0.166666666666667,0.112180853555124,TRUE,TRUE,0.166666666666667,0.318181818181818,0.150500450538034
13,13,"National Issues Convention 2","nic2.t1trade_b","13:9204::nic2.t1trade_b","9204","13:9204",0.571428571428571,0.533333333333333,0.331496772065898,0.441857550844268,14,15,14,0.571428571428571,0.5,0.331496772065898,0.438529009653515,-0.0380952380952381,-0.110360778778371,FALSE,FALSE,-0.0380952380952381,-0.0714285714285714,-0.107032237587617,FALSE,FALSE,-0.0714285714285714,-0.0666666666666666,-0.654947564693124
13,13,"National Issues Convention 2","nic2.t1trade_b","13:9205::nic2.t1trade_b","9205","13:9205",0.65,0.714285714285714,0.411636301174282,0.323103086329432,10,14,10,0.65,0.75,0.411636301174282,0.353553390593274,0.0642857142857143,0.0885332148448503,TRUE,TRUE,0.0642857142857143,0.1,0.0580829105810085,TRUE,TRUE,0.1,0.183673469387755,0.215076305448013
13,13,"National Issues Convention 2","nic2.t1trade_b","13:9206::nic2.t1trade_b","9206","13:9206",0.75,0.541666666666667,0.337099931231621,0.39648073054938,12,12,11,0.727272727272727,0.545454545454545,0.343775825476164,0.415604707296817,-0.208333333333333,-0.0593807993177585,FALSE,FALSE,-0.208333333333333,-0.181818181818182,-0.0718288818206524,FALSE,FALSE,-0.181818181818182,-0.277777777777778,-0.364522862186079
13,13,"National Issues Convention 2","nic2.t1trade_b","13:9207::nic2.t1trade_b","9207","13:9207",0.708333333333333,0.53125,0.334278961710761,0.426956281914983,12,16,12,0.708333333333333,0.5,0.334278961710761,0.426401432711221,-0.177083333333333,-0.0926773202042225,FALSE,FALSE,-0.177083333333333,-0.208333333333333,-0.0921224710004601,FALSE,FALSE,-0.208333333333333,-0.25,-0.559236902936061
13,13,"National Issues Convention 2","nic2.t1trade_b","13:9208::nic2.t1trade_b","9208","13:9208",0.666666666666667,0.708333333333333,0.353553390593274,0.39648073054938,9,12,8,0.625,0.75,0.353553390593274,0.377964473009227,0.0416666666666667,-0.0429273399561058,TRUE,FALSE,0.0416666666666667,0.125,-0.0244110824159534,TRUE,FALSE,0.125,0.125,-0.293126212549474
13,13,"National Issues Convention 2","nic2.t1trade_b","13:9209::nic2.t1trade_b","9209","13:9209",0.708333333333333,0.576923076923077,0.334278961710761,0.277350098112615,12,13,12,0.708333333333333,0.583333333333333,0.334278961710761,0.288675134594813,-0.131410256410256,0.0569288635981462,FALSE,TRUE,-0.131410256410256,-0.125,0.0456038271159479,FALSE,TRUE,-0.125,-0.18552036199095,0.17030345944237
13,13,"National Issues Convention 2","nic2.t1trade_b","13:9210::nic2.t1trade_b","9210","13:9210",0.807692307692308,0.464285714285714,0.325221817793995,0.458437384126595,13,14,13,0.807692307692308,0.423076923076923,0.325221817793995,0.449358517136459,-0.343406593406593,-0.1332155663326,FALSE,FALSE,-0.271978021978022,-0.384615384615385,-0.124136699342463,FALSE,FALSE,-0.230769230769231,-0.425170068027211,-0.762197916531614
13,13,"National Issues Convention 2","nic2.t1trade_b","13:9211::nic2.t1trade_b","9211","13:9211",0.5,0.428571428571429,0.447213595499958,0.385164443259822,11,14,11,0.5,0.409090909090909,0.447213595499958,0.436931448752651,NA,0.0620491522401364,NA,TRUE,0.0714285714285715,NA,0.0102821467473064,NA,TRUE,0.0909090909090909,NA,0.138746122355178
13,13,"National Issues Convention 2","nic2.t1trade_b","13:9212::nic2.t1trade_b","9212","13:9212",0.727272727272727,0.5,0.410099766132362,0.438529009653515,11,14,11,0.727272727272727,0.5,0.410099766132362,0.447213595499958,-0.227272727272727,-0.0284292435211524,FALSE,FALSE,-0.227272727272727,-0.227272727272727,-0.0371138293675958,FALSE,FALSE,-0.227272727272727,-0.3125,-0.316231029643476
13,13,"National Issues Convention 2","nic2.t1trade_b","13:9213::nic2.t1trade_b","9213","13:9213",0.666666666666667,0.571428571428571,0.325669473639465,0.331496772065898,12,14,12,0.666666666666667,0.541666666666667,0.325669473639465,0.334278961710761,-0.0952380952380952,-0.00582729842643304,FALSE,FALSE,-0.0952380952380952,-0.125,-0.00860948807129591,FALSE,FALSE,-0.125,-0.142857142857143,-0.0334267242122675
13,13,"National Issues Convention 2","nic2.t1trade_b","13:9214::nic2.t1trade_b","9214","13:9214",0.625,0.384615384615385,0.433012701892219,0.416025147168922,12,13,11,0.590909090909091,0.409090909090909,0.436931448752651,0.436931448752651,-0.240384615384615,0.0169875547232974,FALSE,TRUE,-0.00961538461538464,-0.181818181818182,0,FALSE,FALSE,0,-0.384615384615385,0.0392310771694771
13,13,"National Issues Convention 2","nic2.t1trade_b","13:9215::nic2.t1trade_b","9215","13:9215",0.636363636363636,0.615384615384615,0.393122696553448,0.416025147168922,11,13,11,0.636363636363636,0.681818181818182,0.393122696553448,0.404519917477945,-0.0209790209790209,-0.0229024506154735,FALSE,FALSE,-0.0209790209790209,0.0454545454545454,-0.011397220924497,TRUE,FALSE,0.0454545454545454,-0.0329670329670329,-0.214287317109631
13,13,"National Issues Convention 2","nic2.t1trade_b","13:9216::nic2.t1trade_b","9216","13:9216",0.363636363636364,0.541666666666667,0.393122696553448,0.334278961710761,11,12,10,0.3,0.55,0.34960294939005,0.283823106098773,-0.178030303030303,0.0588437348426875,FALSE,TRUE,-0.0946969696969697,-0.25,0.0657798432912771,FALSE,TRUE,-0.15,-0.279761904761905,0.149682873460569
13,13,"National Issues Convention 2","nic2.t1trade_b","13:9217::nic2.t1trade_b","9217","13:9217",0.55,0.769230769230769,0.497214463005877,0.388125012903092,10,13,10,0.55,0.8,0.497214463005877,0.349602949390051,0.219230769230769,0.109089450102784,TRUE,TRUE,0.219230769230769,0.25,0.147611513615826,TRUE,TRUE,0.25,0.487179487179487,0.219401200526813
13,13,"National Issues Convention 2","nic2.t1trade_b","13:9218::nic2.t1trade_b","9218","13:9218",0.681818181818182,0.692307692307692,0.404519917477945,0.383973823894152,11,13,11,0.681818181818182,0.636363636363636,0.404519917477945,0.393122696553448,0.0104895104895105,0.020546093583793,TRUE,TRUE,0.0104895104895105,-0.0454545454545454,0.011397220924497,FALSE,TRUE,-0.0454545454545454,0.0329670329670331,0.0507913027172839
13,13,"National Issues Convention 2","nic2.t1trade_b","13:9219::nic2.t1trade_b","9219","13:9219",0.807692307692308,0.625,0.325221817793995,0.341565025531987,13,16,13,0.807692307692308,0.615384615384615,0.325221817793995,0.362505526040992,-0.182692307692308,-0.0163432077379911,FALSE,FALSE,-0.182692307692308,-0.192307692307692,-0.0372837082469966,FALSE,FALSE,-0.192307692307692,-0.226190476190476,-0.0935082830803676
13,13,"National Issues Convention 2","nic2.t1trade_b","13:9220::nic2.t1trade_b","9220","13:9220",0.666666666666667,0.785714285714286,0.389249472080761,0.256776295506548,12,14,12,0.666666666666667,0.791666666666667,0.389249472080761,0.257464325272219,0.119047619047619,0.132473176574214,TRUE,TRUE,0.119047619047619,0.125,0.131785146808543,TRUE,TRUE,0.125,0.357142857142857,0.34032975270607
13,13,"National Issues Convention 2","nic2.t1trade_b","13:9221::nic2.t1trade_b","9221","13:9221",0.6,0.433333333333333,0.394405318873308,0.416904693916396,10,15,10,0.6,0.5,0.394405318873308,0.408248290463863,-0.166666666666667,-0.0224993750430881,FALSE,FALSE,-0.0333333333333333,-0.1,-0.0138429715905553,FALSE,FALSE,-0.1,-0.277777777777778,-0.213072995751494
13,13,"National Issues Convention 2","nic2.t1trade_b","13:9222::nic2.t1trade_b","9222","13:9222",0.5,0.583333333333333,0.387298334620742,0.358870281282637,11,12,11,0.5,0.545454545454545,0.387298334620742,0.350324524872685,NA,0.028428053338105,NA,TRUE,0.0833333333333334,NA,0.0369738097480564,NA,TRUE,0.0454545454545454,NA,0.0734009180957179
13,13,"National Issues Convention 2","nic2.t1trade_b","13:9223::nic2.t1trade_b","9223","13:9223",0.45,0.538461538461538,0.497214463005877,0.431158249251288,10,13,10,0.45,0.45,0.497214463005877,0.437797517885457,-0.0884615384615384,0.0660562137545885,FALSE,TRUE,-0.0115384615384616,0,0.0594169451204201,FALSE,TRUE,0,-0.160839160839161,0.132852558944585
13,13,"National Issues Convention 2","nic2.t1trade_b","13:9224::nic2.t1trade_b","9224","13:9224",0.3,0.416666666666667,0.349602949390051,0.468718433280546,10,12,10,0.3,0.45,0.349602949390051,0.497214463005877,-0.116666666666667,-0.119115483890495,FALSE,FALSE,-0.116666666666667,-0.15,-0.147611513615826,FALSE,FALSE,-0.15,-0.166666666666667,-0.792006780767385
20,20,"National Issues Convention","nic1.t1att1","20:9544501::nic1.t1att1","9544501","20:9544501",0.593749999999687,0.656249999999062,0.375000000000083,0.396600134476754,16,16,16,0.593749999999687,0.656249999999062,0.375000000000083,0.396600134476754,0.0624999999993745,-0.0216001344766707,TRUE,FALSE,0.0624999999993745,0.0624999999993745,-0.0216001344766707,TRUE,FALSE,0.0624999999993745,0.153846153844496,-0.172801075813481
20,20,"National Issues Convention","nic1.t1att1","20:9544502::nic1.t1att1","9544502","20:9544502",0.633333333332666,0.766666666666333,0.351865775274769,0.31997023671139,15,15,15,0.633333333332666,0.766666666666333,0.351865775274769,0.31997023671139,0.133333333333667,0.0318955385633792,TRUE,TRUE,0.133333333333667,0.133333333333667,0.0318955385633792,TRUE,TRUE,0.133333333333667,0.363636363636612,0.0906468909585543
20,20,"National Issues Convention","nic1.t1att1","20:9544503::nic1.t1att1","9544503","20:9544503",0.764705882352058,0.58823529411647,0.257247877714729,0.317966886918577,17,17,17,0.764705882352058,0.58823529411647,0.257247877714729,0.317966886918577,-0.176470588235588,-0.0607190092038487,FALSE,FALSE,-0.176470588235588,-0.176470588235588,-0.0607190092038487,FALSE,FALSE,-0.176470588235588,-0.230769230769882,-0.250127614260338
20,20,"National Issues Convention","nic1.t1att1","20:9544504::nic1.t1att1","9544504","20:9544504",0.638888888887499,0.527777777776944,0.287256574980782,0.319568745353148,18,18,18,0.638888888887499,0.527777777776944,0.287256574980782,0.319568745353148,-0.111111111110555,-0.0323121703723654,FALSE,FALSE,-0.111111111110555,-0.111111111110555,-0.0323121703723654,FALSE,FALSE,-0.111111111110555,-0.173913043477769,-0.151883285556047
20,20,"National Issues Convention","nic1.t1att1","20:9544505::nic1.t1att1","9544505","20:9544505",0.633333333332333,0.633333333332333,0.228868854109156,0.296808419852814,15,15,15,0.633333333332333,0.633333333332333,0.228868854109156,0.296808419852814,0,-0.0679395657436571,FALSE,FALSE,0,0,-0.0679395657436571,FALSE,FALSE,0,0,-0.250578241464776
20,20,"National Issues Convention","nic1.t1att1","20:9544506::nic1.t1att1","9544506","20:9544506",0.666666666666667,0.583333333332221,0.420084025208403,0.257247877714145,18,18,18,0.666666666666667,0.583333333332221,0.420084025208403,0.257247877714145,-0.0833333333344453,0.162836147494258,FALSE,TRUE,-0.0833333333344453,-0.0833333333344453,0.162836147494258,FALSE,TRUE,-0.0833333333344453,-0.125000000001668,0.387627564303298
20,20,"National Issues Convention","nic1.t1att1","20:9544507::nic1.t1att1","9544507","20:9544507",0.666666666666667,0.566666666664665,0.449867705421219,0.319970236711539,15,15,15,0.666666666666667,0.566666666664665,0.449867705421219,0.319970236711539,-0.100000000002002,0.12989746870968,FALSE,TRUE,-0.100000000002002,-0.100000000002002,0.12989746870968,FALSE,TRUE,-0.100000000002002,-0.150000000003002,0.288745929401744
20,20,"National Issues Convention","nic1.t1att1","20:9544508::nic1.t1att1","9544508","20:9544508",0.666666666666111,0.694444444443888,0.342997170285304,0.30384249445747,18,18,18,0.666666666666111,0.694444444443888,0.342997170285304,0.30384249445747,0.0277777777777778,0.0391546758278341,TRUE,TRUE,0.0277777777777778,0.0277777777777778,0.0391546758278341,TRUE,TRUE,0.0277777777777778,0.0833333333331944,0.114154515605086
20,20,"National Issues Convention","nic1.t1att1","20:9544509::nic1.t1att1","9544509","20:9544509",0.749999999999444,0.694444444443332,0.309173471200897,0.348901169594269,18,18,18,0.749999999999444,0.694444444443332,0.309173471200897,0.348901169594269,-0.0555555555561116,-0.0397276983933716,FALSE,FALSE,-0.0555555555561116,-0.0555555555561116,-0.0397276983933716,FALSE,FALSE,-0.0555555555561116,-0.0740740740748703,-0.208187502248159
20,20,"National Issues Convention","nic1.t1att1","20:9544510::nic1.t1att1","9544510","20:9544510",0.769230769230384,0.615384615383846,0.259437260831818,0.362505526041258,13,13,13,0.769230769230384,0.615384615383846,0.259437260831818,0.362505526041258,-0.153846153846539,-0.103068265209439,FALSE,FALSE,-0.153846153846539,-0.153846153846539,-0.103068265209439,FALSE,FALSE,-0.153846153846539,-0.2000000000006,-0.428446506577988
20,20,"National Issues Convention","nic1.t1att1","20:9544511::nic1.t1att1","9544511","20:9544511",0.562499999999687,0.499999999999062,0.403112887414979,0.365148371670111,16,16,16,0.562499999999687,0.499999999999062,0.403112887414979,0.365148371670111,-0.0625000000006255,0.0379645157448684,FALSE,TRUE,-0.062499999998749,-0.0625000000006255,0.0379645157448684,FALSE,TRUE,-0.062499999998749,-0.111111111112285,0.0941783726844395
20,20,"National Issues Convention","nic1.t1att1","20:9544512::nic1.t1att1","9544512","20:9544512",0.638888888888611,0.583333333332499,0.375951950761168,0.309173471200659,18,18,18,0.638888888888611,0.583333333332499,0.375951950761168,0.309173471200659,-0.0555555555561116,0.0667784795605087,FALSE,TRUE,-0.0555555555561116,-0.0555555555561116,0.0667784795605087,FALSE,TRUE,-0.0555555555561116,-0.0869565217400386,0.177625038054215
20,20,"National Issues Convention","nic1.t1att1","20:9544513::nic1.t1att1","9544513","20:9544513",0.718749999999687,0.718749999999375,0.363719214046787,0.363719214046988,16,16,16,0.718749999999687,0.718749999999375,0.363719214046787,0.363719214046988,0,-2.00728322852228e-13,FALSE,FALSE,-3.12749826036907e-13,0,-2.00728322852228e-13,FALSE,FALSE,-3.12749826036907e-13,0,-1.47290259186751e-12
20,20,"National Issues Convention","nic1.t1att1","20:9544514::nic1.t1att1","9544514","20:9544514",0.687499999999062,0.593749999999062,0.359397644214653,0.201556443707929,16,16,16,0.687499999999062,0.593749999999062,0.359397644214653,0.201556443707929,-0.09375,0.157841200506723,FALSE,TRUE,-0.09375,-0.09375,0.157841200506723,FALSE,TRUE,-0.09375,-0.136363636363822,0.439182624170045
20,20,"National Issues Convention","nic1.t1att1","20:9544515::nic1.t1att1","9544515","20:9544515",0.692307692307692,0.61538461538423,0.434859246311452,0.2995723447578,13,13,13,0.692307692307692,0.61538461538423,0.434859246311452,0.2995723447578,-0.0769230769234618,0.135286901553652,FALSE,TRUE,-0.0769230769234618,-0.0769230769234618,0.135286901553652,FALSE,TRUE,-0.0769230769234618,-0.111111111111667,0.311105036172459
20,20,"National Issues Convention","nic1.t1att1","20:9544516::nic1.t1att1","9544516","20:9544516",0.733333333333,0.733333333332333,0.319970236711353,0.319970236711874,15,15,15,0.733333333333,0.733333333332333,0.319970236711353,0.319970236711874,0,-5.21305221212742e-13,FALSE,FALSE,-6.67244037799719e-13,0,-5.21305221212742e-13,FALSE,FALSE,-6.67244037799719e-13,0,-2.89566131560656e-12
20,20,"National Issues Convention","nic1.t1att1","20:9544517::nic1.t1att1","9544517","20:9544517",0.678571428571429,0.642857142856785,0.372473171834246,0.363136519601433,14,14,14,0.678571428571429,0.642857142856785,0.372473171834246,0.363136519601433,-0.0357142857146432,0.0093366522328131,FALSE,TRUE,-0.0357142857146432,-0.0357142857146432,0.0093366522328131,FALSE,TRUE,-0.0357142857146432,-0.0526315789478952,0.0250666435567284
20,20,"National Issues Convention","nic1.t1att1","20:9544518::nic1.t1att1","9544518","20:9544518",0.705882352941177,0.558823529410882,0.435130136044514,0.348315273009776,17,17,17,0.705882352941177,0.558823529410882,0.435130136044514,0.348315273009776,-0.147058823530295,0.086814863034738,FALSE,TRUE,-0.147058823530295,-0.147058823530295,0.086814863034738,FALSE,TRUE,-0.147058823530295,-0.208333333334584,0.199514710297741
20,20,"National Issues Convention","nic1.t1att1","20:9544519::nic1.t1att1","9544519","20:9544519",0.705882352940588,0.794117647057352,0.356143559950724,0.253649828099759,17,17,17,0.705882352940588,0.794117647057352,0.356143559950724,0.253649828099759,0.088235294116764,0.102493731850965,TRUE,TRUE,0.088235294116764,0.088235294116764,0.102493731850965,TRUE,TRUE,0.088235294116764,0.299999999996397,0.287787688383712
20,20,"National Issues Convention","nic1.t1att1","20:9544520::nic1.t1att1","9544520","20:9544520",0.8571428571425,0.607142857140713,0.234403615469834,0.212907656814322,14,14,14,0.8571428571425,0.607142857140713,0.234403615469834,0.212907656814322,-0.250000000001787,0.0214959586555119,FALSE,TRUE,-0.250000000001787,-0.250000000001787,0.0214959586555119,FALSE,TRUE,-0.250000000001787,-0.291666666668873,0.0917048937680668
20,20,"National Issues Convention","nic1.t1att1","20:9544521::nic1.t1att1","9544521","20:9544521",0.593749999999687,0.468749999999062,0.327554066783988,0.286865241300866,16,16,16,0.593749999999687,0.468749999999062,0.327554066783988,0.286865241300866,-0.125000000000625,0.0406888254831219,FALSE,TRUE,-0.062499999998749,-0.125000000000625,0.0406888254831219,FALSE,TRUE,-0.062499999998749,-0.210526315790638,0.124220181060841
20,20,"National Issues Convention","nic1.t1att1","20:9544522::nic1.t1att1","9544522","20:9544522",0.807692307692308,0.692307692307307,0.253184841770917,0.325221817794242,13,13,13,0.807692307692308,0.692307692307307,0.253184841770917,0.325221817794242,-0.115384615385,-0.0720369760233254,FALSE,FALSE,-0.115384615385,-0.115384615385,-0.0720369760233254,FALSE,FALSE,-0.115384615385,-0.142857142857619,-0.291866093396353
20,20,"National Issues Convention","nic1.t1att1","20:9544523::nic1.t1att1","9544523","20:9544523",0.66666666666625,0.583333333332916,0.389249472080956,0.417423554968452,12,12,12,0.66666666666625,0.583333333332916,0.389249472080956,0.417423554968452,-0.0833333333333333,-0.0281740828874955,FALSE,FALSE,-0.0833333333333333,-0.0833333333333333,-0.0281740828874955,FALSE,FALSE,-0.0833333333333333,-0.125000000000078,-0.254392312315568
20,20,"National Issues Convention","nic1.t1att1","20:9544524::nic1.t1att1","9544524","20:9544524",0.823529411764706,0.764705882352352,0.246296091535945,0.312132136423929,17,17,17,0.823529411764706,0.764705882352352,0.246296091535945,0.312132136423929,-0.0588235294123534,-0.0658360448879849,FALSE,FALSE,-0.0588235294123534,-0.0588235294123534,-0.0658360448879849,FALSE,FALSE,-0.0588235294123534,-0.0714285714292862,-0.259499529536465
20,20,"National Issues Convention","nic1.t1att1","20:9544525::nic1.t1att1","9544525","20:9544525",0.733333333332666,0.599999999998666,0.258198889747807,0.280305955291204,15,15,15,0.733333333332666,0.599999999998666,0.258198889747807,0.280305955291204,-0.133333333334001,-0.022107065543397,FALSE,FALSE,-0.133333333334001,-0.133333333334001,-0.022107065543397,FALSE,FALSE,-0.133333333334001,-0.181818181819257,-0.0914266502760878
20,20,"National Issues Convention","nic1.t1att1","20:9544526::nic1.t1att1","9544526","20:9544526",0.722222222221944,0.638888888887499,0.352396093247469,0.287256574980782,18,18,18,0.722222222221944,0.638888888887499,0.352396093247469,0.287256574980782,-0.0833333333344454,0.0651395182666861,FALSE,TRUE,-0.0833333333344454,-0.0833333333344454,0.0651395182666861,FALSE,TRUE,-0.0833333333344454,-0.1153846153862,0.184847447275592
20,20,"National Issues Convention","nic1.t1att1","20:9544527::nic1.t1att1","9544527","20:9544527",0.666666666665833,0.666666666665416,0.389249472081151,0.389249472081346,12,12,12,0.666666666665833,0.666666666665416,0.389249472081151,0.389249472081346,0,-1.94788629670484e-13,FALSE,FALSE,-4.16999768049209e-13,0,-1.94788629670484e-13,FALSE,FALSE,-4.16999768049209e-13,0,-1.7588054281169e-12
20,20,"National Issues Convention","nic1.t1att1","20:9544528::nic1.t1att1","9544528","20:9544528",0.699999999998666,0.633333333333,0.253546276419683,0.351865775274634,15,15,15,0.699999999998666,0.633333333333,0.253546276419683,0.351865775274634,-0.0666666666656659,-0.0983194988549511,FALSE,FALSE,-0.0666666666656659,-0.0666666666656659,-0.0983194988549511,FALSE,FALSE,-0.0666666666656659,-0.0952380952368471,-0.398936958332908
20,20,"National Issues Convention","nic1.t1att1","20:9544529::nic1.t1att1","9544529","20:9544529",0.642857142857143,0.749999999998928,0.363136519601281,0.325221817794883,14,14,14,0.642857142857143,0.749999999998928,0.363136519601281,0.325221817794883,0.107142857141785,0.0379147018063983,TRUE,TRUE,0.107142857141785,0.107142857141785,0.0379147018063983,TRUE,TRUE,0.107142857141785,0.299999999996998,0.104408947489027
20,20,"National Issues Convention","nic1.t1att1","20:9544530::nic1.t1att1","9544530","20:9544530",0.666666666665666,0.733333333332666,0.308606699924763,0.258198889747807,15,15,15,0.666666666665666,0.733333333332666,0.308606699924763,0.258198889747807,0.0666666666670003,0.0504078101769558,TRUE,TRUE,0.0666666666670003,0.0666666666670003,0.0504078101769558,TRUE,TRUE,0.0666666666670003,0.2000000000004,0.163339973465401
20,20,"National Issues Convention","nic1.t1att2","20:9544501::nic1.t1att2","9544501","20:9544501",0.5625,0.437499999999062,0.403112887414928,0.359397644213956,16,16,16,0.5625,0.437499999999062,0.403112887414928,0.359397644213956,-0.125000000000938,0.0437152432009711,FALSE,TRUE,9.38193966959489e-13,-0.125000000000938,0.0437152432009711,FALSE,TRUE,9.38193966959489e-13,-0.22222222222389,0.108444171758703
20,20,"National Issues Convention","nic1.t1att2","20:9544502::nic1.t1att2","9544502","20:9544502",0.733333333332666,0.633333333333,0.371611676479052,0.296808419852492,15,15,15,0.733333333332666,0.633333333333,0.371611676479052,0.296808419852492,-0.0999999999996665,0.0748032566265596,FALSE,TRUE,-0.0999999999996665,-0.0999999999996665,0.0748032566265596,FALSE,TRUE,-0.0999999999996665,-0.136363636363306,0.201294150214293
20,20,"National Issues Convention","nic1.t1att2","20:9544503::nic1.t1att2","9544503","20:9544503",0.764705882352058,0.647058823528234,0.312132136424195,0.293933766049254,17,17,17,0.764705882352058,0.647058823528234,0.312132136424195,0.293933766049254,-0.117647058823824,0.018198370374941,FALSE,TRUE,-0.117647058823824,-0.117647058823824,0.018198370374941,FALSE,TRUE,-0.117647058823824,-0.153846153846716,0.0583034178518839
20,20,"National Issues Convention","nic1.t1att2","20:9544504::nic1.t1att2","9544504","20:9544504",0.44444444444361,0.527777777776666,0.416176181897747,0.269652402734927,18,18,18,0.44444444444361,0.527777777776666,0.416176181897747,0.269652402734927,-0.0833333333330554,0.146523779162821,FALSE,TRUE,-0.0277777777797238,-0.0833333333330554,0.146523779162821,FALSE,TRUE,-0.0277777777797238,-0.149999999999274,0.352071515709232
20,20,"National Issues Convention","nic1.t1att2","20:9544505::nic1.t1att2","9544505","20:9544505",0.533333333332333,0.533333333331665,0.3518657752746,0.351865775274668,15,15,15,0.533333333332333,0.533333333331665,0.3518657752746,0.351865775274668,0,-6.77791156533658e-14,FALSE,FALSE,-6.67244037799719e-13,0,-6.77791156533658e-14,FALSE,FALSE,-6.67244037799719e-13,0,-4.57552032820299e-13
20,20,"National Issues Convention","nic1.t1att2","20:9544506::nic1.t1att2","9544506","20:9544506",0.722222222222222,0.583333333332221,0.391911688064837,0.353553390593551,18,18,18,0.722222222222222,0.583333333332221,0.391911688064837,0.353553390593551,-0.138888888890001,0.0383582974712858,FALSE,TRUE,-0.138888888890001,-0.138888888890001,0.0383582974712858,FALSE,TRUE,-0.138888888890001,-0.192307692309232,0.0978748494608302
20,20,"National Issues Convention","nic1.t1att2","20:9544507::nic1.t1att2","9544507","20:9544507",0.566666666666333,0.499999999997998,0.416904693916453,0.327326835353989,15,15,15,0.566666666666333,0.499999999997998,0.416904693916453,0.327326835353989,-0.0666666666683347,0.0895778585624645,FALSE,TRUE,-0.0666666666643314,-0.0666666666683347,0.0895778585624645,FALSE,TRUE,-0.0666666666643314,-0.117647058826542,0.214864116114787
20,20,"National Issues Convention","nic1.t1att2","20:9544508::nic1.t1att2","9544508","20:9544508",0.499999999999722,0.444444444443888,0.383482494423685,0.338199770797165,18,18,18,0.499999999999722,0.444444444443888,0.383482494423685,0.338199770797165,NA,0.0452827236265204,NA,TRUE,0.0555555555558336,NA,0.0452827236265204,NA,TRUE,0.0555555555558336,NA,0.118082896312055
20,20,"National Issues Convention","nic1.t1att2","20:9544509::nic1.t1att2","9544509","20:9544509",0.638888888888611,0.472222222221388,0.375951950761168,0.269652402734714,18,18,18,0.638888888888611,0.472222222221388,0.375951950761168,0.269652402734714,-0.166666666667223,0.106299548026454,FALSE,TRUE,-0.111111111109999,-0.166666666667223,0.106299548026454,FALSE,TRUE,-0.111111111109999,-0.260869565218375,0.282747696377782
20,20,"National Issues Convention","nic1.t1att2","20:9544510::nic1.t1att2","9544510","20:9544510",0.384615384615385,0.384615384614615,0.416025147168922,0.362505526040727,13,13,13,0.384615384615385,0.384615384614615,0.416025147168922,0.362505526040727,0,0.0535196211281951,FALSE,TRUE,7.69884156426315e-13,0,0.0535196211281951,FALSE,TRUE,7.69884156426315e-13,0,0.128645158814076
20,20,"National Issues Convention","nic1.t1att2","20:9544511::nic1.t1att2","9544511","20:9544511",0.625,0.531249999999375,0.387298334620742,0.286865241301048,16,16,16,0.625,0.531249999999375,0.387298334620742,0.286865241301048,-0.0937500000006255,0.100433093319694,FALSE,TRUE,-0.0937500000006255,-0.0937500000006255,0.100433093319694,FALSE,TRUE,-0.0937500000006255,-0.150000000001001,0.25931713189018
20,20,"National Issues Convention","nic1.t1att2","20:9544512::nic1.t1att2","9544512","20:9544512",0.583333333333333,0.527777777776944,0.428746462856272,0.269652402734896,18,18,18,0.583333333333333,0.527777777776944,0.428746462856272,0.269652402734896,-0.0555555555563896,0.159094060121376,FALSE,TRUE,-0.0555555555563896,-0.0555555555563896,0.159094060121376,FALSE,TRUE,-0.0555555555563896,-0.095238095239525,0.371067924529347
20,20,"National Issues Convention","nic1.t1att2","20:9544513::nic1.t1att2","9544513","20:9544513",0.75,0.562499999999375,0.365148371670111,0.359397644214246,16,16,16,0.75,0.562499999999375,0.365148371670111,0.359397644214246,-0.187500000000625,0.00575072745586425,FALSE,TRUE,-0.187500000000625,-0.187500000000625,0.00575072745586425,FALSE,TRUE,-0.187500000000625,-0.250000000000834,0.0157490157482057
20,20,"National Issues Convention","nic1.t1att2","20:9544514::nic1.t1att2","9544514","20:9544514",0.593749999999375,0.531249999999062,0.327554066784083,0.286865241301084,16,16,16,0.593749999999375,0.531249999999062,0.327554066784083,0.286865241301084,-0.0625000000003127,0.0406888254829993,FALSE,TRUE,-0.0625000000003127,-0.0625000000003127,0.0406888254829993,FALSE,TRUE,-0.0625000000003127,-0.105263157895374,0.124220181060431
20,20,"National Issues Convention","nic1.t1att2","20:9544515::nic1.t1att2","9544515","20:9544515",0.615384615384615,0.730769230768461,0.416025147168922,0.388125012903588,13,13,13,0.615384615384615,0.730769230768461,0.416025147168922,0.388125012903588,0.115384615383846,0.0279001342653335,TRUE,TRUE,0.115384615383846,0.115384615383846,0.0279001342653335,TRUE,TRUE,0.115384615383846,0.299999999997999,0.0670635764573265
20,20,"National Issues Convention","nic1.t1att2","20:9544516::nic1.t1att2","9544516","20:9544516",0.499999999999333,0.466666666665332,0.327326835353989,0.296808419852171,15,15,15,0.499999999999333,0.466666666665332,0.327326835353989,0.296808419852171,NA,0.0305184155018173,NA,TRUE,0.0333333333340006,NA,0.0305184155018173,NA,TRUE,0.0333333333340006,NA,0.0932352994181277
20,20,"National Issues Convention","nic1.t1att2","20:9544517::nic1.t1att2","9544517","20:9544517",0.428571428571429,0.535714285713928,0.432218910753783,0.307863963107486,14,14,14,0.428571428571429,0.535714285713928,0.432218910753783,0.307863963107486,-0.1071428571425,0.124354947646298,FALSE,TRUE,-0.0357142857146431,-0.1071428571425,0.124354947646298,FALSE,TRUE,-0.0357142857146431,-0.187499999999375,0.287712880099171
20,20,"National Issues Convention","nic1.t1att2","20:9544518::nic1.t1att2","9544518","20:9544518",0.529411764705588,0.588235294116764,0.329326407008244,0.264297069935775,17,17,17,0.529411764705588,0.588235294116764,0.329326407008244,0.264297069935775,0.058823529411176,0.0650293370724685,TRUE,TRUE,0.058823529411176,0.058823529411176,0.0650293370724685,TRUE,TRUE,0.058823529411176,0.124999999998671,0.197461654117645
20,20,"National Issues Convention","nic1.t1att2","20:9544519::nic1.t1att2","9544519","20:9544519",0.617647058823235,0.705882352939705,0.376223494278511,0.309173471201462,17,17,17,0.617647058823235,0.705882352939705,0.376223494278511,0.309173471201462,0.0882352941164697,0.067050023077048,TRUE,TRUE,0.0882352941164697,0.0882352941164697,0.067050023077048,TRUE,TRUE,0.0882352941164697,0.230769230765974,0.178218596384128
20,20,"National Issues Convention","nic1.t1att2","20:9544520::nic1.t1att2","9544520","20:9544520",0.464285714284999,0.571428571426427,0.365022955773611,0.267261241913042,14,14,14,0.464285714284999,0.571428571426427,0.365022955773611,0.267261241913042,-0.107142857141427,0.0977617138605689,FALSE,TRUE,0.0357142857114263,-0.107142857141427,0.0977617138605689,FALSE,TRUE,0.0357142857114263,-0.199999999997064,0.26782346785116
20,20,"National Issues Convention","nic1.t1att2","20:9544521::nic1.t1att2","9544521","20:9544521",0.437499999999687,0.499999999999687,0.403112887414876,0.258198889747161,16,16,16,0.437499999999687,0.499999999999687,0.403112887414876,0.258198889747161,-0.0625,0.144913997667715,FALSE,TRUE,-0.0625,-0.0625,0.144913997667715,FALSE,TRUE,-0.0625,-0.111111111111049,0.359487384779569
20,20,"National Issues Convention","nic1.t1att2","20:9544522::nic1.t1att2","9544522","20:9544522",0.692307692307692,0.538461538461154,0.383973823894152,0.320256307610224,13,13,13,0.692307692307692,0.538461538461154,0.383973823894152,0.320256307610224,-0.153846153846539,0.0637175162839279,FALSE,TRUE,-0.153846153846539,-0.153846153846539,0.0637175162839279,FALSE,TRUE,-0.153846153846539,-0.222222222222778,0.16594234377157
20,20,"National Issues Convention","nic1.t1att2","20:9544523::nic1.t1att2","9544523","20:9544523",0.583333333332082,0.54166666666625,0.358870281282954,0.334278961710818,12,12,12,0.583333333332082,0.54166666666625,0.358870281282954,0.334278961710818,-0.0416666666658327,0.0245913195721361,FALSE,TRUE,-0.0416666666658327,-0.0416666666658327,0.0245913195721361,FALSE,TRUE,-0.0416666666658327,-0.071428571427295,0.0685242575234223
20,20,"National Issues Convention","nic1.t1att2","20:9544524::nic1.t1att2","9544524","20:9544524",0.676470588235294,0.529411764705294,0.303169531295416,0.37377250079825,17,17,17,0.676470588235294,0.529411764705294,0.303169531295416,0.37377250079825,-0.147058823530001,-0.070602969502834,FALSE,FALSE,-0.147058823530001,-0.147058823530001,-0.070602969502834,FALSE,FALSE,-0.147058823530001,-0.217391304348696,-0.358699392261264
20,20,"National Issues Convention","nic1.t1att2","20:9544525::nic1.t1att2","9544525","20:9544525",0.633333333332666,0.466666666665666,0.399404318359229,0.399404318358901,15,15,15,0.633333333332666,0.466666666665666,0.399404318359229,0.399404318358901,-0.166666666667,3.28126414927965e-13,FALSE,FALSE,-0.0999999999983321,-0.166666666667,3.28126414927965e-13,FALSE,FALSE,-0.0999999999983321,-0.263157894737646,8.21539477279373e-13
20,20,"National Issues Convention","nic1.t1att2","20:9544526::nic1.t1att2","9544526","20:9544526",0.583333333333055,0.555555555554166,0.461774072591453,0.291491544065349,18,18,18,0.583333333333055,0.555555555554166,0.461774072591453,0.291491544065349,-0.0277777777788897,0.170282528526103,FALSE,TRUE,-0.0277777777788897,-0.0277777777788897,0.170282528526103,FALSE,TRUE,-0.0277777777788897,-0.0476190476209764,0.368757231367466
20,20,"National Issues Convention","nic1.t1att2","20:9544527::nic1.t1att2","9544527","20:9544527",0.583333333332916,0.499999999998749,0.358870281282742,0.301511344577764,12,12,12,0.583333333332916,0.499999999998749,0.358870281282742,0.301511344577764,-0.0833333333341674,0.0573589367049787,FALSE,TRUE,-0.0833333333316654,-0.0833333333341674,0.0573589367049787,FALSE,TRUE,-0.0833333333316654,-0.142857142858675,0.159831949583441
20,20,"National Issues Convention","nic1.t1att2","20:9544528::nic1.t1att2","9544528","20:9544528",0.633333333332666,0.733333333333,0.399404318359229,0.319970236711353,15,15,15,0.633333333332666,0.733333333333,0.399404318359229,0.319970236711353,0.100000000000334,0.0794340816478759,TRUE,TRUE,0.100000000000334,0.100000000000334,0.0794340816478759,TRUE,TRUE,0.100000000000334,0.272727272727686,0.198881379085221
20,20,"National Issues Convention","nic1.t1att2","20:9544529::nic1.t1att2","9544529","20:9544529",0.642857142856428,0.678571428570356,0.412710152928045,0.248622579050253,14,14,14,0.642857142856428,0.678571428570356,0.412710152928045,0.248622579050253,0.0357142857139282,0.164087573877792,TRUE,TRUE,0.0357142857139282,0.0357142857139282,0.164087573877792,TRUE,TRUE,0.0357142857139282,0.0999999999987988,0.397585503321505
20,20,"National Issues Convention","nic1.t1att2","20:9544530::nic1.t1att2","9544530","20:9544530",0.566666666666667,0.633333333333,0.416904693916396,0.399404318359109,15,15,15,0.566666666666667,0.633333333333,0.416904693916396,0.399404318359109,0.066666666666333,0.0175003755572866,TRUE,TRUE,0.066666666666333,0.066666666666333,0.0175003755572866,TRUE,TRUE,0.066666666666333,0.153846153845384,0.0419769213747351
20,20,"National Issues Convention","nic1.t1att3","20:9544501::nic1.t1att3","9544501","20:9544501",0.718749999999375,0.562499999999062,0.25617376914956,0.25000000000025,16,16,16,0.718749999999375,0.562499999999062,0.25617376914956,0.25000000000025,-0.156250000000313,0.00617376914930945,FALSE,TRUE,-0.156250000000313,-0.156250000000313,0.00617376914930945,FALSE,TRUE,-0.156250000000313,-0.21739130434845,0.0240999270526604
20,20,"National Issues Convention","nic1.t1att3","20:9544502::nic1.t1att3","9544502","20:9544502",0.633333333331999,0.566666666666333,0.35186577527504,0.258198889747253,15,15,15,0.633333333331999,0.566666666666333,0.35186577527504,0.258198889747253,-0.0666666666656659,0.0936668855277867,FALSE,TRUE,-0.0666666666656659,-0.0666666666656659,0.0936668855277867,FALSE,TRUE,-0.0666666666656659,-0.105263157893378,0.266200614295525
20,20,"National Issues Convention","nic1.t1att3","20:9544503::nic1.t1att3","9544503","20:9544503",0.588235294117058,0.58823529411647,0.317966886918404,0.363803437554803,17,17,17,0.588235294117058,0.58823529411647,0.317966886918404,0.363803437554803,0,-0.0458365506363991,FALSE,FALSE,-5.88640247656258e-13,0,-0.0458365506363991,FALSE,FALSE,-5.88640247656258e-13,0,-0.251803366214217
20,20,"National Issues Convention","nic1.t1att3","20:9544504::nic1.t1att3","9544504","20:9544504",0.69444444444361,0.69444444444361,0.303842494457658,0.303842494457658,18,18,18,0.69444444444361,0.69444444444361,0.303842494457658,0.303842494457658,0,5.55111512312578e-17,FALSE,FALSE,0,0,5.55111512312578e-17,FALSE,FALSE,0,0,1.82697128426167e-16
20,20,"National Issues Convention","nic1.t1att3","20:9544505::nic1.t1att3","9544505","20:9544505",0.666666666666333,0.733333333332333,0.361873432228038,0.319970236711874,15,15,15,0.666666666666333,0.733333333332333,0.361873432228038,0.319970236711874,0.0666666666659994,0.0419031955161633,TRUE,TRUE,0.0666666666659994,0.0666666666659994,0.0419031955161633,TRUE,TRUE,0.0666666666659994,0.199999999997798,0.115795169759126
20,20,"National Issues Convention","nic1.t1att3","20:9544506::nic1.t1att3","9544506","20:9544506",0.611111111110555,0.611111111109999,0.366042249070658,0.274159440277135,18,18,18,0.611111111110555,0.611111111109999,0.366042249070658,0.274159440277135,0,0.0918828087935232,FALSE,TRUE,-5.55999690732278e-13,0,0.0918828087935232,FALSE,TRUE,-5.55999690732278e-13,0,0.25101694961935
20,20,"National Issues Convention","nic1.t1att3","20:9544507::nic1.t1att3","9544507","20:9544507",0.733333333333333,0.599999999997998,0.416904693916396,0.280305955291459,15,15,15,0.733333333333333,0.599999999997998,0.416904693916396,0.280305955291459,-0.133333333335335,0.136598738624937,FALSE,TRUE,-0.133333333335335,-0.133333333335335,0.136598738624937,FALSE,TRUE,-0.133333333335335,-0.181818181820911,0.327649797707314
20,20,"National Issues Convention","nic1.t1att3","20:9544508::nic1.t1att3","9544508","20:9544508",0.694444444444166,0.749999999999444,0.348901169593777,0.257247877714335,18,18,18,0.694444444444166,0.749999999999444,0.348901169593777,0.257247877714335,0.0555555555552776,0.0916532918794414,TRUE,TRUE,0.0555555555552776,0.0555555555552776,0.0916532918794414,TRUE,TRUE,0.0555555555552776,0.181818181817107,0.262691271531571
20,20,"National Issues Convention","nic1.t1att3","20:9544509::nic1.t1att3","9544509","20:9544509",0.638888888888611,0.722222222221388,0.334556579034466,0.307849381728237,18,18,18,0.638888888888611,0.722222222221388,0.334556579034466,0.307849381728237,0.0833333333327774,0.0267071973062293,TRUE,TRUE,0.0833333333327774,0.0833333333327774,0.0267071973062293,TRUE,TRUE,0.0833333333327774,0.230769230767513,0.0798286417899973
20,20,"National Issues Convention","nic1.t1att3","20:9544510::nic1.t1att3","9544510","20:9544510",0.807692307691923,0.730769230768461,0.253184841771423,0.259437260832127,13,13,13,0.807692307691923,0.730769230768461,0.253184841771423,0.259437260832127,-0.0769230769234619,-0.00625241906070384,FALSE,FALSE,-0.0769230769234619,-0.0769230769234619,-0.00625241906070384,FALSE,FALSE,-0.0769230769234619,-0.0952380952386173,-0.0253323949208721
20,20,"National Issues Convention","nic1.t1att3","20:9544511::nic1.t1att3","9544511","20:9544511",0.6875,0.593749999999375,0.309569593683445,0.375000000000167,16,16,16,0.6875,0.593749999999375,0.309569593683445,0.375000000000167,-0.0937500000006255,-0.0654304063167216,FALSE,FALSE,-0.0937500000006255,-0.0937500000006255,-0.0654304063167216,FALSE,FALSE,-0.0937500000006255,-0.136363636364546,-0.343592221338623
20,20,"National Issues Convention","nic1.t1att3","20:9544512::nic1.t1att3","9544512","20:9544512",0.694444444444444,0.69444444444361,0.303842494457093,0.25081566285296,18,18,18,0.694444444444444,0.69444444444361,0.303842494457093,0.25081566285296,0,0.0530268316041331,FALSE,TRUE,-8.33999536098418e-13,0,0.0530268316041331,FALSE,TRUE,-8.33999536098418e-13,0,0.174520788143481
20,20,"National Issues Convention","nic1.t1att3","20:9544513::nic1.t1att3","9544513","20:9544513",0.593749999999687,0.718749999999375,0.375000000000083,0.314576434803412,16,16,16,0.593749999999687,0.718749999999375,0.375000000000083,0.314576434803412,0.124999999999687,0.0604235651966715,TRUE,TRUE,0.124999999999687,0.124999999999687,0.0604235651966715,TRUE,TRUE,0.124999999999687,0.307692307691301,0.161129507191088
20,20,"National Issues Convention","nic1.t1att3","20:9544514::nic1.t1att3","9544514","20:9544514",0.718749999999375,0.687499999999062,0.25617376914956,0.309569593684051,16,16,16,0.718749999999375,0.687499999999062,0.25617376914956,0.309569593684051,-0.0312500000003127,-0.0533958245344916,FALSE,FALSE,-0.0312500000003127,-0.0312500000003127,-0.0533958245344916,FALSE,FALSE,-0.0312500000003127,-0.0434782608700382,-0.218991305194083
20,20,"National Issues Convention","nic1.t1att3","20:9544515::nic1.t1att3","9544515","20:9544515",0.846153846153846,0.807692307691923,0.315212585978058,0.32522181779439,13,13,13,0.846153846153846,0.807692307691923,0.315212585978058,0.32522181779439,-0.0384615384619234,-0.0100092318163324,FALSE,FALSE,-0.0384615384619234,-0.0384615384619234,-0.0100092318163324,FALSE,FALSE,-0.0384615384619234,-0.0454545454550003,-0.05416619886863
20,20,"National Issues Convention","nic1.t1att3","20:9544516::nic1.t1att3","9544516","20:9544516",0.866666666666667,0.699999999998999,0.228868854108532,0.316227766017516,15,15,15,0.866666666666667,0.699999999998999,0.228868854108532,0.316227766017516,-0.166666666667667,-0.0873589119089843,FALSE,FALSE,-0.166666666667667,-0.166666666667667,-0.0873589119089843,FALSE,FALSE,-0.166666666667667,-0.192307692308847,-0.322201684434858
20,20,"National Issues Convention","nic1.t1att3","20:9544517::nic1.t1att3","9544517","20:9544517",0.749999999999643,0.678571428570714,0.325221817794291,0.372473171834615,14,14,14,0.749999999999643,0.678571428570714,0.325221817794291,0.372473171834615,-0.0714285714289289,-0.0472513540403237,FALSE,FALSE,-0.0714285714289289,-0.0714285714289289,-0.0472513540403237,FALSE,FALSE,-0.0714285714289289,-0.0952380952386172,-0.270350414702851
20,20,"National Issues Convention","nic1.t1att3","20:9544518::nic1.t1att3","9544518","20:9544518",0.705882352941177,0.617647058822646,0.356143559950363,0.281147857269586,17,17,17,0.705882352941177,0.617647058822646,0.356143559950363,0.281147857269586,-0.0882352941185301,0.0749957026807766,FALSE,TRUE,-0.0882352941185301,-0.0882352941185301,0.0749957026807766,FALSE,TRUE,-0.0882352941185301,-0.125000000001251,0.210577169193314
20,20,"National Issues Convention","nic1.t1att3","20:9544519::nic1.t1att3","9544519","20:9544519",0.647058823528823,0.676470588233822,0.342997170285286,0.350944104817896,17,17,17,0.647058823528823,0.676470588233822,0.342997170285286,0.350944104817896,0.0294117647049993,-0.00794693453260992,TRUE,FALSE,0.0294117647049993,0.0294117647049993,-0.00794693453260992,TRUE,FALSE,0.0294117647049993,0.0833333333306923,-0.0506165051104499
20,20,"National Issues Convention","nic1.t1att3","20:9544520::nic1.t1att3","9544520","20:9544520",0.607142857141785,0.607142857140713,0.400891862868945,0.289467111761775,14,14,14,0.607142857141785,0.607142857140713,0.400891862868945,0.289467111761775,-1.07225339718298e-12,0.111424751107171,FALSE,TRUE,-1.07225339718298e-12,-1.07225339718298e-12,0.111424751107171,FALSE,TRUE,-1.07225339718298e-12,-1.76606441889273e-12,0.277942162032848
20,20,"National Issues Convention","nic1.t1att3","20:9544521::nic1.t1att3","9544521","20:9544521",0.59375,0.562499999999687,0.327554066783892,0.359397644214188,16,16,16,0.59375,0.562499999999687,0.327554066783892,0.359397644214188,-0.0312500000003127,-0.031843577430296,FALSE,FALSE,-0.0312500000003127,-0.0312500000003127,-0.031843577430296,FALSE,FALSE,-0.0312500000003127,-0.0526315789478952,-0.184658326447107
20,20,"National Issues Convention","nic1.t1att3","20:9544522::nic1.t1att3","9544522","20:9544522",0.807692307692308,0.769230769230384,0.253184841770917,0.259437260831818,13,13,13,0.807692307692308,0.769230769230384,0.253184841770917,0.259437260831818,-0.0384615384619234,-0.00625241906090157,FALSE,FALSE,-0.0384615384619234,-0.0384615384619234,-0.00625241906090157,FALSE,FALSE,-0.0384615384619234,-0.0476190476195241,-0.0253323949216212
20,20,"National Issues Convention","nic1.t1att3","20:9544523::nic1.t1att3","9544523","20:9544523",0.708333333332499,0.749999999999583,0.334278961711328,0.261116483933982,12,12,12,0.708333333332499,0.749999999999583,0.334278961711328,0.261116483933982,0.0416666666670836,0.0731624777773455,TRUE,TRUE,0.0416666666670836,0.0416666666670836,0.0731624777773455,TRUE,TRUE,0.0416666666670836,0.142857142858164,0.218866534115079
20,20,"National Issues Convention","nic1.t1att3","20:9544524::nic1.t1att3","9544524","20:9544524",0.705882352940588,0.588235294117058,0.356143559950724,0.363803437554651,17,17,17,0.705882352940588,0.588235294117058,0.356143559950724,0.363803437554651,-0.117647058823529,-0.00765987760392672,FALSE,FALSE,-0.117647058823529,-0.117647058823529,-0.00765987760392672,FALSE,FALSE,-0.117647058823529,-0.166666666666806,-0.0532466784337424
20,20,"National Issues Convention","nic1.t1att3","20:9544525::nic1.t1att3","9544525","20:9544525",0.666666666666333,0.599999999998999,0.308606699924377,0.338061701891724,15,15,15,0.666666666666333,0.599999999998999,0.308606699924377,0.338061701891724,-0.0666666666673339,-0.029455001967347,FALSE,FALSE,-0.0666666666673339,-0.0666666666673339,-0.029455001967347,FALSE,FALSE,-0.0666666666673339,-0.100000000001051,-0.153897769439728
20,20,"National Issues Convention","nic1.t1att3","20:9544526::nic1.t1att3","9544526","20:9544526",0.805555555555278,0.722222222220832,0.34890116959387,0.255654996283736,18,18,18,0.805555555555278,0.722222222220832,0.34890116959387,0.255654996283736,-0.0833333333344454,0.0932461733101343,FALSE,TRUE,-0.0833333333344454,-0.0833333333344454,0.0932461733101343,FALSE,TRUE,-0.0833333333344454,-0.103448275863485,0.267256694549563
20,20,"National Issues Convention","nic1.t1att3","20:9544527::nic1.t1att3","9544527","20:9544527",0.708333333332499,0.583333333331665,0.257464325272955,0.358870281283059,12,12,12,0.708333333332499,0.583333333331665,0.257464325272955,0.358870281283059,-0.125000000000834,-0.101405956010104,FALSE,FALSE,-0.125000000000834,-0.125000000000834,-0.101405956010104,FALSE,FALSE,-0.125000000000834,-0.176470588236679,-0.418107382034535
20,20,"National Issues Convention","nic1.t1att3","20:9544528::nic1.t1att3","9544528","20:9544528",0.799999999998999,0.699999999999333,0.253546276419824,0.31622776601729,15,15,15,0.799999999998999,0.699999999999333,0.253546276419824,0.31622776601729,-0.0999999999996664,-0.0626814895974663,FALSE,FALSE,-0.0999999999996664,-0.0999999999996664,-0.0626814895974663,FALSE,FALSE,-0.0999999999996664,-0.124999999999739,-0.254333708928828
20,20,"National Issues Convention","nic1.t1att3","20:9544529::nic1.t1att3","9544529","20:9544529",0.714285714284999,0.535714285713213,0.323103086329943,0.307863963107575,14,14,14,0.714285714284999,0.535714285713213,0.323103086329943,0.307863963107575,-0.178571428571786,0.0152391232223676,FALSE,TRUE,-0.178571428571786,-0.178571428571786,0.0152391232223676,FALSE,TRUE,-0.178571428571786,-0.250000000000751,0.0471648952520555
20,20,"National Issues Convention","nic1.t1att3","20:9544530::nic1.t1att3","9544530","20:9544530",0.833333333333333,0.733333333332666,0.243975018237133,0.258198889747807,15,15,15,0.833333333333333,0.733333333332666,0.243975018237133,0.258198889747807,-0.100000000000667,-0.0142238715106738,FALSE,FALSE,-0.100000000000667,-0.100000000000667,-0.0142238715106738,FALSE,FALSE,-0.100000000000667,-0.120000000000801,-0.05555657659942
20,20,"National Issues Convention","nic1.t1att4","20:9544501::nic1.t1att4","9544501","20:9544501",0.687499999999687,0.656249999999062,0.359397644214304,0.352077169571738,16,16,16,0.687499999999687,0.656249999999062,0.359397644214304,0.352077169571738,-0.0312500000006255,0.00732047464256685,FALSE,TRUE,-0.0312500000006255,-0.0312500000006255,0.00732047464256685,FALSE,TRUE,-0.0312500000006255,-0.045454545455476,0.0203687329630957
20,20,"National Issues Convention","nic1.t1att4","20:9544502::nic1.t1att4","9544502","20:9544502",0.533333333331665,0.733333333333,0.296808419852533,0.258198889747484,15,15,15,0.533333333331665,0.733333333333,0.296808419852533,0.258198889747484,0.200000000001334,0.0386095301050485,TRUE,TRUE,0.200000000001334,0.200000000001334,0.0386095301050485,TRUE,TRUE,0.200000000001334,0.428571428572756,0.13008232759782
20,20,"National Issues Convention","nic1.t1att4","20:9544503::nic1.t1att4","9544503","20:9544503",0.588235294117058,0.617647058822058,0.363803437554651,0.33210558207809,17,17,17,0.588235294117058,0.617647058822058,0.363803437554651,0.33210558207809,0.0294117647049993,0.0316978554765615,TRUE,TRUE,0.0294117647049993,0.0294117647049993,0.0316978554765615,TRUE,TRUE,0.0294117647049993,0.0714285714263247,0.0871290708235812
20,20,"National Issues Convention","nic1.t1att4","20:9544504::nic1.t1att4","9544504","20:9544504",0.555555555554166,0.527777777776388,0.338199770797503,0.269652402734957,18,18,18,0.555555555554166,0.527777777776388,0.338199770797503,0.269652402734957,-0.0277777777777778,0.0685473680625464,FALSE,TRUE,-0.0277777777777778,-0.0277777777777778,0.0685473680625464,FALSE,TRUE,-0.0277777777777778,-0.0500000000001251,0.202683070721503
20,20,"National Issues Convention","nic1.t1att4","20:9544505::nic1.t1att4","9544505","20:9544505",0.699999999998666,0.766666666665666,0.316227766017742,0.319970236711986,15,15,15,0.699999999998666,0.766666666665666,0.316227766017742,0.319970236711986,0.0666666666670003,-0.00374247069424372,TRUE,FALSE,0.0666666666670003,0.0666666666670003,-0.00374247069424372,TRUE,FALSE,0.0666666666670003,0.222222222222346,-0.0203647232944071
20,20,"National Issues Convention","nic1.t1att4","20:9544506::nic1.t1att4","9544506","20:9544506",0.722222222221666,0.72222222222111,0.352396093247654,0.30784938172845,18,18,18,0.722222222221666,0.72222222222111,0.352396093247654,0.30784938172845,0,0.0445467115192046,FALSE,TRUE,-5.55999690732278e-13,0,0.0445467115192046,FALSE,TRUE,-5.55999690732278e-13,0,0.12641091196178
20,20,"National Issues Convention","nic1.t1att4","20:9544507::nic1.t1att4","9544507","20:9544507",0.7,0.633333333331332,0.368394198806504,0.296808419853295,15,15,15,0.7,0.633333333331332,0.368394198806504,0.296808419853295,-0.0666666666686682,0.0715857789532084,FALSE,TRUE,-0.0666666666686682,-0.0666666666686682,0.0715857789532084,FALSE,TRUE,-0.0666666666686682,-0.0952380952409545,0.194318420825102
20,20,"National Issues Convention","nic1.t1att4","20:9544508::nic1.t1att4","9544508","20:9544508",0.638888888887777,0.527777777777222,0.375951950761494,0.362678849276396,18,18,18,0.638888888887777,0.527777777777222,0.375951950761494,0.362678849276396,-0.111111111110555,0.0132731014850977,FALSE,TRUE,-0.111111111110555,-0.111111111110555,0.0132731014850977,FALSE,TRUE,-0.111111111110555,-0.173913043477693,0.0353053135067206
20,20,"National Issues Convention","nic1.t1att4","20:9544509::nic1.t1att4","9544509","20:9544509",0.749999999999166,0.666666666665555,0.309173471201135,0.383482494424197,18,18,18,0.749999999999166,0.666666666665555,0.309173471201135,0.383482494424197,-0.0833333333336114,-0.0743090232230618,FALSE,FALSE,-0.0833333333336114,-0.0833333333336114,-0.0743090232230618,FALSE,FALSE,-0.0833333333336114,-0.111111111111605,-0.389406146466066
20,20,"National Issues Convention","nic1.t1att4","20:9544510::nic1.t1att4","9544510","20:9544510",0.692307692307307,0.692307692306922,0.325221817794242,0.325221817794489,13,13,13,0.692307692307307,0.692307692306922,0.325221817794242,0.325221817794489,0,-2.46525022618016e-13,FALSE,FALSE,-3.84914322637542e-13,0,-2.46525022618016e-13,FALSE,FALSE,-3.84914322637542e-13,0,-1.41050226925804e-12
20,20,"National Issues Convention","nic1.t1att4","20:9544511::nic1.t1att4","9544511","20:9544511",0.749999999999062,0.749999999999375,0.25819888974813,0.258198889747807,16,16,16,0.749999999999062,0.749999999999375,0.25819888974813,0.258198889747807,0,3.23074900165921e-13,FALSE,FALSE,3.12749826036907e-13,0,3.23074900165921e-13,FALSE,FALSE,3.12749826036907e-13,0,1.25126370791554e-12
20,20,"National Issues Convention","nic1.t1att4","20:9544512::nic1.t1att4","9544512","20:9544512",0.722222222221388,0.666666666665277,0.255654996283224,0.297044262893828,18,18,18,0.722222222221388,0.666666666665277,0.255654996283224,0.297044262893828,-0.0555555555561116,-0.0413892666106037,FALSE,FALSE,-0.0555555555561116,-0.0555555555561116,-0.0413892666106037,FALSE,FALSE,-0.0555555555561116,-0.0769230769239356,-0.169388634844274
20,20,"National Issues Convention","nic1.t1att4","20:9544513::nic1.t1att4","9544513","20:9544513",0.656249999999375,0.624999999999375,0.35207716957159,0.387298334620957,16,16,16,0.656249999999375,0.624999999999375,0.35207716957159,0.387298334620957,-0.03125,-0.0352211650493675,FALSE,FALSE,-0.03125,-0.03125,-0.0352211650493675,FALSE,FALSE,-0.03125,-0.047619047619093,-0.238104996688887
20,20,"National Issues Convention","nic1.t1att4","20:9544514::nic1.t1att4","9544514","20:9544514",0.531249999999687,0.468749999999062,0.385951205897007,0.286865241300866,16,16,16,0.531249999999687,0.468749999999062,0.385951205897007,0.286865241300866,-0.0625000000006255,0.0990859645961413,FALSE,TRUE,1.25099930414763e-12,-0.0625000000006255,0.0990859645961413,FALSE,TRUE,1.25099930414763e-12,-0.117647058824776,0.256731843513355
20,20,"National Issues Convention","nic1.t1att4","20:9544515::nic1.t1att4","9544515","20:9544515",0.538461538461154,0.653846153845769,0.431158249251325,0.375533808099576,13,13,13,0.538461538461154,0.653846153845769,0.431158249251325,0.375533808099576,0.115384615384615,0.0556244411517491,TRUE,TRUE,0.115384615384615,0.115384615384615,0.0556244411517491,TRUE,TRUE,0.115384615384615,0.249999999999792,0.129011659288293
20,20,"National Issues Convention","nic1.t1att4","20:9544516::nic1.t1att4","9544516","20:9544516",0.566666666666,0.566666666665666,0.371611676478732,0.319970236711316,15,15,15,0.566666666666,0.566666666665666,0.371611676478732,0.319970236711316,0,0.0516414397674159,FALSE,TRUE,-3.3362201889986e-13,0,0.0516414397674159,FALSE,TRUE,-3.3362201889986e-13,0,0.138966138676677
20,20,"National Issues Convention","nic1.t1att4","20:9544517::nic1.t1att4","9544517","20:9544517",0.749999999999643,0.749999999999643,0.259437260831756,0.325221817794291,14,14,14,0.749999999999643,0.749999999999643,0.259437260831756,0.325221817794291,0,-0.065784556962535,FALSE,FALSE,0,0,-0.065784556962535,FALSE,FALSE,0,0,-0.273461123655259
20,20,"National Issues Convention","nic1.t1att4","20:9544518::nic1.t1att4","9544518","20:9544518",0.735294117647059,0.588235294116764,0.35871502698972,0.264297069935775,17,17,17,0.735294117647059,0.588235294116764,0.35871502698972,0.264297069935775,-0.147058823530295,0.0944179570539442,FALSE,TRUE,-0.147058823530295,-0.147058823530295,0.0944179570539442,FALSE,TRUE,-0.147058823530295,-0.200000000001201,0.26321160238612
20,20,"National Issues Convention","nic1.t1att4","20:9544519::nic1.t1att4","9544519","20:9544519",0.558823529411176,0.617647058822058,0.348315273009724,0.33210558207809,17,17,17,0.558823529411176,0.617647058822058,0.348315273009724,0.33210558207809,0.0588235294108816,0.0162096909316339,TRUE,TRUE,0.0588235294108816,0.0588235294108816,0.0162096909316339,TRUE,TRUE,0.0588235294108816,0.133333333331154,0.0465374107531065
20,20,"National Issues Convention","nic1.t1att4","20:9544520::nic1.t1att4","9544520","20:9544520",0.571428571427499,0.571428571426427,0.432218910753974,0.267261241913042,14,14,14,0.571428571427499,0.571428571426427,0.432218910753974,0.267261241913042,-1.07225339718298e-12,0.164957668840932,FALSE,TRUE,-1.07225339718298e-12,-1.07225339718298e-12,0.164957668840932,FALSE,TRUE,-1.07225339718298e-12,-1.87644344507373e-12,0.381653057598003
20,20,"National Issues Convention","nic1.t1att4","20:9544521::nic1.t1att4","9544521","20:9544521",0.437499999999687,0.562499999999687,0.249999999999917,0.359397644214188,16,16,16,0.437499999999687,0.562499999999687,0.249999999999917,0.359397644214188,-0.125,-0.109397644214272,FALSE,FALSE,-6.25499652073813e-13,-0.125,-0.109397644214272,FALSE,FALSE,-6.25499652073813e-13,-0.222222222222099,-0.437590576856941
20,20,"National Issues Convention","nic1.t1att4","20:9544522::nic1.t1att4","9544522","20:9544522",0.846153846153461,0.769230769230384,0.315212585978516,0.330112645887102,13,13,13,0.846153846153461,0.769230769230384,0.315212585978516,0.330112645887102,-0.0769230769230769,-0.014900059908587,FALSE,FALSE,-0.0769230769230769,-0.0769230769230769,-0.014900059908587,FALSE,FALSE,-0.0769230769230769,-0.0909090909091322,-0.0806335214304941
20,20,"National Issues Convention","nic1.t1att4","20:9544523::nic1.t1att4","9544523","20:9544523",0.749999999998749,0.749999999999166,0.337099931232633,0.337099931232296,12,12,12,0.749999999998749,0.749999999999166,0.337099931232633,0.337099931232296,0,3.37396777183585e-13,FALSE,FALSE,4.16999768049209e-13,0,3.37396777183585e-13,FALSE,FALSE,4.16999768049209e-13,0,1.00088058739694e-12
20,20,"National Issues Convention","nic1.t1att4","20:9544524::nic1.t1att4","9544524","20:9544524",0.73529411764647,0.705882352940588,0.31213213642387,0.309173471200838,17,17,17,0.73529411764647,0.705882352940588,0.31213213642387,0.309173471200838,-0.0294117647058824,0.00295866522303279,FALSE,TRUE,-0.0294117647058824,-0.0294117647058824,0.00295866522303279,FALSE,TRUE,-0.0294117647058824,-0.040000000000032,0.0094788869128649
20,20,"National Issues Convention","nic1.t1att4","20:9544525::nic1.t1att4","9544525","20:9544525",0.599999999999333,0.799999999998999,0.338061701891618,0.316227766017855,15,15,15,0.599999999999333,0.799999999998999,0.338061701891618,0.316227766017855,0.199999999999666,0.0218339358737628,TRUE,TRUE,0.199999999999666,0.199999999999666,0.0218339358737628,TRUE,TRUE,0.199999999999666,0.499999999998332,0.0645856533040904
20,20,"National Issues Convention","nic1.t1att4","20:9544526::nic1.t1att4","9544526","20:9544526",0.583333333333055,0.499999999998332,0.428746462856329,0.383482494423685,18,18,18,0.583333333333055,0.499999999998332,0.428746462856329,0.383482494423685,-0.0833333333347234,0.0452639684326441,FALSE,TRUE,-0.0833333333313874,-0.0833333333347234,0.0452639684326441,FALSE,TRUE,-0.0833333333313874,-0.142857142859594,0.105572809000203
20,20,"National Issues Convention","nic1.t1att4","20:9544527::nic1.t1att4","9544527","20:9544527",0.666666666665833,0.666666666665416,0.246182981959281,0.325669473640163,12,12,12,0.666666666665833,0.666666666665416,0.246182981959281,0.325669473640163,0,-0.0794864916808817,FALSE,FALSE,-4.16999768049209e-13,0,-0.0794864916808817,FALSE,FALSE,-4.16999768049209e-13,0,-0.313164547808729
20,20,"National Issues Convention","nic1.t1att4","20:9544528::nic1.t1att4","9544528","20:9544528",0.566666666665332,0.633333333333,0.31997023671139,0.399404318359109,15,15,15,0.566666666665332,0.633333333333,0.31997023671139,0.399404318359109,0.0666666666676674,-0.0794340816477193,TRUE,FALSE,0.0666666666676674,0.0666666666676674,-0.0794340816477193,TRUE,FALSE,0.0666666666676674,0.15384615384799,-0.44122749592453
20,20,"National Issues Convention","nic1.t1att4","20:9544529::nic1.t1att4","9544529","20:9544529",0.714285714284285,0.607142857141427,0.256776295507833,0.349646603377006,14,14,14,0.714285714284285,0.607142857141427,0.256776295507833,0.349646603377006,-0.107142857142857,-0.0928703078691731,FALSE,FALSE,-0.107142857142857,-0.107142857142857,-0.0928703078691731,FALSE,FALSE,-0.107142857142857,-0.1500000000003,-0.381830825507239
20,20,"National Issues Convention","nic1.t1att4","20:9544530::nic1.t1att4","9544530","20:9544530",0.566666666666333,0.599999999999333,0.457737708217116,0.387298334620926,15,15,15,0.566666666666333,0.599999999999333,0.457737708217116,0.387298334620926,0.0333333333329998,0.0704393735961892,TRUE,TRUE,0.0333333333329998,0.0333333333329998,0.0704393735961892,TRUE,TRUE,0.0333333333329998,0.076923076922248,0.153885887773044
20,20,"National Issues Convention","nic1.t1att5","20:9544501::nic1.t1att5","9544501","20:9544501",0.71875,0.687499999999062,0.363719214046587,0.309569593684051,16,16,16,0.71875,0.687499999999062,0.363719214046587,0.309569593684051,-0.0312500000009382,0.0541496203625353,FALSE,TRUE,-0.0312500000009382,-0.0312500000009382,0.0541496203625353,FALSE,TRUE,-0.0312500000009382,-0.0434782608708706,0.148877535943426
20,20,"National Issues Convention","nic1.t1att5","20:9544502::nic1.t1att5","9544502","20:9544502",0.899999999999666,0.833333333333,0.207019667803397,0.30860669992457,15,15,15,0.899999999999666,0.833333333333,0.207019667803397,0.30860669992457,-0.0666666666666667,-0.101587032121173,FALSE,FALSE,-0.0666666666666667,-0.0666666666666667,-0.101587032121173,FALSE,FALSE,-0.0666666666666667,-0.0740740740741015,-0.346736695120557
20,20,"National Issues Convention","nic1.t1att5","20:9544503::nic1.t1att5","9544503","20:9544503",0.794117647058529,0.705882352939999,0.309173471200719,0.356143559951086,17,17,17,0.794117647058529,0.705882352939999,0.309173471200719,0.356143559951086,-0.0882352941185301,-0.0469700887503673,FALSE,FALSE,-0.0882352941185301,-0.0882352941185301,-0.0469700887503673,FALSE,FALSE,-0.0882352941185301,-0.111111111112264,-0.246140246043946
20,20,"National Issues Convention","nic1.t1att5","20:9544504::nic1.t1att5","9544504","20:9544504",0.638888888887777,0.805555555554722,0.334556579034833,0.250815662853351,18,18,18,0.638888888887777,0.805555555554722,0.334556579034833,0.250815662853351,0.166666666666945,0.0837409161814822,TRUE,TRUE,0.166666666666945,0.166666666666945,0.0837409161814822,TRUE,TRUE,0.166666666666945,0.46153846153781,0.250304197941847
20,20,"National Issues Convention","nic1.t1att5","20:9544505::nic1.t1att5","9544505","20:9544505",0.866666666666333,0.733333333332333,0.228868854109104,0.319970236711874,15,15,15,0.866666666666333,0.733333333332333,0.228868854109104,0.319970236711874,-0.133333333334001,-0.0911013826027699,FALSE,FALSE,-0.133333333334001,-0.133333333334001,-0.0911013826027699,FALSE,FALSE,-0.133333333334001,-0.153846153846983,-0.33600485957976
20,20,"National Issues Convention","nic1.t1att5","20:9544506::nic1.t1att5","9544506","20:9544506",0.944444444444166,0.749999999998888,0.161690416691698,0.257247877714907,18,18,18,0.944444444444166,0.749999999998888,0.161690416691698,0.257247877714907,-0.194444444445278,-0.0955574610232097,FALSE,FALSE,-0.194444444445278,-0.194444444445278,-0.0955574610232097,FALSE,FALSE,-0.194444444445278,-0.20588235294212,-0.282455672963092
20,20,"National Issues Convention","nic1.t1att5","20:9544507::nic1.t1att5","9544507","20:9544507",0.966666666666667,0.699999999997998,0.129099444873581,0.253546276420247,15,15,15,0.966666666666667,0.699999999997998,0.129099444873581,0.253546276420247,-0.266666666668668,-0.124446831546666,FALSE,FALSE,-0.266666666668668,-0.266666666668668,-0.124446831546666,FALSE,FALSE,-0.266666666668668,-0.275862068967588,-0.335526139895501
20,20,"National Issues Convention","nic1.t1att5","20:9544508::nic1.t1att5","9544508","20:9544508",0.833333333333055,0.777777777777222,0.297044262893333,0.307849381728131,18,18,18,0.833333333333055,0.777777777777222,0.297044262893333,0.307849381728131,-0.0555555555558335,-0.0108051188347982,FALSE,FALSE,-0.0555555555558335,-0.0555555555558335,-0.0108051188347982,FALSE,FALSE,-0.0555555555558335,-0.0666666666670224,-0.0532387947679416
20,20,"National Issues Convention","nic1.t1att5","20:9544509::nic1.t1att5","9544509","20:9544509",0.861111111110555,0.749999999999166,0.230444299482161,0.309173471201135,18,18,18,0.861111111110555,0.749999999999166,0.230444299482161,0.309173471201135,-0.111111111111389,-0.0787291717189743,FALSE,FALSE,-0.111111111111389,-0.111111111111389,-0.0787291717189743,FALSE,FALSE,-0.111111111111389,-0.129032258064922,-0.292070141969652
20,20,"National Issues Convention","nic1.t1att5","20:9544510::nic1.t1att5","9544510","20:9544510",0.884615384615385,0.884615384614615,0.219264504826757,0.21926450482822,13,13,13,0.884615384615385,0.884615384614615,0.219264504826757,0.21926450482822,0,-1.46291312397295e-12,FALSE,FALSE,-7.69828645275084e-13,0,-1.46291312397295e-12,FALSE,FALSE,-7.69828645275084e-13,0,-5.21100163365586e-12
20,20,"National Issues Convention","nic1.t1att5","20:9544511::nic1.t1att5","9544511","20:9544511",0.78125,0.749999999999375,0.314576434802948,0.316227766017365,16,16,16,0.78125,0.749999999999375,0.314576434802948,0.316227766017365,-0.0312500000006255,-0.00165133121441752,FALSE,FALSE,-0.0312500000006255,-0.0312500000006255,-0.00165133121441752,FALSE,FALSE,-0.0312500000006255,-0.0400000000008006,-0.00890572464542263
20,20,"National Issues Convention","nic1.t1att5","20:9544512::nic1.t1att5","9544512","20:9544512",0.833333333332777,0.777777777776944,0.297044262893663,0.255654996283416,18,18,18,0.833333333332777,0.777777777776944,0.297044262893663,0.255654996283416,-0.0555555555558336,0.0413892666102466,FALSE,TRUE,-0.0555555555558336,-0.0555555555558336,0.0413892666102466,FALSE,TRUE,-0.0555555555558336,-0.0666666666670448,0.139337034174814
20,20,"National Issues Convention","nic1.t1att5","20:9544513::nic1.t1att5","9544513","20:9544513",0.875,0.812499999999375,0.223606797749979,0.250000000000834,16,16,16,0.875,0.812499999999375,0.223606797749979,0.250000000000834,-0.0625000000006255,-0.026393202250855,FALSE,FALSE,-0.0625000000006255,-0.0625000000006255,-0.026393202250855,FALSE,FALSE,-0.0625000000006255,-0.0714285714292863,-0.0954915028155437
20,20,"National Issues Convention","nic1.t1att5","20:9544514::nic1.t1att5","9544514","20:9544514",0.843749999999687,0.781249999999062,0.301039864470188,0.256173769150089,16,16,16,0.843749999999687,0.781249999999062,0.301039864470188,0.256173769150089,-0.0625000000006255,0.0448660953200996,FALSE,TRUE,-0.0625000000006255,-0.0625000000006255,0.0448660953200996,FALSE,TRUE,-0.0625000000006255,-0.0740740740748429,0.149037056600664
20,20,"National Issues Convention","nic1.t1att5","20:9544515::nic1.t1att5","9544515","20:9544515",0.807692307692308,0.884615384615,0.253184841770917,0.219264504827489,13,13,13,0.807692307692308,0.884615384615,0.253184841770917,0.219264504827489,0.076923076922692,0.0339203369434279,TRUE,TRUE,0.076923076922692,0.076923076922692,0.0339203369434279,TRUE,TRUE,0.076923076922692,0.399999999997998,0.133974596212672
20,20,"National Issues Convention","nic1.t1att5","20:9544516::nic1.t1att5","9544516","20:9544516",0.833333333333333,0.766666666665666,0.243975018237133,0.319970236711986,15,15,15,0.833333333333333,0.766666666665666,0.243975018237133,0.319970236711986,-0.0666666666676675,-0.0759952184748525,FALSE,FALSE,-0.0666666666676675,-0.0666666666676675,-0.0759952184748525,FALSE,FALSE,-0.0666666666676675,-0.080000000001201,-0.296827356266507
20,20,"National Issues Convention","nic1.t1att5","20:9544517::nic1.t1att5","9544517","20:9544517",0.821428571428571,0.785714285713928,0.316661846888325,0.256776295506976,14,14,14,0.821428571428571,0.785714285713928,0.316661846888325,0.256776295506976,-0.0357142857146431,0.0598855513813494,FALSE,TRUE,-0.0357142857146431,-0.0357142857146431,0.0598855513813494,FALSE,TRUE,-0.0357142857146431,-0.0434782608700003,0.189115145919264
20,20,"National Issues Convention","nic1.t1att5","20:9544518::nic1.t1att5","9544518","20:9544518",0.823529411764706,0.764705882352058,0.303169531295416,0.257247877714729,17,17,17,0.823529411764706,0.764705882352058,0.303169531295416,0.257247877714729,-0.0588235294126477,0.0459216535806875,FALSE,TRUE,-0.0588235294126477,-0.0588235294126477,0.0459216535806875,FALSE,TRUE,-0.0588235294126477,-0.0714285714296436,0.151471862572958
20,20,"National Issues Convention","nic1.t1att5","20:9544519::nic1.t1att5","9544519","20:9544519",0.911764705882353,0.764705882351469,0.196476311998344,0.257247877715372,17,17,17,0.911764705882353,0.764705882351469,0.196476311998344,0.257247877715372,-0.147058823530884,-0.0607715657170284,FALSE,FALSE,-0.147058823530884,-0.147058823530884,-0.0607715657170284,FALSE,FALSE,-0.147058823530884,-0.161290322582259,-0.200220174303815
20,20,"National Issues Convention","nic1.t1att5","20:9544520::nic1.t1att5","9544520","20:9544520",0.8571428571425,0.785714285712141,0.234403615469834,0.256776295509118,14,14,14,0.8571428571425,0.785714285712141,0.234403615469834,0.256776295509118,-0.0714285714303585,-0.0223726800392833,FALSE,FALSE,-0.0714285714303585,-0.0714285714303585,-0.0223726800392833,FALSE,FALSE,-0.0714285714303585,-0.083333333335453,-0.0842356347540653
20,20,"National Issues Convention","nic1.t1att5","20:9544521::nic1.t1att5","9544521","20:9544521",0.65625,0.687499999999687,0.39660013447636,0.309569593683647,16,16,16,0.65625,0.687499999999687,0.39660013447636,0.309569593683647,0.0312499999996873,0.0870305407927126,TRUE,TRUE,0.0312499999996873,0.0312499999996873,0.0870305407927126,TRUE,TRUE,0.0312499999996873,0.0909090909081811,0.219441531222931
20,20,"National Issues Convention","nic1.t1att5","20:9544522::nic1.t1att5","9544522","20:9544522",0.884615384615385,0.961538461538077,0.219264504826757,0.138675049057695,13,13,13,0.884615384615385,0.961538461538077,0.219264504826757,0.138675049057695,0.0769230769226921,0.0805894557690622,TRUE,TRUE,0.0769230769226921,0.0769230769226921,0.0805894557690622,TRUE,TRUE,0.0769230769226921,0.666666666663331,0.367544467959995
20,20,"National Issues Convention","nic1.t1att5","20:9544523::nic1.t1att5","9544523","20:9544523",0.791666666665416,0.91666666666625,0.257464325273765,0.194624736041355,12,12,12,0.791666666665416,0.91666666666625,0.257464325273765,0.194624736041355,0.125000000000834,0.06283958923241,TRUE,TRUE,0.125000000000834,0.125000000000834,0.06283958923241,TRUE,TRUE,0.125000000000834,0.6000000000004,0.244071053982302
20,20,"National Issues Convention","nic1.t1att5","20:9544524::nic1.t1att5","9544524","20:9544524",0.794117647058823,0.73529411764647,0.253649828097946,0.31213213642387,17,17,17,0.794117647058823,0.73529411764647,0.253649828097946,0.31213213642387,-0.0588235294123534,-0.0584823083259243,FALSE,FALSE,-0.0588235294123534,-0.0588235294123534,-0.0584823083259243,FALSE,FALSE,-0.0588235294123534,-0.0740740740748154,-0.237395037618144
20,20,"National Issues Convention","nic1.t1att5","20:9544525::nic1.t1att5","9544525","20:9544525",0.866666666666333,0.766666666665666,0.228868854109104,0.258198889748269,15,15,15,0.866666666666333,0.766666666665666,0.228868854109104,0.258198889748269,-0.100000000000667,-0.0293300356391643,FALSE,FALSE,-0.100000000000667,-0.100000000000667,-0.0293300356391643,FALSE,FALSE,-0.100000000000667,-0.11538461538543,-0.108176563569597
20,20,"National Issues Convention","nic1.t1att5","20:9544526::nic1.t1att5","9544526","20:9544526",0.916666666666667,0.777777777776388,0.191741247211843,0.307849381728928,18,18,18,0.916666666666667,0.777777777776388,0.191741247211843,0.307849381728928,-0.138888888890279,-0.116108134517085,FALSE,FALSE,-0.138888888890279,-0.138888888890279,-0.116108134517085,FALSE,FALSE,-0.138888888890279,-0.151515151516668,-0.376658029875561
20,20,"National Issues Convention","nic1.t1att5","20:9544527::nic1.t1att5","9544527","20:9544527",0.833333333332916,0.874999999998749,0.246182981959281,0.226133508435586,12,12,12,0.833333333332916,0.874999999998749,0.246182981959281,0.226133508435586,0.0416666666658326,0.0200494735236956,TRUE,TRUE,0.0416666666658326,0.0416666666658326,0.0200494735236956,TRUE,TRUE,0.0416666666658326,0.24999999999437,0.0814413464494136
20,20,"National Issues Convention","nic1.t1att5","20:9544528::nic1.t1att5","9544528","20:9544528",0.899999999999333,0.899999999999666,0.207019667804088,0.207019667803397,15,15,15,0.899999999999333,0.899999999999666,0.207019667804088,0.207019667803397,0,6.90614232468079e-13,FALSE,FALSE,3.3362201889986e-13,0,6.90614232468079e-13,FALSE,FALSE,3.3362201889986e-13,0,3.33598367630287e-12
20,20,"National Issues Convention","nic1.t1att5","20:9544529::nic1.t1att5","9544529","20:9544529",0.892857142856785,0.857142857141785,0.21290765681387,0.234403615471007,14,14,14,0.892857142856785,0.857142857141785,0.21290765681387,0.234403615471007,-0.0357142857150006,-0.0214959586571368,FALSE,FALSE,-0.0357142857150006,-0.0357142857150006,-0.0214959586571368,FALSE,FALSE,-0.0357142857150006,-0.0400000000008167,-0.0748747194668317
20,20,"National Issues Convention","nic1.t1att5","20:9544530::nic1.t1att5","9544530","20:9544530",0.866666666666667,0.833333333333,0.296808419852332,0.243975018237622,15,15,15,0.866666666666667,0.833333333333,0.296808419852332,0.243975018237622,-0.033333333333667,0.0528334016147102,FALSE,TRUE,-0.033333333333667,-0.033333333333667,0.0528334016147102,FALSE,TRUE,-0.033333333333667,-0.0384615384619234,0.178005063471568
20,20,"National Issues Convention","nic1.t1att6","20:9544501::nic1.t1att6","9544501","20:9544501",0.499999999999687,0.531249999999062,0.316227766016838,0.286865241301084,16,16,16,0.499999999999687,0.531249999999062,0.316227766016838,0.286865241301084,NA,0.0293625247157538,NA,TRUE,0.031249999998749,NA,0.0293625247157538,NA,TRUE,0.031249999998749,NA,0.0928524559547701
20,20,"National Issues Convention","nic1.t1att6","20:9544502::nic1.t1att6","9544502","20:9544502",0.333333333332333,0.366666666666333,0.308606699923605,0.296808419852171,15,15,15,0.333333333332333,0.366666666666333,0.308606699923605,0.296808419852171,-0.0333333333340005,0.0117982800714335,FALSE,TRUE,-0.0333333333340005,-0.0333333333340005,0.0117982800714335,FALSE,TRUE,-0.0333333333340005,-0.0500000000009257,0.0382307969151485
20,20,"National Issues Convention","nic1.t1att6","20:9544503::nic1.t1att6","9544503","20:9544503",0.294117647058529,0.411764705881176,0.309173471200213,0.264297069935045,17,17,17,0.294117647058529,0.411764705881176,0.309173471200213,0.264297069935045,-0.117647058822646,0.0448764012651683,FALSE,TRUE,-0.117647058822646,-0.117647058822646,0.0448764012651683,FALSE,TRUE,-0.117647058822646,-0.166666666665346,0.145149585735664
20,20,"National Issues Convention","nic1.t1att6","20:9544504::nic1.t1att6","9544504","20:9544504",0.416666666665555,0.555555555554444,0.309173471200104,0.235702260395793,18,18,18,0.416666666665555,0.555555555554444,0.309173471200104,0.235702260395793,-0.138888888888889,0.0734712108043104,FALSE,TRUE,-0.0277777777800018,-0.138888888888889,0.0734712108043104,FALSE,TRUE,-0.0277777777800018,-0.238095238094784,0.237637500135832
20,20,"National Issues Convention","nic1.t1att6","20:9544505::nic1.t1att6","9544505","20:9544505",0.266666666666333,0.366666666665666,0.319970236710832,0.29680841985185,15,15,15,0.266666666666333,0.366666666665666,0.319970236710832,0.29680841985185,-0.0999999999993328,0.0231618168589814,FALSE,TRUE,-0.0999999999993328,-0.0999999999993328,0.0231618168589814,FALSE,TRUE,-0.0999999999993328,-0.136363636362665,0.0723874104575345
20,20,"National Issues Convention","nic1.t1att6","20:9544506::nic1.t1att6","9544506","20:9544506",0.333333333333055,0.361111111109999,0.342997170284875,0.230444299480529,18,18,18,0.333333333333055,0.361111111109999,0.342997170284875,0.230444299480529,-0.0277777777769437,0.112552870804346,FALSE,TRUE,-0.0277777777769437,-0.0277777777769437,0.112552870804346,FALSE,TRUE,-0.0277777777769437,-0.0416666666653982,0.328145187643576
20,20,"National Issues Convention","nic1.t1att6","20:9544507::nic1.t1att6","9544507","20:9544507",0.399999999999666,0.466666666664665,0.387298334620649,0.296808419852091,15,15,15,0.399999999999666,0.466666666664665,0.387298334620649,0.296808419852091,-0.0666666666649987,0.0904899147685583,FALSE,TRUE,-0.0666666666649987,-0.0666666666649987,0.0904899147685583,FALSE,TRUE,-0.0666666666649987,-0.111111111108269,0.233643955265626
20,20,"National Issues Convention","nic1.t1att6","20:9544508::nic1.t1att6","9544508","20:9544508",0.305555555555,0.305555555555,0.250815662851819,0.303842494456716,18,18,18,0.305555555555,0.305555555555,0.250815662851819,0.303842494456716,0,-0.0530268316048974,FALSE,FALSE,0,0,-0.0530268316048974,FALSE,FALSE,0,0,-0.212801623937399
20,20,"National Issues Convention","nic1.t1att6","20:9544509::nic1.t1att6","9544509","20:9544509",0.361111111110555,0.388888888887777,0.3345565790341,0.274159440276181,18,18,18,0.361111111110555,0.388888888887777,0.3345565790341,0.274159440276181,-0.0277777777772218,0.0603971387579188,FALSE,TRUE,-0.0277777777772218,-0.0277777777772218,0.0603971387579188,FALSE,TRUE,-0.0277777777772218,-0.0434782608686571,0.180528922588495
20,20,"National Issues Convention","nic1.t1att6","20:9544510::nic1.t1att6","9544510","20:9544510",0.384615384615385,0.461538461537692,0.219264504826757,0.320256307610074,13,13,13,0.384615384615385,0.461538461537692,0.219264504826757,0.320256307610074,-0.076923076922307,-0.100991802783317,FALSE,FALSE,-0.076923076922307,-0.076923076922307,-0.100991802783317,FALSE,FALSE,-0.076923076922307,-0.124999999998749,-0.359740056101543
20,20,"National Issues Convention","nic1.t1att6","20:9544511::nic1.t1att6","9544511","20:9544511",0.5625,0.531249999999375,0.35939764421413,0.286865241301048,16,16,16,0.5625,0.531249999999375,0.35939764421413,0.286865241301048,-0.0312500000006255,0.0725324029130827,FALSE,TRUE,-0.0312500000006255,-0.0312500000006255,0.0725324029130827,FALSE,TRUE,-0.0312500000006255,-0.0555555555566676,0.201816578602467
20,20,"National Issues Convention","nic1.t1att6","20:9544512::nic1.t1att6","9544512","20:9544512",0.388888888888333,0.388888888888055,0.366042249070301,0.2741594402763,18,18,18,0.388888888888333,0.388888888888055,0.366042249070301,0.2741594402763,0,0.0918828087940009,FALSE,TRUE,2.77999845366139e-13,0,0.0918828087940009,FALSE,TRUE,2.77999845366139e-13,0,0.251016949620901
20,20,"National Issues Convention","nic1.t1att6","20:9544513::nic1.t1att6","9544513","20:9544513",0.468749999999687,0.437499999999375,0.340036762718355,0.249999999999833,16,16,16,0.468749999999687,0.437499999999375,0.340036762718355,0.249999999999833,0.0312500000003127,0.0900367627185222,TRUE,TRUE,0.0312500000003127,0.0312500000003127,0.0900367627185222,TRUE,TRUE,0.0312500000003127,0.0666666666673783,0.264785377906617
20,20,"National Issues Convention","nic1.t1att6","20:9544514::nic1.t1att6","9544514","20:9544514",0.374999999999687,0.437499999999062,0.341565025531865,0.24999999999975,16,16,16,0.374999999999687,0.437499999999062,0.341565025531865,0.24999999999975,-0.0624999999993745,0.0915650255321148,FALSE,TRUE,-0.0624999999993745,-0.0624999999993745,0.0915650255321148,FALSE,TRUE,-0.0624999999993745,-0.0999999999989492,0.268074945289071
20,20,"National Issues Convention","nic1.t1att6","20:9544515::nic1.t1att6","9544515","20:9544515",0.346153846153846,0.423076923076153,0.315212585978058,0.344368615860411,13,13,13,0.346153846153846,0.423076923076153,0.315212585978058,0.344368615860411,-0.0769230769223071,-0.0291560298823533,FALSE,FALSE,-0.0769230769223071,-0.0769230769223071,-0.0291560298823533,FALSE,FALSE,-0.0769230769223071,-0.117647058822352,-0.157781470327255
20,20,"National Issues Convention","nic1.t1att6","20:9544516::nic1.t1att6","9544516","20:9544516",0.2,0.466666666665666,0.316227766016838,0.351865775274397,15,15,15,0.2,0.466666666665666,0.316227766016838,0.351865775274397,-0.266666666665666,-0.0356380092575588,FALSE,FALSE,-0.266666666665666,-0.266666666665666,-0.0356380092575588,FALSE,FALSE,-0.266666666665666,-0.333333333332082,-0.193924884543898
20,20,"National Issues Convention","nic1.t1att6","20:9544517::nic1.t1att6","9544517","20:9544517",0.499999999999643,0.535714285713928,0.339683110243379,0.307863963107486,14,14,14,0.499999999999643,0.535714285713928,0.339683110243379,0.307863963107486,NA,0.0318191471358931,NA,TRUE,0.0357142857135709,NA,0.0318191471358931,NA,TRUE,0.0357142857135709,NA,0.0936730328249029
20,20,"National Issues Convention","nic1.t1att6","20:9544518::nic1.t1att6","9544518","20:9544518",0.411764705882059,0.382352941175588,0.363803437554424,0.281147857268801,17,17,17,0.411764705882059,0.382352941175588,0.363803437554424,0.281147857268801,0.0294117647064711,0.0826555802856227,TRUE,TRUE,0.0294117647064711,0.0294117647064711,0.0826555802856227,TRUE,TRUE,0.0294117647064711,0.0714285714300522,0.227198458709609
20,20,"National Issues Convention","nic1.t1att6","20:9544519::nic1.t1att6","9544519","20:9544519",0.264705882352352,0.294117647057352,0.312132136422927,0.30917347119938,17,17,17,0.264705882352352,0.294117647057352,0.312132136422927,0.30917347119938,-0.0294117647049993,0.00295866522354754,FALSE,TRUE,-0.0294117647049993,-0.0294117647049993,0.00295866522354754,FALSE,TRUE,-0.0294117647049993,-0.039999999998767,0.00947888691454269
20,20,"National Issues Convention","nic1.t1att6","20:9544520::nic1.t1att6","9544520","20:9544520",0.3571428571425,0.535714285712141,0.36313651960113,0.237315573275009,14,14,14,0.3571428571425,0.535714285712141,0.36313651960113,0.237315573275009,-0.178571428569641,0.125820946326121,FALSE,TRUE,-0.107142857145359,-0.178571428569641,0.125820946326121,FALSE,TRUE,-0.107142857145359,-0.277777777774843,0.346483869108849
20,20,"National Issues Convention","nic1.t1att6","20:9544521::nic1.t1att6","9544521","20:9544521",0.4375,0.499999999999375,0.309569593683445,0.258198889747161,16,16,16,0.4375,0.499999999999375,0.309569593683445,0.258198889747161,-0.0624999999993745,0.0513707039362841,FALSE,TRUE,-0.0624999999993745,-0.0624999999993745,0.0513707039362841,FALSE,TRUE,-0.0624999999993745,-0.111111111109999,0.165942343771701
20,20,"National Issues Convention","nic1.t1att6","20:9544522::nic1.t1att6","9544522","20:9544522",0.423076923076923,0.384615384615,0.277350098112615,0.219264504826538,13,13,13,0.423076923076923,0.384615384615,0.277350098112615,0.219264504826538,0.0384615384619234,0.0580855932860767,TRUE,TRUE,0.0384615384619234,0.0384615384619234,0.0580855932860767,TRUE,TRUE,0.0384615384619234,0.0909090909100008,0.209430584958696
20,20,"National Issues Convention","nic1.t1att6","20:9544523::nic1.t1att6","9544523","20:9544523",0.374999999999583,0.41666666666625,0.376889180722054,0.41742355496827,12,12,12,0.374999999999583,0.41666666666625,0.376889180722054,0.41742355496827,-0.0416666666666666,-0.0405343742462164,FALSE,FALSE,-0.0416666666666666,-0.0416666666666666,-0.0405343742462164,FALSE,FALSE,-0.0416666666666666,-0.0666666666666221,-0.329251112810015
20,20,"National Issues Convention","nic1.t1att6","20:9544524::nic1.t1att6","9544524","20:9544524",0.323529411764706,0.35294117647,0.35094410481711,0.34299717028475,17,17,17,0.323529411764706,0.35294117647,0.35094410481711,0.34299717028475,-0.0294117647052937,0.00794693453236001,FALSE,TRUE,-0.0294117647052937,-0.0294117647052937,0.00794693453236001,FALSE,TRUE,-0.0294117647052937,-0.043478260868695,0.0226444451503223
20,20,"National Issues Convention","nic1.t1att6","20:9544525::nic1.t1att6","9544525","20:9544525",0.433333333333,0.433333333332333,0.319970236711018,0.319970236710869,15,15,15,0.433333333333,0.433333333332333,0.319970236711018,0.319970236710869,0,1.48880907602233e-13,FALSE,FALSE,6.67188526648488e-13,0,1.48880907602233e-13,FALSE,FALSE,6.67188526648488e-13,0,4.65296113577888e-13
20,20,"National Issues Convention","nic1.t1att6","20:9544526::nic1.t1att6","9544526","20:9544526",0.361111111110555,0.472222222220832,0.413221047366618,0.362678849276239,18,18,18,0.361111111110555,0.472222222220832,0.413221047366618,0.362678849276239,-0.111111111110277,0.0505421980903791,FALSE,TRUE,-0.111111111110277,-0.111111111110277,0.0505421980903791,FALSE,TRUE,-0.111111111110277,-0.173913043476804,0.122312738938337
20,20,"National Issues Convention","nic1.t1att6","20:9544527::nic1.t1att6","9544527","20:9544527",0.333333333332916,0.416666666665416,0.325669473639232,0.194624736039796,12,12,12,0.333333333332916,0.416666666665416,0.325669473639232,0.194624736039796,-0.0833333333324993,0.131044737599436,FALSE,TRUE,-0.0833333333324993,-0.0833333333324993,0.131044737599436,FALSE,TRUE,-0.0833333333324993,-0.124999999998671,0.40238569533417
20,20,"National Issues Convention","nic1.t1att6","20:9544528::nic1.t1att6","9544528","20:9544528",0.333333333332333,0.566666666666333,0.243975018236401,0.319970236711167,15,15,15,0.333333333332333,0.566666666666333,0.243975018236401,0.319970236711167,-0.233333333334,-0.075995218474766,FALSE,FALSE,-0.100000000001334,-0.233333333334,-0.075995218474766,FALSE,FALSE,-0.100000000001334,-0.350000000000475,-0.29682735626532
20,20,"National Issues Convention","nic1.t1att6","20:9544529::nic1.t1att6","9544529","20:9544529",0.392857142855713,0.464285714284642,0.28946711176035,0.365022955773573,14,14,14,0.392857142855713,0.464285714284642,0.28946711176035,0.365022955773573,-0.0714285714289289,-0.0755558440132231,FALSE,FALSE,-0.0714285714289289,-0.0714285714289289,-0.0755558440132231,FALSE,FALSE,-0.0714285714289289,-0.117647058823841,-0.35887905516794
20,20,"National Issues Convention","nic1.t1att6","20:9544530::nic1.t1att6","9544530","20:9544530",0.299999999999666,0.533333333333,0.316227766016612,0.296808419852372,15,15,15,0.299999999999666,0.533333333333,0.316227766016612,0.296808419852372,-0.233333333333333,0.0194193461642399,FALSE,TRUE,-0.166666666667334,-0.233333333333333,0.0194193461642399,FALSE,TRUE,-0.166666666667334,-0.333333333333174,0.0614093645502962
20,20,"National Issues Convention","nic1.t1att7","20:9544501::nic1.t1att7","9544501","20:9544501",0.187499999999687,0.249999999999062,0.309569593683108,0.316227766016047,16,16,16,0.187499999999687,0.249999999999062,0.309569593683108,0.316227766016047,-0.0624999999993745,-0.00665817233293831,FALSE,FALSE,-0.0624999999993745,-0.0624999999993745,-0.00665817233293831,FALSE,FALSE,-0.0624999999993745,-0.0769230769222775,-0.0349638088880542
20,20,"National Issues Convention","nic1.t1att7","20:9544502::nic1.t1att7","9544502","20:9544502",0.233333333331332,0.266666666666333,0.258198889744946,0.258198889746838,15,15,15,0.233333333331332,0.266666666666333,0.258198889744946,0.258198889746838,-0.0333333333350013,-1.8918755451125e-12,FALSE,FALSE,-0.0333333333350013,-0.0333333333350013,-1.8918755451125e-12,FALSE,FALSE,-0.0333333333350013,-0.0434782608716273,-7.82409784271434e-12
20,20,"National Issues Convention","nic1.t1att7","20:9544503::nic1.t1att7","9544503","20:9544503",0.235294117645881,0.352941176469116,0.257247877712476,0.293933766047845,17,17,17,0.235294117645881,0.352941176469116,0.257247877712476,0.293933766047845,-0.117647058823235,-0.0366858883353694,FALSE,FALSE,-0.117647058823235,-0.117647058823235,-0.0366858883353694,FALSE,FALSE,-0.117647058823235,-0.153846153845532,-0.151124892296173
20,20,"National Issues Convention","nic1.t1att7","20:9544504::nic1.t1att7","9544504","20:9544504",0.277777777775832,0.277777777776666,0.307849381726112,0.255654996281433,18,18,18,0.277777777775832,0.277777777776666,0.307849381726112,0.255654996281433,0,0.0521943854446789,FALSE,TRUE,-8.33999536098418e-13,0,0.0521943854446789,FALSE,TRUE,-8.33999536098418e-13,0,0.169545201461912
20,20,"National Issues Convention","nic1.t1att7","20:9544505::nic1.t1att7","9544505","20:9544505",0.0666666666663331,0.199999999998999,0.175932887636369,0.253546276417286,15,15,15,0.0666666666663331,0.199999999998999,0.175932887636369,0.253546276417286,-0.133333333332666,-0.0776133887809174,FALSE,FALSE,-0.133333333332666,-0.133333333332666,-0.0776133887809174,FALSE,FALSE,-0.133333333332666,-0.142857142856377,-0.239497887381514
20,20,"National Issues Convention","nic1.t1att7","20:9544506::nic1.t1att7","9544506","20:9544506",0.222222222221388,0.333333333331943,0.255654996281497,0.242535625035322,18,18,18,0.222222222221388,0.333333333331943,0.255654996281497,0.242535625035322,-0.111111111110555,0.0131193712461757,FALSE,TRUE,-0.111111111110555,-0.111111111110555,0.0131193712461757,FALSE,TRUE,-0.111111111110555,-0.142857142856275,0.0513167019498817
20,20,"National Issues Convention","nic1.t1att7","20:9544507::nic1.t1att7","9544507","20:9544507",0.233333333332666,0.333333333331332,0.319970236710496,0.243975018235668,15,15,15,0.233333333332666,0.333333333331332,0.319970236710496,0.243975018235668,-0.0999999999986656,0.0759952184748282,FALSE,TRUE,-0.0999999999986656,-0.0999999999986656,0.0759952184748282,FALSE,TRUE,-0.0999999999986656,-0.130434782606842,0.237507148340136
20,20,"National Issues Convention","nic1.t1att7","20:9544508::nic1.t1att7","9544508","20:9544508",0.277777777777222,0.277777777776944,0.307849381727175,0.255654996281689,18,18,18,0.277777777777222,0.277777777776944,0.307849381727175,0.255654996281689,0,0.0521943854454854,FALSE,TRUE,2.77999845366139e-13,0,0.0521943854454854,FALSE,TRUE,2.77999845366139e-13,0,0.169545201463947
20,20,"National Issues Convention","nic1.t1att7","20:9544509::nic1.t1att7","9544509","20:9544509",0.249999999999722,0.388888888888055,0.257247877713477,0.2741594402763,18,18,18,0.249999999999722,0.388888888888055,0.257247877713477,0.2741594402763,-0.138888888888333,-0.0169115625628231,FALSE,FALSE,-0.138888888888333,-0.138888888888333,-0.0169115625628231,FALSE,FALSE,-0.138888888888333,-0.185185185184375,-0.0696659720357137
20,20,"National Issues Convention","nic1.t1att7","20:9544510::nic1.t1att7","9544510","20:9544510",0.230769230769231,0.423076923076153,0.259437260831385,0.344368615860411,13,13,13,0.230769230769231,0.423076923076153,0.259437260831385,0.344368615860411,-0.192307692306922,-0.0849313550290255,FALSE,FALSE,-0.192307692306922,-0.192307692306922,-0.0849313550290255,FALSE,FALSE,-0.192307692306922,-0.249999999998999,-0.353052826562204
20,20,"National Issues Convention","nic1.t1att7","20:9544511::nic1.t1att7","9544511","20:9544511",0.249999999999687,0.312499999999375,0.316227766016574,0.2499999999995,16,16,16,0.249999999999687,0.312499999999375,0.316227766016574,0.2499999999995,-0.0624999999996873,0.0662277660170746,FALSE,TRUE,-0.0624999999996873,-0.0624999999996873,0.0662277660170746,FALSE,TRUE,-0.0624999999996873,-0.0833333333328816,0.209430584958828
20,20,"National Issues Convention","nic1.t1att7","20:9544512::nic1.t1att7","9544512","20:9544512",0.222222222221944,0.333333333332499,0.352396093247051,0.297044262892507,18,18,18,0.222222222221944,0.333333333332499,0.352396093247051,0.297044262892507,-0.111111111110555,0.055351830354544,FALSE,TRUE,-0.111111111110555,-0.111111111110555,0.055351830354544,FALSE,TRUE,-0.111111111110555,-0.142857142856377,0.157072769577326
20,20,"National Issues Convention","nic1.t1att7","20:9544513::nic1.t1att7","9544513","20:9544513",0.343749999999687,0.406249999999375,0.301039864469634,0.201556443707153,16,16,16,0.343749999999687,0.406249999999375,0.301039864469634,0.201556443707153,-0.0624999999996873,0.0994834207624808,FALSE,TRUE,-0.0624999999996873,-0.0624999999996873,0.0994834207624808,FALSE,TRUE,-0.0624999999996873,-0.0952380952375733,0.33046593658866
20,20,"National Issues Convention","nic1.t1att7","20:9544514::nic1.t1att7","9544514","20:9544514",0.187499999998749,0.406249999999062,0.249999999998332,0.201556443706998,16,16,16,0.187499999998749,0.406249999999062,0.249999999998332,0.201556443706998,-0.218750000000313,0.0484435562913338,FALSE,TRUE,-0.218750000000313,-0.218750000000313,0.0484435562913338,FALSE,TRUE,-0.218750000000313,-0.26923076923074,0.193774225166628
20,20,"National Issues Convention","nic1.t1att7","20:9544515::nic1.t1att7","9544515","20:9544515",0.230769230769231,0.269230769229999,0.388125012903092,0.259437260830644,13,13,13,0.230769230769231,0.269230769229999,0.388125012903092,0.259437260830644,-0.0384615384607686,0.128687752072449,FALSE,TRUE,-0.0384615384607687,-0.0384615384607686,0.128687752072449,FALSE,TRUE,-0.0384615384607687,-0.0499999999989992,0.33156263521872
20,20,"National Issues Convention","nic1.t1att7","20:9544516::nic1.t1att7","9544516","20:9544516",0.266666666665999,0.466666666665666,0.371611676478154,0.228868854108376,15,15,15,0.266666666665999,0.466666666665666,0.371611676478154,0.228868854108376,-0.199999999999666,0.142742822369779,FALSE,TRUE,-0.199999999999666,-0.199999999999666,0.142742822369779,FALSE,TRUE,-0.199999999999666,-0.27272727272657,0.384118237948237
20,20,"National Issues Convention","nic1.t1att7","20:9544517::nic1.t1att7","9544517","20:9544517",0.214285714285357,0.249999999999643,0.256776295506119,0.259437260831015,14,14,14,0.214285714285357,0.249999999999643,0.256776295506119,0.259437260831015,-0.0357142857142857,-0.00266096532489513,FALSE,FALSE,-0.0357142857142858,-0.0357142857142857,-0.00266096532489513,FALSE,FALSE,-0.0357142857142858,-0.0454545454545248,-0.0109404029119295
20,20,"National Issues Convention","nic1.t1att7","20:9544518::nic1.t1att7","9544518","20:9544518",0.294117647058824,0.470588235293235,0.309173471200421,0.277859465113006,17,17,17,0.294117647058824,0.470588235293235,0.309173471200421,0.277859465113006,-0.176470588234411,0.0313140060874148,FALSE,TRUE,-0.176470588234411,-0.176470588234411,0.0313140060874148,FALSE,TRUE,-0.176470588234411,-0.249999999998749,0.101282965727404
20,20,"National Issues Convention","nic1.t1att7","20:9544519::nic1.t1att7","9544519","20:9544519",0.205882352940588,0.294117647057352,0.253649828097221,0.253649828096677,17,17,17,0.205882352940588,0.294117647057352,0.253649828097221,0.253649828096677,-0.088235294116764,5.43953770915095e-13,FALSE,FALSE,-0.088235294116764,-0.088235294116764,5.43953770915095e-13,FALSE,FALSE,-0.088235294116764,-0.111111111109917,2.14450675955753e-12
20,20,"National Issues Convention","nic1.t1att7","20:9544520::nic1.t1att7","9544520","20:9544520",0.285714285713928,0.357142857140713,0.377964473009009,0.23440361546784,14,14,14,0.285714285713928,0.357142857140713,0.377964473009009,0.23440361546784,-0.0714285714267843,0.143560857541169,FALSE,TRUE,-0.0714285714267843,-0.0714285714267843,0.143560857541169,FALSE,TRUE,-0.0714285714267843,-0.099999999997448,0.379826327057324
20,20,"National Issues Convention","nic1.t1att7","20:9544521::nic1.t1att7","9544521","20:9544521",0.187499999999687,0.374999999999687,0.249999999999583,0.288675134594668,16,16,16,0.187499999999687,0.374999999999687,0.249999999999583,0.288675134594668,-0.1875,-0.0386751345950854,FALSE,FALSE,-0.1875,-0.1875,-0.0386751345950854,FALSE,FALSE,-0.1875,-0.230769230769142,-0.154700538380084
20,20,"National Issues Convention","nic1.t1att7","20:9544522::nic1.t1att7","9544522","20:9544522",0.269230769230769,0.384615384615,0.330112645886762,0.299572344757478,13,13,13,0.269230769230769,0.384615384615,0.330112645886762,0.299572344757478,-0.11538461538423,0.030540301129284,FALSE,TRUE,-0.11538461538423,-0.11538461538423,0.030540301129284,FALSE,TRUE,-0.11538461538423,-0.157894736841578,0.0925147870274564
20,20,"National Issues Convention","nic1.t1att7","20:9544523::nic1.t1att7","9544523","20:9544523",0.416666666665416,0.41666666666625,0.35887028128232,0.358870281282531,12,12,12,0.416666666665416,0.41666666666625,0.35887028128232,0.358870281282531,0,-2.11275441586167e-13,FALSE,FALSE,-8.33944024947186e-13,0,-2.11275441586167e-13,FALSE,FALSE,-8.33944024947186e-13,0,-1.49703013302824e-12
20,20,"National Issues Convention","nic1.t1att7","20:9544524::nic1.t1att7","9544524","20:9544524",0.352941176470294,0.352941176469705,0.234834109156735,0.234834109156343,17,17,17,0.352941176470294,0.352941176469705,0.234834109156735,0.234834109156343,0,3.91714438663371e-13,FALSE,FALSE,5.88695758807489e-13,0,3.91714438663371e-13,FALSE,FALSE,5.88695758807489e-13,0,1.66804745728794e-12
20,20,"National Issues Convention","nic1.t1att7","20:9544525::nic1.t1att7","9544525","20:9544525",0.199999999999333,0.299999999998999,0.31622776601616,0.31622776601616,15,15,15,0.199999999999333,0.299999999998999,0.31622776601616,0.31622776601616,-0.0999999999996664,0,FALSE,FALSE,-0.0999999999996664,-0.0999999999996664,0,FALSE,FALSE,-0.0999999999996664,-0.124999999999479,0
20,20,"National Issues Convention","nic1.t1att7","20:9544526::nic1.t1att7","9544526","20:9544526",0.138888888888611,0.277777777776388,0.287256574979701,0.255654996281177,18,18,18,0.138888888888611,0.277777777776388,0.287256574979701,0.255654996281177,-0.138888888887777,0.0316015786985233,FALSE,TRUE,-0.138888888887777,-0.138888888887777,0.0316015786985233,FALSE,TRUE,-0.138888888887777,-0.161290322579302,0.110011681023337
20,20,"National Issues Convention","nic1.t1att7","20:9544527::nic1.t1att7","9544527","20:9544527",0.291666666664999,0.499999999998749,0.257464325270746,0.301511344577764,12,12,12,0.291666666664999,0.499999999998749,0.257464325270746,0.301511344577764,-0.20833333333375,-0.0440470193070174,FALSE,FALSE,-0.20833333333375,-0.20833333333375,-0.0440470193070174,FALSE,FALSE,-0.20833333333375,-0.29411764705872,-0.181610475886435
20,20,"National Issues Convention","nic1.t1att7","20:9544528::nic1.t1att7","9544528","20:9544528",0.299999999999333,0.199999999999666,0.316227766016386,0.253546276418132,15,15,15,0.299999999999333,0.199999999999666,0.316227766016386,0.253546276418132,0.0999999999996664,0.0626814895982538,TRUE,TRUE,0.0999999999996664,0.0999999999996664,0.0626814895982538,TRUE,TRUE,0.0999999999996664,0.333333333332963,0.198216274262918
20,20,"National Issues Convention","nic1.t1att7","20:9544529::nic1.t1att7","9544529","20:9544529",0.142857142856428,0.357142857141785,0.234403615468075,0.305624922750524,14,14,14,0.142857142856428,0.357142857141785,0.234403615468075,0.305624922750524,-0.214285714285357,-0.0712213072824488,FALSE,FALSE,-0.214285714285357,-0.214285714285357,-0.0712213072824488,FALSE,FALSE,-0.214285714285357,-0.249999999999375,-0.268156162622341
20,20,"National Issues Convention","nic1.t1att7","20:9544530::nic1.t1att7","9544530","20:9544530",0.166666666666333,0.466666666666333,0.308606699923798,0.296808419852292,15,15,15,0.166666666666333,0.466666666666333,0.308606699923798,0.296808419852292,-0.3,0.011798280071506,FALSE,TRUE,-0.3,-0.3,0.011798280071506,FALSE,TRUE,-0.3,-0.359999999999856,0.0382307969153595
20,20,"National Issues Convention","nic1.t1att8","20:9544501::nic1.t1att8","9544501","20:9544501",0.374999999999687,0.437499999999062,0.42817441928874,0.359397644213956,16,16,16,0.374999999999687,0.437499999999062,0.42817441928874,0.359397644213956,-0.0624999999993746,0.0687767750747839,FALSE,TRUE,-0.0624999999993746,-0.0624999999993746,0.0687767750747839,FALSE,TRUE,-0.0624999999993746,-0.0999999999989492,0.160627940335698
20,20,"National Issues Convention","nic1.t1att8","20:9544502::nic1.t1att8","9544502","20:9544502",0.299999999998999,0.399999999998999,0.368394198805921,0.280305955290311,15,15,15,0.299999999998999,0.399999999998999,0.368394198805921,0.280305955290311,-0.1,0.08808824351561,FALSE,TRUE,-0.1,-0.1,0.08808824351561,FALSE,TRUE,-0.1,-0.142857142856939,0.239114089747154
20,20,"National Issues Convention","nic1.t1att8","20:9544503::nic1.t1att8","9544503","20:9544503",0.235294117647059,0.352941176469411,0.312132136423399,0.342997170284481,17,17,17,0.235294117647059,0.352941176469411,0.312132136423399,0.342997170284481,-0.117647058822352,-0.0308650338610824,FALSE,FALSE,-0.117647058822352,-0.117647058822352,-0.0308650338610824,FALSE,FALSE,-0.117647058822352,-0.153846153844614,-0.164291184630934
20,20,"National Issues Convention","nic1.t1att8","20:9544504::nic1.t1att8","9544504","20:9544504",0.27777777777611,0.305555555554166,0.255654996280922,0.303842494456151,18,18,18,0.27777777777611,0.305555555554166,0.255654996280922,0.303842494456151,-0.0277777777780558,-0.0481874981752294,FALSE,FALSE,-0.0277777777780558,-0.0277777777780558,-0.0481874981752294,FALSE,FALSE,-0.0277777777780558,-0.0384615384618346,-0.197210900332671
20,20,"National Issues Convention","nic1.t1att8","20:9544505::nic1.t1att8","9544505","20:9544505",0.0666666666663331,0.166666666665666,0.175932887636369,0.243975018235668,15,15,15,0.0666666666663331,0.166666666665666,0.175932887636369,0.243975018235668,-0.0999999999993328,-0.0680421305992994,FALSE,FALSE,-0.0999999999993328,-0.0999999999993328,-0.0680421305992994,FALSE,FALSE,-0.0999999999993328,-0.107142857142104,-0.209963084816056
20,20,"National Issues Convention","nic1.t1att8","20:9544506::nic1.t1att8","9544506","20:9544506",0.416666666666111,0.499999999998888,0.392952623996563,0.342997170285018,18,18,18,0.416666666666111,0.499999999998888,0.392952623996563,0.342997170285018,-0.0833333333327774,0.0499554537115453,FALSE,TRUE,-0.0833333333327774,-0.0833333333327774,0.0499554537115453,FALSE,TRUE,-0.0833333333327774,-0.142857142856054,0.127128439055753
20,20,"National Issues Convention","nic1.t1att8","20:9544507::nic1.t1att8","9544507","20:9544507",0.133333333333333,0.399999999997998,0.296808419852332,0.280305955289929,15,15,15,0.133333333333333,0.399999999997998,0.296808419852332,0.280305955289929,-0.266666666664665,0.0165024645624028,FALSE,TRUE,-0.266666666664665,-0.266666666664665,0.0165024645624028,FALSE,TRUE,-0.266666666664665,-0.307692307689998,0.0555997183995425
20,20,"National Issues Convention","nic1.t1att8","20:9544508::nic1.t1att8","9544508","20:9544508",0.222222222221944,0.222222222221388,0.352396093247051,0.307849381726803,18,18,18,0.222222222221944,0.222222222221388,0.352396093247051,0.307849381726803,0,0.044546711520248,FALSE,TRUE,5.55999690732278e-13,0,0.044546711520248,FALSE,TRUE,5.55999690732278e-13,0,0.126410911964958
20,20,"National Issues Convention","nic1.t1att8","20:9544509::nic1.t1att8","9544509","20:9544509",0.333333333333333,0.388888888888055,0.383482494423685,0.323380833381474,18,18,18,0.333333333333333,0.388888888888055,0.383482494423685,0.323380833381474,-0.0555555555547215,0.0601016610422114,FALSE,TRUE,-0.0555555555547215,-0.0555555555547215,0.0601016610422114,FALSE,TRUE,-0.0555555555547215,-0.0833333333320823,0.156725957289224
20,20,"National Issues Convention","nic1.t1att8","20:9544510::nic1.t1att8","9544510","20:9544510",0.153846153846154,0.307692307691538,0.240192230707631,0.383973823893734,13,13,13,0.153846153846154,0.307692307691538,0.240192230707631,0.383973823893734,-0.153846153845384,-0.143781593186104,FALSE,FALSE,-0.153846153845384,-0.153846153845384,-0.143781593186104,FALSE,FALSE,-0.153846153845384,-0.181818181817272,-0.55341529461462
20,20,"National Issues Convention","nic1.t1att8","20:9544511::nic1.t1att8","9544511","20:9544511",0.281249999999687,0.281249999999062,0.314576434802716,0.256173769148135,16,16,16,0.281249999999687,0.281249999999062,0.314576434802716,0.256173769148135,0,0.0584026656545806,FALSE,TRUE,6.25499652073813e-13,0,0.0584026656545806,FALSE,TRUE,6.25499652073813e-13,0,0.185654928956161
20,20,"National Issues Convention","nic1.t1att8","20:9544512::nic1.t1att8","9544512","20:9544512",0.222222222222222,0.333333333332499,0.391911688064837,0.297044262892507,18,18,18,0.222222222222222,0.333333333332499,0.391911688064837,0.297044262892507,-0.111111111110277,0.09486742517233,FALSE,TRUE,-0.111111111110277,-0.111111111110277,0.09486742517233,FALSE,TRUE,-0.111111111110277,-0.142857142856071,0.242063271041397
20,20,"National Issues Convention","nic1.t1att8","20:9544513::nic1.t1att8","9544513","20:9544513",0.40625,0.499999999999375,0.375,0.365148371670111,16,16,16,0.40625,0.499999999999375,0.375,0.365148371670111,-0.0937499999993745,0.00985162832988928,FALSE,TRUE,-0.0937499999993745,-0.0937499999993745,0.00985162832988928,FALSE,TRUE,-0.0937499999993745,-0.157894736841052,0.0262710088797048
20,20,"National Issues Convention","nic1.t1att8","20:9544514::nic1.t1att8","9544514","20:9544514",0.156249999999375,0.374999999999062,0.239356776938126,0.22360679774942,16,16,16,0.156249999999375,0.374999999999062,0.239356776938126,0.22360679774942,-0.218749999999687,0.0157499791887067,FALSE,TRUE,-0.218749999999687,-0.218749999999687,0.0157499791887067,FALSE,TRUE,-0.218749999999687,-0.259259259258696,0.0658012670047697
20,20,"National Issues Convention","nic1.t1att8","20:9544515::nic1.t1att8","9544515","20:9544515",0.115384615384615,0.153846153845769,0.219264504826757,0.3152125859776,13,13,13,0.115384615384615,0.153846153845769,0.219264504826757,0.3152125859776,-0.0384615384611535,-0.0959480811508424,FALSE,FALSE,-0.0384615384611536,-0.0384615384611535,-0.0959480811508424,FALSE,FALSE,-0.0384615384611536,-0.0434782608691301,-0.341773957338856
20,20,"National Issues Convention","nic1.t1att8","20:9544516::nic1.t1att8","9544516","20:9544516",0.299999999999666,0.533333333332333,0.36839419880631,0.296808419852452,15,15,15,0.299999999999666,0.533333333332333,0.36839419880631,0.296808419852452,-0.233333333332666,0.0715857789538573,FALSE,TRUE,-0.166666666668001,-0.233333333332666,0.0715857789538573,FALSE,TRUE,-0.166666666668001,-0.333333333332221,0.194318420826966
20,20,"National Issues Convention","nic1.t1att8","20:9544517::nic1.t1att8","9544517","20:9544517",0.357142857142857,0.392857142856071,0.456936766731688,0.400891862868328,14,14,14,0.357142857142857,0.392857142856071,0.456936766731688,0.400891862868328,-0.0357142857132135,0.0560449038633597,FALSE,TRUE,-0.0357142857132135,-0.0357142857132135,0.0560449038633597,FALSE,TRUE,-0.0357142857132135,-0.0555555555538877,0.122653522202273
20,20,"National Issues Convention","nic1.t1att8","20:9544518::nic1.t1att8","9544518","20:9544518",0.264705882352941,0.29411764705794,0.35871502698972,0.309173471199796,17,17,17,0.264705882352941,0.29411764705794,0.35871502698972,0.309173471199796,-0.0294117647049993,0.0495415557899233,FALSE,TRUE,-0.0294117647049993,-0.0294117647049993,0.0495415557899233,FALSE,TRUE,-0.0294117647049993,-0.039999999998799,0.138108392630407
20,20,"National Issues Convention","nic1.t1att8","20:9544519::nic1.t1att8","9544519","20:9544519",0.205882352940882,0.352941176469116,0.309173471200124,0.293933766047845,17,17,17,0.205882352940882,0.352941176469116,0.309173471200124,0.293933766047845,-0.147058823528234,0.0152397051522783,FALSE,TRUE,-0.147058823528234,-0.147058823528234,0.0152397051522783,FALSE,TRUE,-0.147058823528234,-0.185185185183634,0.0492917619779022
20,20,"National Issues Convention","nic1.t1att8","20:9544520::nic1.t1att8","9544520","20:9544520",0.464285714285357,0.46428571428357,0.458437384126565,0.307863963107173,14,14,14,0.464285714285357,0.46428571428357,0.458437384126565,0.307863963107173,1.78707049158788e-12,0.150573421019392,TRUE,TRUE,1.78707049158788e-12,1.78707049158788e-12,0.150573421019392,TRUE,TRUE,1.78707049158788e-12,3.84907490496148e-12,0.328449263155689
20,20,"National Issues Convention","nic1.t1att8","20:9544521::nic1.t1att8","9544521","20:9544521",0.156249999999687,0.156249999999687,0.301039864469426,0.301039864469426,16,16,16,0.156249999999687,0.156249999999687,0.301039864469426,0.301039864469426,0,0,FALSE,FALSE,0,0,0,FALSE,FALSE,0,0,0
20,20,"National Issues Convention","nic1.t1att8","20:9544522::nic1.t1att8","9544522","20:9544522",0.423076923076923,0.384615384615,0.400320384512718,0.416025147168806,13,13,13,0.423076923076923,0.384615384615,0.400320384512718,0.416025147168806,0.0384615384619234,-0.0157047626560883,TRUE,FALSE,0.0384615384619234,0.0384615384619234,-0.0157047626560883,TRUE,FALSE,0.0384615384619234,0.0909090909100006,-0.157552400050059
20,20,"National Issues Convention","nic1.t1att8","20:9544523::nic1.t1att8","9544523","20:9544523",0.249999999999166,0.41666666666625,0.337099931230946,0.41742355496827,12,12,12,0.249999999999166,0.41666666666625,0.337099931230946,0.41742355496827,-0.166666666667084,-0.0803236237373238,FALSE,FALSE,-0.166666666667084,-0.166666666667084,-0.0803236237373238,FALSE,FALSE,-0.166666666667084,-0.222222222222531,-0.493085265981072
20,20,"National Issues Convention","nic1.t1att8","20:9544524::nic1.t1att8","9544524","20:9544524",0.352941176470588,0.323529411763823,0.385871816570645,0.350944104816638,17,17,17,0.352941176470588,0.323529411763823,0.385871816570645,0.350944104816638,0.0294117647067653,0.0349277117540072,TRUE,TRUE,0.0294117647067653,0.0294117647067653,0.0349277117540072,TRUE,TRUE,0.0294117647067653,0.0833333333358351,0.0905163586820616
20,20,"National Issues Convention","nic1.t1att8","20:9544525::nic1.t1att8","9544525","20:9544525",0.466666666666333,0.399999999998999,0.39940431835896,0.387298334620465,15,15,15,0.466666666666333,0.399999999998999,0.39940431835896,0.387298334620465,0.0666666666673338,0.0121059837384954,TRUE,TRUE,0.0666666666673338,0.0666666666673338,0.0121059837384954,TRUE,TRUE,0.0666666666673338,0.142857142858675,0.0303100972674393
20,20,"National Issues Convention","nic1.t1att8","20:9544526::nic1.t1att8","9544526","20:9544526",0.194444444444444,0.305555555553888,0.388772158017615,0.348901169592628,18,18,18,0.194444444444444,0.305555555553888,0.388772158017615,0.348901169592628,-0.111111111109443,0.0398709884249863,FALSE,TRUE,-0.111111111109443,-0.111111111109443,0.0398709884249863,FALSE,TRUE,-0.111111111109443,-0.137931034480688,0.102556182593661
20,20,"National Issues Convention","nic1.t1att8","20:9544527::nic1.t1att8","9544527","20:9544527",0.333333333332499,0.291666666665416,0.389249472080372,0.33427896170991,12,12,12,0.333333333332499,0.291666666665416,0.389249472080372,0.33427896170991,0.0416666666670837,0.0549705103704617,TRUE,TRUE,0.0416666666670837,0.0416666666670837,0.0549705103704617,TRUE,TRUE,0.0416666666670837,0.125000000001564,0.141221798135442
20,20,"National Issues Convention","nic1.t1att8","20:9544528::nic1.t1att8","9544528","20:9544528",0.166666666665666,0.199999999999333,0.308606699923026,0.368394198805922,15,15,15,0.166666666665666,0.199999999999333,0.308606699923026,0.368394198805922,-0.0333333333336669,-0.0597874988828959,FALSE,FALSE,-0.033333333333667,-0.0333333333336669,-0.0597874988828959,FALSE,FALSE,-0.033333333333667,-0.0400000000003523,-0.312380312470973
20,20,"National Issues Convention","nic1.t1att8","20:9544529::nic1.t1att8","9544529","20:9544529",0.464285714285357,0.535714285713213,0.458437384126565,0.414370965082472,14,14,14,0.464285714285357,0.535714285713213,0.458437384126565,0.414370965082472,-0.0714285714278566,0.0440664190440931,FALSE,TRUE,-1.42974521111228e-12,-0.0714285714278566,0.0440664190440931,FALSE,TRUE,-1.42974521111228e-12,-0.13333333333191,0.0961230924219899
20,20,"National Issues Convention","nic1.t1att8","20:9544530::nic1.t1att8","9544530","20:9544530",0.299999999999666,0.333333333332666,0.36839419880631,0.243975018236645,15,15,15,0.299999999999666,0.333333333332666,0.36839419880631,0.243975018236645,-0.0333333333329997,0.124419180569665,FALSE,TRUE,-0.0333333333329997,-0.0333333333329997,0.124419180569665,FALSE,TRUE,-0.0333333333329997,-0.0476190476185483,0.337733821468455
20,20,"National Issues Convention","nic1.t1att9","20:9544501::nic1.t1att9","9544501","20:9544501",0.687499999999062,0.749999999999062,0.309569593684051,0.25819888974813,16,16,16,0.687499999999062,0.749999999999062,0.309569593684051,0.25819888974813,0.0625,0.0513707039359211,TRUE,TRUE,0.0625,0.0625,0.0513707039359211,TRUE,TRUE,0.0625,0.1999999999994,0.165942343770204
20,20,"National Issues Convention","nic1.t1att9","20:9544502::nic1.t1att9","9544502","20:9544502",0.599999999998666,0.733333333332666,0.33806170189183,0.319970236711613,15,15,15,0.599999999998666,0.733333333332666,0.33806170189183,0.319970236711613,0.133333333334001,0.0180914651802161,TRUE,TRUE,0.133333333334001,0.133333333334001,0.0180914651802161,TRUE,TRUE,0.133333333334001,0.333333333333889,0.0535152756995966
20,20,"National Issues Convention","nic1.t1att9","20:9544503::nic1.t1att9","9544503","20:9544503",0.823529411763823,0.735294117645881,0.246296091537177,0.312132136424342,17,17,17,0.823529411763823,0.735294117645881,0.246296091537177,0.312132136424342,-0.0882352941179414,-0.065836044887165,FALSE,FALSE,-0.0882352941179414,-0.0882352941179414,-0.065836044887165,FALSE,FALSE,-0.0882352941179414,-0.107142857143329,-0.259499529534494
20,20,"National Issues Convention","nic1.t1att9","20:9544504::nic1.t1att9","9544504","20:9544504",0.638888888888055,0.527777777776944,0.375951950761385,0.362678849276419,18,18,18,0.638888888888055,0.527777777776944,0.375951950761385,0.362678849276419,-0.111111111111111,0.0132731014849664,FALSE,TRUE,-0.111111111111111,-0.111111111111111,0.0132731014849664,FALSE,TRUE,-0.111111111111111,-0.173913043478488,0.0353053135063814
20,20,"National Issues Convention","nic1.t1att9","20:9544505::nic1.t1att9","9544505","20:9544505",0.766666666666333,0.666666666665332,0.31997023671139,0.308606699924956,15,15,15,0.766666666666333,0.666666666665332,0.31997023671139,0.308606699924956,-0.100000000001001,0.0113635367864342,FALSE,TRUE,-0.100000000001001,-0.100000000001001,0.0113635367864342,FALSE,TRUE,-0.100000000001001,-0.130434782610058,0.0355143556576607
20,20,"National Issues Convention","nic1.t1att9","20:9544506::nic1.t1att9","9544506","20:9544506",0.722222222221944,0.638888888887777,0.352396093247469,0.28725657498064,18,18,18,0.722222222221944,0.638888888887777,0.352396093247469,0.28725657498064,-0.0833333333341674,0.0651395182668284,FALSE,TRUE,-0.0833333333341674,-0.0833333333341674,0.0651395182668284,FALSE,TRUE,-0.0833333333341674,-0.115384615385815,0.184847447275996
20,20,"National Issues Convention","nic1.t1att9","20:9544507::nic1.t1att9","9544507","20:9544507",0.666666666666667,0.599999999997998,0.408248290463863,0.338061701892041,15,15,15,0.666666666666667,0.599999999997998,0.408248290463863,0.338061701892041,-0.0666666666686683,0.070186588571822,FALSE,TRUE,-0.0666666666686683,-0.0666666666686683,0.070186588571822,FALSE,TRUE,-0.0666666666686683,-0.100000000003002,0.171921328787621
20,20,"National Issues Convention","nic1.t1att9","20:9544508::nic1.t1att9","9544508","20:9544508",0.638888888888611,0.638888888887777,0.287256574980213,0.230444299481948,18,18,18,0.638888888888611,0.638888888887777,0.287256574980213,0.230444299481948,0,0.0568122754982651,FALSE,TRUE,-8.33999536098418e-13,0,0.0568122754982651,FALSE,TRUE,-8.33999536098418e-13,0,0.197775370336357
20,20,"National Issues Convention","nic1.t1att9","20:9544509::nic1.t1att9","9544509","20:9544509",0.666666666666111,0.666666666665555,0.297044262893333,0.242535625037142,18,18,18,0.666666666666111,0.666666666665555,0.297044262893333,0.242535625037142,0,0.0545086378561905,FALSE,TRUE,-5.55999690732278e-13,0,0.0545086378561905,FALSE,TRUE,-5.55999690732278e-13,0,0.183503419070458
20,20,"National Issues Convention","nic1.t1att9","20:9544510::nic1.t1att9","9544510","20:9544510",0.615384615384615,0.615384615383846,0.416025147168922,0.362505526041258,13,13,13,0.615384615384615,0.615384615383846,0.416025147168922,0.362505526041258,0,0.0535196211276643,FALSE,TRUE,-7.69828645275084e-13,0,0.0535196211276643,FALSE,TRUE,-7.69828645275084e-13,0,0.1286451588128
20,20,"National Issues Convention","nic1.t1att9","20:9544511::nic1.t1att9","9544511","20:9544511",0.562499999999062,0.624999999999375,0.309569593683647,0.288675134595102,16,16,16,0.562499999999062,0.624999999999375,0.309569593683647,0.288675134595102,0.0625000000003127,0.0208944590885454,TRUE,TRUE,0.0625000000003127,0.0625000000003127,0.0208944590885454,TRUE,TRUE,0.0625000000003127,0.142857142857551,0.0674951917593614
20,20,"National Issues Convention","nic1.t1att9","20:9544512::nic1.t1att9","9544512","20:9544512",0.666666666666667,0.527777777776944,0.342997170285018,0.269652402734896,18,18,18,0.666666666666667,0.527777777776944,0.342997170285018,0.269652402734896,-0.138888888889723,0.0733447675501214,FALSE,TRUE,-0.138888888889723,-0.138888888889723,0.0733447675501214,FALSE,TRUE,-0.138888888889723,-0.208333333334584,0.213834905661684
20,20,"National Issues Convention","nic1.t1att9","20:9544513::nic1.t1att9","9544513","20:9544513",0.749999999999687,0.781249999999375,0.316227766017102,0.256173769149723,16,16,16,0.749999999999687,0.781249999999375,0.316227766017102,0.256173769149723,0.0312499999996873,0.0600539968673792,TRUE,TRUE,0.0312499999996873,0.0312499999996873,0.0600539968673792,TRUE,TRUE,0.0312499999996873,0.124999999998593,0.189907412697377
20,20,"National Issues Convention","nic1.t1att9","20:9544514::nic1.t1att9","9544514","20:9544514",0.593749999998749,0.593749999999062,0.417083125208373,0.271952814535024,16,16,16,0.593749999998749,0.593749999999062,0.417083125208373,0.271952814535024,0,0.14513031067335,FALSE,TRUE,3.12749826036907e-13,0,0.14513031067335,FALSE,TRUE,3.12749826036907e-13,0,0.347964954470031
20,20,"National Issues Convention","nic1.t1att9","20:9544515::nic1.t1att9","9544515","20:9544515",0.769230769230769,0.769230769230384,0.330112645886762,0.259437260831818,13,13,13,0.769230769230769,0.769230769230384,0.330112645886762,0.259437260831818,0,0.0706753850549442,FALSE,TRUE,-3.84914322637542e-13,0,0.0706753850549442,FALSE,TRUE,-3.84914322637542e-13,0,0.214094752005313
20,20,"National Issues Convention","nic1.t1att9","20:9544516::nic1.t1att9","9544516","20:9544516",0.699999999999666,0.699999999998999,0.316227766017064,0.253546276419401,15,15,15,0.699999999999666,0.699999999998999,0.316227766017064,0.253546276419401,0,0.0626814895976632,FALSE,TRUE,-6.67244037799719e-13,0,0.0626814895976632,FALSE,TRUE,-6.67244037799719e-13,0,0.198216274260625
20,20,"National Issues Convention","nic1.t1att9","20:9544517::nic1.t1att9","9544517","20:9544517",0.607142857142857,0.642857142856428,0.349646603376534,0.363136519601584,14,14,14,0.607142857142857,0.642857142856428,0.349646603376534,0.363136519601584,0.0357142857135709,-0.0134899162250503,TRUE,FALSE,0.0357142857135709,0.0357142857135709,-0.0134899162250503,TRUE,FALSE,0.0357142857135709,0.0909090909072715,-0.0897213932508186
20,20,"National Issues Convention","nic1.t1att9","20:9544518::nic1.t1att9","9544518","20:9544518",0.676470588235294,0.588235294116764,0.303169531295416,0.264297069935775,17,17,17,0.676470588235294,0.588235294116764,0.303169531295416,0.264297069935775,-0.0882352941185301,0.0388724613596408,FALSE,TRUE,-0.0882352941185301,-0.0882352941185301,0.0388724613596408,FALSE,TRUE,-0.0882352941185301,-0.130434782610001,0.128220211290832
20,20,"National Issues Convention","nic1.t1att9","20:9544519::nic1.t1att9","9544519","20:9544519",0.647058823529117,0.705882352939116,0.385871816570764,0.309173471201879,17,17,17,0.647058823529117,0.705882352939116,0.385871816570764,0.309173471201879,0.0588235294099987,0.0766983453688851,TRUE,TRUE,0.0588235294099987,0.0588235294099987,0.0766983453688851,TRUE,TRUE,0.0588235294099987,0.166666666661524,0.198766383226694
20,20,"National Issues Convention","nic1.t1att9","20:9544520::nic1.t1att9","9544520","20:9544520",0.571428571428214,0.571428571426427,0.385164443259893,0.181568259801549,14,14,14,0.571428571428214,0.571428571426427,0.385164443259893,0.181568259801549,-1.78712600273911e-12,0.203596183458344,FALSE,TRUE,-1.78712600273911e-12,-1.78712600273911e-12,0.203596183458344,FALSE,TRUE,-1.78712600273911e-12,-3.12747050479541e-12,0.528595479206697
20,20,"National Issues Convention","nic1.t1att9","20:9544521::nic1.t1att9","9544521","20:9544521",0.562499999999687,0.593749999999687,0.309569593683513,0.271952814534794,16,16,16,0.562499999999687,0.593749999999687,0.309569593683513,0.271952814534794,0.03125,0.0376167791487188,TRUE,TRUE,0.03125,0.03125,0.0376167791487188,TRUE,TRUE,0.03125,0.0714285714285204,0.121513158644309
20,20,"National Issues Convention","nic1.t1att9","20:9544522::nic1.t1att9","9544522","20:9544522",0.807692307692308,0.653846153845769,0.253184841770917,0.375533808099576,13,13,13,0.807692307692308,0.653846153845769,0.253184841770917,0.375533808099576,-0.153846153846539,-0.12234896632866,FALSE,FALSE,-0.153846153846539,-0.153846153846539,-0.12234896632866,FALSE,FALSE,-0.153846153846539,-0.190476190476667,-0.495710908545983
20,20,"National Issues Convention","nic1.t1att9","20:9544523::nic1.t1att9","9544523","20:9544523",0.583333333332499,0.624999999999583,0.288675134595076,0.376889180722355,12,12,12,0.583333333332499,0.624999999999583,0.288675134595076,0.376889180722355,0.0416666666670836,-0.08821404612728,TRUE,FALSE,0.0416666666670836,0.0416666666670836,-0.08821404612728,TRUE,FALSE,0.0416666666670836,0.100000000000801,-0.417433348216032
20,20,"National Issues Convention","nic1.t1att9","20:9544524::nic1.t1att9","9544524","20:9544524",0.617647058822941,0.617647058822941,0.332105582077757,0.332105582077757,17,17,17,0.617647058822941,0.617647058822941,0.332105582077757,0.332105582077757,0,0,FALSE,FALSE,0,0,0,FALSE,FALSE,0,0,0
20,20,"National Issues Convention","nic1.t1att9","20:9544525::nic1.t1att9","9544525","20:9544525",0.733333333333,0.566666666665666,0.319970236711353,0.371611676478796,15,15,15,0.733333333333,0.566666666665666,0.319970236711353,0.371611676478796,-0.166666666667334,-0.0516414397674427,FALSE,FALSE,-0.166666666667334,-0.166666666667334,-0.0516414397674427,FALSE,FALSE,-0.166666666667334,-0.22727272727374,-0.286849456579268
20,20,"National Issues Convention","nic1.t1att9","20:9544526::nic1.t1att9","9544526","20:9544526",0.694444444444166,0.611111111109721,0.388772158017762,0.366042249070927,18,18,18,0.694444444444166,0.611111111109721,0.388772158017762,0.366042249070927,-0.0833333333344453,0.0227299089468354,FALSE,TRUE,-0.0833333333344453,-0.0833333333344453,0.0227299089468354,FALSE,TRUE,-0.0833333333344453,-0.120000000001649,0.0584658867104288
20,20,"National Issues Convention","nic1.t1att9","20:9544527::nic1.t1att9","9544527","20:9544527",0.666666666665416,0.624999999998749,0.325669473640163,0.310790780254579,12,12,12,0.666666666665416,0.624999999998749,0.325669473640163,0.310790780254579,-0.0416666666666666,0.0148786933855838,FALSE,TRUE,-0.0416666666666666,-0.0416666666666666,0.0148786933855838,FALSE,TRUE,-0.0416666666666666,-0.0625000000001172,0.0456864845798336
20,20,"National Issues Convention","nic1.t1att9","20:9544528::nic1.t1att9","9544528","20:9544528",0.766666666666,0.699999999999666,0.258198889747899,0.316227766017064,15,15,15,0.766666666666,0.699999999999666,0.258198889747899,0.316227766017064,-0.066666666666333,-0.0580288762691645,FALSE,FALSE,-0.066666666666333,-0.066666666666333,-0.0580288762691645,FALSE,FALSE,-0.066666666666333,-0.0869565217387709,-0.239985979421947
20,20,"National Issues Convention","nic1.t1att9","20:9544529::nic1.t1att9","9544529","20:9544529",0.714285714284999,0.571428571427499,0.323103086329943,0.331496772066147,14,14,14,0.714285714284999,0.571428571427499,0.323103086329943,0.331496772066147,-0.1428571428575,-0.00839368573620419,FALSE,FALSE,-0.1428571428575,-0.1428571428575,-0.00839368573620419,FALSE,FALSE,-0.1428571428575,-0.200000000000701,-0.0474495883622924
20,20,"National Issues Convention","nic1.t1att9","20:9544530::nic1.t1att9","9544530","20:9544530",0.666666666666333,0.566666666666333,0.308606699924377,0.371611676478667,15,15,15,0.666666666666333,0.566666666666333,0.308606699924377,0.371611676478667,-0.1,-0.0630049765542906,FALSE,FALSE,-0.1,-0.1,-0.0630049765542906,FALSE,FALSE,-0.1,-0.150000000000075,-0.329191129101155
15,15,"By The People 2004 US General Election","btp04.w4b42","15:9401::btp04.w4b42","9401","15:9401",0.591666500270367,0.579365718932379,0.31749637629673,0.27698279843349,20,21,20,0.591666500270367,0.583334004878998,0.31749637629673,0.283565229602626,-0.0123007813379878,0.0405135778632399,FALSE,TRUE,-0.0123007813379878,-0.00833249539136893,0.0339311466941038,FALSE,TRUE,-0.00833249539136893,-0.0207900588124677,0.127603276408346
15,15,"By The People 2004 US General Election","btp04.w4b42","15:9402::btp04.w4b42","9402","15:9402",0.460000401735306,0.466667602062225,0.255856923574121,0.292656449673355,25,25,24,0.45833375180761,0.465278752148151,0.261221190214316,0.29886668530064,-0.00666720032691964,-0.0367995260992336,FALSE,FALSE,-0.00666720032691964,-0.00694500034054124,-0.0376454950863238,FALSE,FALSE,-0.00694500034054124,-0.0123466764574361,-0.150729345423014
15,15,"By The People 2004 US General Election","btp04.w4b42","15:9403::btp04.w4b42","9403","15:9403",0.608334006369114,0.674603337333316,0.2664198855069,0.200528390807712,20,21,20,0.608334006369114,0.658333504199982,0.2664198855069,0.19098850515428,0.066269330964202,0.0658914946991885,TRUE,TRUE,0.066269330964202,0.0499994978308677,0.0754313803526205,TRUE,TRUE,0.0499994978308677,0.169198582572516,0.247321984144768
15,15,"By The People 2004 US General Election","btp04.w4b42","15:9404::btp04.w4b42","9404","15:9404",0.549019999363843,0.58823470508351,0.362114516440929,0.289381511959836,17,17,17,0.549019999363843,0.58823470508351,0.362114516440929,0.289381511959836,0.0392147057196672,0.072733004481093,TRUE,TRUE,0.0392147057196672,0.0392147057196672,0.072733004481093,TRUE,TRUE,0.0392147057196672,0.0869544229552321,0.200856362224732
15,15,"By The People 2004 US General Election","btp04.w4b42","15:9405::btp04.w4b42","9405","15:9405",0.611110835025708,0.624999163051446,0.25379588284438,0.27910272422117,24,24,24,0.611110835025708,0.624999163051446,0.25379588284438,0.27910272422117,0.0138883280257384,-0.0253068413767892,TRUE,FALSE,0.0138883280257384,0.0138883280257384,-0.0253068413767892,TRUE,FALSE,0.0138883280257384,0.0357128181410157,-0.102788051106365
15,15,"By The People 2004 US General Election","btp04.w4b42","15:9406::btp04.w4b42","9406","15:9406",0.491666504740715,0.484127148276284,0.212717580937796,0.235140880378217,20,21,20,0.491666504740715,0.483333505690098,0.212717580937796,0.241220594358198,0.00753935646443138,-0.0224232994404212,TRUE,FALSE,0.00753935646443138,0.00833299905061718,-0.0285030134204022,TRUE,FALSE,0.00833299905061718,0.0153342893846457,-0.0780531558931419
15,15,"By The People 2004 US General Election","btp04.w4b42","15:9407::btp04.w4b42","9407","15:9407",0.531746669894173,0.557971741842187,0.250659864103028,0.286957748583274,21,23,21,0.531746669894173,0.56349286153203,0.250659864103028,0.281247678751919,0.0262250719480139,-0.0362978844802457,TRUE,FALSE,0.0262250719480139,0.0317461916378566,-0.0305878146488915,TRUE,FALSE,0.0317461916378566,0.0560061621816699,-0.145575778843901
15,15,"By The People 2004 US General Election","btp04.w4b42","15:9408::btp04.w4b42","9408","15:9408",0.600000005960464,0.433331996202469,0.434614132929683,0.302764201187417,5,5,5,0.600000005960464,0.433331996202469,0.434614132929683,0.302764201187417,-0.166668009757996,0.131849931742266,FALSE,TRUE,-0.0333320021629332,-0.166668009757996,0.131849931742266,FALSE,TRUE,-0.0333320021629332,-0.27778001350383,0.303372398070632
15,15,"By The People 2004 US General Election","btp04.w4b42","15:9409::btp04.w4b42","9409","15:9409",0.42222333351771,0.388889332612356,0.28775632780086,0.293220711342094,15,15,14,0.416667857340404,0.380952856370381,0.297782905226302,0.302612978299677,0.0333340009053549,-0.00546438354123363,TRUE,FALSE,0.0333340009053549,0.0357150009700231,-0.00483007307337535,TRUE,FALSE,0.0357150009700231,0.0789487417183604,-0.0257458019106766
15,15,"By The People 2004 US General Election","btp04.w4b42","15:9410::btp04.w4b42","9410","15:9410",0.66666537294021,0.653846153846154,0.296583938794406,0.172957365005002,13,13,13,0.66666537294021,0.653846153846154,0.296583938794406,0.172957365005002,-0.0128192190940564,0.123626573789404,FALSE,TRUE,-0.0128192190940564,-0.0128192190940564,0.123626573789404,FALSE,TRUE,-0.0128192190940564,-0.0192288659564235,0.416835025834297
15,15,"By The People 2004 US General Election","btp04.w4b42","15:9411::btp04.w4b42","9411","15:9411",0.558823529411765,0.558822942130706,0.305852043396456,0.311477311149462,17,17,17,0.558823529411765,0.558822942130706,0.305852043396456,0.311477311149462,-5.87281058894717e-07,-0.00562526775300587,FALSE,FALSE,-5.87281058894717e-07,-5.87281058894717e-07,-0.00562526775300587,FALSE,FALSE,-5.87281058894717e-07,-1.05092400012739e-06,-0.0289741280383024
15,15,"By The People 2004 US General Election","btp04.w4b42","15:9412::btp04.w4b42","9412","15:9412",0.333332853657859,0.333332497626543,0.333332493902612,0.308605922763992,7,8,7,0.333332853657859,0.333332853657859,0.333332493902612,0.333332493902612,3.56031315706939e-07,0.0247265711386193,TRUE,TRUE,3.56031315706939e-07,0,0,FALSE,FALSE,0,1.06809548413844e-06,0.0741799002225195
15,15,"By The People 2004 US General Election","btp04.w4b42","15:9413::btp04.w4b42","9413","15:9413",0.41666667163372,0.547620006969997,0.229735118094615,0.230021625029739,6,7,6,0.41666667163372,0.55555667479833,0.229735118094615,0.250923924186915,-0.130953335336276,-0.000286506935124081,FALSE,FALSE,-0.0357133213962829,-0.138890003164609,-0.0211888060923007,FALSE,FALSE,-0.02777665356795,-0.224491433916579,-0.00106009679505598
15,15,"By The People 2004 US General Election","btp04.w4b42","15:9414::btp04.w4b42","9414","15:9414",0.564103850951562,0.43589769418423,0.210140640852313,0.308359079496786,13,13,13,0.564103850951562,0.43589769418423,0.210140640852313,0.308359079496786,-0.128206156767332,-0.0982184386444728,FALSE,FALSE,-1.54513579153637e-06,-0.128206156767332,-0.0982184386444728,FALSE,FALSE,-1.54513579153637e-06,-0.227274032168131,-0.338848602071287
15,15,"By The People 2004 US General Election","btp04.w4b42","15:9415::btp04.w4b42","9415","15:9415",0.530302722345699,0.590909093618393,0.33181340874841,0.272474627651636,11,11,11,0.530302722345699,0.590909093618393,0.33181340874841,0.272474627651636,0.060606371272694,0.0593387810967743,TRUE,TRUE,0.060606371272694,0.060606371272694,0.0593387810967743,TRUE,TRUE,0.060606371272694,0.129032834883281,0.178831775727805
15,15,"By The People 2004 US General Election","btp04.w4b45","15:9401::btp04.w4b45","9401","15:9401",0.706349526132856,0.722222379275731,0.376034468993821,0.342916843669926,21,21,21,0.706349526132856,0.722222379275731,0.376034468993821,0.342916843669926,0.0158728531428747,0.0331176253238948,TRUE,TRUE,0.0158728531428747,0.0158728531428747,0.0331176253238948,TRUE,TRUE,0.0158728531428747,0.0540535587558971,0.0880707170608847
15,15,"By The People 2004 US General Election","btp04.w4b45","15:9402::btp04.w4b45","9402","15:9402",0.536231740661289,0.525640768500475,0.292828705848735,0.315144175423049,23,26,23,0.536231740661289,0.521738692470219,0.292828705848735,0.330686898632644,-0.0105909721608145,-0.0223154695743134,FALSE,FALSE,-0.0105909721608145,-0.0144930481910704,-0.037858192783909,FALSE,FALSE,-0.0144930481910704,-0.0197507371491168,-0.107715065765916
15,15,"By The People 2004 US General Election","btp04.w4b45","15:9403::btp04.w4b45","9403","15:9403",0.692981574096178,0.72806946697988,0.315558943790403,0.26182122724996,19,19,18,0.703702772657076,0.759258326556947,0.321126982799726,0.230246365978679,0.0350878928837023,0.0537377165404427,TRUE,TRUE,0.0350878928837023,0.055555553899871,0.0908806168210474,TRUE,TRUE,0.055555553899871,0.11428595134122,0.170293752079915
15,15,"By The People 2004 US General Election","btp04.w4b45","15:9404::btp04.w4b45","9404","15:9404",0.645833121612668,0.566666666666667,0.332637256579346,0.313707347874242,16,15,14,0.654761422957693,0.595237857529095,0.354845111084122,0.304624167258308,-0.0791664549460014,0.018929908705104,FALSE,TRUE,-0.0791664549460014,-0.0595235654285976,0.0502209438258141,FALSE,TRUE,-0.0595235654285976,-0.122580357520717,0.0569085643014512
15,15,"By The People 2004 US General Election","btp04.w4b45","15:9405::btp04.w4b45","9405","15:9405",0.666666361418637,0.695651300575422,0.356347874525417,0.295813012245052,22,23,22,0.666666361418637,0.71212045035579,0.356347874525417,0.291782175447451,0.0289849391567848,0.0605348622803643,TRUE,TRUE,0.0289849391567848,0.0454540889371525,0.0645656990779654,TRUE,TRUE,0.0454540889371525,0.0869547378420673,0.169875749535435
15,15,"By The People 2004 US General Election","btp04.w4b45","15:9406::btp04.w4b45","9406","15:9406",0.674242726781151,0.608332997560501,0.279251788639606,0.277176685585668,22,20,20,0.650000500679016,0.608332997560501,0.280453817035489,0.277176685585668,-0.0659097292206504,0.00207510305393838,FALSE,TRUE,-0.0659097292206504,-0.0416675031185151,0.00327713144982156,FALSE,TRUE,-0.0416675031185151,-0.097753711835061,0.00743093916800813
15,15,"By The People 2004 US General Election","btp04.w4b45","15:9407::btp04.w4b45","9407","15:9407",0.615941300340321,0.621211818673394,0.299134404142796,0.305079338792148,23,22,22,0.621211359446699,0.621211818673394,0.305079007385266,0.305079338792148,0.00527051833307324,-0.00594493464935208,TRUE,FALSE,0.00527051833307324,4.59226695004311e-07,-3.31406881159957e-07,TRUE,FALSE,4.59226695004311e-07,0.0137232103783706,-0.0295965798621798
15,15,"By The People 2004 US General Election","btp04.w4b45","15:9408::btp04.w4b45","9408","15:9408",0.666667498648167,0.583335004746914,0.360039091280826,0.346943269844897,4,4,4,0.666667498648167,0.583335004746914,0.360039091280826,0.346943269844897,-0.0833324939012527,0.0130958214359297,FALSE,TRUE,-0.0833324939012527,-0.0833324939012527,0.0130958214359297,FALSE,TRUE,-0.0833324939012527,-0.124998584857114,0.0363733320994167
15,15,"By The People 2004 US General Election","btp04.w4b45","15:9409::btp04.w4b45","9409","15:9409",0.455555335680644,0.47777733206749,0.298585428866645,0.320382712406567,15,15,15,0.455555335680644,0.47777733206749,0.298585428866645,0.320382712406567,-0.0222219963868459,-0.0217972835399223,FALSE,FALSE,-0.0222219963868459,-0.0222219963868459,-0.0217972835399223,FALSE,FALSE,-0.0222219963868459,-0.0408158952473655,-0.108220986283512
15,15,"By The People 2004 US General Election","btp04.w4b45","15:9410::btp04.w4b45","9410","15:9410",0.738095713513238,0.702380712543215,0.290255475123395,0.254686628248582,14,14,14,0.738095713513238,0.702380712543215,0.290255475123395,0.254686628248582,-0.035715000970023,0.0355688468748135,FALSE,TRUE,-0.035715000970023,-0.035715000970023,0.0355688468748135,FALSE,TRUE,-0.035715000970023,-0.0483880346629088,0.122543241810313
15,15,"By The People 2004 US General Election","btp04.w4b45","15:9411::btp04.w4b45","9411","15:9411",0.599999332427978,0.544444006681442,0.319970083260836,0.263273027750376,15,15,15,0.599999332427978,0.544444006681442,0.319970083260836,0.263273027750376,-0.0555553257465363,0.05669705551046,FALSE,TRUE,-0.0555553257465363,-0.0555553257465363,0.05669705551046,FALSE,TRUE,-0.0555553257465363,-0.0925923125976227,0.177194864384372
15,15,"By The People 2004 US General Election","btp04.w4b45","15:9412::btp04.w4b45","9412","15:9412",0.458333745598793,0.395833753049374,0.415473193772097,0.344313358233034,8,8,8,0.458333745598793,0.395833753049374,0.415473193772097,0.344313358233034,0.0624999925494195,0.0711598355390631,TRUE,TRUE,0.0624999925494195,0.0624999925494195,0.0711598355390631,TRUE,TRUE,0.0624999925494195,0.136363497450457,0.171274191947259
15,15,"By The People 2004 US General Election","btp04.w4b45","15:9413::btp04.w4b45","9413","15:9413",0.75,0.749999995032946,0.390867693642916,0.311802998610185,6,6,6,0.75,0.749999995032946,0.390867693642916,0.311802998610185,-4.96705365726768e-09,0.0790646950327316,FALSE,TRUE,-4.96705365726768e-09,-4.96705365726768e-09,0.0790646950327316,FALSE,TRUE,-4.96705365726768e-09,-6.62273820969024e-09,0.202279943619394
15,15,"By The People 2004 US General Election","btp04.w4b45","15:9414::btp04.w4b45","9414","15:9414",0.538460772771102,0.499999282615525,0.341252593536541,0.313512629063345,13,14,13,0.538460772771102,0.499999227432104,0.341252593536541,0.32631429016213,-0.0384614901555763,0.0277399644731963,FALSE,TRUE,-0.0384600553866269,-0.0384615453389974,0.0149383033744106,FALSE,TRUE,-0.0384600002032058,-0.071428583288696,0.0812886553790425
15,15,"By The People 2004 US General Election","btp04.w4b45","15:9415::btp04.w4b45","9415","15:9415",0.4999990016222,0.566667005419731,0.283279295033336,0.274424560512739,10,10,10,0.4999990016222,0.566667005419731,0.283279295033336,0.274424560512739,-0.0666680037975312,0.00885473452059682,FALSE,TRUE,0.066666007041931,-0.0666680037975312,0.00885473452059682,FALSE,TRUE,0.066666007041931,-0.133335741356174,0.0312579658162267
15,15,"By The People 2004 US General Election","btp04.w4b48","15:9401::btp04.w4b48","9401","15:9401",0.75438631992591,0.714286192542031,0.210586916821572,0.242341809811244,19,21,19,0.75438631992591,0.745614211810263,0.210586916821572,0.217791031966694,-0.0401001273838798,-0.031754892989672,FALSE,FALSE,-0.0401001273838798,-0.00877210811564799,-0.00720411514512209,FALSE,FALSE,-0.00877210811564799,-0.0531559577960243,-0.109721691365606
15,15,"By The People 2004 US General Election","btp04.w4b48","15:9402::btp04.w4b48","9402","15:9402",0.590277922650178,0.532051927768267,0.273549207304555,0.30557476692468,24,26,24,0.590277922650178,0.513889588415623,0.273549207304555,0.302631849558782,-0.058225994881911,-0.0320255596201248,FALSE,FALSE,-0.058225994881911,-0.0763883342345555,-0.0290826422542274,FALSE,FALSE,-0.0763883342345555,-0.0986416612372915,-0.141423923665377
15,15,"By The People 2004 US General Election","btp04.w4b48","15:9403::btp04.w4b48","9403","15:9403",0.657894208243019,0.698412378629049,0.296448110696782,0.233445892199105,19,21,19,0.657894208243019,0.719297893737492,0.296448110696782,0.208259864465942,0.04051817038603,0.0630022184976773,TRUE,TRUE,0.04051817038603,0.0614036854944731,0.0881882462308403,TRUE,TRUE,0.0614036854944731,0.118437545818612,0.212523595949371
15,15,"By The People 2004 US General Election","btp04.w4b48","15:9404::btp04.w4b48","9404","15:9404",0.696078824646333,0.687500631436706,0.222323170624101,0.284637600733152,17,16,16,0.708333751186728,0.687500631436706,0.223605551224292,0.284637600733152,-0.00857819320962716,-0.0623144301090507,FALSE,FALSE,-0.00857819320962716,-0.0208331197500229,-0.0610320495088593,FALSE,FALSE,-0.0208331197500229,-0.0123235945497776,-0.224413503456905
15,15,"By The People 2004 US General Election","btp04.w4b48","15:9405::btp04.w4b48","9405","15:9405",0.644926954870639,0.727272728627378,0.315045117795677,0.2650018160669,23,22,22,0.651514543728395,0.727272728627378,0.32083350050636,0.2650018160669,0.0823457737567397,0.0500433017287776,TRUE,TRUE,0.0823457737567397,0.0757581848989833,0.0558316844394605,TRUE,TRUE,0.0757581848989833,0.231912207604323,0.158844873010326
15,15,"By The People 2004 US General Election","btp04.w4b48","15:9406::btp04.w4b48","9406","15:9406",0.746030946572622,0.682539521228699,0.233445892199105,0.203473741930425,21,21,21,0.746030946572622,0.682539521228699,0.233445892199105,0.203473741930425,-0.0634914253439223,0.02997215026868,FALSE,TRUE,-0.0634914253439223,-0.0634914253439223,0.02997215026868,FALSE,TRUE,-0.0634914253439223,-0.0851056187891554,0.128390137801683
15,15,"By The People 2004 US General Election","btp04.w4b48","15:9407::btp04.w4b48","9407","15:9407",0.608696088842724,0.507576368071816,0.278018676726586,0.259615453434302,23,22,22,0.590909547426484,0.507576368071816,0.270836250588057,0.259615453434302,-0.101119720770908,0.0184032232922842,FALSE,TRUE,-0.101119720770908,-0.0833331793546677,0.0112207971537545,FALSE,TRUE,-0.0833331793546677,-0.166125136376612,0.0661941978465805
15,15,"By The People 2004 US General Election","btp04.w4b48","15:9408::btp04.w4b48","9408","15:9408",0.666668003797531,0.533331996202469,0.353552213996536,0.361324099510679,5,5,5,0.666668003797531,0.533331996202469,0.353552213996536,0.361324099510679,-0.133336007595062,-0.00777188551414337,FALSE,FALSE,-0.133336007595062,-0.133336007595062,-0.00777188551414337,FALSE,FALSE,-0.133336007595062,-0.200003610246093,-0.0530693274800313
15,15,"By The People 2004 US General Election","btp04.w4b48","15:9409::btp04.w4b48","9409","15:9409",0.544443333148956,0.611110669374466,0.324078013356696,0.34884578919315,15,15,15,0.544443333148956,0.611110669374466,0.324078013356696,0.34884578919315,0.0666673362255097,-0.0247677758364546,TRUE,FALSE,0.0666673362255097,0.0666673362255097,-0.0247677758364546,TRUE,FALSE,0.0666673362255097,0.146342576185606,-0.140788404616378
15,15,"By The People 2004 US General Election","btp04.w4b48","15:9410::btp04.w4b48","9410","15:9410",0.750000839432081,0.794871536585001,0.207193239658757,0.181987243485827,12,13,12,0.750000839432081,0.777777497967084,0.207193239658757,0.178846841820436,0.0448706971529202,0.0252059961729306,TRUE,TRUE,0.0448706971529202,0.0277766585350037,0.0283463978383209,TRUE,TRUE,0.0277766585350037,0.179483391268147,0.121654529918275
15,15,"By The People 2004 US General Election","btp04.w4b48","15:9411::btp04.w4b48","9411","15:9411",0.666665325562159,0.617647060576607,0.274584240094127,0.2932378256224,15,17,15,0.666665325562159,0.588888667027155,0.274584240094127,0.294571366413693,-0.0490182649855521,-0.0186535855282726,FALSE,FALSE,-0.0490182649855521,-0.0777766585350037,-0.0199871263195658,FALSE,FALSE,-0.0777766585350037,-0.0735275453905119,-0.082751913779506
15,15,"By The People 2004 US General Election","btp04.w4b48","15:9412::btp04.w4b48","9412","15:9412",0.619048578398568,0.50000000372529,0.314970269902569,0.281718649955525,7,8,7,0.619048578398568,0.500000004257475,0.314970269902569,0.304290920044548,-0.119048574673278,0.0332516199470443,FALSE,TRUE,-0.119048574673278,-0.119048574141094,0.0106793498580212,FALSE,TRUE,-0.119048574141094,-0.192308937985526,0.105570662136874
15,15,"By The People 2004 US General Election","btp04.w4b48","15:9413::btp04.w4b48","9413","15:9413",0.472223336497943,0.500001668930054,0.323464468196188,0.316226716779218,6,6,6,0.472223336497943,0.500001668930054,0.323464468196188,0.316226716779218,-0.0277783324321111,0.00723775141696925,FALSE,TRUE,-0.0277749945720035,-0.0277783324321111,0.00723775141696925,FALSE,TRUE,-0.0277749945720035,-0.0526327409927303,0.022375723235788
15,15,"By The People 2004 US General Election","btp04.w4b48","15:9414::btp04.w4b48","9414","15:9414",0.69047571505819,0.666666927245947,0.234403844616676,0.272165354121962,14,13,13,0.692306922032283,0.666666927245947,0.243871005309724,0.272165354121962,-0.0238087878122434,-0.037761509505286,FALSE,FALSE,-0.0238087878122434,-0.0256399947863358,-0.0282943488122377,FALSE,FALSE,-0.0256399947863358,-0.0344817164355112,-0.142176416111093
15,15,"By The People 2004 US General Election","btp04.w4b48","15:9415::btp04.w4b48","9415","15:9415",0.550001004338264,0.651514543728395,0.272731294600705,0.20350431752133,10,11,10,0.550001004338264,0.649998995661735,0.272731294600705,0.21444694113115,0.10151353939013,0.0692269770793751,TRUE,TRUE,0.10151353939013,0.099997991323471,0.0582843534695547,TRUE,TRUE,0.099997991323471,0.22558614656651,0.25382850611525
15,15,"By The People 2004 US General Election","btp04.w4b51","15:9401::btp04.w4b51","9401","15:9401",0.5,0.452380950961794,0.302764484190832,0.294121557627658,21,21,21,0.5,0.452380950961794,0.302764484190832,0.294121557627658,NA,0.00864292656317428,NA,TRUE,0.0476190490382058,NA,0.00864292656317428,NA,TRUE,0.0476190490382058,NA,0.0285466988846903
15,15,"By The People 2004 US General Election","btp04.w4b51","15:9402::btp04.w4b51","9402","15:9402",0.458332917342583,0.513333603143692,0.303959079090794,0.276049917090885,24,25,23,0.449274782253348,0.507246524095535,0.30746058909934,0.286383667492776,-0.0550006858011087,0.027909161999909,FALSE,TRUE,-0.0283334795137247,-0.057971741842187,0.0210769216065637,FALSE,TRUE,-0.0434786936511165,-0.101539649652099,0.0918188135172379
15,15,"By The People 2004 US General Election","btp04.w4b51","15:9403::btp04.w4b51","9403","15:9403",0.516667000949383,0.563492381856555,0.358276804170955,0.392556135810142,20,21,20,0.516667000949383,0.566667000949383,0.358276804170955,0.402477429806044,0.0468253809071723,-0.0342793316391869,TRUE,FALSE,0.0468253809071723,0.05,-0.0442006256350889,TRUE,FALSE,0.05,0.0968801654328354,-0.241875237420815
15,15,"By The People 2004 US General Election","btp04.w4b51","15:9404::btp04.w4b51","9404","15:9404",0.509804708116195,0.562500631436706,0.314413383206217,0.315495011189795,17,16,16,0.531250627711415,0.562500631436706,0.311618584974799,0.315495011189795,0.0526959233205108,-0.00108162798357853,TRUE,FALSE,0.0526959233205108,0.0312500037252903,-0.00387642621499612,TRUE,FALSE,0.0312500037252903,0.107499856063493,-0.00582815723603814
15,15,"By The People 2004 US General Election","btp04.w4b51","15:9405::btp04.w4b51","9405","15:9405",0.63768042947935,0.618055415650209,0.332012440660623,0.275746679770854,23,24,23,0.63768042947935,0.608695652173913,0.332012440660623,0.278018579102808,-0.0196250138291415,0.0562657608897696,FALSE,TRUE,-0.0196250138291415,-0.0289847773054371,0.0539938615578158,FALSE,TRUE,-0.0289847773054371,-0.0307756250966724,0.169468833088948
15,15,"By The People 2004 US General Election","btp04.w4b51","15:9406::btp04.w4b51","9406","15:9406",0.619048098723094,0.563491428182239,0.303419374274501,0.309462616651755,21,21,21,0.619048098723094,0.563491428182239,0.303419374274501,0.309462616651755,-0.0555566705408551,-0.00604324237725451,FALSE,FALSE,-0.0555566705408551,-0.0555566705408551,-0.00604324237725451,FALSE,FALSE,-0.0555566705408551,-0.0897453213335951,-0.0307418004950964
15,15,"By The People 2004 US General Election","btp04.w4b51","15:9407::btp04.w4b51","9407","15:9407",0.484127622275125,0.492064287265142,0.401056763626042,0.339427849789104,21,21,21,0.484127622275125,0.492064287265142,0.401056763626042,0.339427849789104,-0.0079366649900165,0.061628913836938,FALSE,TRUE,-0.0079366649900165,-0.0079366649900165,0.061628913836938,FALSE,TRUE,-0.0079366649900165,-0.0153849388583649,0.153666312169224
15,15,"By The People 2004 US General Election","btp04.w4b51","15:9408::btp04.w4b51","9408","15:9408",0.499999994039536,0.466668003797531,0.390866196674243,0.361324109820787,5,5,5,0.499999994039536,0.466668003797531,0.390866196674243,0.361324109820787,0.0333319902420044,0.0295420868534567,TRUE,TRUE,0.0333319902420044,0.0333319902420044,0.0295420868534567,TRUE,TRUE,0.0333319902420044,0.0666639812787054,0.0755810737915455
15,15,"By The People 2004 US General Election","btp04.w4b51","15:9409::btp04.w4b51","9409","15:9409",0.466666668653488,0.566666668653488,0.322440962302647,0.273135523935515,15,15,15,0.466666668653488,0.566666668653488,0.322440962302647,0.273135523935515,-0.1,0.0493054383671318,FALSE,TRUE,0.0333333373069762,-0.1,0.0493054383671318,FALSE,TRUE,0.0333333373069762,-0.187500000698492,0.152913072877053
15,15,"By The People 2004 US General Election","btp04.w4b51","15:9410::btp04.w4b51","9410","15:9410",0.461539234106357,0.346154621014228,0.373632199841704,0.276063890920089,13,13,13,0.461539234106357,0.346154621014228,0.373632199841704,0.276063890920089,0.115384613092129,0.0975683089216154,TRUE,TRUE,0.115384613092129,0.115384613092129,0.0975683089216154,TRUE,TRUE,0.115384613092129,0.249999576559378,0.261134637118942
15,15,"By The People 2004 US General Election","btp04.w4b51","15:9411::btp04.w4b51","9411","15:9411",0.374999998137355,0.44117706137545,0.3191414395009,0.282235237390577,16,17,16,0.374999998137355,0.427083751186728,0.3191414395009,0.285246402133793,-0.0661770632380949,0.0369062021103232,FALSE,TRUE,-0.0661770632380949,-0.0520837530493736,0.0338950373671068,FALSE,TRUE,-0.0520837530493736,-0.105883300865395,0.115642149662671
15,15,"By The People 2004 US General Election","btp04.w4b51","15:9412::btp04.w4b51","9412","15:9412",0.333334292684283,0.18749875202775,0.288676106764625,0.20773624122184,7,8,7,0.333334292684283,0.214284288031714,0.288676106764625,0.208926775383844,0.145835540656533,0.080939865542785,TRUE,TRUE,0.145835540656533,0.119050004652568,0.0797493313807806,TRUE,TRUE,0.119050004652568,0.437505362806043,0.280382974711448
15,15,"By The People 2004 US General Election","btp04.w4b51","15:9413::btp04.w4b51","9413","15:9413",0.333333992958069,0.583335012197495,0.333331242208872,0.329140804382483,5,6,5,0.333333992958069,0.600002014636993,0.333331242208872,0.365148831450339,-0.250001019239426,0.00419043782638867,FALSE,TRUE,-0.0833309948444365,-0.266668021678924,-0.0318175892414672,FALSE,FALSE,-0.0666639924049376,-0.375001899899932,0.0125713923442042
15,15,"By The People 2004 US General Election","btp04.w4b51","15:9414::btp04.w4b51","9414","15:9414",0.487179226600207,0.452380718929427,0.322471333048193,0.295468814131003,13,14,13,0.487179226600207,0.435896926201307,0.322471333048193,0.300758964216598,0.0347985076707799,0.0270025189171901,TRUE,TRUE,0.0347985076707799,0.0512823003989001,0.0217123688315944,TRUE,TRUE,0.0512823003989001,0.0714285539505086,0.0837361841188985
15,15,"By The People 2004 US General Election","btp04.w4b51","15:9415::btp04.w4b51","9415","15:9415",0.466665998101234,0.43939363414591,0.269887168230545,0.291286795874004,10,11,10,0.466665998101234,0.4,0.269887168230545,0.274423749634481,0.0272723639553243,-0.0213996276434585,TRUE,FALSE,0.0272723639553243,0.0666659981012344,-0.00453658140393598,TRUE,FALSE,0.0666659981012344,0.0584408636289976,-0.0929962378842844
15,15,"By The People 2004 US General Election","btp04.w4b54","15:9401::btp04.w4b54","9401","15:9401",0.366665495932102,0.508332495391369,0.299120281346555,0.335409341964415,20,20,19,0.377191574949967,0.508771047780388,0.303487373207746,0.344594449409401,-0.141666999459267,-0.03628906061786,FALSE,FALSE,-0.125002008676529,-0.131579472830421,-0.0411070762016555,FALSE,FALSE,-0.114037377269645,-0.223684322501524,-0.180650694162239
15,15,"By The People 2004 US General Election","btp04.w4b54","15:9402::btp04.w4b54","9402","15:9402",0.4733331990242,0.512819998539411,0.349204904246351,0.364913877871723,25,26,25,0.4733331990242,0.519999598264694,0.349204904246351,0.370559719244895,-0.0394867995152106,-0.0157089736253724,FALSE,FALSE,-0.0138468024363885,-0.0466663992404938,-0.0213548149985447,FALSE,FALSE,-0.00666720271110532,-0.0749749166684707,-0.104174300542478
15,15,"By The People 2004 US General Election","btp04.w4b54","15:9403::btp04.w4b54","9403","15:9403",0.325397143761317,0.36507952497119,0.309462583592044,0.314549784492881,21,21,21,0.325397143761317,0.36507952497119,0.309462583592044,0.314549784492881,-0.039682381209873,-0.00508720090083692,FALSE,FALSE,-0.039682381209873,-0.039682381209873,-0.00508720090083692,FALSE,FALSE,-0.039682381209873,-0.0588233222597458,-0.026699222634282
15,15,"By The People 2004 US General Election","btp04.w4b54","15:9404::btp04.w4b54","9404","15:9404",0.362745292046491,0.364583125337958,0.296010336042834,0.305618338987172,17,16,16,0.354166872799397,0.364583125337958,0.303527881357786,0.305618338987172,-0.00183783329146747,-0.00960800294433772,FALSE,FALSE,-0.00183783329146747,-0.0104162525385618,-0.0020904576293852,FALSE,FALSE,-0.0104162525385618,-0.00288398542769424,-0.0471004400809014
15,15,"By The People 2004 US General Election","btp04.w4b54","15:9405::btp04.w4b54","9405","15:9405",0.25000000372529,0.362319133851839,0.290759795256329,0.300051374082914,24,23,23,0.260869569104651,0.362319133851839,0.292266344368733,0.300051374082914,-0.112319130126549,-0.00929157882658527,FALSE,FALSE,-0.112319130126549,-0.101449564747188,-0.00778502971418166,FALSE,FALSE,-0.101449564747188,-0.149758840912592,-0.0444062786019919
15,15,"By The People 2004 US General Election","btp04.w4b54","15:9406::btp04.w4b54","9406","15:9406",0.401515000245788,0.391666497290134,0.369681039594861,0.334536539650226,22,20,20,0.391666500270367,0.391666497290134,0.351583413952708,0.334536539650226,0.00984850295565343,0.0351444999446348,TRUE,TRUE,0.00984850295565343,2.9802322276673e-09,0.0170468743024821,TRUE,TRUE,2.9802322276673e-09,0.02452835622486,0.095067088058263
15,15,"By The People 2004 US General Election","btp04.w4b54","15:9407::btp04.w4b54","9407","15:9407",0.396824761515572,0.41666649878025,0.370720471287852,0.35664063530056,21,20,20,0.399999499320984,0.41666649878025,0.380058180683309,0.35664063530056,-0.0198417372646786,0.0140798359872922,FALSE,TRUE,-0.0198417372646786,-0.0166669994592667,0.0234175453827496,FALSE,TRUE,-0.0166669994592667,-0.0328954771328712,0.0379796560421387
15,15,"By The People 2004 US General Election","btp04.w4b54","15:9408::btp04.w4b54","9408","15:9408",0.541667506098747,0.583332493901253,0.369559170924194,0.44095791729583,4,4,4,0.541667506098747,0.583332493901253,0.369559170924194,0.44095791729583,0.0416649878025055,-0.0713987463716358,TRUE,FALSE,0.0416649878025055,0.0416649878025055,-0.0713987463716358,TRUE,FALSE,0.0416649878025055,0.0909055944252606,-0.547365015060908
15,15,"By The People 2004 US General Election","btp04.w4b54","15:9409::btp04.w4b54","9409","15:9409",0.455556001265844,0.61110999584198,0.390698486546439,0.312863074044173,15,15,14,0.488095715641975,0.654760709830693,0.383774710655437,0.273191314866883,-0.155553994576136,0.0778354125022655,FALSE,TRUE,0.0666659971078236,-0.166664994188717,0.110583395788555,FALSE,TRUE,0.142856425472668,-0.285711652507517,0.199221177410458
15,15,"By The People 2004 US General Election","btp04.w4b54","15:9410::btp04.w4b54","9410","15:9410",0.397436928290587,0.371794613508078,0.300759005820408,0.281807250381986,13,13,13,0.397436928290587,0.371794613508078,0.300759005820408,0.281807250381986,0.0256423147825095,0.018951755438422,TRUE,TRUE,0.0256423147825095,0.0256423147825095,0.018951755438422,TRUE,TRUE,0.0256423147825095,0.0645192053310181,0.0630130937782747
15,15,"By The People 2004 US General Election","btp04.w4b54","15:9411::btp04.w4b54","9411","15:9411",0.333333749324083,0.41176529491649,0.370184738425817,0.386928695570878,16,17,16,0.333333749324083,0.43750062584877,0.370184738425817,0.384297928962251,-0.0784315455924062,-0.0167439571450607,FALSE,FALSE,-0.0784315455924062,-0.104166876524687,-0.0141131905364339,FALSE,FALSE,-0.104166876524687,-0.117647391798949,-0.12898296349765
15,15,"By The People 2004 US General Election","btp04.w4b54","15:9412::btp04.w4b54","9412","15:9412",0.541667502373457,0.479166246950626,0.424917826202567,0.421989216197732,8,8,8,0.541667502373457,0.479166246950626,0.424917826202567,0.421989216197732,-0.0625012554228306,0.00292861000483563,FALSE,TRUE,-0.0208337493240833,-0.0625012554228306,0.00292861000483563,FALSE,TRUE,-0.0208337493240833,-0.11538675506462,0.00689217967391065
15,15,"By The People 2004 US General Election","btp04.w4b54","15:9413::btp04.w4b54","9413","15:9413",0.499998565231051,0.595237140144621,0.288674162438317,0.345032544204779,7,7,7,0.499998565231051,0.595237140144621,0.288674162438317,0.345032544204779,-0.0952385749135699,-0.0563583817664619,FALSE,FALSE,0.0952357053756713,-0.0952385749135699,-0.0563583817664619,FALSE,FALSE,0.0952357053756713,-0.190476603247308,-0.266689499101177
15,15,"By The People 2004 US General Election","btp04.w4b54","15:9414::btp04.w4b54","9414","15:9414",0.500000772567896,0.512820000831897,0.346944067998453,0.284324420286852,13,13,12,0.458334170281887,0.513888334234555,0.32663709907958,0.296939917889891,0.0128192282640016,0.0626196477116014,TRUE,TRUE,0.0128192282640016,-0.0555541639526684,0.0296971811896884,FALSE,TRUE,-0.0277774954835575,0.0256384961429613,0.180489172427299
15,15,"By The People 2004 US General Election","btp04.w4b54","15:9415::btp04.w4b54","9415","15:9415",0.4393945525993,0.515150901946155,0.309774133037983,0.31139781816172,11,11,11,0.4393945525993,0.515150901946155,0.309774133037983,0.31139781816172,-0.0757563493468545,-0.00162368512373701,FALSE,FALSE,-0.0454545454545455,-0.0757563493468545,-0.00162368512373701,FALSE,FALSE,-0.0454545454545455,-0.135133095295642,-0.00853556432502008
15,15,"By The People 2004 US General Election","btp04.w4b57","15:9401::btp04.w4b57","9401","15:9401",0.674999497830868,0.708332495391369,0.399103464170993,0.370217987345221,20,20,19,0.657894208243019,0.692981574096178,0.402437253427749,0.37376600722115,0.0333329975605011,0.0288854768257719,TRUE,TRUE,0.0333329975605011,0.0350873658531591,0.0286712462065985,TRUE,TRUE,0.0350873658531591,0.102562910943302,0.072375911057981
15,15,"By The People 2004 US General Election","btp04.w4b57","15:9402::btp04.w4b57","9402","15:9402",0.60416666790843,0.692307306023744,0.407693227622079,0.364210794623425,24,26,24,0.60416666790843,0.680554997175932,0.407693227622079,0.374025731883451,0.0881406381153144,0.0434824329986549,TRUE,TRUE,0.0881406381153144,0.0763883292675018,0.0336674957386285,TRUE,TRUE,0.0763883292675018,0.222671086463543,0.106654783677108
15,15,"By The People 2004 US General Election","btp04.w4b57","15:9403::btp04.w4b57","9403","15:9403",0.633334001898766,0.626983808619635,0.376967958792248,0.37603461665046,20,21,20,0.633334001898766,0.633332999050617,0.376967958792248,0.384646763883508,-0.00635019327913011,0.000933342141787474,FALSE,TRUE,-0.00635019327913011,-1.00284814830154e-06,-0.00767880509126001,FALSE,FALSE,-1.00284814830154e-06,-0.0100266103826605,0.00247591902711777
15,15,"By The People 2004 US General Election","btp04.w4b57","15:9404::btp04.w4b57","9404","15:9404",0.614583123475313,0.635415619239211,0.450179813507133,0.422596429918809,16,16,16,0.614583123475313,0.635415619239211,0.450179813507133,0.422596429918809,0.0208324957638979,0.027583383588324,TRUE,TRUE,0.0208324957638979,0.0208324957638979,0.027583383588324,TRUE,TRUE,0.0208324957638979,0.0540518514698812,0.0612719245970519
15,15,"By The People 2004 US General Election","btp04.w4b57","15:9405::btp04.w4b57","9405","15:9405",0.652173477670421,0.576388329267502,0.420176423919262,0.386920901128439,23,24,23,0.652173477670421,0.579709560974785,0.420176423919262,0.395266891744247,-0.075785148402919,0.0332555227908231,FALSE,TRUE,-0.075785148402919,-0.0724639166956362,0.0249095321750149,FALSE,TRUE,-0.0724639166956362,-0.116203971792329,0.079146570101737
15,15,"By The People 2004 US General Election","btp04.w4b57","15:9406::btp04.w4b57","9406","15:9406",0.706348566781907,0.73333350121975,0.383350291435772,0.368337389731127,21,20,20,0.699999496340752,0.73333350121975,0.392174667502404,0.368337389731127,0.0269849344378427,0.0150129017046453,TRUE,TRUE,0.0269849344378427,0.0333340048789978,0.0238372777712766,TRUE,TRUE,0.0333340048789978,0.0918944414543385,0.039162358918307
15,15,"By The People 2004 US General Election","btp04.w4b57","15:9407::btp04.w4b57","9407","15:9407",0.590908634391698,0.48484863882715,0.420151222565369,0.414387776645655,22,22,21,0.571428093172255,0.492063811847142,0.420222737346585,0.423202710805982,-0.106059995564547,0.00576344591971406,FALSE,TRUE,-0.0757572732188485,-0.0793642813251131,-0.00297997345939638,FALSE,FALSE,-0.0634919050193968,-0.179486285005345,0.013717551229587
15,15,"By The People 2004 US General Election","btp04.w4b57","15:9408::btp04.w4b57","9408","15:9408",0.499999994039536,0.541667498648167,0.424916981639264,0.343590924759116,5,4,4,0.62499999254942,0.541667498648167,0.369557290367935,0.343590924759116,-0.0416675046086312,0.0813260568801482,FALSE,TRUE,0.0416674926877024,-0.0833324939012527,0.0259663656088192,FALSE,TRUE,-0.0833324939012527,-0.0833350082238316,0.191392814112547
15,15,"By The People 2004 US General Election","btp04.w4b57","15:9409::btp04.w4b57","9409","15:9409",0.788888667027156,0.761905003871236,0.305158565033228,0.311559997443478,15,14,14,0.773809286100524,0.761905003871236,0.310824347411171,0.311559997443478,-0.026983663155919,-0.00640143241025004,FALSE,FALSE,-0.026983663155919,-0.0119042822292873,-0.000735650032306745,FALSE,FALSE,-0.0119042822292873,-0.0342046530565639,-0.0328545743431921
15,15,"By The People 2004 US General Election","btp04.w4b57","15:9410::btp04.w4b57","9410","15:9410",0.564102308108256,0.538461533876566,0.44377624710521,0.425754699096947,13,13,13,0.564102308108256,0.538461533876566,0.44377624710521,0.425754699096947,-0.0256407742316905,0.0180215480082632,FALSE,TRUE,-0.0256407742316905,-0.0256407742316905,0.0180215480082632,FALSE,TRUE,-0.0256407742316905,-0.0454541204018081,0.0406095371841537
15,15,"By The People 2004 US General Election","btp04.w4b57","15:9411::btp04.w4b57","9411","15:9411",0.59375,0.519607645623824,0.430196723909709,0.467270052820218,16,17,16,0.59375,0.552083123475313,0.430196723909709,0.462355867575622,-0.0741423543761758,-0.0370733289105087,FALSE,FALSE,-0.0741423543761758,-0.0416668765246868,-0.0321591436659129,FALSE,FALSE,-0.0416668765246868,-0.124871333686191,-0.531111589412426
15,15,"By The People 2004 US General Election","btp04.w4b57","15:9412::btp04.w4b57","9412","15:9412",0.714285714285714,0.541666250675917,0.487950036474267,0.501980403079986,7,8,7,0.714285714285714,0.571428571428571,0.487950036474267,0.534522483824849,-0.172619463609798,-0.014030366605719,FALSE,FALSE,-0.172619463609798,-0.142857142857143,-0.0465724473505822,FALSE,FALSE,-0.142857142857143,-0.241667249053717,-1.16434930078886
15,15,"By The People 2004 US General Election","btp04.w4b57","15:9413::btp04.w4b57","9413","15:9413",0.404761429343905,0.388888334234555,0.449867793489229,0.490653456827217,7,6,6,0.388888334234555,0.388888334234555,0.490653456827217,0.490653456827217,0.0158730951093493,-0.0407856633379877,TRUE,FALSE,0.0158730951093493,0,0,FALSE,FALSE,0,0.0392159280964064,-0.813562102622095
15,15,"By The People 2004 US General Election","btp04.w4b57","15:9414::btp04.w4b57","9414","15:9414",0.666665827234586,0.597222497065862,0.369274059633104,0.423180607308069,12,12,12,0.666665827234586,0.597222497065862,0.369274059633104,0.423180607308069,-0.0694433301687241,-0.0539065476749648,FALSE,FALSE,-0.0694433301687241,-0.0694433301687241,-0.0539065476749648,FALSE,FALSE,-0.0694433301687241,-0.104165126412409,-0.412363051462245
15,15,"By The People 2004 US General Election","btp04.w4b57","15:9415::btp04.w4b57","9415","15:9415",0.348484545946121,0.499998179349032,0.376050581142683,0.349602783641085,11,11,11,0.348484545946121,0.499998179349032,0.376050581142683,0.349602783641085,-0.151513633402911,0.0264477975015983,FALSE,TRUE,-0.151513633402911,-0.151513633402911,0.0264477975015983,FALSE,TRUE,-0.151513633402911,-0.232555701419143,0.0703304258199333
17,17,"San Mateo","sm.t1more","17:9601::sm.t1more","9601","17:9601",0.527777781089147,0.833333333333333,0.323465037884188,0.408248290463863,6,6,6,0.527777781089147,0.833333333333333,0.323465037884188,0.408248290463863,0.305555552244186,-0.0847832525796746,TRUE,FALSE,0.305555552244186,0.305555552244186,-0.0847832525796746,TRUE,FALSE,0.305555552244186,0.647058821054478,-0.480263238304345
17,17,"San Mateo","sm.t1more","17:9602::sm.t1more","9602","17:9602",0.583333333333333,0.628205132025939,0.365839288544189,0.305458407859627,12,13,12,0.583333333333333,0.625000002483527,0.365839288544189,0.318812498578113,0.0448717986926054,0.0603808806845617,TRUE,TRUE,0.0448717986926054,0.0416666691501935,0.0470267899660759,TRUE,TRUE,0.0416666691501935,0.107692316862253,0.165047556605633
17,17,"San Mateo","sm.t1more","17:9603::sm.t1more","9603","17:9603",0.229166656732559,0.60416667163372,0.197955817220016,0.417261481048421,8,8,8,0.229166656732559,0.60416667163372,0.197955817220016,0.417261481048421,-0.375000014901162,-0.219305663828405,FALSE,FALSE,-0.16666667163372,-0.375000014901162,-0.219305663828405,FALSE,FALSE,-0.16666667163372,-0.486486499548133,-0.726071470107248
17,17,"San Mateo","sm.t1more","17:9604::sm.t1more","9604","17:9604",0.666666666666667,0.611111104488373,0.235702263205306,0.375154288070534,6,6,6,0.666666666666667,0.611111104488373,0.235702263205306,0.375154288070534,-0.0555555621782939,-0.139452024865228,FALSE,FALSE,-0.0555555621782939,-0.0555555621782939,-0.139452024865228,FALSE,FALSE,-0.0555555621782939,-0.0833333432674409,-0.527632308004037
17,17,"San Mateo","sm.t1more","17:9605::sm.t1more","9605","17:9605",0.651515150612051,0.727272727272727,0.328756445464657,0.201007561404458,11,11,11,0.651515150612051,0.727272727272727,0.328756445464657,0.201007561404458,0.0757575766606766,0.127748884060199,TRUE,TRUE,0.0757575766606766,0.0757575766606766,0.127748884060199,TRUE,TRUE,0.0757575766606766,0.217391306375962,0.388582142867623
17,17,"San Mateo","sm.t1more","17:9606::sm.t1more","9606","17:9606",0.409090911800211,0.80555555721124,0.396958126436499,0.222852638664006,11,12,11,0.409090911800211,0.787878789684989,0.396958126436499,0.224733284942669,-0.396464645411029,0.174105487772493,FALSE,TRUE,0.214646469011451,-0.378787877884778,0.172224841493829,FALSE,TRUE,0.1969697014852,-0.670940172233368,0.438599127155908
17,17,"San Mateo","sm.t1more","17:9607::sm.t1more","9607","17:9607",0.486111118147771,0.782051278994634,0.351463981825351,0.229579077702695,12,13,12,0.486111118147771,0.777777776122093,0.351463981825351,0.239246855027262,-0.295940160846863,0.121884904122656,FALSE,TRUE,0.268162397142404,-0.291666657974323,0.11221712679809,FALSE,TRUE,0.263888894269864,-0.575883564128094,0.346792019738804
17,17,"San Mateo","sm.t1more","17:9608::sm.t1more","9608","17:9608",0.716666670143604,0.924242420630021,0.294496842217838,0.202259965436547,10,11,10,0.716666670143604,0.916666662693024,0.294496842217838,0.21154925989753,0.207575750486417,0.0922368767812916,TRUE,TRUE,0.207575750486417,0.199999992549419,0.0829475823203088,TRUE,TRUE,0.199999992549419,0.732620304824796,0.313201581676262
17,17,"San Mateo","sm.t1more","17:9609::sm.t1more","9609","17:9609",0.5,0.875,0.41943524903554,0.194160788400509,7,8,7,0.5,0.857142857142857,0.41943524903554,0.202497629372547,NA,0.225274460635031,NA,TRUE,0.375,NA,0.216937619662993,NA,TRUE,0.357142857142857,NA,0.537089958826857
17,17,"San Mateo","sm.t1more","17:9610::sm.t1more","9610","17:9610",0.616666670143604,0.583333331346512,0.236356071600048,0.362177908860443,10,10,10,0.616666670143604,0.583333331346512,0.236356071600048,0.362177908860443,-0.0333333387970925,-0.125821837260395,FALSE,FALSE,-0.0333333387970925,-0.0333333387970925,-0.125821837260395,FALSE,FALSE,-0.0333333387970925,-0.0540540626094323,-0.477241550844748
17,17,"San Mateo","sm.t1more","17:9611::sm.t1more","9611","17:9611",0.683333337306976,0.74242423881184,0.228386719578851,0.202259956952954,10,11,10,0.683333337306976,0.733333331346512,0.228386719578851,0.210818509630746,0.0590909015048632,0.0261267626258971,TRUE,TRUE,0.0590909015048632,0.0499999940395354,0.017568209948105,TRUE,TRUE,0.0499999940395354,0.18660284919902,0.114397030939782
17,17,"San Mateo","sm.t1more","17:9612::sm.t1more","9612","17:9612",0.483333331346512,0.638888886819283,0.346499250401866,0.33958778162872,10,12,10,0.483333331346512,0.61666666418314,0.346499250401866,0.351803108604365,-0.155555555472771,0.00691146877314619,FALSE,TRUE,0.122222218165795,-0.133333332836628,-0.00530385820249829,FALSE,FALSE,0.0999999955296515,-0.301075267499203,0.0199465619770615
17,17,"San Mateo","sm.t1more","17:9613::sm.t1more","9613","17:9613",0.5,0.48611111442248,0.432283111019643,0.35857694925131,12,12,12,0.5,0.48611111442248,0.432283111019643,0.35857694925131,NA,0.0737061617683333,NA,TRUE,0.0138888855775198,NA,0.0737061617683333,NA,TRUE,0.0138888855775198,NA,0.17050437523335
17,17,"San Mateo","sm.t1more","17:9614::sm.t1more","9614","17:9614",0.666666673496366,0.83333332836628,0.308606691876637,0.345032779671177,8,8,8,0.666666673496366,0.83333332836628,0.308606691876637,0.345032779671177,0.166666654869914,-0.03642608779454,TRUE,FALSE,0.166666654869914,0.166666654869914,-0.03642608779454,TRUE,FALSE,0.166666654869914,0.49999997485429,-0.190320592458027
17,17,"San Mateo","sm.t1more","17:9615::sm.t1more","9615","17:9615",0.624999992549419,0.66666667163372,0.278174323958359,0.199204770597106,8,8,8,0.624999992549419,0.66666667163372,0.278174323958359,0.199204770597106,0.0416666790843012,0.078969553361253,TRUE,TRUE,0.0416666790843012,0.0416666790843012,0.078969553361253,TRUE,TRUE,0.0416666790843012,0.111111142017223,0.283885127273912
17,17,"San Mateo","sm.t1more","17:9616::sm.t1more","9616","17:9616",0.238095245191029,0.52380952664784,0.232879376832648,0.503952631617655,7,7,7,0.238095245191029,0.52380952664784,0.232879376832648,0.503952631617655,-0.285714281456811,-0.271073254785006,FALSE,FALSE,-0.238095228161131,-0.285714281456811,-0.271073254785006,FALSE,FALSE,-0.238095228161131,-0.374999997904524,-1.01479717878308
17,17,"San Mateo","sm.t1more","17:9617::sm.t1more","9617","17:9617",0.333333345396178,0.452380948833057,0.288675118822299,0.314970382159189,7,7,7,0.333333345396178,0.452380948833057,0.288675118822299,0.314970382159189,-0.119047603436879,-0.02629526333689,FALSE,FALSE,-0.119047603436879,-0.119047603436879,-0.02629526333689,FALSE,FALSE,-0.119047603436879,-0.178571408386437,-0.124430512821529
17,17,"San Mateo","sm.t1more","17:9618::sm.t1more","9618","17:9618",0.733333338797093,0.851851847436693,0.316227760955628,0.211549253375468,10,9,9,0.740740744604005,0.851851847436693,0.334488733315516,0.211549253375468,0.1185185086396,0.10467850758016,TRUE,TRUE,0.1185185086396,0.111111102832688,0.122939479940047,TRUE,TRUE,0.111111102832688,0.444444416504766,0.331022511318505
17,17,"San Mateo","sm.t1more","17:9619::sm.t1more","9619","17:9619",0.740740736325582,0.611111119389534,0.313039663952865,0.263523132064484,9,9,9,0.740740736325582,0.611111119389534,0.313039663952865,0.263523132064484,-0.129629616936048,0.0495165318883815,FALSE,TRUE,-0.129629616936048,-0.129629616936048,0.0495165318883815,FALSE,TRUE,-0.129629616936048,-0.174999983906746,0.158179737555038
17,17,"San Mateo","sm.t1more","17:9620::sm.t1more","9620","17:9620",0.439393937587738,0.772727272727273,0.281590005218445,0.214381889708642,11,11,11,0.439393937587738,0.772727272727273,0.281590005218445,0.214381889708642,-0.333333335139535,0.0672081155098032,FALSE,TRUE,0.212121210315011,-0.333333335139535,0.0672081155098032,FALSE,TRUE,0.212121210315011,-0.594594595900759,0.238673654122298
17,17,"San Mateo","sm.t1more","17:9621::sm.t1more","9621","17:9621",0.133333325386047,0.366666665673256,0.182574174952786,0.320589722224623,5,5,5,0.133333325386047,0.366666665673256,0.182574174952786,0.320589722224623,-0.233333340287209,-0.138015547271837,FALSE,FALSE,-0.233333340287209,-0.233333340287209,-0.138015547271837,FALSE,FALSE,-0.233333340287209,-0.26923077478564,-0.434796214993875
17,17,"San Mateo","sm.t1more","17:9622::sm.t1more","9622","17:9622",0.638888891786337,0.791666661699613,0.413370799513187,0.175881612963547,12,12,12,0.638888891786337,0.791666661699613,0.413370799513187,0.175881612963547,0.152777769913276,0.23748918654964,TRUE,TRUE,0.152777769913276,0.152777769913276,0.23748918654964,TRUE,TRUE,0.152777769913276,0.423076904692946,0.574518535971391
17,17,"San Mateo","sm.t1more","17:9623::sm.t1more","9623","17:9623",0.88888888557752,0.619047626852989,0.201843358033542,0.416269646206387,6,7,6,0.88888888557752,0.555555564661821,0.201843358033542,0.417221846921439,-0.26984125872453,-0.214426288172845,FALSE,FALSE,-0.26984125872453,-0.333333320915699,-0.215378488887897,FALSE,FALSE,-0.333333320915699,-0.303571417195988,-0.71917327334592
17,17,"San Mateo","sm.t1more","17:9624::sm.t1more","9624","17:9624",0.583333333333333,0.812500007450581,0.204124145231932,0.207737236482136,6,8,6,0.583333333333333,0.750000009934108,0.204124145231932,0.204124140365233,0.229166674117247,-0.00361309125020498,TRUE,FALSE,0.229166674117247,0.166666676600774,4.86669873844825e-09,TRUE,TRUE,0.166666676600774,0.550000017881394,-0.0122115109833387
17,17,"San Mateo","sm.t1more","17:9625::sm.t1more","9625","17:9625",0.583333330228925,0.733333325386047,0.388321574516896,0.250924218449473,8,10,8,0.583333330228925,0.749999992549419,0.388321574516896,0.267261244567427,0.149999995157123,0.137397356067423,TRUE,TRUE,0.149999995157123,0.166666662320495,0.12106032994947,TRUE,TRUE,0.166666662320495,0.359999985694885,0.353823647934979
17,17,"San Mateo","sm.t1more","17:9626::sm.t1more","9626","17:9626",0.625,0.79166667163372,0.478713553878169,0.249999996688631,4,4,4,0.625,0.79166667163372,0.478713553878169,0.249999996688631,0.16666667163372,0.228713557189538,TRUE,TRUE,0.16666667163372,0.16666667163372,0.228713557189538,TRUE,TRUE,0.16666667163372,0.444444457689921,0.477767039050131
17,17,"San Mateo","sm.t1belowmrkt","17:9601::sm.t1belowmrkt","9601","17:9601",0.583333333333333,0.75,0.37638632635454,0.229734142985387,6,6,6,0.583333333333333,0.75,0.37638632635454,0.229734142985387,0.166666666666667,0.146652183369153,TRUE,TRUE,0.166666666666667,0.166666666666667,0.146652183369153,TRUE,TRUE,0.166666666666667,0.4,0.389632069766034
17,17,"San Mateo","sm.t1belowmrkt","17:9602::sm.t1belowmrkt","9602","17:9602",0.461538463830948,0.7051282032178,0.379777256368462,0.312944839234976,13,13,13,0.461538463830948,0.7051282032178,0.379777256368462,0.312944839234976,-0.243589739386852,0.0668324171334855,FALSE,TRUE,0.166666667048748,-0.243589739386852,0.0668324171334855,FALSE,TRUE,0.166666667048748,-0.452380946501583,0.175977934467577
17,17,"San Mateo","sm.t1belowmrkt","17:9603::sm.t1belowmrkt","9603","17:9603",0.72916666418314,0.79166667163372,0.453710451733106,0.353553388586281,8,8,8,0.72916666418314,0.79166667163372,0.453710451733106,0.353553388586281,0.0625000074505807,0.100157063146824,TRUE,TRUE,0.0625000074505807,0.0625000074505807,0.100157063146824,TRUE,TRUE,0.0625000074505807,0.230769256162926,0.220751059986032
17,17,"San Mateo","sm.t1belowmrkt","17:9604::sm.t1belowmrkt","9604","17:9604",0.694444437821706,0.58333333581686,0.386101116116614,0.404831915469401,6,6,6,0.694444437821706,0.58333333581686,0.386101116116614,0.404831915469401,-0.111111102004846,-0.0187307993527872,FALSE,FALSE,-0.111111102004846,-0.111111102004846,-0.0187307993527872,FALSE,FALSE,-0.111111102004846,-0.159999988412857,-0.164451122909724
17,17,"San Mateo","sm.t1belowmrkt","17:9605::sm.t1belowmrkt","9605","17:9605",0.766666670143604,0.772727267308669,0.306312188124747,0.31861442339083,10,11,10,0.766666670143604,0.749999994039535,0.306312188124747,0.326315001766226,0.00606059716506424,-0.0123022352660829,TRUE,FALSE,0.00606059716506424,-0.0166666761040689,-0.0200028136414785,FALSE,FALSE,-0.0166666761040689,0.0259739882373179,-0.0635157945509048
17,17,"San Mateo","sm.t1belowmrkt","17:9606::sm.t1belowmrkt","9606","17:9606",0.638888886819283,0.772727274081924,0.400966840132773,0.359573252864224,12,11,11,0.696969694711945,0.772727274081924,0.363762598867088,0.359573252864224,0.133838387262641,0.0413935872685494,TRUE,TRUE,0.133838387262641,0.0757575793699786,0.00418934600286425,TRUE,TRUE,0.0757575793699786,0.370629377987771,0.103234440171767
17,17,"San Mateo","sm.t1belowmrkt","17:9607::sm.t1belowmrkt","9607","17:9607",0.692307693453936,0.78205128472585,0.295382311321242,0.283697596687645,13,13,13,0.692307693453936,0.78205128472585,0.295382311321242,0.283697596687645,0.089743591271914,0.0116847146335967,TRUE,TRUE,0.089743591271914,0.089743591271914,0.0116847146335967,TRUE,TRUE,0.089743591271914,0.291666672720264,0.0395579362262116
17,17,"San Mateo","sm.t1belowmrkt","17:9608::sm.t1belowmrkt","9608","17:9608",0.621212120760571,0.683333331346512,0.365839282989901,0.355295046661785,11,10,10,0.633333332836628,0.683333331346512,0.383293069442583,0.355295046661785,0.062121210585941,0.0105442363281161,TRUE,TRUE,0.062121210585941,0.049999998509884,0.0279980227807974,TRUE,TRUE,0.049999998509884,0.163999995751381,0.0288220451394421
17,17,"San Mateo","sm.t1belowmrkt","17:9609::sm.t1belowmrkt","9609","17:9609",0.72916666418314,0.66666666418314,0.453710451733106,0.445435402125373,8,8,8,0.72916666418314,0.66666666418314,0.453710451733106,0.445435402125373,-0.0625,0.00827504960773229,FALSE,TRUE,-0.0625,-0.0625,0.00827504960773229,FALSE,TRUE,-0.0625,-0.0857142860062268,0.0182386135830084
17,17,"San Mateo","sm.t1belowmrkt","17:9610::sm.t1belowmrkt","9610","17:9610",0.777777779433462,0.850000001490116,0.263523124603563,0.265855235802516,9,10,9,0.777777779433462,0.833333334989018,0.263523124603563,0.276385387215299,0.0722222220566537,-0.00233211119895321,TRUE,FALSE,0.0722222220566537,0.0555555555555555,-0.0128622626117366,TRUE,FALSE,0.0555555555555555,0.325000001676381,-0.0098618995833888
17,17,"San Mateo","sm.t1belowmrkt","17:9611::sm.t1belowmrkt","9611","17:9611",0.818181812763214,0.757575755769556,0.229183886146431,0.301511341882042,11,11,11,0.818181812763214,0.757575755769556,0.229183886146431,0.301511341882042,-0.0606060569936578,-0.0723274557356114,FALSE,FALSE,-0.0606060569936578,-0.0606060569936578,-0.0723274557356114,FALSE,FALSE,-0.0606060569936578,-0.0740740701494883,-0.267072201526084
17,17,"San Mateo","sm.t1belowmrkt","17:9612::sm.t1belowmrkt","9612","17:9612",0.486111115664244,0.708333333333333,0.392211634410438,0.390059566282551,12,12,12,0.486111115664244,0.708333333333333,0.392211634410438,0.390059566282551,-0.22222221766909,0.00215206812788638,FALSE,TRUE,0.194444448997577,-0.22222221766909,0.00215206812788638,FALSE,TRUE,0.194444448997577,-0.432432427403699,0.00548700736815548
17,17,"San Mateo","sm.t1belowmrkt","17:9613::sm.t1belowmrkt","9613","17:9613",0.513888890544574,0.66666666790843,0.379116021799377,0.36237153413913,12,12,12,0.513888890544574,0.66666666790843,0.379116021799377,0.36237153413913,0.152777777363857,0.0167444876602472,TRUE,TRUE,0.152777777363857,0.152777777363857,0.0167444876602472,TRUE,TRUE,0.152777777363857,0.31428571450467,0.0441671854984492
17,17,"San Mateo","sm.t1belowmrkt","17:9614::sm.t1belowmrkt","9614","17:9614",0.500000001862645,0.8125,0.445435400532372,0.187665266035149,8,8,8,0.500000001862645,0.8125,0.445435400532372,0.187665266035149,0.312499998137355,0.257770134497224,TRUE,TRUE,0.312499998137355,0.312499998137355,0.257770134497224,TRUE,TRUE,0.312499998137355,0.624999998603016,0.578692520148025
17,17,"San Mateo","sm.t1belowmrkt","17:9615::sm.t1belowmrkt","9615","17:9615",0.83333333581686,0.761904759066445,0.199204763472987,0.358199492922639,8,7,7,0.857142857142857,0.761904759066445,0.202497629372547,0.358199492922639,-0.0714285767504148,-0.158994729449652,FALSE,FALSE,-0.0714285767504148,-0.0952380980764117,-0.155701863550092,FALSE,FALSE,-0.0952380980764117,-0.0857142918450493,-0.528581274375911
17,17,"San Mateo","sm.t1belowmrkt","17:9616::sm.t1belowmrkt","9616","17:9616",0.714285714285714,0.63888888557752,0.208927723509337,0.356162672078362,7,6,6,0.666666666666667,0.63888888557752,0.182574185835057,0.356162672078362,-0.0753968287081946,-0.147234948569025,FALSE,FALSE,-0.0753968287081946,-0.027777781089147,-0.173588486243305,FALSE,FALSE,-0.027777781089147,-0.105555560191472,-0.505836386564104
17,17,"San Mateo","sm.t1belowmrkt","17:9617::sm.t1belowmrkt","9617","17:9617",0.619047624724252,0.738095240933555,0.44839514012636,0.383178021750131,7,7,7,0.619047624724252,0.738095240933555,0.44839514012636,0.383178021750131,0.119047616209303,0.0652171183762288,TRUE,TRUE,0.119047616209303,0.119047616209303,0.0652171183762288,TRUE,TRUE,0.119047616209303,0.312499997206032,0.145445640552327
17,17,"San Mateo","sm.t1belowmrkt","17:9618::sm.t1belowmrkt","9618","17:9618",0.72916667163372,0.703703708118863,0.355651647723606,0.320348959096719,8,9,7,0.690476196152823,0.619047624724252,0.365510442097781,0.314970393423408,-0.0254629635148579,0.0353026886268872,FALSE,TRUE,-0.0254629635148579,-0.0714285714285714,0.0505400486743725,FALSE,TRUE,-0.0714285714285714,-0.0349206354396414,0.0992619852961362
17,17,"San Mateo","sm.t1belowmrkt","17:9619::sm.t1belowmrkt","9619","17:9619",0.722222223877907,0.703703701496124,0.322748606412757,0.341339048254045,9,9,9,0.722222223877907,0.703703701496124,0.322748606412757,0.341339048254045,-0.0185185223817825,-0.0185904418412886,FALSE,FALSE,-0.0185185223817825,-0.0185185223817825,-0.0185904418412886,FALSE,FALSE,-0.0185185223817825,-0.0256410309313787,-0.104881780983789
17,17,"San Mateo","sm.t1belowmrkt","17:9620::sm.t1belowmrkt","9620","17:9620",0.636363630945032,0.924242420630021,0.433449865071759,0.155699791152413,11,11,11,0.636363630945032,0.924242420630021,0.433449865071759,0.155699791152413,0.287878789684989,0.277750073919347,TRUE,TRUE,0.287878789684989,0.287878789684989,0.277750073919347,TRUE,TRUE,0.287878789684989,0.791666659836968,0.640789388349133
17,17,"San Mateo","sm.t1belowmrkt","17:9621::sm.t1belowmrkt","9621","17:9621",0.5,0.766666674613953,0.408248290463863,0.149071186282649,4,5,4,0.5,0.708333343267441,0.408248290463863,0.083333313465118,NA,0.259177104181214,NA,TRUE,0.266666674613953,NA,0.324914976998745,NA,TRUE,0.208333343267441,NA,0.63485165825613
17,17,"San Mateo","sm.t1belowmrkt","17:9622::sm.t1belowmrkt","9622","17:9622",0.66666667027907,0.791666666666667,0.372677995361432,0.24746186441438,11,12,11,0.66666667027907,0.772727272727273,0.372677995361432,0.250252399166395,0.124999996387597,0.125216130947052,TRUE,TRUE,0.124999996387597,0.106060602448203,0.122425596195037,TRUE,TRUE,0.106060602448203,0.374999993226745,0.33599013761361
17,17,"San Mateo","sm.t1belowmrkt","17:9623::sm.t1belowmrkt","9623","17:9623",0.527777771155039,0.452380959476743,0.3234650327656,0.381448081086456,6,7,6,0.527777771155039,0.500000002483527,0.3234650327656,0.394405312996211,-0.0753968116782959,-0.057983048320856,FALSE,FALSE,0.0198412693682172,-0.0277777686715125,-0.0709402802306114,FALSE,FALSE,-0.0277777686715125,-0.14285711865676,-0.328450783599529
17,17,"San Mateo","sm.t1belowmrkt","17:9624::sm.t1belowmrkt","9624","17:9624",0.45833333581686,0.66666667163372,0.424918294190998,0.321208035747081,8,8,8,0.45833333581686,0.66666667163372,0.424918294190998,0.321208035747081,-0.20833333581686,0.103710258443917,FALSE,TRUE,0.125000007450581,-0.20833333581686,0.103710258443917,FALSE,TRUE,0.125000007450581,-0.384615390963808,0.244071059923111
17,17,"San Mateo","sm.t1belowmrkt","17:9625::sm.t1belowmrkt","9625","17:9625",0.629629633492894,0.783333331346512,0.370601773012853,0.23635608315837,9,10,9,0.629629633492894,0.777777777777778,0.370601773012853,0.250000001655685,0.153703697853618,0.134245689854483,TRUE,TRUE,0.153703697853618,0.148148144284884,0.120601771357168,TRUE,TRUE,0.148148144284884,0.414999988533556,0.362237041563822
17,17,"San Mateo","sm.t1belowmrkt","17:9626::sm.t1belowmrkt","9626","17:9626",0.58333332836628,0.833333343267441,0.440958548089359,0.192450078258956,4,4,4,0.58333332836628,0.833333343267441,0.440958548089359,0.192450078258956,0.250000014901162,0.248508469830403,TRUE,TRUE,0.250000014901162,0.250000014901162,0.248508469830403,TRUE,TRUE,0.250000014901162,0.60000002861023,0.563564241825387
17,17,"San Mateo","sm.t1openspace","17:9601::sm.t1openspace","9601","17:9601",0.333333333333333,0.305555552244186,0.408248290463863,0.400231414264832,6,6,6,0.333333333333333,0.305555552244186,0.408248290463863,0.400231414264832,0.027777781089147,0.00801687619903135,TRUE,TRUE,0.027777781089147,0.027777781089147,0.00801687619903135,TRUE,TRUE,0.027777781089147,0.0833333432674411,0.0196372560186899
17,17,"San Mateo","sm.t1openspace","17:9602::sm.t1openspace","9602","17:9602",0.589743594710643,0.294871801367173,0.363976129654743,0.305458412967243,13,13,13,0.589743594710643,0.294871801367173,0.363976129654743,0.305458412967243,-0.294871793343471,0.0585177166875001,FALSE,TRUE,0.115384603922184,-0.294871793343471,0.0585177166875001,FALSE,TRUE,0.115384603922184,-0.499999993197296,0.160773501116703
17,17,"San Mateo","sm.t1openspace","17:9603::sm.t1openspace","9603","17:9603",0.285714285714286,0.270833330228925,0.393397896234722,0.2946278171152,7,8,7,0.285714285714286,0.238095234547342,0.393397896234722,0.302108979076126,0.0148809554853611,0.0987700791195213,TRUE,TRUE,0.0148809554853611,0.0476190511669433,0.0912889171585955,TRUE,TRUE,0.0476190511669433,0.0520833441987637,0.251069159405443
17,17,"San Mateo","sm.t1openspace","17:9604::sm.t1openspace","9604","17:9604",0.111111119389534,0.0833333507180215,0.13608276267684,0.0912871119614994,6,6,6,0.111111119389534,0.0833333507180215,0.13608276267684,0.0912871119614994,0.0277777686715125,0.0447956507153401,TRUE,TRUE,0.0277777686715125,0.0277777686715125,0.0447956507153401,TRUE,TRUE,0.0277777686715125,0.249999899417169,0.329179462807629
17,17,"San Mateo","sm.t1openspace","17:9605::sm.t1openspace","9605","17:9605",0.366666662693024,0.181818183172833,0.37515428865898,0.240999603107406,10,11,10,0.366666662693024,0.200000001490116,0.37515428865898,0.245954930395743,0.184848479520191,0.134154685551574,TRUE,TRUE,0.184848479520191,0.166666661202907,0.129199358263236,TRUE,TRUE,0.166666661202908,0.504132222336634,0.357598699007603
17,17,"San Mateo","sm.t1openspace","17:9606::sm.t1openspace","9606","17:9606",0.111111109455427,0.138888894269864,0.295875120176286,0.171642880957135,12,12,12,0.111111109455427,0.138888894269864,0.295875120176286,0.171642880957135,-0.0277777848144372,0.12423223921915,FALSE,TRUE,-0.0277777848144372,-0.0277777848144372,0.12423223921915,FALSE,TRUE,-0.0277777848144372,-0.0312500078580342,0.419880654869296
17,17,"San Mateo","sm.t1openspace","17:9607::sm.t1openspace","9607","17:9607",0.181818183172833,0.305555559694767,0.320195646156883,0.316493838038138,11,12,10,0.200000001490116,0.21666667163372,0.331476307394115,0.236356082457866,-0.123737376521934,0.00370180811874499,FALSE,TRUE,-0.123737376521934,-0.0166666701436043,0.0951202249362492,FALSE,TRUE,-0.0166666701436043,-0.151234571554983,0.0115610819921369
17,17,"San Mateo","sm.t1openspace","17:9608::sm.t1openspace","9608","17:9608",0.350000001490116,0.181818189946088,0.318658451219482,0.252262492955761,10,11,10,0.350000001490116,0.200000008940697,0.318658451219482,0.258198892739633,0.168181811544028,0.0663959582637217,TRUE,TRUE,0.168181811544028,0.149999992549419,0.0604595584798493,TRUE,TRUE,0.149999992549419,0.480519459508567,0.208360889251891
17,17,"San Mateo","sm.t1openspace","17:9609::sm.t1openspace","9609","17:9609",0.39583333581686,0.416666675359011,0.377307718633934,0.321208032433438,8,8,8,0.39583333581686,0.416666675359011,0.377307718633934,0.321208032433438,-0.0208333395421505,0.0560996862004953,FALSE,TRUE,-0.0208333395421505,-0.0208333395421505,0.0560996862004953,FALSE,TRUE,-0.0208333395421505,-0.0344827690390997,0.148684173235596
17,17,"San Mateo","sm.t1openspace","17:9610::sm.t1openspace","9610","17:9610",0.283333343267441,0.36666667163372,0.176558306117113,0.31229931592274,10,10,10,0.283333343267441,0.36666667163372,0.176558306117113,0.31229931592274,-0.0833333283662796,-0.135741009805627,FALSE,FALSE,-0.0833333283662796,-0.0833333283662796,-0.135741009805627,FALSE,FALSE,-0.0833333283662796,-0.116279064448477,-0.419676907377244
17,17,"San Mateo","sm.t1openspace","17:9611::sm.t1openspace","9611","17:9611",0.100000001490116,0.233333332836628,0.179161281857987,0.29606471823225,10,10,9,0.111111112766796,0.203703703151809,0.186338996458982,0.297883473539595,-0.133333331346512,-0.116903436374263,FALSE,FALSE,-0.133333331346512,-0.0925925903850131,-0.111544477080612,FALSE,FALSE,-0.0925925903850131,-0.148148146185855,-0.364368231650014
17,17,"San Mateo","sm.t1openspace","17:9612::sm.t1openspace","9612","17:9612",0.125000001241763,0.222222227603197,0.214676173109205,0.295875118395776,12,12,12,0.125000001241763,0.222222227603197,0.214676173109205,0.295875118395776,-0.0972222263614337,-0.0811989452865703,FALSE,FALSE,-0.0972222263614337,-0.0972222263614337,-0.0811989452865703,FALSE,FALSE,-0.0972222263614337,-0.111111115999323,-0.284585224344578
17,17,"San Mateo","sm.t1openspace","17:9613::sm.t1openspace","9613","17:9613",0.375000007450581,0.208333333333333,0.376889178625533,0.341749806872021,12,12,12,0.375000007450581,0.208333333333333,0.376889178625533,0.341749806872021,0.166666674117247,0.0351393717535116,TRUE,TRUE,0.166666674117247,0.166666674117247,0.0351393717535116,TRUE,TRUE,0.166666674117247,0.444444455482342,0.0932352896988459
17,17,"San Mateo","sm.t1openspace","17:9614::sm.t1openspace","9614","17:9614",0.229166675359011,0.0833333507180215,0.355651646975425,0.0890870992224882,8,8,8,0.229166675359011,0.0833333507180215,0.355651646975425,0.0890870992224882,0.145833324640989,0.266564547752936,TRUE,TRUE,0.145833324640989,0.145833324640989,0.266564547752936,TRUE,TRUE,0.145833324640989,0.636363574295992,0.749510230080155
17,17,"San Mateo","sm.t1openspace","17:9615::sm.t1openspace","9615","17:9615",0.208333337679505,0.312500001862645,0.248007935546457,0.35002834128518,8,8,8,0.208333337679505,0.312500001862645,0.248007935546457,0.35002834128518,-0.10416666418314,-0.102020405738723,FALSE,FALSE,-0.10416666418314,-0.10416666418314,-0.102020405738723,FALSE,FALSE,-0.10416666418314,-0.13157894495369,-0.40485562892609
17,17,"San Mateo","sm.t1openspace","17:9616::sm.t1openspace","9616","17:9616",0.333333332623754,0.238095245191029,0.419435240153859,0.358199491932159,7,7,7,0.333333332623754,0.238095245191029,0.419435240153859,0.358199491932159,0.095238087432725,0.0612357482216992,TRUE,TRUE,0.095238087432725,0.095238087432725,0.0612357482216992,TRUE,TRUE,0.095238087432725,0.285714262906386,0.145995716047217
17,17,"San Mateo","sm.t1openspace","17:9617::sm.t1openspace","9617","17:9617",0.333333358168602,0.190476191895349,0.319142354120684,0.149955890503047,7,7,7,0.333333358168602,0.190476191895349,0.319142354120684,0.149955890503047,0.142857166273254,0.169186463617637,TRUE,TRUE,0.142857166273254,0.142857166273254,0.169186463617637,TRUE,TRUE,0.142857166273254,0.428571466888698,0.53012851924273
17,17,"San Mateo","sm.t1openspace","17:9618::sm.t1openspace","9618","17:9618",0.26666667163372,0.407407421204779,0.325841737146308,0.313039649518148,10,9,9,0.277777779433462,0.407407421204779,0.343592133661107,0.313039649518148,-0.140740749571059,0.0128020876281601,FALSE,TRUE,-0.140740749571059,-0.129629641771317,0.0305524841429597,FALSE,TRUE,-0.129629641771317,-0.191919205260452,0.039289281171527
17,17,"San Mateo","sm.t1openspace","17:9619::sm.t1openspace","9619","17:9619",0.416666675359011,0.208333341404796,0.321208032433438,0.172516382123506,8,8,7,0.452380957348006,0.214285718543189,0.329341171677364,0.185449539527341,0.208333333954215,0.148691650309932,TRUE,TRUE,0.208333333954215,0.238095238804817,0.143891632150023,TRUE,TRUE,0.238095238804817,0.499999991059304,0.462913860476837
17,17,"San Mateo","sm.t1openspace","17:9620::sm.t1openspace","9620","17:9620",0.27272728220983,0.363636366345666,0.327216604381041,0.371320328967803,11,11,11,0.27272728220983,0.363636366345666,0.327216604381041,0.371320328967803,-0.0909090841358357,-0.0441037245867623,FALSE,FALSE,-0.0909090841358357,-0.0909090841358357,-0.0441037245867623,FALSE,FALSE,-0.0909090841358357,-0.124999992316589,-0.255254415094519
17,17,"San Mateo","sm.t1openspace","17:9621::sm.t1openspace","9621","17:9621",0.62500000372529,0.600000005960464,0.36955927899408,0.401386461416507,4,5,4,0.62500000372529,0.541666679084301,0.36955927899408,0.438325915708481,-0.0249999977648259,-0.0318271824224274,FALSE,FALSE,-0.0249999977648259,-0.0833333246409893,-0.0687666367144009,FALSE,FALSE,-0.0833333246409893,-0.0399999961853028,-0.243997289933585
17,17,"San Mateo","sm.t1openspace","17:9622::sm.t1openspace","9622","17:9622",0.458333334575097,0.3888888930281,0.427141069150635,0.364687034038701,12,12,12,0.458333334575097,0.3888888930281,0.427141069150635,0.364687034038701,0.0694444415469964,0.0624540351119348,TRUE,TRUE,0.0694444415469964,0.0694444415469964,0.0624540351119348,TRUE,TRUE,0.0694444415469964,0.151515144782946,0.146214072170873
17,17,"San Mateo","sm.t1openspace","17:9623::sm.t1openspace","9623","17:9623",0.361111116906007,0.404761901923588,0.499073212434598,0.428791829716585,6,7,6,0.361111116906007,0.305555552244186,0.499073212434598,0.371433656818627,-0.0436507850175811,0.0702813827180128,FALSE,TRUE,-0.0436507850175811,0.0555555646618208,0.127639555615971,TRUE,TRUE,0.0555555646618208,-0.0683229684733132,0.140823792916401
17,17,"San Mateo","sm.t1openspace","17:9624::sm.t1openspace","9624","17:9624",0.4375,0.187500013038516,0.41726148019814,0.226033783122346,8,8,8,0.4375,0.187500013038516,0.41726148019814,0.226033783122346,0.249999986961484,0.191227697075795,TRUE,TRUE,0.249999986961484,0.249999986961484,0.191227697075795,TRUE,TRUE,0.249999986961484,0.571428541626249,0.458292236764794
17,17,"San Mateo","sm.t1openspace","17:9625::sm.t1openspace","9625","17:9625",0.316666670143604,0.36666667163372,0.419067159609719,0.391262595045025,10,10,10,0.316666670143604,0.36666667163372,0.419067159609719,0.391262595045025,-0.0500000014901161,0.0278045645646943,FALSE,TRUE,-0.0500000014901161,-0.0500000014901161,0.0278045645646943,FALSE,TRUE,-0.0500000014901161,-0.0731707342602822,0.0663487079030219
17,17,"San Mateo","sm.t1openspace","17:9626::sm.t1openspace","9626","17:9626",0.75,0.70833332836628,0.288675134594813,0.343592142696263,4,4,4,0.75,0.70833332836628,0.288675134594813,0.343592142696263,-0.0416666716337205,-0.0549170081014506,FALSE,FALSE,-0.0416666716337205,-0.0416666716337205,-0.0549170081014506,FALSE,FALSE,-0.0416666716337205,-0.055555562178294,-0.259870072535736
17,17,"San Mateo","sm.t1countyl","17:9601::sm.t1countyl","9601","17:9601",0.533333337306976,0.305555564661821,0.361324724977552,0.287066905695569,5,6,5,0.533333337306976,0.333333337306976,0.361324724977552,0.311804787541166,-0.227777772645156,0.0742578192819822,FALSE,TRUE,0.161111098031203,-0.2,0.0495199374363859,FALSE,TRUE,0.133333325386047,-0.427083320527648,0.205515466140867
17,17,"San Mateo","sm.t1countyl","17:9602::sm.t1countyl","9602","17:9602",0.44444445023934,0.538461539607782,0.434225960115311,0.373632358381434,12,13,12,0.44444445023934,0.555555558453004,0.434225960115311,0.384900177830359,-0.0940170893684412,0.060593601733877,FALSE,TRUE,-0.0170940101528779,-0.111111108213663,0.049325782284952,FALSE,TRUE,8.69234412226305e-09,-0.169230762628409,0.139543940942145
17,17,"San Mateo","sm.t1countyl","17:9603::sm.t1countyl","9603","17:9603",0.395833337679505,0.354166666045785,0.435867133821539,0.421989804615323,8,8,8,0.395833337679505,0.354166666045785,0.435867133821539,0.421989804615323,0.0416666716337205,0.0138773292062165,TRUE,TRUE,0.0416666716337205,0.0416666716337205,0.0138773292062165,TRUE,TRUE,0.0416666716337205,0.105263169287315,0.031838439123741
17,17,"San Mateo","sm.t1countyl","17:9604::sm.t1countyl","9604","17:9604",0.777777783572674,0.416666681567828,0.327730678429224,0.376386319756196,6,6,6,0.777777783572674,0.416666681567828,0.327730678429224,0.376386319756196,-0.361111102004846,-0.0486556413269721,FALSE,FALSE,-0.194444465140502,-0.361111102004846,-0.0486556413269721,FALSE,FALSE,-0.194444465140502,-0.464285699118461,-0.282439385511727
17,17,"San Mateo","sm.t1countyl","17:9605::sm.t1countyl","9605","17:9605",0.533333332836628,0.424242420630021,0.470093236546126,0.382706995674278,10,11,10,0.533333332836628,0.383333331346512,0.470093236546126,0.377205448134279,-0.109090912206606,0.0873862408718477,FALSE,TRUE,0.0424242465333507,-0.150000001490116,0.0928877884118466,FALSE,TRUE,0.0833333358168603,-0.204545460577885,0.185891295764842
17,17,"San Mateo","sm.t1countyl","17:9606::sm.t1countyl","9606","17:9606",0.683333331346512,0.625000008692344,0.318658451132886,0.349060777305554,10,12,10,0.683333331346512,0.600000010430813,0.318658451132886,0.361751555936167,-0.0583333226541677,-0.0304023261726686,FALSE,FALSE,-0.0583333226541677,-0.0833333209156989,-0.0430931048032817,FALSE,FALSE,-0.0833333209156989,-0.0853658382786942,-0.167652291284593
17,17,"San Mateo","sm.t1countyl","17:9607::sm.t1countyl","9607","17:9607",0.576923072338104,0.679487180251342,0.388583516832268,0.356562405589967,13,13,13,0.576923072338104,0.679487180251342,0.388583516832268,0.356562405589967,0.102564107913237,0.0320211112423014,TRUE,TRUE,0.102564107913237,0.102564107913237,0.0320211112423014,TRUE,TRUE,0.102564107913237,0.24242425244045,0.0824047080106161
17,17,"San Mateo","sm.t1countyl","17:9608::sm.t1countyl","9608","17:9608",0.484848477623679,0.545454541390592,0.43111318966878,0.380722326278041,11,11,11,0.484848477623679,0.545454541390592,0.43111318966878,0.380722326278041,-0.060606063766913,0.0503908633907398,FALSE,TRUE,0.0303030190142715,-0.060606063766913,0.0503908633907398,FALSE,TRUE,0.0303030190142715,-0.117647063309346,0.116885459777871
17,17,"San Mateo","sm.t1countyl","17:9609::sm.t1countyl","9609","17:9609",0.583333337679505,0.374999992549419,0.471404516400735,0.385758372146071,8,8,8,0.583333337679505,0.374999992549419,0.471404516400735,0.385758372146071,-0.208333345130086,0.0856461442546642,FALSE,TRUE,0.0416666697710754,-0.208333345130086,0.0856461442546642,FALSE,TRUE,0.0416666697710754,-0.35714287470494,0.181682909846917
17,17,"San Mateo","sm.t1countyl","17:9610::sm.t1countyl","9610","17:9610",0.499999994039535,0.31666667163372,0.408248287760141,0.298659551557946,10,10,10,0.499999994039535,0.31666667163372,0.408248287760141,0.298659551557946,0.183333322405815,0.109588736202195,TRUE,TRUE,0.183333322405815,0.183333322405815,0.109588736202195,TRUE,TRUE,0.183333322405815,0.366666649182637,0.268436487029633
17,17,"San Mateo","sm.t1countyl","17:9611::sm.t1countyl","9611","17:9611",0.566666662693024,0.545454540035941,0.370185137673037,0.380722335588422,10,11,10,0.566666662693024,0.499999994039535,0.370185137673037,0.368513867591875,-0.0212121226570823,-0.0105371979153852,FALSE,FALSE,-0.0212121226570823,-0.0666666686534882,0.00167127008116164,FALSE,TRUE,-0.066666656732559,-0.0374331578926382,-0.0811709670719005
17,17,"San Mateo","sm.t1countyl","17:9612::sm.t1countyl","9612","17:9612",0.303030302578753,0.348484854806553,0.323334895550913,0.383366266696765,11,11,10,0.300000001490116,0.383333340287209,0.340660216359929,0.385300904197349,-0.0454545522278006,-0.0600313711458519,FALSE,FALSE,-0.0454545522278006,-0.0833333387970925,-0.0446406878374202,FALSE,FALSE,-0.0833333387970925,-0.0652174009802437,-0.339803218824985
17,17,"San Mateo","sm.t1countyl","17:9613::sm.t1countyl","9613","17:9613",0.515151525085623,0.708333333333333,0.376050710821508,0.302556445702732,11,12,11,0.515151525085623,0.712121210315011,0.376050710821508,0.317025313439042,0.193181808247711,0.0734942651187769,TRUE,TRUE,0.193181808247711,0.196969685229388,0.0590253973824661,TRUE,TRUE,0.196969685229388,0.398437487674527,0.195437112612349
17,17,"San Mateo","sm.t1countyl","17:9614::sm.t1countyl","9614","17:9614",0.54166666418314,0.395833341404796,0.342145429807757,0.355651636126786,8,8,8,0.54166666418314,0.395833341404796,0.342145429807757,0.355651636126786,-0.145833322778344,-0.0135062063190282,FALSE,FALSE,0.0624999944120646,-0.145833322778344,-0.0135062063190282,FALSE,FALSE,0.0624999944120646,-0.269230750979051,-0.0855610724642291
17,17,"San Mateo","sm.t1countyl","17:9615::sm.t1countyl","9615","17:9615",0.47916666418314,0.395833341404796,0.242956328708504,0.355651636126786,8,8,8,0.47916666418314,0.395833341404796,0.242956328708504,0.355651636126786,0.0833333227783441,-0.112695307418281,TRUE,FALSE,0.0833333227783441,0.0833333227783441,-0.112695307418281,TRUE,FALSE,0.0833333227783441,0.173913022351851,-0.438428640752183
17,17,"San Mateo","sm.t1countyl","17:9616::sm.t1countyl","9616","17:9616",0.547619044780731,0.357142848627908,0.427246627426679,0.377964464873958,7,7,7,0.547619044780731,0.357142848627908,0.427246627426679,0.377964464873958,-0.190476196152824,0.0492821625527214,FALSE,TRUE,0.0952381065913611,-0.190476196152824,0.0492821625527214,FALSE,TRUE,0.0952381065913611,-0.347826099125334,0.115348277526612
17,17,"San Mateo","sm.t1countyl","17:9617::sm.t1countyl","9617","17:9617",0.523809530905315,0.476190477609634,0.424139328011282,0.325300012561359,7,7,7,0.523809530905315,0.476190477609634,0.424139328011282,0.325300012561359,-0.0476190532956806,0.0988393154499231,FALSE,TRUE,-8.51494919018592e-09,-0.0476190532956806,0.0988393154499231,FALSE,TRUE,-8.51494919018592e-09,-0.0909091005147983,0.233035016850156
17,17,"San Mateo","sm.t1countyl","17:9618::sm.t1countyl","9618","17:9618",0.51851851410336,0.592592593696382,0.42853468025498,0.334488725581303,9,9,8,0.58333332836628,0.62500000372529,0.40824828698765,0.342145408550171,0.0740740795930226,0.094045954673677,TRUE,TRUE,0.0740740795930226,0.0416666753590108,0.0661028784374784,TRUE,TRUE,0.0416666753590108,0.153846163897824,0.219459378684869
17,17,"San Mateo","sm.t1countyl","17:9619::sm.t1countyl","9619","17:9619",0.314814824197027,0.25,0.316715389616707,0.295468426546745,9,8,8,0.33333333954215,0.25,0.33333332836628,0.295468426546745,0.0648148241970274,0.0212469630699616,TRUE,TRUE,0.0648148241970274,0.0833333395421505,0.0378649018195346,TRUE,TRUE,0.0833333395421505,0.205882376607726,0.0670853509697617
17,17,"San Mateo","sm.t1countyl","17:9620::sm.t1countyl","9620","17:9620",0.606060609221458,0.818181819536469,0.359573257573455,0.368589990732011,11,11,11,0.606060609221458,0.818181819536469,0.359573257573455,0.368589990732011,0.212121210315011,-0.00901673315855595,TRUE,FALSE,0.212121210315011,0.212121210315011,-0.00901673315855595,TRUE,FALSE,0.212121210315011,0.538461538197021,-0.0642095159564958
17,17,"San Mateo","sm.t1countyl","17:9621::sm.t1countyl","9621","17:9621",0.0666666626930236,0.333333340287209,0.14907118961465,0.390867974160899,5,5,5,0.0666666626930236,0.333333340287209,0.14907118961465,0.390867974160899,-0.266666677594185,-0.24179678454625,FALSE,FALSE,-0.266666677594185,-0.266666677594185,-0.24179678454625,FALSE,FALSE,-0.266666677594185,-0.28571429620592,-0.689019474578721
17,17,"San Mateo","sm.t1countyl","17:9622::sm.t1countyl","9622","17:9622",0.472222218910853,0.555555559694767,0.413370802153061,0.391405987021481,12,12,12,0.472222218910853,0.555555559694767,0.413370802153061,0.391405987021481,-0.083333340783914,0.0219648151315797,FALSE,TRUE,0.02777777860562,-0.083333340783914,0.0219648151315797,FALSE,TRUE,0.02777777860562,-0.157894749968336,0.0531358649841135
17,17,"San Mateo","sm.t1countyl","17:9623::sm.t1countyl","9623","17:9623",0.261904759066445,0.476190481867109,0.449867701215069,0.465758756712276,7,7,7,0.261904759066445,0.476190481867109,0.449867701215069,0.465758756712276,-0.214285722800664,-0.0158910554972071,FALSE,FALSE,-0.214285722800664,-0.214285722800664,-0.0158910554972071,FALSE,FALSE,-0.214285722800664,-0.29032259106512,-0.31698238226378
17,17,"San Mateo","sm.t1countyl","17:9624::sm.t1countyl","9624","17:9624",0.595238089561462,0.8125,0.331343261037062,0.226033778217249,7,8,7,0.595238089561462,0.785714285714286,0.331343261037062,0.230021850714803,0.217261910438538,0.105309482819814,TRUE,TRUE,0.217261910438538,0.190476196152823,0.101321410322259,TRUE,TRUE,0.190476196152823,0.536764712379053,0.317825938243646
17,17,"San Mateo","sm.t1countyl","17:9625::sm.t1countyl","9625","17:9625",0.351851847436693,0.566666662693024,0.394796399283209,0.394405320552479,9,10,9,0.351851847436693,0.629629625214471,0.394796399283209,0.3611111140404,-0.214814815256331,0.000391078730730465,FALSE,TRUE,-0.0814814898702835,-0.277777777777778,0.0336852852428095,FALSE,TRUE,-0.0185185273488365,-0.331428569852089,0.000990583327103556
17,17,"San Mateo","sm.t1countyl","17:9626::sm.t1countyl","9626","17:9626",0.625,0.5,0.25,0.577350269189626,4,4,4,0.625,0.5,0.25,0.577350269189626,-0.125,-0.327350269189626,FALSE,FALSE,-0.125,-0.125,-0.327350269189626,FALSE,FALSE,-0.125,-0.2,-1.3094010767585
18,18,"BTP 2005 Health Education","btp05.t1reform","18:9701::btp05.t1reform","9701","18:9701",0.785714285714286,0.833333333333333,0.42581531362632,0.389249472080761,14,12,12,0.833333333333333,0.833333333333333,0.389249472080761,0.389249472080761,0.0476190476190477,0.0365658415455587,TRUE,TRUE,0.0476190476190477,0,0,FALSE,FALSE,0,0.222222222222222,0.0858725376364635
18,18,"BTP 2005 Health Education","btp05.t1reform","18:9702::btp05.t1reform","9702","18:9702",0.857142857142857,0.75,0.363136519601281,0.452267016866645,14,12,12,0.833333333333333,0.75,0.389249472080761,0.452267016866645,-0.107142857142857,-0.089130497265364,FALSE,FALSE,-0.107142857142857,-0.0833333333333334,-0.063017544785884,FALSE,FALSE,-0.0833333333333334,-0.125,-0.651236524204294
18,18,"BTP 2005 Health Education","btp05.t1reform","18:9703::btp05.t1reform","9703","18:9703",0.6,0.714285714285714,0.502624689950035,0.462910049886276,20,21,20,0.6,0.7,0.502624689950035,0.470162345981627,0.114285714285714,0.0397146400637589,TRUE,TRUE,0.114285714285714,0.1,0.0324623439684074,TRUE,TRUE,0.1,0.285714285714286,0.079014502983741
18,18,"BTP 2005 Health Education","btp05.t1reform","18:9704::btp05.t1reform","9704","18:9704",0.769230769230769,0.833333333333333,0.438529009653515,0.389249472080762,13,12,12,0.75,0.833333333333333,0.452267016866645,0.389249472080762,0.0641025641025641,0.049279537572753,TRUE,TRUE,0.0641025641025641,0.0833333333333334,0.0630175447858839,TRUE,TRUE,0.0833333333333334,0.277777777777778,0.112374635401405
18,18,"BTP 2005 Health Education","btp05.t1reform","18:9705::btp05.t1reform","9705","18:9705",0.571428571428571,0.5625,0.513552591013095,0.51234753829798,14,16,14,0.571428571428571,0.571428571428571,0.513552591013095,0.513552591013095,-0.0089285714285714,0.00120505271511551,FALSE,TRUE,-0.0089285714285714,0,0,FALSE,FALSE,0,-0.0156249999999999,0.00234650303825412
18,18,"BTP 2005 Health Education","btp05.t1reform","18:9706::btp05.t1reform","9706","18:9706",1,1,0,0,12,12,11,1,1,0,0,0,0,FALSE,FALSE,0,0,0,FALSE,FALSE,0,0,0
18,18,"BTP 2005 Health Education","btp05.t1reform","18:9707::btp05.t1reform","9707","18:9707",0.777777777777778,0.88235294117647,0.427792631946499,0.332105582077536,18,17,17,0.823529411764706,0.88235294117647,0.392952623996688,0.332105582077536,0.104575163398693,0.0956870498689629,TRUE,TRUE,0.104575163398693,0.0588235294117647,0.0608470419191522,TRUE,TRUE,0.0588235294117647,0.470588235294117,0.223676245739852
18,18,"BTP 2005 Health Education","btp05.t1reform","18:9708::btp05.t1reform","9708","18:9708",0.705882352941177,0.777777777777778,0.469668218313862,0.427792631946498,17,18,17,0.705882352941177,0.764705882352941,0.469668218313862,0.437237316097603,0.0718954248366013,0.0418755863673636,TRUE,TRUE,0.0718954248366013,0.0588235294117646,0.032430902216259,TRUE,TRUE,0.0588235294117646,0.244444444444444,0.0891599319147026
18,18,"BTP 2005 Health Education","btp05.t1reform","18:9709::btp05.t1reform","9709","18:9709",0.5,0.466666666666667,0.516397779494322,0.516397779494322,16,15,15,0.533333333333333,0.466666666666667,0.516397779494322,0.516397779494322,NA,0,NA,FALSE,0.0333333333333333,-0.0666666666666667,0,FALSE,FALSE,0,NA,0
18,18,"BTP 2005 Health Education","btp05.t1reform","18:9710::btp05.t1reform","9710","18:9710",0.666666666666667,0.6,0.487950036474267,0.50709255283711,15,15,15,0.666666666666667,0.6,0.487950036474267,0.50709255283711,-0.0666666666666667,-0.0191425163628432,FALSE,FALSE,-0.0666666666666667,-0.0666666666666667,-0.0191425163628432,FALSE,FALSE,-0.0666666666666667,-0.1,-1.58859537806594
18,18,"BTP 2005 Health Education","btp05.t1reform","18:9711::btp05.t1reform","9711","18:9711",0.769230769230769,0.769230769230769,0.438529009653515,0.438529009653515,13,13,13,0.769230769230769,0.769230769230769,0.438529009653515,0.438529009653515,0,0,FALSE,FALSE,0,0,0,FALSE,FALSE,0,0,0
18,18,"BTP 2005 Health Education","btp05.t1reform","18:9712::btp05.t1reform","9712","18:9712",0.733333333333333,0.764705882352941,0.457737708217063,0.437237316097603,15,17,15,0.733333333333333,0.733333333333333,0.457737708217063,0.457737708217063,0.0313725490196078,0.0205003921194604,TRUE,TRUE,0.0313725490196078,0,0,FALSE,FALSE,0,0.117647058823529,0.0447863301437663
18,18,"BTP 2005 Health Education","btp05.t1reform","18:9713::btp05.t1reform","9713","18:9713",0.909090909090909,0.727272727272727,0.301511344577764,0.467099366496914,11,11,11,0.909090909090909,0.727272727272727,0.301511344577764,0.467099366496914,-0.181818181818182,-0.16558802191915,FALSE,FALSE,-0.181818181818182,-0.181818181818182,-0.16558802191915,FALSE,FALSE,-0.181818181818182,-0.2,-0.834244262307596
18,18,"BTP 2005 Health Education","btp05.t1reform","18:9714::btp05.t1reform","9714","18:9714",0.764705882352941,0.823529411764706,0.437237316097603,0.392952623996688,17,17,17,0.764705882352941,0.823529411764706,0.437237316097603,0.392952623996688,0.0588235294117647,0.0442846921009153,TRUE,TRUE,0.0588235294117647,0.0588235294117647,0.0442846921009153,TRUE,TRUE,0.0588235294117647,0.25,0.101282965727083
18,18,"BTP 2005 Health Education","btp05.t1reform","18:9715::btp05.t1reform","9715","18:9715",0.777777777777778,0.555555555555556,0.440958551844098,0.52704627669473,9,9,9,0.777777777777778,0.555555555555556,0.440958551844098,0.52704627669473,-0.222222222222222,-0.0860877248506315,FALSE,FALSE,-0.222222222222222,-0.222222222222222,-0.0860877248506315,FALSE,FALSE,-0.222222222222222,-0.285714285714286,-1.45808965632606
18,18,"BTP 2005 Health Education","btp05.t1reform","18:9716::btp05.t1reform","9716","18:9716",0.5,0.545454545454545,0.52704627669473,0.522232967867094,10,11,10,0.5,0.6,0.52704627669473,0.516397779494322,NA,0.00481330882763642,NA,TRUE,0.0454545454545454,NA,0.0106484972004077,NA,TRUE,0.1,NA,0.00913261138627554
18,18,"BTP 2005 Health Education","btp05.t1reform","18:9717::btp05.t1reform","9717","18:9717",0.933333333333333,0.928571428571429,0.258198889747161,0.267261241912424,15,14,14,0.928571428571429,0.928571428571429,0.267261241912424,0.267261241912424,-0.00476190476190474,-0.00906235216526324,FALSE,FALSE,-0.00476190476190474,0,0,FALSE,FALSE,0,-0.00510204081632651,-0.0374785382738202
18,18,"BTP 2005 Health Education","btp05.t1reform","18:9718::btp05.t1reform","9718","18:9718",0.818181818181818,0.909090909090909,0.404519917477945,0.301511344577764,11,11,11,0.818181818181818,0.909090909090909,0.404519917477945,0.301511344577764,0.0909090909090908,0.103008572900182,TRUE,TRUE,0.0909090909090908,0.0909090909090908,0.103008572900182,TRUE,TRUE,0.0909090909090908,0.5,0.25464400750007
18,18,"BTP 2005 Health Education","btp05.t1reform","18:9719::btp05.t1reform","9719","18:9719",0.818181818181818,0.769230769230769,0.404519917477945,0.438529009653515,11,13,11,0.818181818181818,0.727272727272727,0.404519917477945,0.467099366496914,-0.048951048951049,-0.0340090921755692,FALSE,FALSE,-0.048951048951049,-0.0909090909090909,-0.0625794490189684,FALSE,FALSE,-0.0909090909090909,-0.0598290598290598,-0.356190435504846
18,18,"BTP 2005 Health Education","btp05.t1reform","18:9720::btp05.t1reform","9720","18:9720",1,0.75,0,0.462910049886276,6,8,6,1,0.833333333333333,0,0.408248290463863,-0.25,-0.462910049886276,FALSE,FALSE,-0.25,-0.166666666666667,-0.408248290463863,FALSE,FALSE,-0.166666666666667,-0.25,-0.925820099772551
18,18,"BTP 2005 Health Education","btp05.t1reform","18:9721::btp05.t1reform","9721","18:9721",0.733333333333333,0.8,0.457737708217063,0.414039335605413,15,15,14,0.714285714285714,0.857142857142857,0.468807230938496,0.363136519601281,0.0666666666666668,0.0436983726116509,TRUE,TRUE,0.0666666666666668,0.142857142857143,0.105670711337214,TRUE,TRUE,0.142857142857143,0.25,0.095465966266709
18,18,"BTP 2005 Health Education","btp05.t1reform","18:9722::btp05.t1reform","9722","18:9722",0.769230769230769,0.857142857142857,0.438529009653515,0.363136519601281,13,14,13,0.769230769230769,0.846153846153846,0.438529009653515,0.375533808099405,0.0879120879120878,0.0753924900522331,TRUE,TRUE,0.0879120879120878,0.0769230769230769,0.0629952015541092,TRUE,TRUE,0.0769230769230769,0.380952380952381,0.171921328789175
18,18,"BTP 2005 Health Education","btp05.t1reform","18:9723::btp05.t1reform","9723","18:9723",0.68421052631579,0.611111111111111,0.477566932940919,0.50163132570455,19,18,18,0.666666666666667,0.611111111111111,0.485071250072666,0.50163132570455,-0.0730994152046783,-0.024064392763631,FALSE,FALSE,-0.0730994152046783,-0.0555555555555555,-0.0165600756318843,FALSE,FALSE,-0.0555555555555555,-0.106837606837607,-1.0727196909925
18,18,"BTP 2005 Health Education","btp05.t1reform","18:9724::btp05.t1reform","9724","18:9724",0.823529411764706,0.88235294117647,0.392952623996688,0.332105582077536,17,17,17,0.823529411764706,0.88235294117647,0.392952623996688,0.332105582077536,0.0588235294117647,0.0608470419191521,TRUE,TRUE,0.0588235294117647,0.0588235294117647,0.0608470419191521,TRUE,TRUE,0.0588235294117647,0.333333333333333,0.154845745271483
18,18,"BTP 2005 Health Education","btp05.t1reform","18:9725::btp05.t1reform","9725","18:9725",0.833333333333333,0.736842105263158,0.383482494423685,0.452413928358864,18,19,18,0.833333333333333,0.777777777777778,0.383482494423685,0.427792631946499,-0.0964912280701755,-0.0689314339351789,FALSE,FALSE,-0.0964912280701755,-0.0555555555555556,-0.0443101375228134,FALSE,FALSE,-0.0555555555555556,-0.115789473684211,-0.591597233344747
18,18,"BTP 2005 Health Education","btp05.t1reform","18:9726::btp05.t1reform","9726","18:9726",0.857142857142857,0.75,0.363136519601281,0.447213595499958,14,16,14,0.857142857142857,0.857142857142857,0.363136519601281,0.363136519601281,-0.107142857142857,-0.0840770758986765,FALSE,FALSE,-0.107142857142857,0,0,FALSE,FALSE,0,-0.125,-0.614313443248252
18,18,"BTP 2005 Health Education","btp05.t1reform","18:9727::btp05.t1reform","9727","18:9727",0.625,0.6875,0.5,0.478713553878169,16,16,16,0.625,0.6875,0.5,0.478713553878169,0.0625,0.021286446121831,TRUE,TRUE,0.0625,0.0625,0.021286446121831,TRUE,TRUE,0.0625,0.166666666666667,0.0425728922436619
18,18,"BTP 2005 Health Education","btp05.t1reform","18:9728::btp05.t1reform","9728","18:9728",0.642857142857143,0.692307692307692,0.497245158098847,0.480384461415261,14,13,13,0.615384615384615,0.692307692307692,0.506369683541833,0.480384461415261,0.0494505494505494,0.0168606966835854,TRUE,TRUE,0.0494505494505494,0.0769230769230769,0.025985222126572,TRUE,TRUE,0.0769230769230769,0.138461538461538,0.0339082169207039
18,18,"BTP 2005 Health Education","btp05.t1reform","18:9729::btp05.t1reform","9729","18:9729",0.68421052631579,0.777777777777778,0.477566932940919,0.427792631946498,19,18,18,0.666666666666667,0.777777777777778,0.485071250072666,0.427792631946498,0.0935672514619883,0.0497743009944208,TRUE,TRUE,0.0935672514619883,0.111111111111111,0.0572786181261675,TRUE,TRUE,0.111111111111111,0.296296296296296,0.104224764239651
18,18,"BTP 2005 Health Education","btp05.t1reform","18:9730::btp05.t1reform","9730","18:9730",0.866666666666667,0.8125,0.351865775274498,0.403112887414928,15,16,15,0.866666666666667,0.866666666666667,0.351865775274498,0.351865775274498,-0.0541666666666667,-0.0512471121404292,FALSE,FALSE,-0.0541666666666667,0,0,FALSE,FALSE,0,-0.0625,-0.345950520451246
18,18,"BTP 2005 Health Education","btp05.t1fcvsch","18:9701::btp05.t1fcvsch","9701","18:9701",0.461538458099732,0.400000002767359,0.358325875118801,0.373136398198842,13,14,13,0.461538458099732,0.415384618135599,0.358325875118801,0.383723327911882,0.0615384553323735,-0.0148105230800409,TRUE,FALSE,0.0615384553323735,0.046153839964133,-0.0253974527930811,TRUE,FALSE,0.046153839964133,0.13333332088022,-0.104539365197846
18,18,"BTP 2005 Health Education","btp05.t1fcvsch","18:9702::btp05.t1fcvsch","9702","18:9702",0.246428574036275,0.246428573237998,0.31345732850759,0.323124344012357,14,14,14,0.246428574036275,0.246428573237998,0.31345732850759,0.323124344012357,7.98276583724444e-10,-0.00966701550476645,TRUE,FALSE,7.9827661148002e-10,7.98276583724444e-10,-0.00966701550476645,TRUE,FALSE,7.9827661148002e-10,3.23938320402299e-09,-0.0518220063400335
18,18,"BTP 2005 Health Education","btp05.t1fcvsch","18:9703::btp05.t1fcvsch","9703","18:9703",0.371428568448339,0.366666666985977,0.363170559223207,0.367196584773462,21,21,21,0.371428568448339,0.366666666985977,0.363170559223207,0.367196584773462,0.00476190146236194,-0.004026025550255,TRUE,FALSE,0.00476190146236194,0.00476190146236194,-0.004026025550255,TRUE,FALSE,0.00476190146236194,0.0128205040399962,-0.02942367905181
18,18,"BTP 2005 Health Education","btp05.t1fcvsch","18:9704::btp05.t1fcvsch","9704","18:9704",0.26923076951733,0.211538464117509,0.325024653344007,0.293792619420669,13,13,13,0.26923076951733,0.211538464117509,0.325024653344007,0.293792619420669,0.0576923053998214,0.031232033923338,TRUE,TRUE,0.0576923053998213,0.0576923053998214,0.031232033923338,TRUE,TRUE,0.0576923053998213,0.214285705542686,0.0960912767754941
18,18,"BTP 2005 Health Education","btp05.t1fcvsch","18:9705::btp05.t1fcvsch","9705","18:9705",0.437499998137355,0.356249999254942,0.388801575596711,0.304343552949286,16,16,16,0.437499998137355,0.356249999254942,0.388801575596711,0.304343552949286,0.081249998882413,0.0844580226474247,TRUE,TRUE,0.081249998882413,0.081249998882413,0.0844580226474247,TRUE,TRUE,0.081249998882413,0.185714283950475,0.217226544202665
18,18,"BTP 2005 Health Education","btp05.t1fcvsch","18:9706::btp05.t1fcvsch","9706","18:9706",0.18461538450076,0.226923081164177,0.313836882268245,0.307283385145825,13,13,13,0.18461538450076,0.226923081164177,0.313836882268245,0.307283385145825,-0.0423076966634163,0.00655349712242043,FALSE,TRUE,-0.0423076966634163,-0.0423076966634163,0.00655349712242043,FALSE,TRUE,-0.0423076966634163,-0.0518867977874617,0.0208818577187463
18,18,"BTP 2005 Health Education","btp05.t1fcvsch","18:9707::btp05.t1fcvsch","9707","18:9707",0.300000001333262,0.289473684210526,0.32871805022038,0.296075693189206,19,19,19,0.300000001333262,0.289473684210526,0.32871805022038,0.296075693189206,0.0105263171227356,0.0326423570311736,TRUE,TRUE,0.0105263171227356,0.0105263171227356,0.0326423570311736,TRUE,TRUE,0.0105263171227356,0.0350877235865148,0.0993019915069754
18,18,"BTP 2005 Health Education","btp05.t1fcvsch","18:9708::btp05.t1fcvsch","9708","18:9708",0.541666666252746,0.555555553899871,0.302562581551645,0.362137805155013,18,18,18,0.541666666252746,0.555555553899871,0.302562581551645,0.362137805155013,0.0138888876471255,-0.0595752236033679,TRUE,FALSE,0.0138888876471255,0.0138888876471255,-0.0595752236033679,TRUE,FALSE,0.0138888876471255,0.0303030275663616,-0.301742314458753
18,18,"BTP 2005 Health Education","btp05.t1fcvsch","18:9709::btp05.t1fcvsch","9709","18:9709",0.405882354168331,0.45588235820041,0.378682895069223,0.393653702463919,17,17,17,0.405882354168331,0.45588235820041,0.378682895069223,0.393653702463919,-0.0500000040320789,-0.014970807394696,FALSE,FALSE,-0.0500000040320789,-0.0500000040320789,-0.014970807394696,FALSE,FALSE,-0.0500000040320789,-0.0841584228020814,-0.123402280356412
18,18,"BTP 2005 Health Education","btp05.t1fcvsch","18:9710::btp05.t1fcvsch","9710","18:9710",0.47333333492279,0.456666666269302,0.357504578256842,0.338519181099354,15,15,15,0.47333333492279,0.456666666269302,0.357504578256842,0.338519181099354,0.0166666686534881,0.018985397157488,TRUE,TRUE,0.0166666686534881,0.0166666686534881,0.018985397157488,TRUE,TRUE,0.0166666686534881,0.0352112716849041,0.0531053259515135
18,18,"BTP 2005 Health Education","btp05.t1fcvsch","18:9711::btp05.t1fcvsch","9711","18:9711",0.380769230425358,0.380769232717844,0.307908574711794,0.261835238965364,13,13,13,0.380769230425358,0.380769232717844,0.307908574711794,0.261835238965364,-2.29248620087219e-09,0.04607333574643,FALSE,TRUE,-2.29248620087219e-09,-2.29248620087219e-09,0.04607333574643,FALSE,TRUE,-2.29248620087219e-09,-3.70215162668181e-09,0.149633168837715
18,18,"BTP 2005 Health Education","btp05.t1fcvsch","18:9712::btp05.t1fcvsch","9712","18:9712",0.332352942841894,0.355882354518946,0.378294353667681,0.346357091412146,17,17,17,0.332352942841894,0.355882354518946,0.378294353667681,0.346357091412146,-0.0235294116770519,0.0319372622555357,FALSE,TRUE,-0.0235294116770519,-0.0235294116770519,0.0319372622555357,FALSE,TRUE,-0.0235294116770519,-0.0352422907055215,0.0844243693988398
18,18,"BTP 2005 Health Education","btp05.t1fcvsch","18:9713::btp05.t1fcvsch","9713","18:9713",0.313636360182003,0.33181818574667,0.283805300814797,0.293489975748346,11,11,11,0.313636360182003,0.33181818574667,0.283805300814797,0.293489975748346,-0.0181818255646662,-0.00968467493354858,FALSE,FALSE,-0.0181818255646662,-0.0181818255646662,-0.00968467493354858,FALSE,FALSE,-0.0181818255646662,-0.0264900768483125,-0.0447960795063352
18,18,"BTP 2005 Health Education","btp05.t1fcvsch","18:9714::btp05.t1fcvsch","9714","18:9714",0.355882355395485,0.294117647935362,0.35305911247632,0.363525425517581,17,17,17,0.355882355395485,0.294117647935362,0.35305911247632,0.363525425517581,0.0617647074601229,-0.0104663130412608,TRUE,FALSE,0.0617647074601229,0.0617647074601229,-0.0104663130412608,TRUE,FALSE,0.0617647074601229,0.173553722244771,-0.0712280510730826
18,18,"BTP 2005 Health Education","btp05.t1fcvsch","18:9715::btp05.t1fcvsch","9715","18:9715",0.583333333333333,0.538888891537984,0.328823662875102,0.280376729477111,9,9,9,0.583333333333333,0.538888891537984,0.328823662875102,0.280376729477111,-0.0444444417953492,0.0484469333979916,FALSE,TRUE,-0.0444444417953492,-0.0444444417953492,0.0484469333979916,FALSE,TRUE,-0.0444444417953492,-0.0761904716491701,0.147334084701785
18,18,"BTP 2005 Health Education","btp05.t1fcvsch","18:9716::btp05.t1fcvsch","9716","18:9716",0.441666670454045,0.579166668156783,0.409452704536621,0.334023906870075,12,12,12,0.441666670454045,0.579166668156783,0.409452704536621,0.334023906870075,-0.137499997702738,0.0754287976665454,FALSE,TRUE,0.0208333386108279,-0.137499997702738,0.0754287976665454,FALSE,TRUE,0.0208333386108279,-0.246268654272448,0.184218584541793
18,18,"BTP 2005 Health Education","btp05.t1fcvsch","18:9717::btp05.t1fcvsch","9717","18:9717",0.360000000397364,0.303333336114883,0.306011203706244,0.25527762594125,15,15,15,0.360000000397364,0.303333336114883,0.306011203706244,0.25527762594125,0.0566666642824808,0.0507335777649942,TRUE,TRUE,0.0566666642824808,0.0566666642824808,0.0507335777649942,TRUE,TRUE,0.0566666642824808,0.157407400610924,0.16578993563156
18,18,"BTP 2005 Health Education","btp05.t1fcvsch","18:9718::btp05.t1fcvsch","9718","18:9718",0.318181814117865,0.322727271101691,0.306816490708935,0.3319364605649,11,11,11,0.318181814117865,0.322727271101691,0.306816490708935,0.3319364605649,-0.00454545698382641,-0.0251199698559659,FALSE,FALSE,-0.00454545698382641,-0.00454545698382641,-0.0251199698559659,FALSE,FALSE,-0.00454545698382641,-0.00666667020320895,-0.130031646842683
18,18,"BTP 2005 Health Education","btp05.t1fcvsch","18:9719::btp05.t1fcvsch","9719","18:9719",0.289285713274564,0.321428571694664,0.36856194818746,0.323273095369007,14,14,14,0.289285713274564,0.321428571694664,0.36856194818746,0.323273095369007,-0.0321428584200995,0.0452888528184533,FALSE,TRUE,-0.0321428584200995,-0.0321428584200995,0.0452888528184533,FALSE,TRUE,-0.0321428584200995,-0.045226132386047,0.12287989316634
18,18,"BTP 2005 Health Education","btp05.t1fcvsch","18:9720::btp05.t1fcvsch","9720","18:9720",0.3062499971129,0.262500003911555,0.355002511227073,0.261520282012468,8,8,8,0.3062499971129,0.262500003911555,0.355002511227073,0.261520282012468,0.0437499932013453,0.0934822292146046,TRUE,TRUE,0.0437499932013453,0.0437499932013453,0.0934822292146046,TRUE,TRUE,0.0437499932013453,0.142857122004206,0.263328360386752
18,18,"BTP 2005 Health Education","btp05.t1fcvsch","18:9721::btp05.t1fcvsch","9721","18:9721",0.431250004097819,0.321875002002343,0.370528901960707,0.364677366265926,16,16,16,0.431250004097819,0.321875002002343,0.370528901960707,0.364677366265926,0.109375002095476,0.00585153569478092,TRUE,TRUE,0.109375002095476,0.109375002095476,0.00585153569478092,TRUE,TRUE,0.109375002095476,0.253623190854896,0.0157923866770356
18,18,"BTP 2005 Health Education","btp05.t1fcvsch","18:9722::btp05.t1fcvsch","9722","18:9722",0.475000006811959,0.421428574249148,0.403232139403257,0.298531203563006,14,14,14,0.475000006811959,0.421428574249148,0.403232139403257,0.298531203563006,0.0535714325628112,0.104700935840251,TRUE,TRUE,0.0535714325628112,0.0535714325628112,0.104700935840251,TRUE,TRUE,0.0535714325628112,0.112781961672726,0.259654242826968
18,18,"BTP 2005 Health Education","btp05.t1fcvsch","18:9723::btp05.t1fcvsch","9723","18:9723",0.302631581496251,0.328947366460373,0.340943822678026,0.361830140705808,19,19,19,0.302631581496251,0.328947366460373,0.340943822678026,0.361830140705808,-0.0263157849641222,-0.0208863180277817,FALSE,FALSE,-0.0263157849641222,-0.0263157849641222,-0.0208863180277817,FALSE,FALSE,-0.0263157849641222,-0.0377358427279866,-0.131314095305472
18,18,"BTP 2005 Health Education","btp05.t1fcvsch","18:9724::btp05.t1fcvsch","9724","18:9724",0.294117649250171,0.238235296571956,0.339522805688042,0.286972023305126,17,17,17,0.294117649250171,0.238235296571956,0.339522805688042,0.286972023305126,0.0558823526782148,0.0525507823829161,TRUE,TRUE,0.0558823526782148,0.0558823526782148,0.0525507823829161,TRUE,TRUE,0.0558823526782148,0.18999999769032,0.154778358044085
18,18,"BTP 2005 Health Education","btp05.t1fcvsch","18:9725::btp05.t1fcvsch","9725","18:9725",0.342105264138234,0.334210523649266,0.361809937836803,0.367443352812197,19,19,19,0.342105264138234,0.334210523649266,0.361809937836803,0.367443352812197,0.00789474048896838,-0.00563341497539488,TRUE,FALSE,0.00789474048896838,0.00789474048896838,-0.00563341497539488,TRUE,FALSE,0.00789474048896838,0.023076933670855,-0.0407657025925788
18,18,"BTP 2005 Health Education","btp05.t1fcvsch","18:9726::btp05.t1fcvsch","9726","18:9726",0.350000003818423,0.403125003911555,0.347371082162904,0.360771744298119,16,16,16,0.350000003818423,0.403125003911555,0.347371082162904,0.360771744298119,-0.0531250000931323,-0.0134006621352151,FALSE,FALSE,-0.0531250000931323,-0.0531250000931323,-0.0134006621352151,FALSE,FALSE,-0.0531250000931323,-0.0817307698541768,-0.0877989723383738
18,18,"BTP 2005 Health Education","btp05.t1fcvsch","18:9727::btp05.t1fcvsch","9727","18:9727",0.493749997811392,0.440625001210719,0.338070503594574,0.289953301718833,16,16,16,0.493749997811392,0.440625001210719,0.338070503594574,0.289953301718833,0.0531249966006727,0.0481172018757411,TRUE,TRUE,0.0531249966006727,0.0531249966006727,0.0481172018757411,TRUE,TRUE,0.0531249966006727,0.107594930301075,0.142328896973056
18,18,"BTP 2005 Health Education","btp05.t1fcvsch","18:9728::btp05.t1fcvsch","9728","18:9728",0.392857144187604,0.396428575739264,0.425105029393424,0.402618490616843,14,14,14,0.392857144187604,0.396428575739264,0.425105029393424,0.402618490616843,-0.00357143155166079,0.0224865387765808,FALSE,TRUE,-0.00357143155166079,-0.00357143155166079,0.0224865387765808,FALSE,TRUE,-0.00357143155166079,-0.00588235786268452,0.0528964308153834
18,18,"BTP 2005 Health Education","btp05.t1fcvsch","18:9729::btp05.t1fcvsch","9729","18:9729",0.444736839125031,0.373684211192947,0.400657350977148,0.393124385289496,19,19,19,0.444736839125031,0.373684211192947,0.400657350977148,0.393124385289496,0.0710526279320843,0.00753296568765227,TRUE,TRUE,0.0710526279320843,0.0710526279320843,0.00753296568765227,TRUE,TRUE,0.0710526279320843,0.159763306480012,0.0188015162314641
18,18,"BTP 2005 Health Education","btp05.t1fcvsch","18:9730::btp05.t1fcvsch","9730","18:9730",0.552941179012551,0.470588236828061,0.398226767637552,0.398065173239424,17,17,17,0.552941179012551,0.470588236828061,0.398226767637552,0.398065173239424,-0.0823529421844904,0.000161594398127851,FALSE,TRUE,-0.0235294158406117,-0.0823529421844904,0.000161594398127851,FALSE,TRUE,-0.0235294158406117,-0.148936171351096,0.000405784872489855
18,18,"BTP 2005 Health Education","btp05.t1mmtaxe","18:9701::btp05.t1mmtaxe","9701","18:9701",0.681785710155964,0.7360714333398,0.293307442592027,0.2134711125027,14,14,14,0.681785710155964,0.7360714333398,0.293307442592027,0.2134711125027,0.0542857231838363,0.0798363300893274,TRUE,TRUE,0.0542857231838363,0.0542857231838363,0.0798363300893274,TRUE,TRUE,0.0542857231838363,0.170594863010215,0.27219333196524
18,18,"BTP 2005 Health Education","btp05.t1mmtaxe","18:9702::btp05.t1mmtaxe","9702","18:9702",0.737142853704946,0.763214288013322,0.291004320902682,0.225265713446667,14,14,14,0.737142853704946,0.763214288013322,0.291004320902682,0.225265713446667,0.0260714343083757,0.0657386074560152,TRUE,TRUE,0.0260714343083757,0.0260714343083757,0.0657386074560152,TRUE,TRUE,0.0260714343083757,0.099184803136799,0.225902513241374
18,18,"BTP 2005 Health Education","btp05.t1mmtaxe","18:9703::btp05.t1mmtaxe","9703","18:9703",0.678571427861849,0.67809523783979,0.343893669509007,0.302648625363866,21,21,21,0.678571427861849,0.67809523783979,0.343893669509007,0.302648625363866,-0.000476190022059786,0.041245044145141,FALSE,TRUE,-0.000476190022059786,-0.000476190022059786,0.041245044145141,FALSE,TRUE,-0.000476190022059786,-0.000701753717453505,0.119935456224095
18,18,"BTP 2005 Health Education","btp05.t1mmtaxe","18:9704::btp05.t1mmtaxe","9704","18:9704",0.543076927845295,0.524615381772702,0.331948404006062,0.332681409442572,13,13,13,0.543076927845295,0.524615381772702,0.331948404006062,0.332681409442572,-0.0184615460725932,-0.000733005436509782,FALSE,FALSE,-0.0184615460725932,-0.0184615460725932,-0.000733005436509782,FALSE,FALSE,-0.0184615460725932,-0.0339943479938303,-0.00436178801025027
18,18,"BTP 2005 Health Education","btp05.t1mmtaxe","18:9705::btp05.t1mmtaxe","9705","18:9705",0.554999994579703,0.551562502514571,0.39310727484937,0.344604692188403,16,16,16,0.554999994579703,0.551562502514571,0.39310727484937,0.344604692188403,-0.00343749206513178,0.0485025826609667,FALSE,TRUE,-0.00343749206513178,-0.00343749206513178,0.0485025826609667,FALSE,TRUE,-0.00343749206513178,-0.00619367945712317,0.123382561870807
18,18,"BTP 2005 Health Education","btp05.t1mmtaxe","18:9706::btp05.t1mmtaxe","9706","18:9706",0.827692305239347,0.766153842783891,0.251600006883851,0.235568051032684,13,13,13,0.827692305239347,0.766153842783891,0.251600006883851,0.235568051032684,-0.061538462455456,0.0160319558511669,FALSE,TRUE,-0.061538462455456,-0.061538462455456,0.0160319558511669,FALSE,TRUE,-0.061538462455456,-0.0743494437074182,0.0637200135633061
18,18,"BTP 2005 Health Education","btp05.t1mmtaxe","18:9707::btp05.t1mmtaxe","9707","18:9707",0.631052632473017,0.648157898532717,0.32257461911573,0.226857826385469,19,19,19,0.631052632473017,0.648157898532717,0.32257461911573,0.226857826385469,0.0171052660596999,0.0957167927302607,TRUE,TRUE,0.0171052660596999,0.0171052660596999,0.0957167927302607,TRUE,TRUE,0.0171052660596999,0.0463623474924208,0.296727600555332
18,18,"BTP 2005 Health Education","btp05.t1mmtaxe","18:9708::btp05.t1mmtaxe","9708","18:9708",0.553333336694373,0.545555555365152,0.328418672321296,0.301588384727619,18,18,18,0.553333336694373,0.545555555365152,0.328418672321296,0.301588384727619,-0.00777778132922113,0.0268302875936773,FALSE,TRUE,-0.00777778132922113,-0.00777778132922113,0.0268302875936773,FALSE,TRUE,-0.00777778132922113,-0.0140562312324896,0.0816953780491167
18,18,"BTP 2005 Health Education","btp05.t1mmtaxe","18:9709::btp05.t1mmtaxe","9709","18:9709",0.622352939318208,0.656470590654541,0.31319980016301,0.30628705926083,17,17,17,0.622352939318208,0.656470590654541,0.31319980016301,0.30628705926083,0.0341176513363334,0.00691274090218041,TRUE,TRUE,0.0341176513363334,0.0341176513363334,0.00691274090218041,TRUE,TRUE,0.0341176513363334,0.0903426900099221,0.0220713451879042
18,18,"BTP 2005 Health Education","btp05.t1mmtaxe","18:9710::btp05.t1mmtaxe","9710","18:9710",0.641333333651225,0.670666667819023,0.281979398459944,0.292952128043122,15,15,15,0.641333333651225,0.670666667819023,0.281979398459944,0.292952128043122,0.0293333341677982,-0.0109727295831787,TRUE,FALSE,0.0293333341677982,0.0293333341677982,-0.0109727295831787,TRUE,FALSE,0.0293333341677982,0.0817843890161619,-0.0503288657386935
18,18,"BTP 2005 Health Education","btp05.t1mmtaxe","18:9711::btp05.t1mmtaxe","9711","18:9711",0.595384620703184,0.632307689923506,0.247137460474704,0.253710921035531,13,13,13,0.595384620703184,0.632307689923506,0.247137460474704,0.253710921035531,0.036923069220323,-0.0065734605608275,TRUE,FALSE,0.036923069220323,0.036923069220323,-0.0065734605608275,TRUE,FALSE,0.036923069220323,0.0912547350140071,-0.0259961818510879
18,18,"BTP 2005 Health Education","btp05.t1mmtaxe","18:9712::btp05.t1mmtaxe","9712","18:9712",0.567058821153991,0.545098036308499,0.3502100197938,0.324230104605507,17,17,17,0.567058821153991,0.545098036308499,0.3502100197938,0.324230104605507,-0.0219607848454925,0.0259799151882932,FALSE,TRUE,-0.0219607848454925,-0.0219607848454925,0.0259799151882932,FALSE,TRUE,-0.0219607848454925,-0.0387275253046963,0.0741838146252637
18,18,"BTP 2005 Health Education","btp05.t1mmtaxe","18:9713::btp05.t1mmtaxe","9713","18:9713",0.773636365478689,0.705454550006173,0.179389114063853,0.226290241730284,11,11,11,0.773636365478689,0.705454550006173,0.179389114063853,0.226290241730284,-0.0681818154725159,-0.0469011276664312,FALSE,FALSE,-0.0681818154725159,-0.0681818154725159,-0.0469011276664312,FALSE,FALSE,-0.0681818154725159,-0.0881316061588293,-0.146286759819415
18,18,"BTP 2005 Health Education","btp05.t1mmtaxe","18:9714::btp05.t1mmtaxe","9714","18:9714",0.698823525625117,0.688627451658249,0.283149303074749,0.264761572467685,17,17,17,0.698823525625117,0.688627451658249,0.283149303074749,0.264761572467685,-0.0101960739668676,0.0183877306070638,FALSE,TRUE,-0.0101960739668676,-0.0101960739668676,0.0183877306070638,FALSE,TRUE,-0.0101960739668676,-0.0145903416141392,0.0649400525001808
18,18,"BTP 2005 Health Education","btp05.t1mmtaxe","18:9715::btp05.t1mmtaxe","9715","18:9715",0.735555560224586,0.746666667362054,0.304922574561811,0.285131545872724,9,9,9,0.735555560224586,0.746666667362054,0.304922574561811,0.285131545872724,0.0111111071374681,0.0197910286890871,TRUE,TRUE,0.0111111071374681,0.0111111071374681,0.0197910286890871,TRUE,TRUE,0.0111111071374681,0.0420167924381563,0.0649050950639772
18,18,"BTP 2005 Health Education","btp05.t1mmtaxe","18:9716::btp05.t1mmtaxe","9716","18:9716",0.547777777848144,0.516666663810611,0.301187324483083,0.395964487880223,12,12,12,0.547777777848144,0.516666663810611,0.301187324483083,0.395964487880223,-0.0311111140375335,-0.0947771633971402,FALSE,FALSE,-0.0311111140375335,-0.0311111140375335,-0.0947771633971402,FALSE,FALSE,-0.0311111140375335,-0.0567951371808993,-0.476715899279147
18,18,"BTP 2005 Health Education","btp05.t1mmtaxe","18:9717::btp05.t1mmtaxe","9717","18:9717",0.699555550018946,0.662444445490837,0.206058499028787,0.227709319219194,15,15,15,0.699555550018946,0.662444445490837,0.206058499028787,0.227709319219194,-0.0371111045281091,-0.0216508201904068,FALSE,FALSE,-0.0371111045281091,-0.0371111045281091,-0.0216508201904068,FALSE,FALSE,-0.0371111045281091,-0.0530495462827848,-0.0736569015224807
18,18,"BTP 2005 Health Education","btp05.t1mmtaxe","18:9718::btp05.t1mmtaxe","9718","18:9718",0.735909088091417,0.730909100987694,0.266203104881541,0.196237328103127,11,11,11,0.735909088091417,0.730909100987694,0.266203104881541,0.196237328103127,-0.0049999871037224,0.0699657767784145,FALSE,TRUE,-0.0049999871037224,-0.0049999871037224,0.0699657767784145,FALSE,TRUE,-0.0049999871037224,-0.00679429998165927,0.262828552693061
18,18,"BTP 2005 Health Education","btp05.t1mmtaxe","18:9719::btp05.t1mmtaxe","9719","18:9719",0.595238093286753,0.584999998601583,0.277330722695528,0.279150495558848,14,13,13,0.602564100462657,0.584999998601583,0.287241518208542,0.279150495558848,-0.0102380946851693,-0.0018197728633203,FALSE,FALSE,-0.0102380946851693,-0.0175641018610734,0.00809102264969341,FALSE,TRUE,-0.0175641018610734,-0.0171999991274705,-0.00817253680143755
18,18,"BTP 2005 Health Education","btp05.t1mmtaxe","18:9720::btp05.t1mmtaxe","9720","18:9720",0.659999990835786,0.719999998807907,0.304443278114116,0.268966270595032,8,8,8,0.659999990835786,0.719999998807907,0.304443278114116,0.268966270595032,0.0600000079721212,0.0354770075190835,TRUE,TRUE,0.0600000079721212,0.0600000079721212,0.0354770075190835,TRUE,TRUE,0.0600000079721212,0.176470606926196,0.116530763099278
18,18,"BTP 2005 Health Education","btp05.t1mmtaxe","18:9721::btp05.t1mmtaxe","9721","18:9721",0.695625000167638,0.658333333209157,0.345117730411915,0.311055549097583,16,16,16,0.695625000167638,0.658333333209157,0.345117730411915,0.311055549097583,-0.0372916669584812,0.0340621813143325,FALSE,TRUE,-0.0372916669584812,-0.0372916669584812,0.0340621813143325,FALSE,TRUE,-0.0372916669584812,-0.0536088653362002,0.0986972801243147
18,18,"BTP 2005 Health Education","btp05.t1mmtaxe","18:9722::btp05.t1mmtaxe","9722","18:9722",0.622499997062342,0.68678571124162,0.296795381371985,0.269612305572945,14,14,14,0.622499997062342,0.68678571124162,0.296795381371985,0.269612305572945,0.0642857141792774,0.0271830757990399,TRUE,TRUE,0.0642857141792774,0.0642857141792774,0.0271830757990399,TRUE,TRUE,0.0642857141792774,0.170293281268911,0.0915886078596699
18,18,"BTP 2005 Health Education","btp05.t1mmtaxe","18:9723::btp05.t1mmtaxe","9723","18:9723",0.630526317773681,0.542807021031254,0.324986726017779,0.321411359835625,19,19,19,0.630526317773681,0.542807021031254,0.324986726017779,0.321411359835625,-0.0877192967424267,0.00357536618215432,FALSE,TRUE,-0.0877192967424267,-0.0877192967424267,0.00357536618215432,FALSE,TRUE,-0.0877192967424267,-0.139120753995097,0.0110015760519361
18,18,"BTP 2005 Health Education","btp05.t1mmtaxe","18:9724::btp05.t1mmtaxe","9724","18:9724",0.771470588796279,0.822647050899618,0.20487621511412,0.193246258359374,17,17,17,0.771470588796279,0.822647050899618,0.20487621511412,0.193246258359374,0.0511764621033388,0.0116299567547459,TRUE,TRUE,0.0511764621033388,0.0511764621033388,0.0116299567547459,TRUE,TRUE,0.0511764621033388,0.223938187359691,0.0567657731682899
18,18,"BTP 2005 Health Education","btp05.t1mmtaxe","18:9725::btp05.t1mmtaxe","9725","18:9725",0.74263157028901,0.699473687692692,0.218214781006343,0.290219717489552,19,19,19,0.74263157028901,0.699473687692692,0.218214781006343,0.290219717489552,-0.0431578825963171,-0.0720049364832091,FALSE,FALSE,-0.0431578825963171,-0.0431578825963171,-0.0720049364832091,FALSE,FALSE,-0.0431578825963171,-0.0581147965195197,-0.255531275701264
18,18,"BTP 2005 Health Education","btp05.t1mmtaxe","18:9726::btp05.t1mmtaxe","9726","18:9726",0.735625000670552,0.70750000141561,0.254688530387238,0.266320607393426,16,16,16,0.735625000670552,0.70750000141561,0.254688530387238,0.266320607393426,-0.0281249992549419,-0.0116320770061885,FALSE,FALSE,-0.0281249992549419,-0.0281249992549419,-0.0116320770061885,FALSE,FALSE,-0.0281249992549419,-0.0382327941944671,-0.0474175831425673
18,18,"BTP 2005 Health Education","btp05.t1mmtaxe","18:9727::btp05.t1mmtaxe","9727","18:9727",0.600000002421439,0.612500001210719,0.279427984881243,0.268017410196725,16,16,16,0.600000002421439,0.612500001210719,0.279427984881243,0.268017410196725,0.0124999987892808,0.0114105746845182,TRUE,TRUE,0.0124999987892808,0.0124999987892808,0.0114105746845182,TRUE,TRUE,0.0124999987892808,0.0312499971623768,0.0408354756928432
18,18,"BTP 2005 Health Education","btp05.t1mmtaxe","18:9728::btp05.t1mmtaxe","9728","18:9728",0.568571425442185,0.564285714179277,0.356281154205817,0.315660825354804,14,14,14,0.568571425442185,0.564285714179277,0.356281154205817,0.315660825354804,-0.00428571126290722,0.0406203288510124,FALSE,TRUE,-0.00428571126290722,-0.00428571126290722,0.0406203288510124,FALSE,TRUE,-0.00428571126290722,-0.00753768316720133,0.114012005326408
18,18,"BTP 2005 Health Education","btp05.t1mmtaxe","18:9729::btp05.t1mmtaxe","9729","18:9729",0.621842105137674,0.675789476617386,0.312832975485033,0.292542792002391,19,19,19,0.621842105137674,0.675789476617386,0.312832975485033,0.292542792002391,0.0539473714797118,0.0202901834826416,TRUE,TRUE,0.0539473714797118,0.0539473714797118,0.0202901834826416,TRUE,TRUE,0.0539473714797118,0.142658323976952,0.0648594779728149
18,18,"BTP 2005 Health Education","btp05.t1mmtaxe","18:9730::btp05.t1mmtaxe","9730","18:9730",0.615294113316957,0.637352939914255,0.299126174646978,0.271719739584742,17,17,17,0.615294113316957,0.637352939914255,0.299126174646978,0.271719739584742,0.0220588265972979,0.027406435062236,TRUE,TRUE,0.0220588265972979,0.0220588265972979,0.027406435062236,TRUE,TRUE,0.0220588265972979,0.0573394568705209,0.091621654623105
18,18,"BTP 2005 Health Education","btp05.t1stest","18:9701::btp05.t1stest","9701","18:9701",0.282142861613205,0.28571428252118,0.309221818130693,0.254519575509532,14,14,14,0.282142861613205,0.28571428252118,0.309221818130693,0.254519575509532,-0.00357142090797419,0.0547022426211608,FALSE,TRUE,-0.00357142090797419,-0.00357142090797419,0.0547022426211608,FALSE,TRUE,-0.00357142090797419,-0.00497511373363239,0.176902920213867
18,18,"BTP 2005 Health Education","btp05.t1stest","18:9702::btp05.t1stest","9702","18:9702",0.400000004097819,0.325000001915864,0.326990944505334,0.307439798782072,14,14,14,0.400000004097819,0.325000001915864,0.326990944505334,0.307439798782072,0.0750000021819557,0.0195511457232619,TRUE,TRUE,0.0750000021819557,0.0750000021819557,0.0195511457232619,TRUE,TRUE,0.0750000021819557,0.187500003534037,0.0597910922360205
18,18,"BTP 2005 Health Education","btp05.t1stest","18:9703::btp05.t1stest","9703","18:9703",0.280952381591002,0.366666665566819,0.285252601497543,0.30509560992623,21,21,21,0.280952381591002,0.366666665566819,0.285252601497543,0.30509560992623,-0.0857142839758169,-0.0198430084286877,FALSE,FALSE,-0.0857142839758169,-0.0857142839758169,-0.0198430084286877,FALSE,FALSE,-0.0857142839758169,-0.119205295701379,-0.0924016242667577
18,18,"BTP 2005 Health Education","btp05.t1stest","18:9704::btp05.t1stest","9704","18:9704",0.326923076349955,0.346153844434481,0.373393995534221,0.343669858277665,13,13,13,0.326923076349955,0.346153844434481,0.373393995534221,0.343669858277665,-0.019230768084526,0.0297241372565562,FALSE,TRUE,-0.019230768084526,-0.019230768084526,0.0297241372565562,FALSE,TRUE,-0.019230768084526,-0.0285714268441102,0.0796052898869714
18,18,"BTP 2005 Health Education","btp05.t1stest","18:9705::btp05.t1stest","9705","18:9705",0.365625001722947,0.371874999254942,0.300399038070821,0.334150039580952,16,16,16,0.365625001722947,0.371874999254942,0.300399038070821,0.334150039580952,-0.00624999753199529,-0.0337510015101305,FALSE,FALSE,-0.00624999753199529,-0.00624999753199529,-0.0337510015101305,FALSE,FALSE,-0.00624999753199529,-0.00985221288507606,-0.169092379034255
18,18,"BTP 2005 Health Education","btp05.t1stest","18:9706::btp05.t1stest","9706","18:9706",0.230769232775156,0.311538462742017,0.275785591588586,0.321554718637538,13,13,13,0.230769232775156,0.311538462742017,0.275785591588586,0.321554718637538,-0.0807692299668606,-0.045769127048952,FALSE,FALSE,-0.0807692299668605,-0.0807692299668606,-0.045769127048952,FALSE,FALSE,-0.0807692299668605,-0.104999999230728,-0.204131069779288
18,18,"BTP 2005 Health Education","btp05.t1stest","18:9707::btp05.t1stest","9707","18:9707",0.326315789630538,0.331578947995838,0.325904046350498,0.297307603866764,19,19,19,0.326315789630538,0.331578947995838,0.325904046350498,0.297307603866764,-0.00526315836529984,0.0285964424837348,FALSE,TRUE,-0.00526315836529984,-0.00526315836529984,0.0285964424837348,FALSE,TRUE,-0.00526315836529984,-0.00781250070031093,0.0877449752587004
18,18,"BTP 2005 Health Education","btp05.t1stest","18:9708::btp05.t1stest","9708","18:9708",0.255555557914906,0.272222225036886,0.288958008800796,0.307371314033085,18,18,18,0.255555557914906,0.272222225036886,0.288958008800796,0.307371314033085,-0.0166666671219799,-0.0184133052322888,FALSE,FALSE,-0.0166666671219799,-0.0166666671219799,-0.0184133052322888,FALSE,FALSE,-0.0166666671219799,-0.0223880603840613,-0.0872494858850547
18,18,"BTP 2005 Health Education","btp05.t1stest","18:9709::btp05.t1stest","9709","18:9709",0.202941175988492,0.229411769877462,0.205753631771545,0.21726915110698,17,17,17,0.202941175988492,0.229411769877462,0.205753631771545,0.21726915110698,-0.0264705938889699,-0.0115155193354355,FALSE,FALSE,-0.0264705938889699,-0.0264705938889699,-0.0115155193354355,FALSE,FALSE,-0.0264705938889699,-0.0332103391764066,-0.03913563795117
18,18,"BTP 2005 Health Education","btp05.t1stest","18:9710::btp05.t1stest","9710","18:9710",0.200000002980232,0.223333332935969,0.263221801584815,0.265159428154603,15,15,15,0.200000002980232,0.223333332935969,0.263221801584815,0.265159428154603,-0.0233333299557369,-0.00193762656978813,FALSE,FALSE,-0.0233333299557369,-0.0233333299557369,-0.00193762656978813,FALSE,FALSE,-0.0233333299557369,-0.0291666625533254,-0.00818329805175114
18,18,"BTP 2005 Health Education","btp05.t1stest","18:9711::btp05.t1stest","9711","18:9711",0.349999997191704,0.450000000401185,0.349404249520821,0.391578001342532,13,13,13,0.349999997191704,0.450000000401185,0.349404249520821,0.391578001342532,-0.100000003209481,-0.0421737518217116,FALSE,FALSE,-0.100000003209481,-0.100000003209481,-0.0421737518217116,FALSE,FALSE,-0.100000003209481,-0.153846158119131,-0.280046094843442
18,18,"BTP 2005 Health Education","btp05.t1stest","18:9712::btp05.t1stest","9712","18:9712",0.308823528973495,0.252941176076146,0.334587099201355,0.306935751968469,17,17,17,0.308823528973495,0.252941176076146,0.334587099201355,0.306935751968469,0.0558823528973496,0.0276513472328868,TRUE,TRUE,0.0558823528973496,0.0558823528973496,0.0276513472328868,TRUE,TRUE,0.0558823528973496,0.180952381067265,0.0826431960433899
18,18,"BTP 2005 Health Education","btp05.t1stest","18:9713::btp05.t1stest","9713","18:9713",0.340909091925079,0.295454543422569,0.312104295384783,0.236066238578421,11,11,11,0.340909091925079,0.295454543422569,0.312104295384783,0.236066238578421,0.0454545485025104,0.0760380568063619,TRUE,TRUE,0.0454545485025104,0.0454545485025104,0.0760380568063619,TRUE,TRUE,0.0454545485025104,0.133333341876666,0.243630279783933
18,18,"BTP 2005 Health Education","btp05.t1stest","18:9714::btp05.t1stest","9714","18:9714",0.302941175287261,0.420588236521272,0.348420802791821,0.361878267119056,17,17,17,0.302941175287261,0.420588236521272,0.348420802791821,0.361878267119056,-0.117647061234011,-0.0134574643272353,FALSE,FALSE,-0.117647061234011,-0.117647061234011,-0.0134574643272353,FALSE,FALSE,-0.117647061234011,-0.168776374479577,-0.0887817363800439
18,18,"BTP 2005 Health Education","btp05.t1stest","18:9715::btp05.t1stest","9715","18:9715",0.38333333738976,0.43888889087571,0.434453682254017,0.42995477786829,9,9,9,0.38333333738976,0.43888889087571,0.434453682254017,0.42995477786829,-0.0555555534859498,0.00449890438572753,FALSE,TRUE,-0.0555555534859498,-0.0555555534859498,0.00449890438572753,FALSE,TRUE,-0.0555555534859498,-0.0900900873265844,0.0103553142014736
18,18,"BTP 2005 Health Education","btp05.t1stest","18:9716::btp05.t1stest","9716","18:9716",0.529166674862305,0.512500004221996,0.35320502331529,0.339200260004184,12,12,12,0.529166674862305,0.512500004221996,0.35320502331529,0.339200260004184,-0.0166666706403097,0.014004763311106,FALSE,TRUE,-0.0166666706403097,-0.0166666706403097,0.014004763311106,FALSE,TRUE,-0.0166666706403097,-0.0314960700135671,0.0396505213307926
18,18,"BTP 2005 Health Education","btp05.t1stest","18:9717::btp05.t1stest","9717","18:9717",0.276666666567325,0.330000001440445,0.320081831773611,0.292037178987636,15,15,15,0.276666666567325,0.330000001440445,0.320081831773611,0.292037178987636,-0.05333333487312,0.0280446527859751,FALSE,TRUE,-0.05333333487312,-0.05333333487312,0.0280446527859751,FALSE,TRUE,-0.05333333487312,-0.0737327210126202,0.0876171341265336
18,18,"BTP 2005 Health Education","btp05.t1stest","18:9718::btp05.t1stest","9718","18:9718",0.254545456983826,0.309090915051373,0.258316229660332,0.262505416194972,11,11,11,0.254545456983826,0.309090915051373,0.258316229660332,0.262505416194972,-0.0545454580675471,-0.0041891865346394,FALSE,FALSE,-0.0545454580675471,-0.0545454580675471,-0.0041891865346394,FALSE,FALSE,-0.0545454580675471,-0.0731707366714158,-0.017333338224374
18,18,"BTP 2005 Health Education","btp05.t1stest","18:9719::btp05.t1stest","9719","18:9719",0.27307692112831,0.27307692112831,0.327627442197367,0.252994875076187,13,13,13,0.27307692112831,0.27307692112831,0.327627442197367,0.252994875076187,0,0.0746325671211804,FALSE,TRUE,5.55111512312578e-17,0,0.0746325671211804,FALSE,TRUE,5.55111512312578e-17,0,0.227797056988348
18,18,"BTP 2005 Health Education","btp05.t1stest","18:9720::btp05.t1stest","9720","18:9720",0.318750006146729,0.299999996088445,0.35247847545173,0.359563220473595,8,8,8,0.318750006146729,0.299999996088445,0.35247847545173,0.359563220473595,0.0187500100582839,-0.00708474502186435,TRUE,FALSE,0.0187500100582839,0.0187500100582839,-0.00708474502186435,TRUE,FALSE,0.0187500100582839,0.05882355983282,-0.0480251613692223
18,18,"BTP 2005 Health Education","btp05.t1stest","18:9721::btp05.t1stest","9721","18:9721",0.383333334326744,0.413333335022132,0.388066020433191,0.354293395196719,15,15,15,0.383333334326744,0.413333335022132,0.388066020433191,0.354293395196719,-0.0300000006953876,0.033772625236472,FALSE,TRUE,-0.0300000006953876,-0.0300000006953876,0.033772625236472,FALSE,TRUE,-0.0300000006953876,-0.0486486498546741,0.0870280402256611
18,18,"BTP 2005 Health Education","btp05.t1stest","18:9722::btp05.t1stest","9722","18:9722",0.414285716733762,0.532142857355731,0.3825162490768,0.363004101409947,14,14,14,0.414285716733762,0.532142857355731,0.3825162490768,0.363004101409947,-0.117857140621969,0.0195121476668532,FALSE,TRUE,-0.053571425910507,-0.117857140621969,0.0195121476668532,FALSE,TRUE,-0.053571425910507,-0.201219509219987,0.0510099837953175
18,18,"BTP 2005 Health Education","btp05.t1stest","18:9723::btp05.t1stest","9723","18:9723",0.310526316691386,0.263157892972231,0.34503580327506,0.329916696139094,19,19,19,0.310526316691386,0.263157892972231,0.34503580327506,0.329916696139094,0.0473684237191551,0.0151191071359657,TRUE,TRUE,0.0473684237191551,0.0473684237191551,0.0151191071359657,TRUE,TRUE,0.0473684237191551,0.152542381025412,0.0438189515188164
18,18,"BTP 2005 Health Education","btp05.t1stest","18:9724::btp05.t1stest","9724","18:9724",0.149999999824692,0.217647058779702,0.206911814197433,0.241700466163553,17,17,17,0.149999999824692,0.217647058779702,0.206911814197433,0.241700466163553,-0.0676470589550102,-0.0347886519661199,FALSE,FALSE,-0.0676470589550101,-0.0676470589550102,-0.0347886519661199,FALSE,FALSE,-0.0676470589550101,-0.0795847752247745,-0.118696875723113
18,18,"BTP 2005 Health Education","btp05.t1stest","18:9725::btp05.t1stest","9725","18:9725",0.200000001999893,0.241666670474741,0.253311404005637,0.280362165865147,19,18,18,0.211111113222109,0.241666670474741,0.255846667099526,0.280362165865147,-0.0416666684748486,-0.0270507618595102,FALSE,FALSE,-0.0416666684748486,-0.0305555572526323,-0.0245154987656213,FALSE,FALSE,-0.0305555572526323,-0.0520833357237621,-0.1096555021138
18,18,"BTP 2005 Health Education","btp05.t1stest","18:9726::btp05.t1stest","9726","18:9726",0.315624997485429,0.27187499916181,0.374485752051844,0.327601761643904,16,16,16,0.315624997485429,0.27187499916181,0.374485752051844,0.327601761643904,0.0437499983236194,0.0468839904079396,TRUE,TRUE,0.0437499983236194,0.0437499983236194,0.0468839904079396,TRUE,TRUE,0.0437499983236194,0.138613857179165,0.12519565871614
18,18,"BTP 2005 Health Education","btp05.t1stest","18:9727::btp05.t1stest","9727","18:9727",0.35000000311993,0.281250005587935,0.329646274707069,0.276812212337239,16,16,16,0.35000000311993,0.281250005587935,0.329646274707069,0.276812212337239,0.0687499975319952,0.0528340623698295,TRUE,TRUE,0.0687499975319952,0.0687499975319952,0.0528340623698295,TRUE,TRUE,0.0687499975319952,0.196428562626148,0.160275017264427
18,18,"BTP 2005 Health Education","btp05.t1stest","18:9728::btp05.t1stest","9728","18:9728",0.239285717053073,0.221428573131561,0.284320088157757,0.273660572058992,14,14,14,0.239285717053073,0.221428573131561,0.284320088157757,0.273660572058992,0.0178571439215115,0.0106595160987649,TRUE,TRUE,0.0178571439215115,0.0178571439215115,0.0106595160987649,TRUE,TRUE,0.0178571439215115,0.074626869256684,0.0374912520878596
18,18,"BTP 2005 Health Education","btp05.t1stest","18:9729::btp05.t1stest","9729","18:9729",0.336842104400459,0.292105263785312,0.320521318422372,0.316343323136171,19,19,19,0.336842104400459,0.292105263785312,0.320521318422372,0.316343323136171,0.0447368406151471,0.00417799528620094,TRUE,TRUE,0.0447368406151471,0.0447368406151471,0.00417799528620094,TRUE,TRUE,0.0447368406151471,0.132812495916369,0.013034999689772
18,18,"BTP 2005 Health Education","btp05.t1stest","18:9730::btp05.t1stest","9730","18:9730",0.429411766064518,0.417647060664261,0.354462102494816,0.327366945776259,17,17,17,0.429411766064518,0.417647060664261,0.354462102494816,0.327366945776259,0.0117647054002566,0.0270951567185568,TRUE,TRUE,0.0117647054002566,0.0117647054002566,0.0270951567185568,TRUE,TRUE,0.0117647054002566,0.0273972590645991,0.0764402076494287
18,18,"BTP 2005 Health Education","btp05.t1testsl","18:9701::btp05.t1testsl","9701","18:9701",0.5,0.928571428571429,0.518874521662771,0.267261241912424,14,14,14,0.5,0.928571428571429,0.518874521662771,0.267261241912424,NA,0.251613279750346,NA,TRUE,0.428571428571429,NA,0.251613279750346,NA,TRUE,0.428571428571429,NA,0.484921246362287
18,18,"BTP 2005 Health Education","btp05.t1testsl","18:9702::btp05.t1testsl","9702","18:9702",0.333333333333333,0.5,0.492365963917331,0.518874521662771,12,14,12,0.333333333333333,0.416666666666667,0.492365963917331,0.514928650544437,-0.166666666666667,-0.0265085577454399,FALSE,FALSE,-0.166666666666667,-0.0833333333333334,-0.0225626866271064,FALSE,FALSE,-0.0833333333333334,-0.25,-3.47241714060273
18,18,"BTP 2005 Health Education","btp05.t1testsl","18:9703::btp05.t1testsl","9703","18:9703",0.31578947368421,0.25,0.477566932940919,0.444261658319319,19,20,19,0.31578947368421,0.263157894736842,0.477566932940919,0.452413928358864,0.0657894736842105,0.0333052746216,TRUE,TRUE,0.0657894736842105,0.0526315789473684,0.0251530045820552,TRUE,TRUE,0.0526315789473684,0.208333333333333,0.0697394905809365
18,18,"BTP 2005 Health Education","btp05.t1testsl","18:9704::btp05.t1testsl","9704","18:9704",0.384615384615385,0.25,0.506369683541833,0.452267016866645,13,12,12,0.333333333333333,0.25,0.492365963917331,0.452267016866645,0.134615384615385,0.054102666675188,TRUE,TRUE,0.134615384615385,0.0833333333333333,0.0400989470506855,TRUE,TRUE,0.0833333333333333,0.35,0.106844205792028
18,18,"BTP 2005 Health Education","btp05.t1testsl","18:9705::btp05.t1testsl","9705","18:9705",0.266666666666667,0.25,0.457737708217063,0.447213595499958,15,16,15,0.266666666666667,0.266666666666667,0.457737708217063,0.457737708217063,0.0166666666666667,0.0105241127171055,TRUE,TRUE,0.0166666666666667,0,0,FALSE,FALSE,0,0.0625,0.0229915790816056
18,18,"BTP 2005 Health Education","btp05.t1testsl","18:9706::btp05.t1testsl","9706","18:9706",0.384615384615385,0.307692307692308,0.506369683541833,0.480384461415261,13,13,13,0.384615384615385,0.307692307692308,0.506369683541833,0.480384461415261,0.0769230769230769,0.025985222126572,TRUE,TRUE,0.0769230769230769,0.0769230769230769,0.025985222126572,TRUE,TRUE,0.0769230769230769,0.2,0.0513167019494863
18,18,"BTP 2005 Health Education","btp05.t1testsl","18:9707::btp05.t1testsl","9707","18:9707",0.277777777777778,0.31578947368421,0.460888598962477,0.477566932940919,18,19,18,0.277777777777778,0.333333333333333,0.460888598962477,0.485071250072666,-0.0380116959064327,-0.0166783339784424,FALSE,FALSE,-0.0380116959064327,-0.0555555555555555,-0.0241826511101891,FALSE,FALSE,-0.0555555555555555,-0.0526315789473684,-0.426431514494747
18,18,"BTP 2005 Health Education","btp05.t1testsl","18:9708::btp05.t1testsl","9708","18:9708",0.294117647058824,0.5625,0.469668218313862,0.51234753829798,17,16,16,0.3125,0.5625,0.478713553878169,0.51234753829798,-0.268382352941176,-0.0426793199841178,FALSE,FALSE,-0.143382352941176,-0.25,-0.0336339844198109,FALSE,FALSE,-0.125,-0.380208333333333,-1.40708252570679
18,18,"BTP 2005 Health Education","btp05.t1testsl","18:9709::btp05.t1testsl","9709","18:9709",0.25,0.285714285714286,0.447213595499958,0.468807230938495,16,14,14,0.285714285714286,0.285714285714286,0.468807230938495,0.468807230938495,-0.0357142857142857,-0.0215936354385375,FALSE,FALSE,-0.0357142857142857,0,0,FALSE,FALSE,0,-0.0476190476190476,-0.409075701273048
18,18,"BTP 2005 Health Education","btp05.t1testsl","18:9710::btp05.t1testsl","9710","18:9710",0.285714285714286,0.533333333333333,0.468807230938495,0.516397779494322,14,15,14,0.285714285714286,0.5,0.468807230938495,0.518874521662771,-0.247619047619048,-0.0475905485558267,FALSE,FALSE,-0.180952380952381,-0.214285714285714,-0.0500672907242753,FALSE,FALSE,-0.214285714285714,-0.346666666666667,-1.52569169033983
18,18,"BTP 2005 Health Education","btp05.t1testsl","18:9711::btp05.t1testsl","9711","18:9711",0.25,0.333333333333333,0.452267016866645,0.492365963917331,12,12,11,0.181818181818182,0.363636363636364,0.404519917477945,0.504524979109513,-0.0833333333333333,-0.0400989470506855,FALSE,FALSE,-0.0833333333333333,-0.181818181818182,-0.100005061631568,FALSE,FALSE,-0.181818181818182,-0.111111111111111,-0.840067903123896
18,18,"BTP 2005 Health Education","btp05.t1testsl","18:9712::btp05.t1testsl","9712","18:9712",0.25,0.125,0.447213595499958,0.341565025531987,16,16,15,0.2,0.0666666666666667,0.414039335605413,0.258198889747161,0.125,0.105648569967971,TRUE,TRUE,0.125,0.133333333333333,0.155840445858251,TRUE,TRUE,0.133333333333333,0.5,0.236237384174027
18,18,"BTP 2005 Health Education","btp05.t1testsl","18:9713::btp05.t1testsl","9713","18:9713",0.363636363636364,0.272727272727273,0.504524979109513,0.467099366496914,11,11,11,0.363636363636364,0.272727272727273,0.504524979109513,0.467099366496914,0.0909090909090909,0.0374256126125992,TRUE,TRUE,0.0909090909090909,0.0909090909090909,0.0374256126125992,TRUE,TRUE,0.0909090909090909,0.25,0.0741799002274486
18,18,"BTP 2005 Health Education","btp05.t1testsl","18:9714::btp05.t1testsl","9714","18:9714",0.333333333333333,0.357142857142857,0.487950036474267,0.497245158098847,15,14,13,0.307692307692308,0.307692307692308,0.480384461415261,0.480384461415261,-0.0238095238095238,-0.00929512162458024,FALSE,FALSE,-0.0238095238095238,0,0,FALSE,FALSE,0,-0.0357142857142857,-0.771381722835091
18,18,"BTP 2005 Health Education","btp05.t1testsl","18:9715::btp05.t1testsl","9715","18:9715",0.444444444444444,0.444444444444444,0.52704627669473,0.52704627669473,9,9,9,0.444444444444444,0.444444444444444,0.52704627669473,0.52704627669473,0,0,FALSE,FALSE,0,0,0,FALSE,FALSE,0,0,0
18,18,"BTP 2005 Health Education","btp05.t1testsl","18:9716::btp05.t1testsl","9716","18:9716",0.0833333333333333,0.166666666666667,0.288675134594813,0.389249472080761,12,12,12,0.0833333333333333,0.166666666666667,0.288675134594813,0.389249472080761,-0.0833333333333333,-0.100574337485949,FALSE,FALSE,-0.0833333333333333,-0.0833333333333333,-0.100574337485949,FALSE,FALSE,-0.0833333333333333,-0.0909090909090909,-0.475922874921088
18,18,"BTP 2005 Health Education","btp05.t1testsl","18:9717::btp05.t1testsl","9717","18:9717",0.214285714285714,0.285714285714286,0.42581531362632,0.468807230938495,14,14,13,0.230769230769231,0.230769230769231,0.438529009653515,0.438529009653515,-0.0714285714285714,-0.0429919173121754,FALSE,FALSE,-0.0714285714285714,0,0,FALSE,FALSE,0,-0.0909090909090909,-0.579525497966229
18,18,"BTP 2005 Health Education","btp05.t1testsl","18:9718::btp05.t1testsl","9718","18:9718",0.111111111111111,0.125,0.333333333333333,0.353553390593274,9,8,8,0.125,0.125,0.353553390593274,0.353553390593274,-0.0138888888888889,-0.0202200572599405,FALSE,FALSE,-0.0138888888888889,0,0,FALSE,FALSE,0,-0.015625,-0.121320343559643
18,18,"BTP 2005 Health Education","btp05.t1testsl","18:9719::btp05.t1testsl","9719","18:9719",0.384615384615385,0.285714285714286,0.506369683541833,0.468807230938495,13,14,13,0.384615384615385,0.307692307692308,0.506369683541833,0.480384461415261,0.0989010989010989,0.0375624526033378,TRUE,TRUE,0.0989010989010989,0.0769230769230769,0.025985222126572,TRUE,TRUE,0.0769230769230769,0.257142857142857,0.0741799002274485
18,18,"BTP 2005 Health Education","btp05.t1testsl","18:9720::btp05.t1testsl","9720","18:9720",0.285714285714286,0.285714285714286,0.487950036474267,0.487950036474267,7,7,6,0.333333333333333,0.333333333333333,0.516397779494322,0.516397779494322,0,0,FALSE,FALSE,0,0,0,FALSE,FALSE,0,0,0
18,18,"BTP 2005 Health Education","btp05.t1testsl","18:9721::btp05.t1testsl","9721","18:9721",0.0666666666666667,0.333333333333333,0.258198889747161,0.487950036474267,15,15,15,0.0666666666666667,0.333333333333333,0.258198889747161,0.487950036474267,-0.266666666666667,-0.229751146727105,FALSE,FALSE,-0.266666666666667,-0.266666666666667,-0.229751146727105,FALSE,FALSE,-0.266666666666667,-0.285714285714286,-0.950165805636155
18,18,"BTP 2005 Health Education","btp05.t1testsl","18:9722::btp05.t1testsl","9722","18:9722",0.142857142857143,0.142857142857143,0.363136519601281,0.363136519601281,14,14,14,0.142857142857143,0.142857142857143,0.363136519601281,0.363136519601281,0,0,FALSE,FALSE,0,0,0,FALSE,FALSE,0,0,0
18,18,"BTP 2005 Health Education","btp05.t1testsl","18:9723::btp05.t1testsl","9723","18:9723",0.277777777777778,0.368421052631579,0.460888598962477,0.495594627783352,18,19,18,0.277777777777778,0.388888888888889,0.460888598962477,0.50163132570455,-0.0906432748538011,-0.0347060288208751,FALSE,FALSE,-0.0906432748538011,-0.111111111111111,-0.0407427267420735,FALSE,FALSE,-0.111111111111111,-0.125506072874494,-0.887363477150267
18,18,"BTP 2005 Health Education","btp05.t1testsl","18:9724::btp05.t1testsl","9724","18:9724",0.125,0.294117647058824,0.341565025531987,0.469668218313862,16,17,16,0.125,0.3125,0.341565025531987,0.478713553878169,-0.169117647058824,-0.128103192781875,FALSE,FALSE,-0.169117647058824,-0.1875,-0.137148528346182,FALSE,FALSE,-0.1875,-0.19327731092437,-0.80855375028156
18,18,"BTP 2005 Health Education","btp05.t1testsl","18:9725::btp05.t1testsl","9725","18:9725",0.5,0.368421052631579,0.514495755427527,0.495594627783352,18,19,18,0.5,0.388888888888889,0.514495755427527,0.50163132570455,NA,0.0189011276441746,NA,TRUE,0.131578947368421,NA,0.0128644297229763,NA,TRUE,0.111111111111111,NA,0.0367371886838375
18,18,"BTP 2005 Health Education","btp05.t1testsl","18:9726::btp05.t1testsl","9726","18:9726",0.5,0.625,0.518874521662771,0.5,14,16,14,0.5,0.571428571428571,0.518874521662771,0.513552591013095,NA,0.0188745216627708,NA,TRUE,0.125,NA,0.00532193064967534,NA,TRUE,0.0714285714285714,NA,0.0363758883405685
18,18,"BTP 2005 Health Education","btp05.t1testsl","18:9727::btp05.t1testsl","9727","18:9727",0.25,0.333333333333333,0.447213595499958,0.487950036474267,16,15,15,0.266666666666667,0.333333333333333,0.457737708217063,0.487950036474267,-0.0833333333333333,-0.0407364409743087,FALSE,FALSE,-0.0833333333333333,-0.0666666666666667,-0.0302123282572032,FALSE,FALSE,-0.0666666666666667,-0.111111111111111,-0.771722214462934
18,18,"BTP 2005 Health Education","btp05.t1testsl","18:9728::btp05.t1testsl","9728","18:9728",0.307692307692308,0.307692307692308,0.480384461415261,0.480384461415261,13,13,12,0.333333333333333,0.25,0.492365963917331,0.452267016866645,0,0,FALSE,FALSE,0,0.0833333333333333,0.0400989470506855,TRUE,TRUE,0.0833333333333333,0,0
18,18,"BTP 2005 Health Education","btp05.t1testsl","18:9729::btp05.t1testsl","9729","18:9729",0.222222222222222,0.473684210526316,0.427792631946498,0.512989176042577,18,19,18,0.222222222222222,0.5,0.427792631946498,0.514495755427527,-0.251461988304094,-0.0851965440960786,FALSE,FALSE,-0.251461988304094,-0.277777777777778,-0.0867031234810281,FALSE,FALSE,-0.277777777777778,-0.323308270676692,-1.17988712776448
18,18,"BTP 2005 Health Education","btp05.t1testsl","18:9730::btp05.t1testsl","9730","18:9730",0.5,0.352941176470588,0.516397779494322,0.492592183071889,16,17,16,0.5,0.375,0.516397779494322,0.5,NA,0.0238055964224331,NA,TRUE,0.147058823529412,NA,0.0163977794943222,NA,TRUE,0.125,NA,0.0460993392453092
18,18,"BTP 2005 Health Education","btp05.t1nclb","18:9701::btp05.t1nclb","9701","18:9701",0.634615384615385,0.673076923076923,0.390184045988031,0.373393996902838,13,13,13,0.634615384615385,0.673076923076923,0.390184045988031,0.373393996902838,0.0384615384615385,0.0167900490851923,TRUE,TRUE,0.0384615384615385,0.0384615384615385,0.0167900490851923,TRUE,TRUE,0.0384615384615385,0.105263157894737,0.0430311009838351
18,18,"BTP 2005 Health Education","btp05.t1nclb","18:9702::btp05.t1nclb","9702","18:9702",0.75,0.785714285714286,0.310086836473021,0.274862603039138,14,14,14,0.75,0.785714285714286,0.310086836473021,0.274862603039138,0.0357142857142857,0.0352242334338835,TRUE,TRUE,0.0357142857142857,0.0357142857142857,0.0352242334338835,TRUE,TRUE,0.0357142857142857,0.142857142857143,0.113594739572082
18,18,"BTP 2005 Health Education","btp05.t1nclb","18:9703::btp05.t1nclb","9703","18:9703",0.6875,0.702380952380952,0.379360611666803,0.350170026728513,20,21,20,0.6875,0.6875,0.379360611666803,0.352388466864265,0.0148809523809523,0.0291905849382894,TRUE,TRUE,0.0148809523809523,0,0.0269721448025372,FALSE,TRUE,0,0.0476190476190474,0.0769467995373433
18,18,"BTP 2005 Health Education","btp05.t1nclb","18:9704::btp05.t1nclb","9704","18:9704",0.575,0.694444444444444,0.457195557478173,0.370341434054816,10,9,8,0.71875,0.71875,0.388161877130074,0.388161877130074,0.119444444444444,0.0868541234233573,TRUE,TRUE,0.119444444444444,0,0,FALSE,FALSE,0,0.281045751633987,0.189971494697876
18,18,"BTP 2005 Health Education","btp05.t1nclb","18:9705::btp05.t1nclb","9705","18:9705",0.785714285714286,0.7,0.291830147799769,0.368394198806504,14,15,13,0.807692307692308,0.75,0.291437639017162,0.367990036096994,-0.0857142857142857,-0.0765640510067344,FALSE,FALSE,-0.0857142857142857,-0.0576923076923077,-0.076552397079832,FALSE,FALSE,-0.0576923076923077,-0.109090909090909,-0.367796057870524
18,18,"BTP 2005 Health Education","btp05.t1nclb","18:9706::btp05.t1nclb","9706","18:9706",0.692307692307692,0.730769230769231,0.355812540676357,0.3455300647426,13,13,13,0.692307692307692,0.730769230769231,0.355812540676357,0.3455300647426,0.0384615384615384,0.0102824759337564,TRUE,TRUE,0.0384615384615384,0.0384615384615384,0.0102824759337564,TRUE,TRUE,0.0384615384615384,0.125,0.0288985765206889
18,18,"BTP 2005 Health Education","btp05.t1nclb","18:9707::btp05.t1nclb","9707","18:9707",0.71875,0.597222222222222,0.352077169571293,0.3848117271595,16,18,16,0.71875,0.640625,0.352077169571293,0.376040223912283,-0.121527777777778,-0.0327345575882061,FALSE,FALSE,-0.121527777777778,-0.078125,-0.0239630543409896,FALSE,FALSE,-0.078125,-0.169082125603865,-0.221294829833472
18,18,"BTP 2005 Health Education","btp05.t1nclb","18:9708::btp05.t1nclb","9708","18:9708",0.529411764705882,0.455882352941177,0.329326407008216,0.321559847142204,17,17,17,0.529411764705882,0.455882352941177,0.329326407008216,0.321559847142204,-0.0735294117647058,0.00776655986601194,FALSE,TRUE,0.0147058823529411,-0.0735294117647058,0.00776655986601194,FALSE,TRUE,0.0147058823529411,-0.138888888888889,0.0235831676438208
18,18,"BTP 2005 Health Education","btp05.t1nclb","18:9709::btp05.t1nclb","9709","18:9709",0.720588235294118,0.75,0.340981498549322,0.293150984988964,17,17,17,0.720588235294118,0.75,0.340981498549322,0.293150984988964,0.0294117647058824,0.0478305135603574,TRUE,TRUE,0.0294117647058824,0.0294117647058824,0.0478305135603574,TRUE,TRUE,0.0294117647058824,0.105263157894737,0.140273046378905
18,18,"BTP 2005 Health Education","btp05.t1nclb","18:9710::btp05.t1nclb","9710","18:9710",0.683333333333333,0.714285714285714,0.371611676478603,0.323103086329432,15,14,14,0.714285714285714,0.714285714285714,0.365022955773686,0.323103086329432,0.030952380952381,0.0485085901491712,TRUE,TRUE,0.030952380952381,0,0.0419198694442539,FALSE,TRUE,0,0.0977443609022556,0.130535699547547
18,18,"BTP 2005 Health Education","btp05.t1nclb","18:9711::btp05.t1nclb","9711","18:9711",0.4375,0.461538461538462,0.339200262649984,0.351279711764622,12,13,12,0.4375,0.479166666666667,0.339200262649984,0.360843918243516,-0.0240384615384616,-0.0120794491146379,FALSE,FALSE,-0.0240384615384616,-0.0416666666666666,-0.0216436555935321,FALSE,FALSE,-0.0416666666666666,-0.0427350427350428,-0.0751210749078797
18,18,"BTP 2005 Health Education","btp05.t1nclb","18:9712::btp05.t1nclb","9712","18:9712",0.71875,0.65625,0.375,0.352077169571293,16,16,15,0.716666666666667,0.666666666666667,0.388066022855954,0.361873432227873,-0.0625,0.0229228304287065,FALSE,TRUE,-0.0625,-0.05,0.0261925906280814,FALSE,TRUE,-0.05,-0.0869565217391304,0.061127547809884
18,18,"BTP 2005 Health Education","btp05.t1nclb","18:9713::btp05.t1nclb","9713","18:9713",0.681818181818182,0.681818181818182,0.404519917477945,0.297718598069324,11,11,11,0.681818181818182,0.681818181818182,0.404519917477945,0.297718598069324,0,0.106801319408621,FALSE,TRUE,0,0,0.106801319408621,FALSE,TRUE,0,0,0.264019927806013
18,18,"BTP 2005 Health Education","btp05.t1nclb","18:9714::btp05.t1nclb","9714","18:9714",0.573529411764706,0.602941176470588,0.402770734669095,0.365064458450189,17,17,17,0.573529411764706,0.602941176470588,0.402770734669095,0.365064458450189,0.0294117647058824,0.0377062762189062,TRUE,TRUE,0.0294117647058824,0.0294117647058824,0.0377062762189062,TRUE,TRUE,0.0294117647058824,0.0689655172413793,0.0936172193590099
18,18,"BTP 2005 Health Education","btp05.t1nclb","18:9715::btp05.t1nclb","9715","18:9715",0.583333333333333,0.5,0.414578098794425,0.395284707521047,9,9,9,0.583333333333333,0.5,0.414578098794425,0.395284707521047,-0.0833333333333334,0.0192933912733775,FALSE,TRUE,-0.0833333333333334,-0.0833333333333334,0.0192933912733775,FALSE,TRUE,-0.0833333333333334,-0.142857142857143,0.0465374107544076
18,18,"BTP 2005 Health Education","btp05.t1nclb","18:9716::btp05.t1nclb","9716","18:9716",0.6875,0.666666666666667,0.355556541980955,0.288675134594813,12,12,12,0.6875,0.666666666666667,0.355556541980955,0.288675134594813,-0.0208333333333334,0.066881407386142,FALSE,TRUE,-0.0208333333333334,-0.0208333333333334,0.066881407386142,FALSE,TRUE,-0.0208333333333334,-0.0303030303030304,0.188103436414129
18,18,"BTP 2005 Health Education","btp05.t1nclb","18:9717::btp05.t1nclb","9717","18:9717",0.730769230769231,0.666666666666667,0.31393899456374,0.336296354567275,13,15,13,0.730769230769231,0.730769230769231,0.31393899456374,0.31393899456374,-0.0641025641025641,-0.0223573600035341,FALSE,FALSE,-0.0641025641025641,0,0,FALSE,FALSE,0,-0.087719298245614,-0.120161448935055
18,18,"BTP 2005 Health Education","btp05.t1nclb","18:9718::btp05.t1nclb","9718","18:9718",0.75,0.725,0.295803989154981,0.248607231502938,11,10,10,0.775,0.725,0.299304749934466,0.248607231502938,-0.025,0.0471967576520425,FALSE,TRUE,-0.025,-0.05,0.0506975184315279,FALSE,TRUE,-0.05,-0.0333333333333334,0.159554162156057
18,18,"BTP 2005 Health Education","btp05.t1nclb","18:9719::btp05.t1nclb","9719","18:9719",0.660714285714286,0.625,0.31936148521974,0.350137335692945,14,14,14,0.660714285714286,0.625,0.31936148521974,0.350137335692945,-0.0357142857142857,-0.0307758504732046,FALSE,FALSE,-0.0357142857142857,-0.0357142857142857,-0.0307758504732046,FALSE,FALSE,-0.0357142857142857,-0.054054054054054,-0.170372583668784
18,18,"BTP 2005 Health Education","btp05.t1nclb","18:9720::btp05.t1nclb","9720","18:9720",0.6875,0.71875,0.372011904571422,0.311605863689556,8,8,8,0.6875,0.71875,0.372011904571422,0.311605863689556,0.03125,0.0604060408818662,TRUE,TRUE,0.03125,0.03125,0.0604060408818662,TRUE,TRUE,0.03125,0.1,0.162376634025885
18,18,"BTP 2005 Health Education","btp05.t1nclb","18:9721::btp05.t1nclb","9721","18:9721",0.566666666666667,0.583333333333333,0.406055356301271,0.361873432227873,15,15,14,0.607142857142857,0.625,0.388714421007121,0.336126121018241,0.0166666666666666,0.0441819240733983,TRUE,TRUE,0.0166666666666666,0.0178571428571429,0.0525882999888796,TRUE,TRUE,0.0178571428571429,0.0384615384615383,0.108807637647852
18,18,"BTP 2005 Health Education","btp05.t1nclb","18:9722::btp05.t1nclb","9722","18:9722",0.553571428571429,0.5,0.355973359911993,0.339683110243379,14,14,14,0.553571428571429,0.5,0.355973359911993,0.339683110243379,-0.0535714285714286,0.0162902496686138,FALSE,TRUE,-0.0535714285714286,-0.0535714285714286,0.0162902496686138,FALSE,TRUE,-0.0535714285714286,-0.0967741935483871,0.0457625527726043
18,18,"BTP 2005 Health Education","btp05.t1nclb","18:9723::btp05.t1nclb","9723","18:9723",0.710526315789474,0.723684210526316,0.365748451568235,0.371695970837514,19,19,19,0.710526315789474,0.723684210526316,0.365748451568235,0.371695970837514,0.0131578947368421,-0.00594751926927939,TRUE,FALSE,0.0131578947368421,0.0131578947368421,-0.00594751926927939,TRUE,FALSE,0.0131578947368421,0.0454545454545456,-0.0443013085417207
18,18,"BTP 2005 Health Education","btp05.t1nclb","18:9724::btp05.t1nclb","9724","18:9724",0.823529411764706,0.794117647058823,0.28999873224875,0.268608889082468,17,17,17,0.823529411764706,0.794117647058823,0.28999873224875,0.268608889082468,-0.0294117647058824,0.0213898431662822,FALSE,TRUE,-0.0294117647058824,-0.0294117647058824,0.0213898431662822,FALSE,TRUE,-0.0294117647058824,-0.0357142857142857,0.0737584023227203
18,18,"BTP 2005 Health Education","btp05.t1nclb","18:9725::btp05.t1nclb","9725","18:9725",0.805555555555556,0.819444444444444,0.32714850418556,0.28187340133309,18,18,17,0.808823529411765,0.808823529411765,0.33691397924658,0.286811836247678,0.0138888888888888,0.0452751028524709,TRUE,TRUE,0.0138888888888888,0,0.0501021429989019,FALSE,TRUE,0,0.0714285714285712,0.138393122001838
18,18,"BTP 2005 Health Education","btp05.t1nclb","18:9726::btp05.t1nclb","9726","18:9726",0.766666666666667,0.75,0.346753652090494,0.329140294302192,15,16,15,0.766666666666667,0.733333333333333,0.346753652090494,0.333630819633804,-0.0166666666666667,0.0176133577883022,FALSE,TRUE,-0.0166666666666667,-0.0333333333333334,0.0131228324566899,FALSE,TRUE,-0.0333333333333334,-0.0217391304347827,0.0507950173909216
18,18,"BTP 2005 Health Education","btp05.t1nclb","18:9727::btp05.t1nclb","9727","18:9727",0.65625,0.716666666666667,0.38595120589698,0.338940927568437,16,15,15,0.65,0.716666666666667,0.398658464639309,0.338940927568437,0.0604166666666667,0.0470102783285435,TRUE,TRUE,0.0604166666666667,0.0666666666666667,0.0597175370708725,TRUE,TRUE,0.0666666666666667,0.175757575757576,0.121803682979272
18,18,"BTP 2005 Health Education","btp05.t1nclb","18:9728::btp05.t1nclb","9728","18:9728",0.625,0.625,0.363609046176712,0.389155891247078,14,14,14,0.625,0.625,0.363609046176712,0.389155891247078,0,-0.0255468450703659,FALSE,FALSE,0,0,-0.0255468450703659,FALSE,FALSE,0,0,-0.187306007871058
18,18,"BTP 2005 Health Education","btp05.t1nclb","18:9729::btp05.t1nclb","9729","18:9729",0.638888888888889,0.694444444444444,0.385607067437199,0.315710631139306,18,18,18,0.638888888888889,0.694444444444444,0.385607067437199,0.315710631139306,0.0555555555555556,0.0698964362978926,TRUE,TRUE,0.0555555555555556,0.0555555555555556,0.0698964362978926,TRUE,TRUE,0.0555555555555556,0.153846153846154,0.181263369373478
18,18,"BTP 2005 Health Education","btp05.t1nclb","18:9730::btp05.t1nclb","9730","18:9730",0.529411764705882,0.455882352941176,0.403910116675655,0.416789197669658,17,17,17,0.529411764705882,0.455882352941176,0.403910116675655,0.416789197669658,-0.0735294117647059,-0.0128790809940035,FALSE,FALSE,0.0147058823529412,-0.0735294117647059,-0.0128790809940035,FALSE,FALSE,0.0147058823529412,-0.138888888888889,-0.134031601958877
18,18,"BTP 2005 Health Education","btp05.t1costcov","18:9701::btp05.t1costcov","9701","18:9701",0.753571431551661,0.792857148817607,0.137231250922853,0.10257668844959,14,14,14,0.753571431551661,0.792857148817607,0.137231250922853,0.10257668844959,0.0392857172659467,0.0346545624732627,TRUE,TRUE,0.0392857172659467,0.0392857172659467,0.0346545624732627,TRUE,TRUE,0.0392857172659467,0.15942030387675,0.252526754949894
18,18,"BTP 2005 Health Education","btp05.t1costcov","18:9702::btp05.t1costcov","9702","18:9702",0.817261904478073,0.82559523837907,0.13919273826798,0.119044641555984,14,14,14,0.817261904478073,0.82559523837907,0.13919273826798,0.119044641555984,0.00833333390099655,0.0201480967119959,TRUE,TRUE,0.00833333390099655,0.00833333390099655,0.0201480967119959,TRUE,TRUE,0.00833333390099655,0.0456026088987922,0.144749625323168
18,18,"BTP 2005 Health Education","btp05.t1costcov","18:9703::btp05.t1costcov","9703","18:9703",0.771031748680841,0.783333335603986,0.104470190497756,0.127066254119531,21,21,21,0.771031748680841,0.783333335603986,0.104470190497756,0.127066254119531,0.0123015869231451,-0.0225960636217751,TRUE,FALSE,0.0123015869231451,0.0123015869231451,-0.0225960636217751,TRUE,FALSE,0.0123015869231451,0.0537261688128016,-0.0571285983481528
18,18,"BTP 2005 Health Education","btp05.t1costcov","18:9704::btp05.t1costcov","9704","18:9704",0.751923077381574,0.742948715503399,0.175731077065478,0.189719767225243,13,13,13,0.751923077381574,0.742948715503399,0.175731077065478,0.189719767225243,-0.00897436187817513,-0.0139886901597654,FALSE,FALSE,-0.00897436187817513,-0.00897436187817513,-0.0139886901597654,FALSE,FALSE,-0.00897436187817513,-0.0119352127207302,-0.043139163732289
18,18,"BTP 2005 Health Education","btp05.t1costcov","18:9705::btp05.t1costcov","9705","18:9705",0.678124997764826,0.760416666045785,0.235915768898353,0.202518863711012,16,16,16,0.678124997764826,0.760416666045785,0.235915768898353,0.202518863711012,0.0822916682809591,0.0333969051873418,TRUE,TRUE,0.0822916682809591,0.0822916682809591,0.0333969051873418,TRUE,TRUE,0.0822916682809591,0.255663433660604,0.141562835512412
18,18,"BTP 2005 Health Education","btp05.t1costcov","18:9706::btp05.t1costcov","9706","18:9706",0.807692305399821,0.790384608965654,0.206252428868026,0.171858250061899,13,13,13,0.807692305399821,0.790384608965654,0.206252428868026,0.171858250061899,-0.0173076964341677,0.0343941788061272,FALSE,TRUE,-0.0173076964341677,-0.0173076964341677,0.0343941788061272,FALSE,TRUE,-0.0173076964341677,-0.0214285765983621,0.166757691024016
18,18,"BTP 2005 Health Education","btp05.t1costcov","18:9707::btp05.t1costcov","9707","18:9707",0.759210530080293,0.728947364970257,0.15833077403401,0.197248990243942,19,19,19,0.759210530080293,0.728947364970257,0.15833077403401,0.197248990243942,-0.030263165110036,-0.0389182162099311,FALSE,FALSE,-0.030263165110036,-0.030263165110036,-0.0389182162099311,FALSE,FALSE,-0.030263165110036,-0.0398613611257939,-0.113906121044115
18,18,"BTP 2005 Health Education","btp05.t1costcov","18:9708::btp05.t1costcov","9708","18:9708",0.651388885246383,0.659722220566538,0.260157221771144,0.184737271011679,18,18,18,0.651388885246383,0.659722220566538,0.260157221771144,0.184737271011679,0.00833333532015501,0.0754199507594646,TRUE,TRUE,0.00833333532015501,0.00833333532015501,0.0754199507594646,TRUE,TRUE,0.00833333532015501,0.023904387919601,0.28990143055037
18,18,"BTP 2005 Health Education","btp05.t1costcov","18:9709::btp05.t1costcov","9709","18:9709",0.741176473743775,0.749019601765801,0.211752576228977,0.20010592635742,17,17,17,0.741176473743775,0.749019601765801,0.211752576228977,0.20010592635742,0.00784312802202558,0.0116466498715576,TRUE,TRUE,0.00784312802202558,0.00784312802202558,0.0116466498715576,TRUE,TRUE,0.00784312802202558,0.0303029950000032,0.0550012192482777
18,18,"BTP 2005 Health Education","btp05.t1costcov","18:9710::btp05.t1costcov","9710","18:9710",0.716666666666667,0.7,0.24579802049557,0.259807620397916,15,15,15,0.716666666666667,0.7,0.24579802049557,0.259807620397916,-0.0166666666666667,-0.014009599902346,FALSE,FALSE,-0.0166666666666667,-0.0166666666666667,-0.014009599902346,FALSE,FALSE,-0.0166666666666667,-0.0232558139534884,-0.0551120802822143
18,18,"BTP 2005 Health Education","btp05.t1costcov","18:9711::btp05.t1costcov","9711","18:9711",0.79615383881789,0.792307688639714,0.128633097997668,0.106254715368951,13,13,13,0.79615383881789,0.792307688639714,0.128633097997668,0.106254715368951,-0.00384615017817569,0.0223783826287167,FALSE,TRUE,-0.00384615017817569,-0.00384615017817569,0.0223783826287167,FALSE,TRUE,-0.00384615017817569,-0.00483091331178703,0.173970641903707
18,18,"BTP 2005 Health Education","btp05.t1costcov","18:9712::btp05.t1costcov","9712","18:9712",0.749999997370383,0.752941172789125,0.197839898545132,0.196826848706075,17,17,17,0.749999997370383,0.752941172789125,0.197839898545132,0.196826848706075,0.0029411754187415,0.00101304983905662,TRUE,TRUE,0.0029411754187415,0.0029411754187415,0.00101304983905662,TRUE,TRUE,0.0029411754187415,0.0117647015512194,0.0051205537735631
18,18,"BTP 2005 Health Education","btp05.t1costcov","18:9713::btp05.t1costcov","9713","18:9713",0.790909087116068,0.778030297972939,0.173303464057752,0.192508037308463,11,11,11,0.790909087116068,0.778030297972939,0.173303464057752,0.192508037308463,-0.0128787891431288,-0.0192045732507108,FALSE,FALSE,-0.0128787891431288,-0.0128787891431288,-0.0192045732507108,FALSE,FALSE,-0.0128787891431288,-0.0162835265808987,-0.058784134932198
18,18,"BTP 2005 Health Education","btp05.t1costcov","18:9714::btp05.t1costcov","9714","18:9714",0.783333331346512,0.781372550655814,0.162686855121276,0.131647199286534,17,17,17,0.783333331346512,0.781372550655814,0.162686855121276,0.131647199286534,-0.00196078069069805,0.0310396558347423,FALSE,TRUE,-0.00196078069069805,-0.00196078069069805,0.0310396558347423,FALSE,TRUE,-0.00196078069069805,-0.00250312429234635,0.190793877056653
18,18,"BTP 2005 Health Education","btp05.t1costcov","18:9715::btp05.t1costcov","9715","18:9715",0.827777769830492,0.860185192690955,0.131959071610397,0.141223434680941,9,9,9,0.827777769830492,0.860185192690955,0.131959071610397,0.141223434680941,0.0324074228604635,-0.00926436307054387,TRUE,FALSE,0.0324074228604635,0.0324074228604635,-0.00926436307054387,TRUE,FALSE,0.0324074228604635,0.188172124054872,-0.0251721000462664
18,18,"BTP 2005 Health Education","btp05.t1costcov","18:9716::btp05.t1costcov","9716","18:9716",0.731250001738469,0.731250002980232,0.228414744248701,0.180946061215849,12,12,12,0.731250001738469,0.731250002980232,0.228414744248701,0.180946061215849,1.24176346982807e-09,0.0474686830328522,TRUE,TRUE,1.24176346982807e-09,1.24176346982807e-09,0.0474686830328522,TRUE,TRUE,1.24176346982807e-09,4.6205152664584e-09,0.207817946205643
18,18,"BTP 2005 Health Education","btp05.t1costcov","18:9717::btp05.t1costcov","9717","18:9717",0.793333327770233,0.837777781486511,0.07468187125871,0.120673818940743,15,15,15,0.793333327770233,0.837777781486511,0.07468187125871,0.120673818940743,0.0444444537162781,-0.0459919476820332,TRUE,FALSE,0.0444444537162781,0.0444444537162781,-0.0459919476820332,TRUE,FALSE,0.0444444537162781,0.215053802515705,-0.108135404004867
18,18,"BTP 2005 Health Education","btp05.t1costcov","18:9718::btp05.t1costcov","9718","18:9718",0.827272724021565,0.854545457796617,0.141622104219101,0.188022000084956,11,11,11,0.827272724021565,0.854545457796617,0.141622104219101,0.188022000084956,0.0272727337750521,-0.0463998958658549,TRUE,FALSE,0.0272727337750521,0.0272727337750521,-0.0463998958658549,TRUE,FALSE,0.0272727337750521,0.157894771515166,-0.129471980309361
18,18,"BTP 2005 Health Education","btp05.t1costcov","18:9719::btp05.t1costcov","9719","18:9719",0.779761914696012,0.76130953005382,0.123114589673144,0.133957156070326,14,14,14,0.779761914696012,0.76130953005382,0.123114589673144,0.133957156070326,-0.0184523846421923,-0.0108425663971825,FALSE,FALSE,-0.0184523846421923,-0.0184523846421923,-0.0108425663971825,FALSE,FALSE,-0.0184523846421923,-0.0236641265678973,-0.028768867406619
18,18,"BTP 2005 Health Education","btp05.t1costcov","18:9720::btp05.t1costcov","9720","18:9720",0.836458325386047,0.868749998509884,0.187820495603728,0.12659694187854,8,8,8,0.836458325386047,0.868749998509884,0.187820495603728,0.12659694187854,0.0322916731238365,0.0612235537251881,TRUE,TRUE,0.0322916731238365,0.0322916731238365,0.0612235537251881,TRUE,TRUE,0.0322916731238365,0.197452259187528,0.325968438792539
18,18,"BTP 2005 Health Education","btp05.t1costcov","18:9721::btp05.t1costcov","9721","18:9721",0.836979165673256,0.82812499627471,0.139707661588237,0.134125256795747,16,16,16,0.836979165673256,0.82812499627471,0.139707661588237,0.134125256795747,-0.00885416939854622,0.00558240479248995,FALSE,TRUE,-0.00885416939854622,-0.00885416939854622,0.00558240479248995,FALSE,TRUE,-0.00885416939854622,-0.0105787213848077,0.0399577569979165
18,18,"BTP 2005 Health Education","btp05.t1costcov","18:9722::btp05.t1costcov","9722","18:9722",0.780357143708638,0.714285714285714,0.187897929239407,0.2550856367032,14,14,14,0.780357143708638,0.714285714285714,0.187897929239407,0.2550856367032,-0.0660714294229234,-0.067187707463793,FALSE,FALSE,-0.0660714294229234,-0.0660714294229234,-0.067187707463793,FALSE,FALSE,-0.0660714294229234,-0.0846681932184535,-0.215274789110039
18,18,"BTP 2005 Health Education","btp05.t1costcov","18:9723::btp05.t1costcov","9723","18:9723",0.71184210714541,0.706578949564382,0.221793258973608,0.193620851143625,19,19,19,0.71184210714541,0.706578949564382,0.221793258973608,0.193620851143625,-0.00526315758102824,0.0281724078299825,FALSE,TRUE,-0.00526315758102824,-0.00526315758102824,0.0281724078299825,FALSE,TRUE,-0.00526315758102824,-0.00739371488170919,0.127021028323205
18,18,"BTP 2005 Health Education","btp05.t1costcov","18:9724::btp05.t1costcov","9724","18:9724",0.817647059174145,0.827941179275513,0.180875628301073,0.11821667323857,17,17,17,0.817647059174145,0.827941179275513,0.180875628301073,0.11821667323857,0.0102941201013678,0.062658955062502,TRUE,TRUE,0.0102941201013678,0.0102941201013678,0.062658955062502,TRUE,TRUE,0.0102941201013678,0.0564516264708806,0.34642011005598
18,18,"BTP 2005 Health Education","btp05.t1costcov","18:9725::btp05.t1costcov","9725","18:9725",0.767105265667564,0.783333336052142,0.170589790546691,0.182066328282515,19,19,19,0.767105265667564,0.783333336052142,0.170589790546691,0.182066328282515,0.0162280703845776,-0.0114765377358242,TRUE,FALSE,0.0162280703845776,0.0162280703845776,-0.0114765377358242,TRUE,FALSE,0.0162280703845776,0.0696798509897331,-0.0348396540437249
18,18,"BTP 2005 Health Education","btp05.t1costcov","18:9726::btp05.t1costcov","9726","18:9726",0.745312497019768,0.775520835071802,0.17277604784407,0.172976891749493,16,16,16,0.745312497019768,0.775520835071802,0.17277604784407,0.172976891749493,0.0302083380520344,-0.000200843905423298,TRUE,FALSE,0.0302083380520344,0.0302083380520344,-0.000200843905423298,TRUE,FALSE,0.0302083380520344,0.118609424092469,-0.000613781185943231
18,18,"BTP 2005 Health Education","btp05.t1costcov","18:9727::btp05.t1costcov","9727","18:9727",0.719791669398546,0.700000002980232,0.201220237379434,0.195149515024056,16,16,16,0.719791669398546,0.700000002980232,0.201220237379434,0.195149515024056,-0.019791666418314,0.00607072235537762,FALSE,TRUE,-0.019791666418314,-0.019791666418314,0.00607072235537762,FALSE,TRUE,-0.019791666418314,-0.0274963816055996,0.0301695417639841
18,18,"BTP 2005 Health Education","btp05.t1costcov","18:9728::btp05.t1costcov","9728","18:9728",0.771428572280066,0.783333331346512,0.181303277646966,0.163919668161625,14,14,14,0.771428572280066,0.783333331346512,0.181303277646966,0.163919668161625,0.0119047590664455,0.0173836094853413,TRUE,TRUE,0.0119047590664455,0.0119047590664455,0.0173836094853413,TRUE,TRUE,0.0119047590664455,0.0520833211097246,0.0958813856591754
18,18,"BTP 2005 Health Education","btp05.t1costcov","18:9729::btp05.t1costcov","9729","18:9729",0.688157898226851,0.734210525688372,0.219115713660584,0.201936891843527,19,19,19,0.688157898226851,0.734210525688372,0.219115713660584,0.201936891843527,0.0460526274615213,0.0171788218170572,TRUE,TRUE,0.0460526274615213,0.0460526274615213,0.0171788218170572,TRUE,TRUE,0.0460526274615213,0.147679313343721,0.0784006839585574
18,18,"BTP 2005 Health Education","btp05.t1costcov","18:9730::btp05.t1costcov","9730","18:9730",0.757352937670315,0.724509803687825,0.176282067626195,0.219719486405204,17,17,17,0.757352937670315,0.724509803687825,0.176282067626195,0.219719486405204,-0.0328431339824901,-0.0434374187790082,FALSE,FALSE,-0.0328431339824901,-0.0328431339824901,-0.0434374187790082,FALSE,FALSE,-0.0328431339824901,-0.0433656916727866,-0.134182924191082
18,18,"BTP 2005 Health Education","btp05.t1govinv","18:9701::btp05.t1govinv","9701","18:9701",0.625,0.598214285714286,0.321504874948086,0.336764053118095,14,14,14,0.625,0.598214285714286,0.321504874948086,0.336764053118095,-0.0267857142857143,-0.0152591781700092,FALSE,FALSE,-0.0267857142857143,-0.0267857142857143,-0.0152591781700092,FALSE,FALSE,-0.0267857142857143,-0.0428571428571429,-0.0854879267182855
18,18,"BTP 2005 Health Education","btp05.t1govinv","18:9702::btp05.t1govinv","9702","18:9702",0.785714285714286,0.732142857142857,0.22160131510698,0.285284704527534,14,14,14,0.785714285714286,0.732142857142857,0.22160131510698,0.285284704527534,-0.0535714285714285,-0.0636833894205549,FALSE,FALSE,-0.0535714285714285,-0.0535714285714285,-0.0636833894205549,FALSE,FALSE,-0.0535714285714285,-0.0681818181818181,-0.228748887391571
18,18,"BTP 2005 Health Education","btp05.t1govinv","18:9703::btp05.t1govinv","9703","18:9703",0.625,0.601190476190476,0.375,0.350488604529109,21,21,21,0.625,0.601190476190476,0.375,0.350488604529109,-0.0238095238095238,0.0245113954708914,FALSE,TRUE,-0.0238095238095238,-0.0238095238095238,0.0245113954708914,FALSE,TRUE,-0.0238095238095238,-0.0380952380952381,0.0653637212557105
18,18,"BTP 2005 Health Education","btp05.t1govinv","18:9704::btp05.t1govinv","9704","18:9704",0.403846153846154,0.548076923076923,0.361398636354614,0.393761446720063,13,13,13,0.403846153846154,0.548076923076923,0.361398636354614,0.393761446720063,-0.144230769230769,-0.0323628103654492,FALSE,FALSE,-0.048076923076923,-0.144230769230769,-0.0323628103654492,FALSE,FALSE,-0.048076923076923,-0.241935483870968,-0.2334956129887
18,18,"BTP 2005 Health Education","btp05.t1govinv","18:9705::btp05.t1govinv","9705","18:9705",0.5,0.4921875,0.365148371670111,0.372124391165105,16,16,16,0.5,0.4921875,0.365148371670111,0.372124391165105,NA,-0.00697601949499421,NA,FALSE,0.0078125,NA,-0.00697601949499421,NA,FALSE,0.0078125,NA,-0.0517310734871416
18,18,"BTP 2005 Health Education","btp05.t1govinv","18:9706::btp05.t1govinv","9706","18:9706",0.701923076923077,0.721153846153846,0.308467572995515,0.306839764414003,13,13,13,0.701923076923077,0.721153846153846,0.308467572995515,0.306839764414003,0.0192307692307693,0.00162780858151212,TRUE,TRUE,0.0192307692307693,0.0192307692307693,0.00162780858151212,TRUE,TRUE,0.0192307692307693,0.0645161290322582,0.00527708169032014
18,18,"BTP 2005 Health Education","btp05.t1govinv","18:9707::btp05.t1govinv","9707","18:9707",0.506578947368421,0.55921052631579,0.296020141167131,0.292761104533176,19,19,19,0.506578947368421,0.55921052631579,0.296020141167131,0.292761104533176,0.0526315789473685,0.00325903663395477,TRUE,TRUE,0.0526315789473685,0.0526315789473685,0.00325903663395477,TRUE,TRUE,0.0526315789473685,0.106666666666667,0.0110095097620899
18,18,"BTP 2005 Health Education","btp05.t1govinv","18:9708::btp05.t1govinv","9708","18:9708",0.388888888888889,0.368055555555556,0.342699300345823,0.352178676613786,18,18,18,0.388888888888889,0.368055555555556,0.342699300345823,0.352178676613786,0.0208333333333333,-0.00947937626796369,TRUE,FALSE,0.0208333333333333,0.0208333333333333,-0.00947937626796369,TRUE,FALSE,0.0208333333333333,0.0535714285714285,-0.0602627724403256
18,18,"BTP 2005 Health Education","btp05.t1govinv","18:9709::btp05.t1govinv","9709","18:9709",0.639705882352941,0.580882352941177,0.364119102201787,0.374846782424656,17,17,17,0.639705882352941,0.580882352941177,0.364119102201787,0.374846782424656,-0.0588235294117646,-0.0107276802228695,FALSE,FALSE,-0.0588235294117646,-0.0588235294117646,-0.0107276802228695,FALSE,FALSE,-0.0588235294117646,-0.0919540229885056,-0.0789491414665247
18,18,"BTP 2005 Health Education","btp05.t1govinv","18:9710::btp05.t1govinv","9710","18:9710",0.5,0.541666666666667,0.291241186255359,0.35249957784507,15,15,15,0.5,0.541666666666667,0.291241186255359,0.35249957784507,NA,-0.061258391589711,NA,FALSE,0.0416666666666666,NA,-0.061258391589711,NA,FALSE,0.0416666666666666,NA,-0.293440983357204
18,18,"BTP 2005 Health Education","btp05.t1govinv","18:9711::btp05.t1govinv","9711","18:9711",0.528846153846154,0.596153846153846,0.27553851701527,0.35411952929151,13,13,13,0.528846153846154,0.596153846153846,0.27553851701527,0.35411952929151,0.0673076923076923,-0.0785810122762403,TRUE,FALSE,0.0673076923076923,0.0673076923076923,-0.0785810122762403,TRUE,FALSE,0.0673076923076923,0.142857142857143,-0.35008684443908
18,18,"BTP 2005 Health Education","btp05.t1govinv","18:9712::btp05.t1govinv","9712","18:9712",0.63235294117647,0.639705882352941,0.337935448935235,0.32138115313166,17,17,17,0.63235294117647,0.639705882352941,0.337935448935235,0.32138115313166,0.00735294117647056,0.0165542958035754,TRUE,TRUE,0.00735294117647056,0.00735294117647056,0.0165542958035754,TRUE,TRUE,0.00735294117647056,0.0199999999999999,0.0489865619476578
18,18,"BTP 2005 Health Education","btp05.t1govinv","18:9713::btp05.t1govinv","9713","18:9713",0.693181818181818,0.715909090909091,0.363849369432412,0.387664920916364,11,11,11,0.693181818181818,0.715909090909091,0.363849369432412,0.387664920916364,0.0227272727272728,-0.0238155514839525,TRUE,FALSE,0.0227272727272728,0.0227272727272728,-0.0238155514839525,TRUE,FALSE,0.0227272727272728,0.0740740740740744,-0.17492061097822
18,18,"BTP 2005 Health Education","btp05.t1govinv","18:9714::btp05.t1govinv","9714","18:9714",0.610294117647059,0.639705882352941,0.330371337419328,0.382432471932282,17,17,17,0.610294117647059,0.639705882352941,0.330371337419328,0.382432471932282,0.0294117647058822,-0.0520611345129538,TRUE,FALSE,0.0294117647058822,0.0294117647058822,-0.0520611345129538,TRUE,FALSE,0.0294117647058822,0.0754716981132073,-0.306912367997917
18,18,"BTP 2005 Health Education","btp05.t1govinv","18:9715::btp05.t1govinv","9715","18:9715",0.527777777777778,0.5,0.427464261014233,0.428478412525065,9,9,9,0.527777777777778,0.5,0.427464261014233,0.428478412525065,-0.0277777777777778,-0.00101415151083212,FALSE,FALSE,-0.0277777777777778,-0.0277777777777778,-0.00101415151083212,FALSE,FALSE,-0.0277777777777778,-0.0526315789473684,-0.0139814045464005
18,18,"BTP 2005 Health Education","btp05.t1govinv","18:9716::btp05.t1govinv","9716","18:9716",0.552083333333333,0.520833333333333,0.400490939253615,0.412287594533307,12,12,12,0.552083333333333,0.520833333333333,0.400490939253615,0.412287594533307,-0.03125,-0.0117966552796925,FALSE,FALSE,-0.03125,-0.03125,-0.0117966552796925,FALSE,FALSE,-0.03125,-0.0566037735849057,-0.118548554184007
18,18,"BTP 2005 Health Education","btp05.t1govinv","18:9717::btp05.t1govinv","9717","18:9717",0.666666666666667,0.691666666666667,0.248507449347001,0.253839563129004,15,15,15,0.666666666666667,0.691666666666667,0.248507449347001,0.253839563129004,0.025,-0.00533211378200318,TRUE,FALSE,0.025,0.025,-0.00533211378200318,TRUE,FALSE,0.025,0.075,-0.0212018756347191
18,18,"BTP 2005 Health Education","btp05.t1govinv","18:9718::btp05.t1govinv","9718","18:9718",0.75,0.738636363636364,0.335410196624968,0.332859511724473,11,11,11,0.75,0.738636363636364,0.335410196624968,0.332859511724473,-0.0113636363636364,0.00255068490049554,FALSE,TRUE,-0.0113636363636364,-0.0113636363636364,0.00255068490049554,FALSE,TRUE,-0.0113636363636364,-0.0151515151515151,0.00760467310225374
18,18,"BTP 2005 Health Education","btp05.t1govinv","18:9719::btp05.t1govinv","9719","18:9719",0.5,0.455357142857143,0.325221817793995,0.320032836570744,14,14,14,0.5,0.455357142857143,0.325221817793995,0.320032836570744,NA,0.00518898122325151,NA,TRUE,0.0446428571428571,NA,0.00518898122325151,NA,TRUE,0.0446428571428571,NA,0.0159552063832887
18,18,"BTP 2005 Health Education","btp05.t1govinv","18:9720::btp05.t1govinv","9720","18:9720",0.678571428571429,0.671875,0.278174320132093,0.274979707043473,7,8,7,0.678571428571429,0.642857142857143,0.278174320132093,0.28347335475692,-0.0066964285714286,0.00319461308862035,FALSE,TRUE,-0.0066964285714286,-0.0357142857142857,-0.005299034624827,FALSE,FALSE,-0.0357142857142857,-0.00986842105263163,0.0114842128026173
18,18,"BTP 2005 Health Education","btp05.t1govinv","18:9721::btp05.t1govinv","9721","18:9721",0.6171875,0.6171875,0.336862824455297,0.366483145360511,16,16,16,0.6171875,0.6171875,0.336862824455297,0.366483145360511,0,-0.0296203209052142,FALSE,FALSE,0,0,-0.0296203209052142,FALSE,FALSE,0,0,-0.181566959255694
18,18,"BTP 2005 Health Education","btp05.t1govinv","18:9722::btp05.t1govinv","9722","18:9722",0.455357142857143,0.526785714285714,0.334718390738993,0.367484207629584,14,14,14,0.455357142857143,0.526785714285714,0.334718390738993,0.367484207629584,-0.0714285714285715,-0.0327658168905907,FALSE,FALSE,-0.0178571428571428,-0.0714285714285715,-0.0327658168905907,FALSE,FALSE,-0.0178571428571428,-0.131147540983607,-0.198242363667019
18,18,"BTP 2005 Health Education","btp05.t1govinv","18:9723::btp05.t1govinv","9723","18:9723",0.534722222222222,0.506578947368421,0.365832942516206,0.382956527238257,18,19,18,0.534722222222222,0.534722222222222,0.365832942516206,0.373294049929032,-0.0281432748538012,-0.0171235847220516,FALSE,FALSE,-0.0281432748538012,0,-0.00746110741282596,FALSE,FALSE,0,-0.0526315789473685,-0.12762883112436
18,18,"BTP 2005 Health Education","btp05.t1govinv","18:9724::btp05.t1govinv","9724","18:9724",0.764705882352941,0.764705882352941,0.201955058337828,0.220450324536471,17,17,17,0.764705882352941,0.764705882352941,0.201955058337828,0.220450324536471,0,-0.0184952661986433,FALSE,FALSE,0,0,-0.0184952661986433,FALSE,FALSE,0,0,-0.0620552930557947
18,18,"BTP 2005 Health Education","btp05.t1govinv","18:9725::btp05.t1govinv","9725","18:9725",0.677631578947368,0.68421052631579,0.356769332657876,0.400452047198242,19,19,19,0.677631578947368,0.68421052631579,0.356769332657876,0.400452047198242,0.00657894736842102,-0.0436827145403662,TRUE,FALSE,0.00657894736842102,0.00657894736842102,-0.0436827145403662,TRUE,FALSE,0.00657894736842102,0.020408163265306,-0.304981575181973
18,18,"BTP 2005 Health Education","btp05.t1govinv","18:9726::btp05.t1govinv","9726","18:9726",0.515625,0.5625,0.370458612173254,0.408248290463863,16,16,16,0.515625,0.5625,0.370458612173254,0.408248290463863,0.046875,-0.0377896782906091,TRUE,FALSE,0.046875,0.046875,-0.0377896782906091,TRUE,FALSE,0.046875,0.0967741935483871,-0.291718955035055
18,18,"BTP 2005 Health Education","btp05.t1govinv","18:9727::btp05.t1govinv","9727","18:9727",0.390625,0.4296875,0.344223159205381,0.350501872320249,16,16,16,0.390625,0.4296875,0.344223159205381,0.350501872320249,-0.0390625,-0.00627871311486744,FALSE,FALSE,-0.0390625,-0.0390625,-0.00627871311486744,FALSE,FALSE,-0.0390625,-0.0641025641025641,-0.040305818777937
18,18,"BTP 2005 Health Education","btp05.t1govinv","18:9728::btp05.t1govinv","9728","18:9728",0.517857142857143,0.553571428571429,0.369696935578082,0.382031153438829,14,14,14,0.517857142857143,0.553571428571429,0.369696935578082,0.382031153438829,0.0357142857142857,-0.0123342178607476,TRUE,FALSE,0.0357142857142857,0.0357142857142857,-0.0123342178607476,TRUE,FALSE,0.0357142857142857,0.074074074074074,-0.0946579262388618
18,18,"BTP 2005 Health Education","btp05.t1govinv","18:9729::btp05.t1govinv","9729","18:9729",0.493421052631579,0.546052631578947,0.347295313944371,0.3415917761312,19,19,19,0.493421052631579,0.546052631578947,0.347295313944371,0.3415917761312,-0.0526315789473684,0.00570353781317112,FALSE,TRUE,0.0394736842105263,-0.0526315789473684,0.00570353781317112,FALSE,TRUE,0.0394736842105263,-0.103896103896104,0.0164227318485636
18,18,"BTP 2005 Health Education","btp05.t1govinv","18:9730::btp05.t1govinv","9730","18:9730",0.529411764705882,0.463235294117647,0.335204612666564,0.285607582491205,17,17,17,0.529411764705882,0.463235294117647,0.335204612666564,0.285607582491205,-0.0661764705882353,0.0495970301753588,FALSE,TRUE,0.00735294117647056,-0.0661764705882353,0.0495970301753588,FALSE,TRUE,0.00735294117647056,-0.125,0.147960464448304
18,18,"BTP 2005 Health Education","btp05.t1medqual","18:9701::btp05.t1medqual","9701","18:9701",0.721428563552243,0.651282047996154,0.227812761298894,0.22136586177554,14,13,13,0.730769220453042,0.651282047996154,0.234308093499874,0.22136586177554,-0.0701465155560892,0.00644689952335326,FALSE,TRUE,-0.0701465155560892,-0.0794871724568881,0.012942231724334,FALSE,TRUE,-0.0794871724568881,-0.0972327949016804,0.0282991149687828
18,18,"BTP 2005 Health Education","btp05.t1medqual","18:9702::btp05.t1medqual","9702","18:9702",0.697619048612458,0.609523811510631,0.170200623115174,0.190109537085052,14,14,14,0.697619048612458,0.609523811510631,0.170200623115174,0.190109537085052,-0.0880952371018274,-0.0199089139698789,FALSE,FALSE,-0.0880952371018274,-0.0880952371018274,-0.0199089139698789,FALSE,FALSE,-0.0880952371018274,-0.126279861877404,-0.060366742223505
18,18,"BTP 2005 Health Education","btp05.t1medqual","18:9703::btp05.t1medqual","9703","18:9703",0.773015868096125,0.771428560926801,0.188964732378311,0.178352240661301,21,21,21,0.773015868096125,0.771428560926801,0.188964732378311,0.178352240661301,-0.00158730716932387,0.01061249171701,FALSE,TRUE,-0.00158730716932387,-0.00158730716932387,0.01061249171701,FALSE,TRUE,-0.00158730716932387,-0.0020533953245142,0.0561612295767634
18,18,"BTP 2005 Health Education","btp05.t1medqual","18:9704::btp05.t1medqual","9704","18:9704",0.807692303107335,0.789743597690876,0.155250001568077,0.186778048142489,13,13,13,0.807692303107335,0.789743597690876,0.155250001568077,0.186778048142489,-0.0179487054164592,-0.0315280465744126,FALSE,FALSE,-0.0179487054164592,-0.0179487054164592,-0.0315280465744126,FALSE,FALSE,-0.0179487054164592,-0.0222222068322397,-0.0914519121619033
18,18,"BTP 2005 Health Education","btp05.t1medqual","18:9705::btp05.t1medqual","9705","18:9705",0.764583338052034,0.789583325386047,0.25457844742814,0.172870644160519,16,16,16,0.764583338052034,0.789583325386047,0.25457844742814,0.172870644160519,0.024999987334013,0.0817078032676211,TRUE,TRUE,0.024999987334013,0.024999987334013,0.0817078032676211,TRUE,TRUE,0.024999987334013,0.106194638591634,0.320953341074502
18,18,"BTP 2005 Health Education","btp05.t1medqual","18:9706::btp05.t1medqual","9706","18:9706",0.653846153846154,0.584615387595617,0.260177460694327,0.197491389916504,13,13,13,0.653846153846154,0.584615387595617,0.260177460694327,0.197491389916504,-0.0692307662505369,0.0626860707778226,FALSE,TRUE,-0.0692307662505369,-0.0692307662505369,0.0626860707778226,FALSE,TRUE,-0.0692307662505369,-0.105882348383174,0.240935823612601
18,18,"BTP 2005 Health Education","btp05.t1medqual","18:9707::btp05.t1medqual","9707","18:9707",0.677192978168789,0.607017548460709,0.204291184622411,0.167986973775005,19,19,19,0.677192978168789,0.607017548460709,0.204291184622411,0.167986973775005,-0.0701754297080793,0.0363042108474053,FALSE,TRUE,-0.0701754297080793,-0.0701754297080793,0.0363042108474053,FALSE,TRUE,-0.0701754297080793,-0.103626930535875,0.177708161585661
18,18,"BTP 2005 Health Education","btp05.t1medqual","18:9708::btp05.t1medqual","9708","18:9708",0.733333335982429,0.659259257217248,0.222287567779182,0.225949139699665,18,18,18,0.733333335982429,0.659259257217248,0.222287567779182,0.225949139699665,-0.0740740787651802,-0.00366157192048366,FALSE,FALSE,-0.0740740787651802,-0.0740740787651802,-0.00366157192048366,FALSE,FALSE,-0.0740740787651802,-0.101010107042175,-0.0131847605496186
18,18,"BTP 2005 Health Education","btp05.t1medqual","18:9709::btp05.t1medqual","9709","18:9709",0.713725486222435,0.694117644253899,0.192230618559438,0.221182209354216,17,17,17,0.713725486222435,0.694117644253899,0.192230618559438,0.221182209354216,-0.0196078419685364,-0.028951590794778,FALSE,FALSE,-0.0196078419685364,-0.0196078419685364,-0.028951590794778,FALSE,FALSE,-0.0196078419685364,-0.0274725259879896,-0.0940691067424107
18,18,"BTP 2005 Health Education","btp05.t1medqual","18:9710::btp05.t1medqual","9710","18:9710",0.69555556178093,0.621428568448339,0.243606064838461,0.183790641505124,15,14,14,0.721428577389036,0.621428568448339,0.230424039021555,0.183790641505124,-0.0741269933325903,0.0598154233333376,FALSE,TRUE,-0.0741269933325903,-0.100000008940697,0.0466333975164313,FALSE,TRUE,-0.100000008940697,-0.106572353677674,0.245541601655123
18,18,"BTP 2005 Health Education","btp05.t1medqual","18:9711::btp05.t1medqual","9711","18:9711",0.743589729070663,0.771794862472094,0.165207273483869,0.16988348455276,13,13,13,0.743589729070663,0.771794862472094,0.165207273483869,0.16988348455276,0.0282051334014306,-0.00467621106889116,TRUE,FALSE,0.0282051334014306,0.0282051334014306,-0.00467621106889116,TRUE,FALSE,0.0282051334014306,0.110000014036893,-0.0139674810667246
18,18,"BTP 2005 Health Education","btp05.t1medqual","18:9712::btp05.t1medqual","9712","18:9712",0.69803921001799,0.694117642500821,0.21448276287601,0.239642470183741,17,17,17,0.69803921001799,0.694117642500821,0.21448276287601,0.239642470183741,-0.00392156751716843,-0.0251597073077316,FALSE,FALSE,-0.00392156751716843,-0.00392156751716843,-0.0251597073077316,FALSE,FALSE,-0.00392156751716843,-0.0056179759831362,-0.0881197491302621
18,18,"BTP 2005 Health Education","btp05.t1medqual","18:9713::btp05.t1medqual","9713","18:9713",0.803030303933404,0.715151513164694,0.231158700218364,0.235873613215052,11,11,11,0.803030303933404,0.715151513164694,0.231158700218364,0.235873613215052,-0.0878787907687101,-0.00471491299668825,FALSE,FALSE,-0.0878787907687101,-0.0878787907687101,-0.00471491299668825,FALSE,FALSE,-0.0878787907687101,-0.109433965739851,-0.0175379043343336
18,18,"BTP 2005 Health Education","btp05.t1medqual","18:9714::btp05.t1medqual","9714","18:9714",0.649019593701643,0.684313727214056,0.233070567100711,0.257152579312154,17,17,17,0.649019593701643,0.684313727214056,0.233070567100711,0.257152579312154,0.0352941335124127,-0.0240820122114437,TRUE,FALSE,0.0352941335124127,0.0352941335124127,-0.0240820122114437,TRUE,FALSE,0.0352941335124127,0.100558700369189,-0.0902186467407274
18,18,"BTP 2005 Health Education","btp05.t1medqual","18:9715::btp05.t1medqual","9715","18:9715",0.718518508805169,0.655555566151937,0.208240721723538,0.208832735997912,9,9,9,0.718518508805169,0.655555566151937,0.208240721723538,0.208832735997912,-0.062962942653232,-0.000592014274374719,FALSE,FALSE,-0.062962942653232,-0.062962942653232,-0.000592014274374719,FALSE,FALSE,-0.062962942653232,-0.0876288388978784,-0.00202911892938584
18,18,"BTP 2005 Health Education","btp05.t1medqual","18:9716::btp05.t1medqual","9716","18:9716",0.705555565655232,0.551388897001743,0.223757322622395,0.226686539725748,12,12,12,0.705555565655232,0.551388897001743,0.223757322622395,0.226686539725748,-0.154166668653488,-0.00292921710335314,FALSE,FALSE,-0.154166668653488,-0.154166668653488,-0.00292921710335314,FALSE,FALSE,-0.154166668653488,-0.218503936696067,-0.0106037819035076
18,18,"BTP 2005 Health Education","btp05.t1medqual","18:9717::btp05.t1medqual","9717","18:9717",0.735555553436279,0.660000004867713,0.190848836242652,0.263131321597137,15,15,15,0.735555553436279,0.660000004867713,0.190848836242652,0.263131321597137,-0.0755555485685665,-0.0722824853544853,FALSE,FALSE,-0.0755555485685665,-0.0755555485685665,-0.0722824853544853,FALSE,FALSE,-0.0755555485685665,-0.102719024029654,-0.233809520481765
18,18,"BTP 2005 Health Education","btp05.t1medqual","18:9718::btp05.t1medqual","9718","18:9718",0.730303027413108,0.681818181818182,0.160176685624342,0.123255504558001,11,11,11,0.730303027413108,0.681818181818182,0.160176685624342,0.123255504558001,-0.0484848455949264,0.0369211810663411,FALSE,TRUE,-0.0484848455949264,-0.0484848455949264,0.0369211810663411,FALSE,TRUE,-0.0484848455949264,-0.0663900377993368,0.230502840800011
18,18,"BTP 2005 Health Education","btp05.t1medqual","18:9719::btp05.t1medqual","9719","18:9719",0.745238089135715,0.633333327514785,0.162042061648003,0.232047732213318,14,14,14,0.745238089135715,0.633333327514785,0.162042061648003,0.232047732213318,-0.11190476162093,-0.0700056705653155,FALSE,FALSE,-0.11190476162093,-0.11190476162093,-0.0700056705653155,FALSE,FALSE,-0.11190476162093,-0.150159745257668,-0.207143145998251
18,18,"BTP 2005 Health Education","btp05.t1medqual","18:9720::btp05.t1medqual","9720","18:9720",0.787499986588955,0.754166662693024,0.185110431569418,0.246201293083494,8,8,8,0.787499986588955,0.754166662693024,0.185110431569418,0.246201293083494,-0.0333333238959312,-0.061090861514076,FALSE,FALSE,-0.0333333238959312,-0.0333333238959312,-0.061090861514076,FALSE,FALSE,-0.0333333238959312,-0.0423280310648817,-0.194007257269761
18,18,"BTP 2005 Health Education","btp05.t1medqual","18:9721::btp05.t1medqual","9721","18:9721",0.806250000372529,0.695833338424563,0.171364344158062,0.161875577885647,16,16,16,0.806250000372529,0.695833338424563,0.171364344158062,0.161875577885647,-0.110416661947966,0.00948876627241454,FALSE,TRUE,-0.110416661947966,-0.110416661947966,0.00948876627241454,FALSE,TRUE,-0.110416661947966,-0.136950898476834,0.0553718821674032
18,18,"BTP 2005 Health Education","btp05.t1medqual","18:9722::btp05.t1medqual","9722","18:9722",0.714285714285714,0.747619039246014,0.196861823139109,0.152312257392934,14,14,14,0.714285714285714,0.747619039246014,0.196861823139109,0.152312257392934,0.0333333249602998,0.0445495657461744,TRUE,TRUE,0.0333333249602998,0.0333333249602998,0.0445495657461744,TRUE,TRUE,0.0333333249602998,0.116666637361049,0.226298654740662
18,18,"BTP 2005 Health Education","btp05.t1medqual","18:9723::btp05.t1medqual","9723","18:9723",0.744736842418972,0.791228070070869,0.213151874855471,0.215407193734024,19,19,19,0.744736842418972,0.791228070070869,0.213151874855471,0.215407193734024,0.0464912276518973,-0.00225531887855226,TRUE,FALSE,0.0464912276518973,0.0464912276518973,-0.00225531887855226,TRUE,FALSE,0.0464912276518973,0.182130582777656,-0.00786241457013505
18,18,"BTP 2005 Health Education","btp05.t1medqual","18:9724::btp05.t1medqual","9724","18:9724",0.738235293942339,0.722549021244049,0.24136220642128,0.211225026279784,17,17,17,0.738235293942339,0.722549021244049,0.24136220642128,0.211225026279784,-0.0156862726982903,0.030137180141496,FALSE,TRUE,-0.0156862726982903,-0.0156862726982903,0.030137180141496,FALSE,TRUE,-0.0156862726982903,-0.0212483375246422,0.124862879687526
18,18,"BTP 2005 Health Education","btp05.t1medqual","18:9725::btp05.t1medqual","9725","18:9725",0.741228065992656,0.710526317358017,0.175890005711342,0.195647901110649,19,19,19,0.741228065992656,0.710526317358017,0.175890005711342,0.195647901110649,-0.0307017486346395,-0.0197578953993064,FALSE,FALSE,-0.0307017486346395,-0.0307017486346395,-0.0197578953993064,FALSE,FALSE,-0.0307017486346395,-0.0414201108177461,-0.0609604632608449
18,18,"BTP 2005 Health Education","btp05.t1medqual","18:9726::btp05.t1medqual","9726","18:9726",0.729166656732559,0.70833333209157,0.1973434639126,0.228845739032441,16,16,16,0.729166656732559,0.70833333209157,0.1973434639126,0.228845739032441,-0.0208333246409892,-0.0315022751198409,FALSE,FALSE,-0.0208333246409892,-0.0208333246409892,-0.0315022751198409,FALSE,FALSE,-0.0208333246409892,-0.0285714170397541,-0.104085890650463
18,18,"BTP 2005 Health Education","btp05.t1medqual","18:9727::btp05.t1medqual","9727","18:9727",0.768750004470348,0.70833332836628,0.206727136515667,0.170185073120251,16,16,16,0.768750004470348,0.70833332836628,0.206727136515667,0.170185073120251,-0.0604166761040686,0.0365420633954159,FALSE,TRUE,-0.0604166761040686,-0.0604166761040686,0.0365420633954159,FALSE,TRUE,-0.0604166761040686,-0.078590797727142,0.176764715127985
18,18,"BTP 2005 Health Education","btp05.t1medqual","18:9728::btp05.t1medqual","9728","18:9728",0.74285715179784,0.735714286565781,0.187392619416629,0.20732907473386,14,14,14,0.74285715179784,0.735714286565781,0.187392619416629,0.20732907473386,-0.00714286523205876,-0.0199364553172305,FALSE,FALSE,-0.00714286523205876,-0.00714286523205876,-0.0199364553172305,FALSE,FALSE,-0.00714286523205876,-0.00961539538896788,-0.0637747428740364
18,18,"BTP 2005 Health Education","btp05.t1medqual","18:9729::btp05.t1medqual","9729","18:9729",0.724561399535129,0.733333331973929,0.170635011998253,0.204878765089076,19,19,19,0.724561399535129,0.733333331973929,0.170635011998253,0.204878765089076,0.00877193243880037,-0.034243753090823,TRUE,FALSE,0.00877193243880037,0.00877193243880037,-0.034243753090823,TRUE,FALSE,0.00877193243880037,0.0318471427897018,-0.103969014128003
18,18,"BTP 2005 Health Education","btp05.t1medqual","18:9730::btp05.t1medqual","9730","18:9730",0.780392158557387,0.684313728967134,0.226095736062314,0.259839059427553,17,17,17,0.780392158557387,0.684313728967134,0.226095736062314,0.259839059427553,-0.0960784295902531,-0.0337433233652394,FALSE,FALSE,-0.0960784295902531,-0.0960784295902531,-0.0337433233652394,FALSE,FALSE,-0.0960784295902531,-0.123115575338252,-0.123193859343921
18,18,"BTP 2005 Health Education","btp05.t1emplypay","18:9701::btp05.t1emplypay","9701","18:9701",0.553571428571429,0.339285714285714,0.382031153438829,0.361715236184367,14,14,14,0.553571428571429,0.339285714285714,0.382031153438829,0.361715236184367,-0.214285714285714,0.0203159172544625,FALSE,TRUE,0.107142857142857,-0.214285714285714,0.0203159172544625,FALSE,TRUE,0.107142857142857,-0.387096774193548,0.053178692553186
18,18,"BTP 2005 Health Education","btp05.t1emplypay","18:9702::btp05.t1emplypay","9702","18:9702",0.5625,0.538461538461538,0.355556541980955,0.393252381934853,12,13,11,0.522727272727273,0.522727272727273,0.343775825476164,0.394565353499035,-0.0240384615384616,-0.0376958399538985,FALSE,FALSE,-0.0240384615384616,0,-0.0507895280228703,FALSE,FALSE,0,-0.0427350427350428,-0.260972981891144
18,18,"BTP 2005 Health Education","btp05.t1emplypay","18:9703::btp05.t1emplypay","9703","18:9703",0.369047619047619,0.375,0.375990754698899,0.417542938226906,21,20,20,0.3625,0.375,0.38452807713516,0.417542938226906,-0.00595238095238093,-0.041552183528007,FALSE,FALSE,-0.00595238095238093,-0.0125000000000001,-0.0330148610917465,FALSE,FALSE,-0.0125000000000001,-0.00943396226415091,-0.335073271570326
18,18,"BTP 2005 Health Education","btp05.t1emplypay","18:9704::btp05.t1emplypay","9704","18:9704",0.625,0.480769230769231,0.376889180722205,0.388125012903092,12,13,12,0.625,0.5,0.376889180722205,0.398862017608733,-0.144230769230769,-0.0112358321808878,FALSE,FALSE,-0.105769230769231,-0.125,-0.0219728368865282,FALSE,FALSE,-0.125,-0.230769230769231,-0.0912660012076967
18,18,"BTP 2005 Health Education","btp05.t1emplypay","18:9705::btp05.t1emplypay","9705","18:9705",0.484375,0.483333333333333,0.39230887066188,0.394908066456461,16,15,15,0.5,0.483333333333333,0.400891862868637,0.394908066456461,0.00104166666666666,-0.00259919579458112,TRUE,FALSE,0.00104166666666666,NA,0.00598379641217511,NA,TRUE,0.0166666666666667,0.00215053763440859,-0.0241356536100609
18,18,"BTP 2005 Health Education","btp05.t1emplypay","18:9706::btp05.t1emplypay","9706","18:9706",0.519230769230769,0.363636363636364,0.388125012903092,0.376889180722205,13,11,11,0.590909090909091,0.363636363636364,0.375378596764774,0.376889180722205,-0.155594405594406,0.0112358321808879,FALSE,TRUE,0.117132867132867,-0.227272727272727,-0.00151058395743031,FALSE,FALSE,0.0454545454545454,-0.2996632996633,0.0289490030463284
18,18,"BTP 2005 Health Education","btp05.t1emplypay","18:9707::btp05.t1emplypay","9707","18:9707",0.569444444444444,0.539473684210526,0.381613790326451,0.401932466469604,18,19,18,0.569444444444444,0.527777777777778,0.381613790326451,0.410244626527601,-0.0299707602339181,-0.0203186761431531,FALSE,FALSE,-0.0299707602339181,-0.0416666666666666,-0.0286308362011508,FALSE,FALSE,-0.0416666666666666,-0.0526315789473684,-0.171630430598141
18,18,"BTP 2005 Health Education","btp05.t1emplypay","18:9708::btp05.t1emplypay","9708","18:9708",0.338235294117647,0.279411764705882,0.374386753473558,0.317243411835362,17,17,17,0.338235294117647,0.279411764705882,0.374386753473558,0.317243411835362,0.0588235294117647,0.0571433416381957,TRUE,TRUE,0.0588235294117647,0.0588235294117647,0.0571433416381957,TRUE,TRUE,0.0588235294117647,0.173913043478261,0.152631846901687
18,18,"BTP 2005 Health Education","btp05.t1emplypay","18:9709::btp05.t1emplypay","9709","18:9709",0.529411764705882,0.397058823529412,0.373772500798201,0.354202708662045,17,17,17,0.529411764705882,0.397058823529412,0.373772500798201,0.354202708662045,-0.132352941176471,0.0195697921361561,FALSE,TRUE,0.0735294117647059,-0.132352941176471,0.0195697921361561,FALSE,TRUE,0.0735294117647059,-0.25,0.0523574957878504
18,18,"BTP 2005 Health Education","btp05.t1emplypay","18:9710::btp05.t1emplypay","9710","18:9710",0.566666666666667,0.366666666666667,0.333630819633804,0.388066022855954,15,15,15,0.566666666666667,0.366666666666667,0.333630819633804,0.388066022855954,-0.2,-0.0544352032221504,FALSE,FALSE,0.0666666666666667,-0.2,-0.0544352032221504,FALSE,FALSE,0.0666666666666667,-0.352941176470588,-0.327195235934521
18,18,"BTP 2005 Health Education","btp05.t1emplypay","18:9711::btp05.t1emplypay","9711","18:9711",0.461538461538462,0.454545454545455,0.379777262656375,0.350324524872685,13,11,11,0.431818181818182,0.454545454545455,0.404519917477945,0.350324524872685,0.00699300699300698,0.0294527377836897,TRUE,TRUE,0.00699300699300698,-0.0227272727272727,0.0541953926052599,FALSE,TRUE,-0.0227272727272727,0.0151515151515151,0.0775526622570312
18,18,"BTP 2005 Health Education","btp05.t1emplypay","18:9712::btp05.t1emplypay","9712","18:9712",0.573529411764706,0.558823529411765,0.327927987073202,0.33691397924658,17,17,17,0.573529411764706,0.558823529411765,0.327927987073202,0.33691397924658,-0.0147058823529411,-0.00898599217337731,FALSE,FALSE,-0.0147058823529411,-0.0147058823529411,-0.00898599217337731,FALSE,FALSE,-0.0147058823529411,-0.0256410256410256,-0.0522222761304019
18,18,"BTP 2005 Health Education","btp05.t1emplypay","18:9713::btp05.t1emplypay","9713","18:9713",0.431818181818182,0.340909090909091,0.404519917477945,0.407319396676725,11,11,11,0.431818181818182,0.340909090909091,0.404519917477945,0.407319396676725,0.0909090909090909,-0.00279947919877932,TRUE,FALSE,0.0909090909090909,0.0909090909090909,-0.00279947919877932,TRUE,FALSE,0.0909090909090909,0.210526315789474,-0.029320033297339
18,18,"BTP 2005 Health Education","btp05.t1emplypay","18:9714::btp05.t1emplypay","9714","18:9714",0.558823529411765,0.323529411764706,0.446596607031183,0.382882834175002,17,17,17,0.558823529411765,0.323529411764706,0.446596607031183,0.382882834175002,-0.235294117647059,0.0637137728561805,FALSE,TRUE,0.117647058823529,-0.235294117647059,0.0637137728561805,FALSE,TRUE,0.117647058823529,-0.421052631578947,0.142665152070293
18,18,"BTP 2005 Health Education","btp05.t1emplypay","18:9715::btp05.t1emplypay","9715","18:9715",0.5,0.361111111111111,0.395284707521047,0.435012771204606,9,9,9,0.5,0.361111111111111,0.395284707521047,0.435012771204606,NA,-0.0397280636835588,NA,FALSE,0.138888888888889,NA,-0.0397280636835588,NA,FALSE,0.138888888888889,NA,-0.37939123067
18,18,"BTP 2005 Health Education","btp05.t1emplypay","18:9716::btp05.t1emplypay","9716","18:9716",0.395833333333333,0.3125,0.405338429493482,0.339200262649984,12,12,12,0.395833333333333,0.3125,0.405338429493482,0.339200262649984,0.0833333333333334,0.0661381668434979,TRUE,TRUE,0.0833333333333334,0.0833333333333334,0.0661381668434979,TRUE,TRUE,0.0833333333333334,0.210526315789474,0.163167768045446
18,18,"BTP 2005 Health Education","btp05.t1emplypay","18:9717::btp05.t1emplypay","9717","18:9717",0.5,0.416666666666667,0.327326835353989,0.308606699924184,15,15,15,0.5,0.416666666666667,0.327326835353989,0.308606699924184,NA,0.0187201354298047,NA,TRUE,0.0833333333333333,NA,0.0187201354298047,NA,TRUE,0.0833333333333333,NA,0.0571909584179365
18,18,"BTP 2005 Health Education","btp05.t1emplypay","18:9718::btp05.t1emplypay","9718","18:9718",0.590909090909091,0.477272727272727,0.407319396676725,0.361499402740611,11,11,11,0.590909090909091,0.477272727272727,0.407319396676725,0.361499402740611,-0.113636363636364,0.045819993936114,FALSE,TRUE,-0.0681818181818182,-0.113636363636364,0.045819993936114,FALSE,TRUE,-0.0681818181818182,-0.192307692307692,0.112491558982839
18,18,"BTP 2005 Health Education","btp05.t1emplypay","18:9719::btp05.t1emplypay","9719","18:9719",0.357142857142857,0.232142857142857,0.412710152927778,0.346192000339264,14,14,14,0.357142857142857,0.232142857142857,0.412710152927778,0.346192000339264,0.125,0.0665181525885143,TRUE,TRUE,0.125,0.125,0.0665181525885143,TRUE,TRUE,0.125,0.35,0.161174015508541
18,18,"BTP 2005 Health Education","btp05.t1emplypay","18:9720::btp05.t1emplypay","9720","18:9720",0.607142857142857,0.625,0.349319065502886,0.353553390593274,7,8,7,0.607142857142857,0.607142857142857,0.349319065502886,0.377964473009227,0.0178571428571429,-0.00423432509038785,TRUE,FALSE,0.0178571428571429,0,-0.0286454075063413,FALSE,FALSE,0,0.0454545454545456,-0.0281012664576284
18,18,"BTP 2005 Health Education","btp05.t1emplypay","18:9721::btp05.t1emplypay","9721","18:9721",0.546875,0.4375,0.367636029246319,0.35939764421413,16,16,16,0.546875,0.4375,0.367636029246319,0.35939764421413,-0.109375,0.0082383850321881,FALSE,TRUE,0.015625,-0.109375,0.0082383850321881,FALSE,TRUE,0.015625,-0.2,0.0224090795700231
18,18,"BTP 2005 Health Education","btp05.t1emplypay","18:9722::btp05.t1emplypay","9722","18:9722",0.464285714285714,0.410714285714286,0.377964473009227,0.33407655239053,14,14,14,0.464285714285714,0.410714285714286,0.377964473009227,0.33407655239053,0.0535714285714286,0.0438879206186967,TRUE,TRUE,0.0535714285714286,0.0535714285714286,0.0438879206186967,TRUE,TRUE,0.0535714285714286,0.115384615384615,0.116116523516816
18,18,"BTP 2005 Health Education","btp05.t1emplypay","18:9723::btp05.t1emplypay","9723","18:9723",0.485294117647059,0.407894736842105,0.347654959102032,0.355614943870605,17,19,17,0.485294117647059,0.352941176470588,0.347654959102032,0.331412973227557,0.0773993808049535,-0.00795998476857329,TRUE,FALSE,0.0773993808049535,0.132352941176471,0.0162419858744747,TRUE,TRUE,0.132352941176471,0.159489633173844,-0.0522497136871322
18,18,"BTP 2005 Health Education","btp05.t1emplypay","18:9724::btp05.t1emplypay","9724","18:9724",0.661764705882353,0.558823529411765,0.394702978423612,0.419536684226498,17,17,17,0.661764705882353,0.558823529411765,0.394702978423612,0.419536684226498,-0.102941176470588,-0.0248337058028862,FALSE,FALSE,-0.102941176470588,-0.102941176470588,-0.0248337058028862,FALSE,FALSE,-0.102941176470588,-0.155555555555556,-0.23584433283206
18,18,"BTP 2005 Health Education","btp05.t1emplypay","18:9725::btp05.t1emplypay","9725","18:9725",0.513157894736842,0.305555555555556,0.386164222860616,0.278593573301624,19,18,18,0.486111111111111,0.305555555555556,0.378388827233526,0.278593573301624,-0.207602339181287,0.107570649558992,FALSE,TRUE,0.181286549707602,0.180555555555556,0.0997952539319024,TRUE,TRUE,0.180555555555556,-0.404558404558405,0.278561925706462
18,18,"BTP 2005 Health Education","btp05.t1emplypay","18:9726::btp05.t1emplypay","9726","18:9726",0.283333333333333,0.234375,0.311486451589486,0.280902563178053,15,16,15,0.283333333333333,0.216666666666667,0.311486451589486,0.281365716935569,0.0489583333333333,0.0305838884114336,TRUE,TRUE,0.0489583333333333,0.0666666666666667,0.0301207346539176,TRUE,TRUE,0.0666666666666667,0.172794117647059,0.0981868978742633
18,18,"BTP 2005 Health Education","btp05.t1emplypay","18:9727::btp05.t1emplypay","9727","18:9727",0.4,0.34375,0.430945803685667,0.417083125208073,15,16,15,0.4,0.333333333333333,0.430945803685667,0.429562346492112,0.05625,0.013862678477594,TRUE,TRUE,0.05625,0.0666666666666667,0.00138345719355504,TRUE,TRUE,0.0666666666666667,0.140625,0.0321680321725687
18,18,"BTP 2005 Health Education","btp05.t1emplypay","18:9728::btp05.t1emplypay","9728","18:9728",0.482142857142857,0.392857142857143,0.409787535408075,0.400891862868637,14,14,14,0.482142857142857,0.392857142857143,0.409787535408075,0.400891862868637,0.0892857142857142,0.00889567253943835,TRUE,TRUE,0.0892857142857142,0.0892857142857142,0.00889567253943835,TRUE,TRUE,0.0892857142857142,0.185185185185185,0.0217080115201158
18,18,"BTP 2005 Health Education","btp05.t1emplypay","18:9729::btp05.t1emplypay","9729","18:9729",0.460526315789474,0.394736842105263,0.393198757828525,0.384741882031933,19,19,19,0.460526315789474,0.394736842105263,0.393198757828525,0.384741882031933,0.0657894736842105,0.00845687579659177,TRUE,TRUE,0.0657894736842105,0.0657894736842105,0.00845687579659177,TRUE,TRUE,0.0657894736842105,0.142857142857143,0.0215078904198366
18,18,"BTP 2005 Health Education","btp05.t1emplypay","18:9730::btp05.t1emplypay","9730","18:9730",0.558823529411765,0.5625,0.428746462856272,0.413319892254575,17,16,16,0.53125,0.5625,0.426956281914983,0.413319892254575,0.00367647058823528,0.0154265706016973,TRUE,TRUE,0.00367647058823528,0.03125,0.0136363896604084,TRUE,TRUE,0.03125,0.0083333333333333,0.0359806364323726
18,18,"BTP 2005 Health Education","btp05.t1indivpay","18:9701::btp05.t1indivpay","9701","18:9701",0.428571428571429,0.535714285714286,0.385164443259822,0.365022955773686,14,14,14,0.428571428571429,0.535714285714286,0.385164443259822,0.365022955773686,-0.107142857142857,0.0201414874861356,FALSE,TRUE,-0.0357142857142858,-0.107142857142857,0.0201414874861356,FALSE,TRUE,-0.0357142857142858,-0.1875,0.0522932161537786
18,18,"BTP 2005 Health Education","btp05.t1indivpay","18:9702::btp05.t1indivpay","9702","18:9702",0.384615384615385,0.375,0.347841328400738,0.350137335692945,13,14,13,0.384615384615385,0.403846153846154,0.347841328400738,0.346687622640768,0.00961538461538464,-0.00229600729220719,TRUE,FALSE,0.00961538461538464,-0.0192307692307692,0.00115370575996931,FALSE,TRUE,-0.0192307692307692,0.0250000000000001,-0.0150895592612306
18,18,"BTP 2005 Health Education","btp05.t1indivpay","18:9703::btp05.t1indivpay","9703","18:9703",0.4,0.464285714285714,0.383885947974957,0.381491434092188,20,21,20,0.4,0.4625,0.383885947974957,0.391311896062463,-0.0642857142857143,0.00239451388276907,FALSE,TRUE,-0.0642857142857143,-0.0625,-0.00742594808750602,FALSE,FALSE,-0.0625,-0.107142857142857,0.00623756585881928
18,18,"BTP 2005 Health Education","btp05.t1indivpay","18:9704::btp05.t1indivpay","9704","18:9704",0.576923076923077,0.423076923076923,0.38709138919607,0.344368615860597,13,13,13,0.576923076923077,0.423076923076923,0.38709138919607,0.344368615860597,-0.153846153846154,0.0427227733354731,FALSE,TRUE,5.55111512312578e-17,-0.153846153846154,0.0427227733354731,FALSE,TRUE,5.55111512312578e-17,-0.266666666666667,0.110368699815829
18,18,"BTP 2005 Health Education","btp05.t1indivpay","18:9705::btp05.t1indivpay","9705","18:9705",0.359375,0.5,0.288223726758688,0.329140294302192,16,16,16,0.359375,0.5,0.288223726758688,0.329140294302192,-0.140625,-0.040916567543504,FALSE,FALSE,-0.140625,-0.140625,-0.040916567543504,FALSE,FALSE,-0.140625,-0.219512195121951,-0.193206570864909
18,18,"BTP 2005 Health Education","btp05.t1indivpay","18:9706::btp05.t1indivpay","9706","18:9706",0.538461538461538,0.576923076923077,0.336126121018241,0.312660215339928,13,13,13,0.538461538461538,0.576923076923077,0.336126121018241,0.312660215339928,0.0384615384615384,0.0234659056783129,TRUE,TRUE,0.0384615384615384,0.0384615384615384,0.0234659056783129,TRUE,TRUE,0.0384615384615384,0.0833333333333333,0.0698128000502508
18,18,"BTP 2005 Health Education","btp05.t1indivpay","18:9707::btp05.t1indivpay","9707","18:9707",0.43421052631579,0.421052631578947,0.310041498825806,0.400109634098263,19,19,19,0.43421052631579,0.421052631578947,0.310041498825806,0.400109634098263,0.0131578947368421,-0.0900681352724569,TRUE,FALSE,0.0131578947368421,0.0131578947368421,-0.0900681352724569,TRUE,FALSE,0.0131578947368421,0.0303030303030304,-0.474146377844197
18,18,"BTP 2005 Health Education","btp05.t1indivpay","18:9708::btp05.t1indivpay","9708","18:9708",0.486111111111111,0.485294117647059,0.36854465590847,0.369444137303917,18,17,17,0.455882352941176,0.485294117647059,0.356143559950363,0.369444137303917,0.000816993464052285,-0.000899481395446433,TRUE,FALSE,0.000816993464052285,-0.0294117647058824,-0.0133005773535539,FALSE,FALSE,-0.0294117647058824,0.00168067226890756,-0.00684248633376322
18,18,"BTP 2005 Health Education","btp05.t1indivpay","18:9709::btp05.t1indivpay","9709","18:9709",0.338235294117647,0.426470588235294,0.330023394892651,0.35094410481711,17,17,17,0.338235294117647,0.426470588235294,0.330023394892651,0.35094410481711,-0.088235294117647,-0.0209207099244586,FALSE,FALSE,-0.088235294117647,-0.088235294117647,-0.0209207099244586,FALSE,FALSE,-0.088235294117647,-0.133333333333333,-0.12307993744931
18,18,"BTP 2005 Health Education","btp05.t1indivpay","18:9710::btp05.t1indivpay","9710","18:9710",0.392857142857143,0.35,0.320970369383185,0.363514589999985,14,15,14,0.392857142857143,0.375,0.320970369383185,0.363609046176712,0.0428571428571429,-0.0425442206168002,TRUE,FALSE,0.0428571428571429,0.0178571428571428,-0.0426386767935276,TRUE,FALSE,0.0178571428571428,0.109090909090909,-0.237637872961149
18,18,"BTP 2005 Health Education","btp05.t1indivpay","18:9711::btp05.t1indivpay","9711","18:9711",0.596153846153846,0.479166666666667,0.280224269158902,0.344738592225612,13,12,12,0.604166666666667,0.479166666666667,0.291125038220329,0.344738592225612,-0.11698717948718,-0.0645143230667098,FALSE,FALSE,-0.0753205128205128,-0.125,-0.0536135540052835,FALSE,FALSE,-0.0833333333333333,-0.196236559139785,-0.293546165537973
18,18,"BTP 2005 Health Education","btp05.t1indivpay","18:9712::btp05.t1indivpay","9712","18:9712",0.421875,0.529411764705882,0.405367631498454,0.394120390684041,16,17,16,0.421875,0.515625,0.405367631498454,0.402789750779899,-0.107536764705882,0.0112472408144134,FALSE,TRUE,-0.0487132352941176,-0.09375,0.00257788071855514,FALSE,TRUE,-0.0625,-0.186009538950715,0.027745779239545
18,18,"BTP 2005 Health Education","btp05.t1indivpay","18:9713::btp05.t1indivpay","9713","18:9713",0.477272727272727,0.181818181818182,0.410099766132362,0.318019439085669,11,11,11,0.477272727272727,0.181818181818182,0.410099766132362,0.318019439085669,0.295454545454546,0.0920803270466931,TRUE,TRUE,0.295454545454546,0.295454545454546,0.0920803270466931,TRUE,TRUE,0.295454545454546,0.619047619047619,0.224531527816023
18,18,"BTP 2005 Health Education","btp05.t1indivpay","18:9714::btp05.t1indivpay","9714","18:9714",0.28125,0.455882352941176,0.375,0.416789197669658,16,17,16,0.28125,0.453125,0.375,0.430297861951463,-0.174632352941176,-0.0417891976696585,FALSE,FALSE,-0.174632352941176,-0.171875,-0.0552978619514626,FALSE,FALSE,-0.171875,-0.242966751918159,-0.334313581357268
18,18,"BTP 2005 Health Education","btp05.t1indivpay","18:9715::btp05.t1indivpay","9715","18:9715",0.416666666666667,0.444444444444444,0.375,0.370341434054816,9,9,9,0.416666666666667,0.444444444444444,0.375,0.370341434054816,-0.0277777777777777,0.00465856594518377,FALSE,TRUE,-0.0277777777777777,-0.0277777777777777,0.00465856594518377,FALSE,TRUE,-0.0277777777777777,-0.0476190476190476,0.01242284252049
18,18,"BTP 2005 Health Education","btp05.t1indivpay","18:9716::btp05.t1indivpay","9716","18:9716",0.318181818181818,0.4375,0.372339043932225,0.428063822769031,11,12,11,0.318181818181818,0.454545454545455,0.372339043932225,0.444665349141658,-0.119318181818182,-0.0557247788368056,FALSE,FALSE,-0.119318181818182,-0.136363636363636,-0.0723263052094327,FALSE,FALSE,-0.136363636363636,-0.175,-0.436506043454833
18,18,"BTP 2005 Health Education","btp05.t1indivpay","18:9717::btp05.t1indivpay","9717","18:9717",0.383333333333333,0.55,0.281365716935569,0.316227766016838,15,15,15,0.383333333333333,0.55,0.281365716935569,0.316227766016838,-0.166666666666667,-0.034862049081269,FALSE,FALSE,-0.0666666666666666,-0.166666666666667,-0.034862049081269,FALSE,FALSE,-0.0666666666666666,-0.27027027027027,-0.159453716922315
18,18,"BTP 2005 Health Education","btp05.t1indivpay","18:9718::btp05.t1indivpay","9718","18:9718",0.431818181818182,0.295454545454545,0.337099931231621,0.218465724376326,11,11,11,0.431818181818182,0.295454545454545,0.337099931231621,0.218465724376326,0.136363636363636,0.118634206855295,TRUE,TRUE,0.136363636363636,0.136363636363636,0.118634206855295,TRUE,TRUE,0.136363636363636,0.31578947368421,0.351925930159214
18,18,"BTP 2005 Health Education","btp05.t1indivpay","18:9719::btp05.t1indivpay","9719","18:9719",0.517857142857143,0.464285714285714,0.385609977756094,0.414370965082372,14,14,14,0.517857142857143,0.464285714285714,0.385609977756094,0.414370965082372,-0.0535714285714286,-0.028760987326279,FALSE,FALSE,0.0178571428571428,-0.0535714285714286,-0.028760987326279,FALSE,FALSE,0.0178571428571428,-0.103448275862069,-0.251429161058766
18,18,"BTP 2005 Health Education","btp05.t1indivpay","18:9720::btp05.t1indivpay","9720","18:9720",0.3125,0.428571428571429,0.320434972230828,0.374006620771548,8,7,7,0.25,0.428571428571429,0.288675134594813,0.374006620771548,-0.116071428571429,-0.0535716485407199,FALSE,FALSE,-0.116071428571429,-0.178571428571429,-0.0853314861767349,FALSE,FALSE,-0.178571428571429,-0.168831168831169,-0.298341214913994
18,18,"BTP 2005 Health Education","btp05.t1indivpay","18:9721::btp05.t1indivpay","9721","18:9721",0.516666666666667,0.55,0.319970236711092,0.368394198806504,15,15,14,0.553571428571429,0.517857142857143,0.297078263266592,0.359811458564462,0.0333333333333333,-0.0484239620954114,TRUE,FALSE,0.0333333333333333,-0.0357142857142857,-0.0627331952978702,FALSE,FALSE,-0.0357142857142857,0.0689655172413793,-0.268977535773914
18,18,"BTP 2005 Health Education","btp05.t1indivpay","18:9722::btp05.t1indivpay","9722","18:9722",0.230769230769231,0.214285714285714,0.360288346061446,0.323103086329432,13,14,13,0.230769230769231,0.173076923076923,0.360288346061446,0.295532982236744,0.0164835164835165,0.037185259732014,TRUE,TRUE,0.0164835164835164,0.0576923076923077,0.0647553638247022,TRUE,TRUE,0.0576923076923077,0.0714285714285714,0.103209721153934
18,18,"BTP 2005 Health Education","btp05.t1indivpay","18:9723::btp05.t1indivpay","9723","18:9723",0.430555555555556,0.578947368421053,0.361833114314291,0.344123600805843,18,19,18,0.430555555555556,0.569444444444444,0.361833114314291,0.351525619888378,-0.148391812865497,0.0177095135084486,FALSE,TRUE,0.00950292397660824,-0.138888888888889,0.0103074944259133,FALSE,TRUE,0,-0.260590500641849,0.0489438716575454
18,18,"BTP 2005 Health Education","btp05.t1indivpay","18:9724::btp05.t1indivpay","9724","18:9724",0.441176470588235,0.411764705882353,0.400482246063124,0.363803437554499,17,17,17,0.441176470588235,0.411764705882353,0.400482246063124,0.363803437554499,0.0294117647058824,0.0366788085086247,TRUE,TRUE,0.0294117647058824,0.0294117647058824,0.0366788085086247,TRUE,TRUE,0.0294117647058824,0.0666666666666667,0.0915866030746426
18,18,"BTP 2005 Health Education","btp05.t1indivpay","18:9725::btp05.t1indivpay","9725","18:9725",0.342105263157895,0.333333333333333,0.374634324632678,0.342997170285018,19,18,18,0.361111111111111,0.333333333333333,0.375951950761059,0.342997170285018,0.00877192982456138,0.03163715434766,TRUE,TRUE,0.00877192982456138,0.0277777777777777,0.0329547804760413,TRUE,TRUE,0.0277777777777777,0.0256410256410256,0.0844480931603895
18,18,"BTP 2005 Health Education","btp05.t1indivpay","18:9726::btp05.t1indivpay","9726","18:9726",0.214285714285714,0.34375,0.323103086329432,0.340036762718386,14,16,14,0.214285714285714,0.339285714285714,0.323103086329432,0.361715236184367,-0.129464285714286,-0.016933676388954,FALSE,FALSE,-0.129464285714286,-0.125,-0.0386121498549345,FALSE,FALSE,-0.125,-0.164772727272727,-0.0957262398624395
18,18,"BTP 2005 Health Education","btp05.t1indivpay","18:9727::btp05.t1indivpay","9727","18:9727",0.359375,0.46875,0.302334665561196,0.38595120589698,16,16,16,0.359375,0.46875,0.302334665561196,0.38595120589698,-0.109375,-0.0836165403357848,FALSE,FALSE,-0.109375,-0.109375,-0.0836165403357848,FALSE,FALSE,-0.109375,-0.170731707317073,-0.42302076169897
18,18,"BTP 2005 Health Education","btp05.t1indivpay","18:9728::btp05.t1indivpay","9728","18:9728",0.571428571428571,0.482142857142857,0.420948693070548,0.397882444398392,14,14,14,0.571428571428571,0.482142857142857,0.420948693070548,0.397882444398392,-0.0892857142857142,0.0230662486721557,FALSE,TRUE,-0.0535714285714285,-0.0892857142857142,0.0230662486721557,FALSE,TRUE,-0.0535714285714285,-0.15625,0.0547958671730333
18,18,"BTP 2005 Health Education","btp05.t1indivpay","18:9729::btp05.t1indivpay","9729","18:9729",0.421052631578947,0.381578947368421,0.363744335379216,0.385216579167482,19,19,19,0.421052631578947,0.381578947368421,0.363744335379216,0.385216579167482,0.0394736842105263,-0.0214722437882658,TRUE,FALSE,0.0394736842105263,0.0394736842105263,-0.0214722437882658,TRUE,FALSE,0.0394736842105263,0.0937499999999999,-0.157587898074005
18,18,"BTP 2005 Health Education","btp05.t1indivpay","18:9730::btp05.t1indivpay","9730","18:9730",0.46875,0.529411764705882,0.38595120589698,0.422810101999634,16,17,16,0.46875,0.515625,0.38595120589698,0.43271189414359,-0.0606617647058824,-0.036858896102654,FALSE,FALSE,-0.00183823529411764,-0.046875,-0.0467606882466095,FALSE,FALSE,-0.015625,-0.114186851211073,-0.323185320744028
1,1,"UK EU","ukeu.eurelat1g","1:2001::ukeu.eurelat1g","2001","1:2001",0.530555555555556,0.501111111111111,0.267477685367045,0.272223841912901,15,15,15,0.530555555555556,0.501111111111111,0.267477685367045,0.272223841912901,-0.0294444444444445,-0.00474615654585558,FALSE,FALSE,-0.0294444444444445,-0.0294444444444445,-0.00474615654585558,FALSE,FALSE,-0.0294444444444445,-0.055497382198953,-0.0204116174972177
1,1,"UK EU","ukeu.eurelat1g","1:2002::ukeu.eurelat1g","2002","1:2002",0.654166666666667,0.750833333333334,0.262863504926459,0.145746214579753,20,20,20,0.654166666666667,0.750833333333334,0.262863504926459,0.145746214579753,0.0966666666666668,0.117117290346705,TRUE,TRUE,0.0966666666666668,0.0966666666666668,0.117117290346705,TRUE,TRUE,0.0966666666666668,0.279518072289157,0.445544125189502
1,1,"UK EU","ukeu.eurelat1g","1:2003::ukeu.eurelat1g","2003","1:2003",0.580357142857143,0.498717948717949,0.248104074670554,0.279090913309154,14,13,13,0.586538461538461,0.498717948717949,0.257110422252326,0.279090913309154,-0.0816391941391939,-0.0309868386386004,FALSE,FALSE,-0.0790750915750915,-0.0878205128205126,-0.0219804910568287,FALSE,FALSE,-0.0852564102564101,-0.140670611439842,-0.123014449710029
1,1,"UK EU","ukeu.eurelat1g","1:2004::ukeu.eurelat1g","2004","1:2004",0.5234375,0.636904761904762,0.327012554266879,0.256470002196869,16,14,14,0.580357142857143,0.636904761904762,0.305078229123656,0.256470002196869,0.113467261904762,0.0705425520700094,TRUE,TRUE,0.113467261904762,0.0565476190476193,0.0486082269267867,TRUE,TRUE,0.0565476190476193,0.238095238095239,0.215718177022766
1,1,"UK EU","ukeu.eurelat1g","1:2005::ukeu.eurelat1g","2005","1:2005",0.522222222222222,0.554761904761905,0.230847014092329,0.213280098669333,15,14,14,0.514880952380952,0.554761904761905,0.237737253772945,0.213280098669333,0.0325396825396825,0.0175669154229956,TRUE,TRUE,0.0325396825396825,0.0398809523809525,0.024457155103612,TRUE,TRUE,0.0398809523809525,0.0681063122923588,0.0760976506110216
1,1,"UK EU","ukeu.eurelat1g","1:2006::ukeu.eurelat1g","2006","1:2006",0.5234375,0.533333333333333,0.267000117041173,0.288537637499804,16,15,15,0.513888888888889,0.533333333333333,0.273529014353362,0.288537637499804,0.00989583333333344,-0.0215375204586311,TRUE,FALSE,0.00989583333333344,0.0194444444444446,-0.0150086231464419,TRUE,FALSE,0.0194444444444446,0.0207650273224046,-0.0924357565554524
1,1,"UK EU","ukeu.eurelat1g","1:2007::ukeu.eurelat1g","2007","1:2007",0.444444444444444,0.402450980392157,0.295320253771362,0.291960636168466,18,17,17,0.465686274509804,0.402450980392157,0.289888663268337,0.291960636168466,0.0419934640522875,0.00335961760289599,TRUE,TRUE,0.0419934640522875,0.063235294117647,-0.00207197290012906,TRUE,FALSE,0.063235294117647,0.094485294117647,0.0113761841932353
1,1,"UK EU","ukeu.eurelat1g","1:2008::ukeu.eurelat1g","2008","1:2008",0.53030303030303,0.656060606060606,0.330241341195108,0.189630155723176,11,11,11,0.53030303030303,0.656060606060606,0.330241341195108,0.189630155723176,0.125757575757576,0.140611185471932,TRUE,TRUE,0.125757575757576,0.125757575757576,0.140611185471932,TRUE,TRUE,0.125757575757576,0.267741935483871,0.425783110506622
1,1,"UK EU","ukeu.eurelat1g","1:2009::ukeu.eurelat1g","2009","1:2009",0.520833333333333,0.763461538461539,0.22213873966087,0.122735905765601,14,13,13,0.522435897435897,0.763461538461539,0.231125081760512,0.122735905765601,0.242628205128205,0.0994028338952683,TRUE,TRUE,0.242628205128205,0.241025641025641,0.108389175994911,TRUE,TRUE,0.241025641025641,0.506354515050167,0.447480858345656
1,1,"UK EU","ukeu.eurelat1g","1:2010::ukeu.eurelat1g","2010","1:2010",0.565104166666667,0.497777777777778,0.379134232434508,0.308855199715877,16,15,15,0.563888888888889,0.497777777777778,0.392408955504061,0.308855199715877,-0.067326388888889,0.0702790327186309,FALSE,TRUE,-0.0628819444444445,-0.0661111111111112,0.083553755788184,FALSE,TRUE,-0.0616666666666668,-0.119139784946237,0.185367151542484
1,1,"UK EU","ukeu.eurelat1g","1:2011::ukeu.eurelat1g","2011","1:2011",0.586111111111111,0.601282051282051,0.30718361363649,0.214028980650763,15,13,13,0.650641025641026,0.601282051282051,0.276143697882718,0.214028980650763,0.0151709401709402,0.0931546329857273,TRUE,TRUE,0.0151709401709402,-0.0493589743589743,0.0621147172319553,FALSE,TRUE,-0.0493589743589743,0.0366546205472381,0.303253913458949
1,1,"UK EU","ukeu.eurelat1g","1:2012::ukeu.eurelat1g","2012","1:2012",0.731060606060606,0.681818181818182,0.196641626551779,0.205946938346122,11,11,11,0.731060606060606,0.681818181818182,0.196641626551779,0.205946938346122,-0.0492424242424243,-0.00930531179434305,FALSE,FALSE,-0.0492424242424243,-0.0492424242424243,-0.00930531179434305,FALSE,FALSE,-0.0492424242424243,-0.067357512953368,-0.0306743199093904
1,1,"UK EU","ukeu.eurelat1g","1:2013::ukeu.eurelat1g","2013","1:2013",0.573529411764706,0.645098039215686,0.273039655718306,0.257509756144896,17,17,17,0.573529411764706,0.645098039215686,0.273039655718306,0.257509756144896,0.0715686274509806,0.0155298995734101,TRUE,TRUE,0.0715686274509806,0.0715686274509806,0.0155298995734101,TRUE,TRUE,0.0715686274509806,0.167816091954023,0.0568778170063039
1,1,"UK EU","ukeu.eurelat1g","1:2014::ukeu.eurelat1g","2014","1:2014",0.497222222222222,0.480952380952381,0.337204701304728,0.286360685155002,15,14,14,0.49702380952381,0.480952380952381,0.349932947527905,0.286360685155002,0.0162698412698412,0.0508440161497258,TRUE,TRUE,0.0162698412698412,0.0160714285714285,0.0635722623729035,TRUE,TRUE,0.0160714285714285,0.0327214684756583,0.150780863828404
1,1,"UK EU","ukeu.eurelat1g","1:2015::ukeu.eurelat1g","2015","1:2015",0.571428571428571,0.537962962962963,0.283254540864988,0.300316040260528,21,18,18,0.606481481481482,0.537962962962963,0.288753739125771,0.300316040260528,-0.0334656084656084,-0.0170614993955409,FALSE,FALSE,-0.0334656084656084,-0.0685185185185185,-0.0115623011347571,FALSE,FALSE,-0.0685185185185185,-0.0585648148148147,-0.078716755883283
1,1,"UK EU","ukeu.eurelat1g","1:2099::ukeu.eurelat1g","2099","1:2099",0.6875,0.279166666666667,0.184779648550696,0.0946484724300045,4,4,4,0.6875,0.279166666666667,0.184779648550696,0.0946484724300045,-0.408333333333333,0.0901311761206911,FALSE,TRUE,0.0333333333333333,-0.408333333333333,0.0901311761206911,FALSE,TRUE,0.0333333333333333,-0.593939393939394,0.487776531818454
1,1,"UK EU","ukeu.euscope1g","1:2001::ukeu.euscope1g","2001","1:2001",0.391666666666667,0.627777777777778,0.230811198870006,0.160191684120543,15,15,15,0.391666666666667,0.627777777777778,0.230811198870006,0.160191684120543,-0.236111111111111,0.0706195147494636,FALSE,TRUE,0.0194444444444445,-0.236111111111111,0.0706195147494636,FALSE,TRUE,0.0194444444444445,-0.388127853881279,0.305962254410527
1,1,"UK EU","ukeu.euscope1g","1:2002::ukeu.euscope1g","2002","1:2002",0.525,0.7375,0.216885854043574,0.133209920955369,20,20,20,0.525,0.7375,0.216885854043574,0.133209920955369,0.2125,0.0836759330882051,TRUE,TRUE,0.2125,0.2125,0.0836759330882051,TRUE,TRUE,0.2125,0.447368421052632,0.385806319444854
1,1,"UK EU","ukeu.euscope1g","1:2003::ukeu.euscope1g","2003","1:2003",0.410714285714286,0.619047619047619,0.279201176042109,0.237315573274662,14,14,14,0.410714285714286,0.619047619047619,0.279201176042109,0.237315573274662,-0.208333333333333,0.0418856027674472,FALSE,TRUE,0.0297619047619048,-0.208333333333333,0.0418856027674472,FALSE,TRUE,0.0297619047619048,-0.353535353535354,0.150019435309005
1,1,"UK EU","ukeu.euscope1g","1:2004::ukeu.euscope1g","2004","1:2004",0.4609375,0.609375,0.244603207596848,0.278419397871469,16,16,16,0.4609375,0.609375,0.244603207596848,0.278419397871469,-0.1484375,-0.0338161902746206,FALSE,FALSE,0.0703125,-0.1484375,-0.0338161902746206,FALSE,FALSE,0.0703125,-0.27536231884058,-0.132406479957825
1,1,"UK EU","ukeu.euscope1g","1:2005::ukeu.euscope1g","2005","1:2005",0.508333333333333,0.627777777777778,0.269202968214019,0.251713703162518,15,15,15,0.508333333333333,0.627777777777778,0.269202968214019,0.251713703162518,0.119444444444445,0.0174892650515007,TRUE,TRUE,0.119444444444445,0.119444444444445,0.0174892650515007,TRUE,TRUE,0.119444444444445,0.242937853107345,0.0649668358693452
1,1,"UK EU","ukeu.euscope1g","1:2006::ukeu.euscope1g","2006","1:2006",0.5,0.666666666666667,0.176776695296637,0.237658329291194,16,16,16,0.5,0.666666666666667,0.176776695296637,0.237658329291194,NA,-0.0608816339945569,NA,FALSE,0.166666666666667,NA,-0.0608816339945569,NA,FALSE,0.166666666666667,NA,-0.188357810555866
1,1,"UK EU","ukeu.euscope1g","1:2007::ukeu.euscope1g","2007","1:2007",0.493055555555556,0.583333333333333,0.26936820901165,0.208088090948933,18,18,18,0.493055555555556,0.583333333333333,0.26936820901165,0.208088090948933,-0.0902777777777778,0.0612801180627171,FALSE,TRUE,0.076388888888889,-0.0902777777777778,0.0612801180627171,FALSE,TRUE,0.076388888888889,-0.178082191780822,0.227495732653688
1,1,"UK EU","ukeu.euscope1g","1:2008::ukeu.euscope1g","2008","1:2008",0.477272727272727,0.75,0.166002464384774,0.123603308118261,11,11,11,0.477272727272727,0.75,0.166002464384774,0.123603308118261,-0.272727272727273,0.0423991562665132,FALSE,TRUE,0.227272727272727,-0.272727272727273,0.0423991562665132,FALSE,TRUE,0.227272727272727,-0.521739130434783,0.255412812235347
1,1,"UK EU","ukeu.euscope1g","1:2009::ukeu.euscope1g","2009","1:2009",0.473214285714286,0.583333333333333,0.131362785135979,0.242406030784475,14,14,14,0.473214285714286,0.583333333333333,0.131362785135979,0.242406030784475,-0.110119047619048,-0.111043245648496,FALSE,FALSE,0.056547619047619,-0.110119047619048,-0.111043245648496,FALSE,FALSE,0.056547619047619,-0.209039548022599,-0.301226357977603
1,1,"UK EU","ukeu.euscope1g","1:2010::ukeu.euscope1g","2010","1:2010",0.5,0.65625,0.245798020062544,0.259763068683468,16,16,16,0.5,0.65625,0.245798020062544,0.259763068683468,NA,-0.0139650486209238,NA,FALSE,0.15625,NA,-0.0139650486209238,NA,FALSE,0.15625,NA,-0.0549368208082398
1,1,"UK EU","ukeu.euscope1g","1:2011::ukeu.euscope1g","2011","1:2011",0.6,0.588888888888889,0.2275647474582,0.294571700562846,15,15,15,0.6,0.588888888888889,0.2275647474582,0.294571700562846,-0.011111111111111,-0.0670069531046457,FALSE,FALSE,-0.011111111111111,-0.011111111111111,-0.0670069531046457,FALSE,FALSE,-0.011111111111111,-0.0185185185185183,-0.245955515960126
1,1,"UK EU","ukeu.euscope1g","1:2012::ukeu.euscope1g","2012","1:2012",0.568181818181818,0.803030303030303,0.196561348276724,0.145643816250884,11,11,11,0.568181818181818,0.803030303030303,0.196561348276724,0.145643816250884,0.234848484848485,0.0509175320258403,TRUE,TRUE,0.234848484848485,0.234848484848485,0.0509175320258403,TRUE,TRUE,0.234848484848485,0.543859649122807,0.259041426365052
1,1,"UK EU","ukeu.euscope1g","1:2013::ukeu.euscope1g","2013","1:2013",0.492647058823529,0.642156862745098,0.17935751349486,0.109309329024401,17,17,17,0.492647058823529,0.642156862745098,0.17935751349486,0.109309329024401,-0.149509803921569,0.070048184470459,FALSE,TRUE,0.134803921568628,-0.149509803921569,0.070048184470459,FALSE,TRUE,0.134803921568628,-0.294685990338165,0.390550599779956
1,1,"UK EU","ukeu.euscope1g","1:2014::ukeu.euscope1g","2014","1:2014",0.491666666666667,0.6,0.197454033228231,0.231883249222192,15,15,15,0.491666666666667,0.6,0.197454033228231,0.231883249222192,-0.108333333333333,-0.0344292159939614,FALSE,FALSE,0.0916666666666666,-0.108333333333333,-0.0344292159939614,FALSE,FALSE,0.0916666666666666,-0.213114754098361,-0.113798297697796
1,1,"UK EU","ukeu.euscope1g","1:2015::ukeu.euscope1g","2015","1:2015",0.46875,0.579365079365079,0.214119217899011,0.301012401087506,20,21,20,0.46875,0.583333333333333,0.214119217899011,0.308268129663256,-0.110615079365079,-0.0868931831884949,FALSE,FALSE,0.0481150793650794,-0.114583333333333,-0.0941489117642446,FALSE,FALSE,0.0520833333333334,-0.208216619981326,-0.30394901871298
1,1,"UK EU","ukeu.euscope1g","1:2099::ukeu.euscope1g","2099","1:2099",0.625,0.520833333333333,0.144337567297406,0.104858811600983,4,4,4,0.625,0.520833333333333,0.144337567297406,0.104858811600983,-0.104166666666667,0.0394787556964238,FALSE,TRUE,-0.104166666666667,-0.104166666666667,0.0394787556964238,FALSE,TRUE,-0.104166666666667,-0.166666666666666,0.273516842743221
1,1,"UK EU","ukeu.commies1r","1:2001::ukeu.commies1r","2001","1:2001",0.241666666666667,0.5,0.0998510795897475,0.267261241912424,15,15,15,0.241666666666667,0.5,0.0998510795897475,0.267261241912424,-0.258333333333333,-0.167410162322677,FALSE,FALSE,-0.258333333333333,-0.258333333333333,-0.167410162322677,FALSE,FALSE,-0.258333333333333,-0.340659340659341,-0.41836964635826
1,1,"UK EU","ukeu.commies1r","1:2002::ukeu.commies1r","2002","1:2002",0.3,0.6,0.117540586495407,0.24868072957742,20,20,20,0.3,0.6,0.117540586495407,0.24868072957742,-0.3,-0.131140143082013,FALSE,FALSE,-0.1,-0.3,-0.131140143082013,FALSE,FALSE,-0.1,-0.428571428571429,-0.342886430432803
1,1,"UK EU","ukeu.commies1r","1:2003::ukeu.commies1r","2003","1:2003",0.285714285714286,0.596153846153846,0.124311289524712,0.280224269158902,14,13,13,0.269230769230769,0.596153846153846,0.112339629284115,0.280224269158902,-0.31043956043956,-0.155912979634191,FALSE,FALSE,-0.118131868131868,-0.326923076923077,-0.167884639874788,FALSE,FALSE,-0.134615384615385,-0.434615384615385,-0.415005762182588
1,1,"UK EU","ukeu.commies1r","1:2004::ukeu.commies1r","2004","1:2004",0.2421875,0.535714285714286,0.0964878014742451,0.307863963107441,16,14,14,0.241071428571429,0.535714285714286,0.103592741270593,0.307863963107441,-0.293526785714286,-0.211376161633196,FALSE,FALSE,-0.222098214285714,-0.294642857142857,-0.204271221836848,FALSE,FALSE,-0.223214285714286,-0.387334315169367,-0.523840821678913
1,1,"UK EU","ukeu.commies1r","1:2005::ukeu.commies1r","2005","1:2005",0.3,0.535714285714286,0.1137823737291,0.256776295506548,15,14,14,0.294642857142857,0.535714285714286,0.116097841458008,0.256776295506548,-0.235714285714286,-0.142993921777448,FALSE,FALSE,-0.164285714285714,-0.241071428571429,-0.14067845404854,FALSE,FALSE,-0.169642857142857,-0.336734693877551,-0.370241832715189
1,1,"UK EU","ukeu.commies1r","1:2006::ukeu.commies1r","2006","1:2006",0.328125,0.55,0.0898494110535326,0.270581384641083,16,15,15,0.325,0.55,0.0920985497016259,0.270581384641083,-0.221875,-0.18073197358755,FALSE,FALSE,-0.121875,-0.225,-0.178482834939457,FALSE,FALSE,-0.125,-0.330232558139535,-0.440647846079625
1,1,"UK EU","ukeu.commies1r","1:2007::ukeu.commies1r","2007","1:2007",0.1875,0.390625,0.13726584340143,0.315815742693953,18,16,16,0.1953125,0.390625,0.136692705852702,0.315815742693953,-0.203125,-0.178549899292523,FALSE,FALSE,-0.203125,-0.1953125,-0.179123036841251,FALSE,FALSE,-0.1953125,-0.25,-0.492233488477681
1,1,"UK EU","ukeu.commies1r","1:2008::ukeu.commies1r","2008","1:2008",0.238636363636364,0.545454545454545,0.103901176824204,0.218465724376326,11,11,11,0.238636363636364,0.545454545454545,0.103901176824204,0.218465724376326,-0.306818181818182,-0.114564547552122,FALSE,FALSE,-0.215909090909091,-0.306818181818182,-0.114564547552122,FALSE,FALSE,-0.215909090909091,-0.402985074626866,-0.289232234101528
1,1,"UK EU","ukeu.commies1r","1:2009::ukeu.commies1r","2009","1:2009",0.285714285714286,0.520833333333333,0.0764062306877658,0.270906167362708,14,12,12,0.291666666666667,0.520833333333333,0.0814173684098662,0.270906167362708,-0.235119047619048,-0.194499936674942,FALSE,FALSE,-0.193452380952381,-0.229166666666667,-0.189488798952842,FALSE,FALSE,-0.1875,-0.329166666666667,-0.4591661888482
1,1,"UK EU","ukeu.commies1r","1:2010::ukeu.commies1r","2010","1:2010",0.2421875,0.55,0.140451281589026,0.391881906409863,16,15,15,0.233333333333333,0.55,0.140682858467784,0.391881906409863,-0.3078125,-0.251430624820836,FALSE,FALSE,-0.2078125,-0.316666666666667,-0.251199047942078,FALSE,FALSE,-0.216666666666667,-0.406185567010309,-0.699295010512163
1,1,"UK EU","ukeu.commies1r","1:2011::ukeu.commies1r","2011","1:2011",0.291666666666667,0.634615384615385,0.0904683580569682,0.219264504826757,15,13,13,0.288461538461538,0.634615384615385,0.0938834520248513,0.219264504826757,-0.342948717948718,-0.128796146769789,FALSE,FALSE,-0.0737179487179487,-0.346153846153846,-0.125381052801906,FALSE,FALSE,-0.076923076923077,-0.484162895927602,-0.314496203904326
1,1,"UK EU","ukeu.commies1r","1:2012::ukeu.commies1r","2012","1:2012",0.295454545454545,0.477272727272727,0.101129979369486,0.207802353648408,11,11,11,0.295454545454545,0.477272727272727,0.101129979369486,0.207802353648408,-0.181818181818182,-0.106672374278922,FALSE,FALSE,-0.181818181818182,-0.181818181818182,-0.106672374278922,FALSE,FALSE,-0.181818181818182,-0.258064516129032,-0.267436429818164
1,1,"UK EU","ukeu.commies1r","1:2013::ukeu.commies1r","2013","1:2013",0.272058823529412,0.558823529411765,0.101119651025552,0.207842559192685,17,17,17,0.272058823529412,0.558823529411765,0.101119651025552,0.207842559192685,-0.286764705882353,-0.106722908167133,FALSE,FALSE,-0.169117647058824,-0.286764705882353,-0.106722908167133,FALSE,FALSE,-0.169117647058824,-0.393939393939394,-0.267556194336286
1,1,"UK EU","ukeu.commies1r","1:2014::ukeu.commies1r","2014","1:2014",0.266666666666667,0.571428571428571,0.132512353422327,0.284682201839096,15,14,14,0.267857142857143,0.571428571428571,0.137431301519569,0.284682201839096,-0.304761904761905,-0.152169848416769,FALSE,FALSE,-0.161904761904762,-0.303571428571429,-0.147250900319528,FALSE,FALSE,-0.160714285714286,-0.415584415584416,-0.41408153398867
1,1,"UK EU","ukeu.commies1r","1:2015::ukeu.commies1r","2015","1:2015",0.297619047619048,0.544117647058823,0.0836304228080166,0.309173471200421,21,17,17,0.316176470588235,0.544117647058823,0.0780330341058497,0.309173471200421,-0.246498599439776,-0.225543048392405,FALSE,FALSE,-0.158263305322129,-0.227941176470588,-0.231140437094571,FALSE,FALSE,-0.139705882352941,-0.350947158524427,-0.541689548774139
1,1,"UK EU","ukeu.commies1r","1:2099::ukeu.commies1r","2099","1:2099",0.3125,0.5,0.161374306091976,0.204124145231932,4,4,4,0.3125,0.5,0.161374306091976,0.204124145231932,-0.1875,-0.0427498391399558,FALSE,FALSE,-0.1875,-0.1875,-0.0427498391399558,FALSE,FALSE,-0.1875,-0.272727272727273,-0.12624511343657
1,1,"UK EU","ukeu.favref1r","1:2001::ukeu.favref1r","2001","1:2001",0.433333333333333,0.833333333333333,0.0799925591777731,0.243975018237133,15,15,15,0.433333333333333,0.833333333333333,0.0799925591777731,0.243975018237133,-0.4,-0.16398245905936,FALSE,FALSE,0.266666666666667,-0.4,-0.16398245905936,FALSE,FALSE,0.266666666666667,-0.705882352941177,-0.390427509423024
1,1,"UK EU","ukeu.favref1r","1:2002::ukeu.favref1r","2002","1:2002",0.35,0.8,0.125656172487509,0.276253125726541,20,20,20,0.35,0.8,0.125656172487509,0.276253125726541,-0.45,-0.150596953239033,FALSE,FALSE,0.15,-0.45,-0.150596953239033,FALSE,FALSE,0.15,-0.692307692307692,-0.402295809816732
1,1,"UK EU","ukeu.favref1r","1:2003::ukeu.favref1r","2003","1:2003",0.339285714285714,0.75,0.150548447899124,0.228217732293819,14,13,13,0.365384615384615,0.75,0.119259198430379,0.228217732293819,-0.410714285714286,-0.0776692843946955,FALSE,FALSE,0.0892857142857143,-0.384615384615385,-0.108958533863441,FALSE,FALSE,0.115384615384615,-0.621621621621622,-0.222260522031605
1,1,"UK EU","ukeu.favref1r","1:2004::ukeu.favref1r","2004","1:2004",0.3203125,0.642857142857143,0.164372227479786,0.400891862868637,16,14,14,0.303571428571429,0.642857142857143,0.167807451143686,0.400891862868637,-0.322544642857143,-0.23651963538885,FALSE,FALSE,-0.0368303571428572,-0.339285714285714,-0.23308441172495,FALSE,FALSE,-0.0535714285714286,-0.474548440065681,-0.704708176003538
1,1,"UK EU","ukeu.favref1r","1:2005::ukeu.favref1r","2005","1:2005",0.416666666666667,0.821428571428571,0.0904683580569682,0.181568259800641,15,14,14,0.410714285714286,0.821428571428571,0.0907841299003204,0.181568259800641,-0.404761904761905,-0.0910999017436725,FALSE,FALSE,0.238095238095238,-0.410714285714286,-0.0907841299003204,FALSE,FALSE,0.232142857142857,-0.693877551020408,-0.222448993956723
1,1,"UK EU","ukeu.favref1r","1:2006::ukeu.favref1r","2006","1:2006",0.3203125,0.75,0.120491614507677,0.298807152333598,16,15,15,0.316666666666667,0.75,0.123803800234003,0.298807152333598,-0.4296875,-0.178315537825921,FALSE,FALSE,0.0703125,-0.433333333333333,-0.175003352099595,FALSE,FALSE,0.0666666666666667,-0.632183908045977,-0.469859282805039
1,1,"UK EU","ukeu.favref1r","1:2007::ukeu.favref1r","2007","1:2007",0.4375,0.86764705882353,0.0883883476483184,0.251831526316819,18,17,17,0.433823529411765,0.86764705882353,0.0896787567474299,0.251831526316819,-0.430147058823529,-0.163443178668501,FALSE,FALSE,0.305147058823529,-0.433823529411765,-0.162152769569389,FALSE,FALSE,0.301470588235294,-0.764705882352941,-0.397081029496353
1,1,"UK EU","ukeu.favref1r","1:2008::ukeu.favref1r","2008","1:2008",0.386363636363636,0.75,0.117984975931067,0.295803989154981,11,11,11,0.386363636363636,0.75,0.117984975931067,0.295803989154981,-0.363636363636364,-0.177819013223913,FALSE,FALSE,0.136363636363636,-0.363636363636364,-0.177819013223913,FALSE,FALSE,0.136363636363636,-0.592592592592593,-0.465476491814172
1,1,"UK EU","ukeu.favref1r","1:2009::ukeu.favref1r","2009","1:2009",0.366071428571429,0.942307692307692,0.103592741270593,0.14978617237882,14,13,13,0.375,0.942307692307692,0.102062072615966,0.14978617237882,-0.576236263736264,-0.0461934311082264,FALSE,FALSE,0.308379120879121,-0.567307692307692,-0.0477240997628538,FALSE,FALSE,0.317307692307692,-0.90899241603467,-0.116530235234059
1,1,"UK EU","ukeu.favref1r","1:2010::ukeu.favref1r","2010","1:2010",0.390625,0.883333333333333,0.135976407267339,0.129099444873581,16,15,15,0.4,0.883333333333333,0.135290692320542,0.129099444873581,-0.492708333333333,0.00687696239375876,FALSE,TRUE,0.273958333333333,-0.483333333333333,0.00619124744696092,FALSE,TRUE,0.283333333333333,-0.808547008547008,0.0505746734449173
1,1,"UK EU","ukeu.favref1r","1:2011::ukeu.favref1r","2011","1:2011",0.35,0.788461538461538,0.11764049351429,0.200160192256359,15,13,13,0.326923076923077,0.788461538461538,0.108714811577863,0.200160192256359,-0.438461538461538,-0.0825196987420689,FALSE,FALSE,0.138461538461538,-0.461538461538462,-0.0914453806784959,FALSE,FALSE,0.115384615384615,-0.674556213017751,-0.215817044802972
1,1,"UK EU","ukeu.favref1r","1:2012::ukeu.favref1r","2012","1:2012",0.363636363636364,0.795454545454545,0.117984975931067,0.312613615709989,11,11,11,0.363636363636364,0.795454545454545,0.117984975931067,0.312613615709989,-0.431818181818182,-0.194628639778922,FALSE,FALSE,0.159090909090909,-0.431818181818182,-0.194628639778922,FALSE,FALSE,0.159090909090909,-0.678571428571428,-0.509479019191146
1,1,"UK EU","ukeu.favref1r","1:2013::ukeu.favref1r","2013","1:2013",0.389705882352941,0.86764705882353,0.107186615714068,0.218618658048802,17,17,17,0.389705882352941,0.86764705882353,0.107186615714068,0.218618658048802,-0.477941176470588,-0.111432042334734,FALSE,FALSE,0.257352941176471,-0.477941176470588,-0.111432042334734,FALSE,FALSE,0.257352941176471,-0.783132530120482,-0.283676796138956
1,1,"UK EU","ukeu.favref1r","1:2014::ukeu.favref1r","2014","1:2014",0.341666666666667,0.785714285714286,0.120143763090407,0.274862603039138,15,14,14,0.348214285714286,0.785714285714286,0.121870156990279,0.274862603039138,-0.444047619047619,-0.154718839948731,FALSE,FALSE,0.127380952380952,-0.4375,-0.152992446048859,FALSE,FALSE,0.133928571428571,-0.674502712477396,-0.407308936684787
1,1,"UK EU","ukeu.favref1r","1:2015::ukeu.favref1r","2015","1:2015",0.351190476190476,0.805555555555556,0.134739607780199,0.291491544065069,21,18,18,0.347222222222222,0.805555555555556,0.125407831426138,0.291491544065069,-0.454365079365079,-0.15675193628487,FALSE,FALSE,0.156746031746032,-0.458333333333333,-0.166083712638931,FALSE,FALSE,0.152777777777778,-0.700305810397554,-0.429151201783033
1,1,"UK EU","ukeu.favref1r","1:2099::ukeu.favref1r","2099","1:2099",0.375,0.75,0.102062072615966,0.288675134594813,4,4,4,0.375,0.75,0.102062072615966,0.288675134594813,-0.375,-0.186613061978847,FALSE,FALSE,0.125,-0.375,-0.186613061978847,FALSE,FALSE,0.125,-0.6,-0.468950178249167
2,2,"UK Health","ukhealth.t1payhlt","2:2201::ukhealth.t1payhlt","2201","2:2201",0.142857142857143,0.0384615384615385,0.234403615469248,0.138675049056307,14,13,12,0.166666666666667,0.0416666666666667,0.246182981958665,0.144337567297406,0.104395604395604,0.0957285664129404,TRUE,TRUE,0.104395604395604,0.125,0.101845414661259,TRUE,TRUE,0.125,0.730769230769231,0.408392021690038
2,2,"UK Health","ukhealth.t1payhlt","2:2202::ukhealth.t1payhlt","2202","2:2202",0.153846153846154,0.153846153846154,0.240192230707631,0.240192230707631,13,13,12,0.125,0.166666666666667,0.226133508433323,0.246182981958665,0,0,FALSE,FALSE,0,-0.0416666666666667,-0.0200494735253427,FALSE,FALSE,-0.0416666666666667,0,0
2,2,"UK Health","ukhealth.t1payhlt","2:2203::ukhealth.t1payhlt","2203","2:2203",0.25,0.1,0.325221817793995,0.207019667802706,14,15,13,0.230769230769231,0.0769230769230769,0.330112645886762,0.187766904049703,0.15,0.118202149991289,TRUE,TRUE,0.15,0.153846153846154,0.14234574183706,TRUE,TRUE,0.153846153846154,0.6,0.363450861916533
2,2,"UK Health","ukhealth.t1payhlt","2:2204::ukhealth.t1payhlt","2204","2:2204",0.307692307692308,0.214285714285714,0.253184841770917,0.256776295506548,13,14,12,0.291666666666667,0.208333333333333,0.257464325272219,0.257464325272219,0.0934065934065934,-0.00359145373563108,TRUE,FALSE,0.0934065934065934,0.0833333333333334,0,TRUE,FALSE,0.0833333333333334,0.303571428571429,-0.0145511878662559
2,2,"UK Health","ukhealth.t1payhlt","2:2205::ukhealth.t1payhlt","2205","2:2205",0.192307692307692,0.107142857142857,0.253184841770917,0.21290765681316,13,14,12,0.208333333333333,0.125,0.257464325272219,0.226133508433323,0.0851648351648352,0.0402771849577567,TRUE,TRUE,0.0851648351648351,0.0833333333333333,0.0313308168388959,TRUE,TRUE,0.0833333333333333,0.442857142857143,0.159082134127918
2,2,"UK Health","ukhealth.t1payhlt","2:2206::ukhealth.t1payhlt","2206","2:2206",0.178571428571429,0.2,0.248622579049423,0.253546276418555,14,15,13,0.192307692307692,0.230769230769231,0.253184841770917,0.259437260831385,-0.0214285714285715,-0.00492369736913154,FALSE,FALSE,-0.0214285714285715,-0.0384615384615385,-0.00625241906046875,FALSE,FALSE,-0.0384615384615385,-0.0260869565217392,-0.0195868720051018
2,2,"UK Health","ukhealth.t1payhlt","2:2207::ukhealth.t1payhlt","2207","2:2207",0.192307692307692,0.0769230769230769,0.325221817793995,0.187766904049703,13,13,12,0.208333333333333,0.0416666666666667,0.334278961710761,0.144337567297406,0.115384615384615,0.137454913744293,TRUE,TRUE,0.115384615384615,0.166666666666667,0.189941394413354,TRUE,TRUE,0.166666666666667,0.6,0.422649730810374
2,2,"UK Health","ukhealth.t1payhlt","2:2208::ukhealth.t1payhlt","2208","2:2208",0.1,0.03125,0.280305955290694,0.125,15,16,14,0.107142857142857,0.0357142857142857,0.28946711176092,0.133630620956212,0.06875,0.155305955290694,TRUE,TRUE,0.06875,0.0714285714285715,0.155836490804708,TRUE,TRUE,0.0714285714285715,0.6875,0.554058707492078
2,2,"UK Health","ukhealth.t1payhlt","2:2209::ukhealth.t1payhlt","2209","2:2209",0.2,0.0625,0.253546276418555,0.170782512765993,15,16,15,0.2,0.0666666666666667,0.253546276418555,0.175932887637249,0.1375,0.0827637636525617,TRUE,TRUE,0.1375,0.133333333333333,0.0776133887813058,TRUE,TRUE,0.133333333333333,0.6875,0.326424685945437
2,2,"UK Health","ukhealth.t1payhlt","2:2210::ukhealth.t1payhlt","2210","2:2210",0.15,0.125,0.241522945769824,0.226133508433323,10,12,10,0.15,0.1,0.241522945769824,0.210818510677892,0.025,0.0153894373365012,TRUE,TRUE,0.025,0.05,0.030704435091932,TRUE,TRUE,0.05,0.166666666666667,0.0637183241014611
2,2,"UK Health","ukhealth.t1payhlt","2:2211::ukhealth.t1payhlt","2211","2:2211",0.1,0.0625,0.207019667802706,0.170782512765993,15,16,15,0.1,0.0666666666666667,0.207019667802706,0.175932887637249,0.0375,0.036237155036713,TRUE,TRUE,0.0375,0.0333333333333333,0.031086780165457,TRUE,TRUE,0.0333333333333334,0.375,0.175042088615695
2,2,"UK Health","ukhealth.t1payhlt","2:2212::ukhealth.t1payhlt","2212","2:2212",0.291666666666667,0.1875,0.257464325272219,0.25,12,16,12,0.291666666666667,0.208333333333333,0.257464325272219,0.257464325272219,0.104166666666667,0.00746432527221863,TRUE,TRUE,0.104166666666667,0.0833333333333333,0,TRUE,FALSE,0.0833333333333333,0.357142857142857,0.0289916875447756
2,2,"UK Health","ukhealth.t1payhlt","2:2213::ukhealth.t1payhlt","2213","2:2213",0.192307692307692,0.125,0.325221817793995,0.226133508433323,13,12,11,0.181818181818182,0.136363636363636,0.337099931231621,0.233549683248457,0.0673076923076923,0.0990883093606727,TRUE,TRUE,0.0673076923076923,0.0454545454545455,0.103550247983164,TRUE,TRUE,0.0454545454545455,0.35,0.304679157237348
2,2,"UK Health","ukhealth.t1payhlt","2:2214::ukhealth.t1payhlt","2214","2:2214",0.205882352941176,0.0588235294117647,0.253649828097946,0.166052791038768,17,17,17,0.205882352941176,0.0588235294117647,0.253649828097946,0.166052791038768,0.147058823529412,0.0875970370591783,TRUE,TRUE,0.147058823529412,0.147058823529412,0.0875970370591783,TRUE,TRUE,0.147058823529412,0.714285714285714,0.345346329292023
2,2,"UK Health","ukhealth.t1payhlt","2:2215::ukhealth.t1payhlt","2215","2:2215",0.0769230769230769,0.133333333333333,0.187766904049703,0.296808419852332,13,15,13,0.0769230769230769,0.0769230769230769,0.187766904049703,0.187766904049703,-0.0564102564102564,-0.109041515802629,FALSE,FALSE,-0.0564102564102564,0,-2.77555756156289e-17,FALSE,FALSE,0,-0.0611111111111111,-0.349231126414565
2,2,"UK Health","ukhealth.t1poora","2:2201::ukhealth.t1poora","2201","2:2201",0.696428571428571,0.660714285714286,0.297078263266592,0.348170256444354,14,14,13,0.75,0.692307692307692,0.228217732293819,0.340860524901165,-0.0357142857142857,-0.0510919931777624,FALSE,FALSE,-0.0357142857142857,-0.0576923076923077,-0.112642792607345,FALSE,FALSE,-0.0576923076923077,-0.0512820512820513,-0.251781765720276
2,2,"UK Health","ukhealth.t1poora","2:2202::ukhealth.t1poora","2202","2:2202",0.589285714285714,0.520833333333333,0.33407655239053,0.344738592225612,14,12,12,0.541666666666667,0.520833333333333,0.334278961710761,0.344738592225612,-0.068452380952381,-0.0106620398350818,FALSE,FALSE,-0.068452380952381,-0.0208333333333334,-0.0104596305148514,FALSE,FALSE,-0.0208333333333334,-0.116161616161616,-0.0642587891506257
2,2,"UK Health","ukhealth.t1poora","2:2203::ukhealth.t1poora","2203","2:2203",0.65,0.5625,0.2275647474582,0.281365716935569,15,16,15,0.65,0.583333333333333,0.2275647474582,0.278174320132093,-0.0875,-0.053800969477369,FALSE,FALSE,-0.0875,-0.0666666666666667,-0.0506095726738935,FALSE,FALSE,-0.0666666666666667,-0.134615384615385,-0.197481673077952
2,2,"UK Health","ukhealth.t1poora","2:2204::ukhealth.t1poora","2204","2:2204",0.730769230769231,0.75,0.360288346061446,0.325221817793995,13,14,13,0.730769230769231,0.730769230769231,0.360288346061446,0.330112645886762,0.0192307692307693,0.0350665282674506,TRUE,TRUE,0.0192307692307693,0,0.0301757001746837,FALSE,TRUE,0,0.0714285714285716,0.0973290661515599
2,2,"UK Health","ukhealth.t1poora","2:2205::ukhealth.t1poora","2205","2:2205",0.696428571428571,0.589285714285714,0.262725570271957,0.252052018004657,14,14,13,0.673076923076923,0.557692307692308,0.257888367819121,0.231702173999075,-0.107142857142857,0.0106735522673008,FALSE,TRUE,-0.107142857142857,-0.115384615384615,0.0261861938200465,FALSE,TRUE,-0.115384615384615,-0.153846153846154,0.0406262407433435
2,2,"UK Health","ukhealth.t1poora","2:2206::ukhealth.t1poora","2206","2:2206",0.53125,0.571428571428571,0.39660013447636,0.267261241912424,16,14,14,0.482142857142857,0.571428571428571,0.397882444398392,0.267261241912424,0.0401785714285714,0.129338892563935,TRUE,TRUE,0.0401785714285714,-0.0892857142857143,0.130621202485968,FALSE,TRUE,0.0535714285714285,0.0857142857142856,0.326119134414073
2,2,"UK Health","ukhealth.t1poora","2:2207::ukhealth.t1poora","2207","2:2207",0.571428571428571,0.375,0.316661846888325,0.271778653252304,14,12,12,0.604166666666667,0.375,0.327843042637877,0.271778653252304,-0.196428571428571,0.0448831936360209,FALSE,TRUE,0.0535714285714286,-0.229166666666667,0.0560643893855722,FALSE,TRUE,0.0208333333333334,-0.34375,0.141738558266697
2,2,"UK Health","ukhealth.t1poora","2:2208::ukhealth.t1poora","2208","2:2208",0.5,0.375,0.233853586673371,0.273861278752583,17,16,16,0.484375,0.375,0.232177195262584,0.273861278752583,NA,-0.0400076920792117,NA,FALSE,0.125,0.109375,-0.0416840834899992,TRUE,FALSE,0.109375,NA,-0.150322116233489
2,2,"UK Health","ukhealth.t1poora","2:2209::ukhealth.t1poora","2209","2:2209",0.640625,0.40625,0.315815742693953,0.314576434802948,16,16,16,0.640625,0.40625,0.315815742693953,0.314576434802948,-0.234375,0.00123930789100546,FALSE,TRUE,-0.046875,-0.234375,0.00123930789100546,FALSE,TRUE,-0.046875,-0.365853658536585,0.00392414855711114
2,2,"UK Health","ukhealth.t1poora","2:2210::ukhealth.t1poora","2210","2:2210",0.403846153846154,0.538461538461538,0.260976961356696,0.351279711764622,13,13,13,0.403846153846154,0.538461538461538,0.260976961356696,0.351279711764622,-0.134615384615385,-0.090302750407926,FALSE,FALSE,-0.0576923076923077,-0.134615384615385,-0.090302750407926,FALSE,FALSE,-0.0576923076923077,-0.225806451612903,-0.377799357419623
2,2,"UK Health","ukhealth.t1poora","2:2211::ukhealth.t1poora","2211","2:2211",0.578125,0.53125,0.25361962989222,0.38595120589698,16,16,16,0.578125,0.53125,0.25361962989222,0.38595120589698,-0.046875,-0.13233157600476,FALSE,FALSE,-0.046875,-0.046875,-0.13233157600476,FALSE,FALSE,-0.046875,-0.0810810810810811,-0.537102756793779
2,2,"UK Health","ukhealth.t1poora","2:2212::ukhealth.t1poora","2212","2:2212",0.720588235294118,0.65625,0.277859465113106,0.286865241300975,17,16,16,0.703125,0.65625,0.277169472826043,0.286865241300975,-0.0643382352941176,-0.00900577618786946,FALSE,FALSE,-0.0643382352941176,-0.046875,-0.00969576847493192,FALSE,FALSE,-0.046875,-0.0892857142857143,-0.0405408953951374
2,2,"UK Health","ukhealth.t1poora","2:2213::ukhealth.t1poora","2213","2:2213",0.75,0.767857142857143,0.277350098112615,0.249312240787719,14,14,14,0.75,0.767857142857143,0.277350098112615,0.249312240787719,0.0178571428571429,0.0280378573248959,TRUE,TRUE,0.0178571428571429,0.0178571428571429,0.0280378573248959,TRUE,TRUE,0.0178571428571429,0.0714285714285716,0.101091932239056
2,2,"UK Health","ukhealth.t1poora","2:2214::ukhealth.t1poora","2214","2:2214",0.676470588235294,0.558823529411765,0.246296091535945,0.380474742146919,17,17,17,0.676470588235294,0.558823529411765,0.246296091535945,0.380474742146919,-0.117647058823529,-0.134178650610975,FALSE,FALSE,-0.117647058823529,-0.117647058823529,-0.134178650610975,FALSE,FALSE,-0.117647058823529,-0.173913043478261,-0.52887892592315
2,2,"UK Health","ukhealth.t1poora","2:2215::ukhealth.t1poora","2215","2:2215",0.5,0.375,0.322748612183951,0.363609046176712,13,14,13,0.5,0.365384615384615,0.322748612183951,0.376599154376272,NA,-0.0408604339927608,NA,FALSE,0.125,NA,-0.0538505421923204,NA,FALSE,0.134615384615385,NA,-0.230522505331049
2,2,"UK Health","ukhealth.t1option","2:2201::ukhealth.t1option","2201","2:2201",0.928571428571429,0.964285714285714,0.181568259800641,0.133630620956212,14,14,13,0.923076923076923,0.961538461538462,0.187766904049703,0.138675049056307,0.0357142857142857,0.0479376388444286,TRUE,TRUE,0.0357142857142857,0.0384615384615384,0.0490918549933954,TRUE,TRUE,0.0384615384615384,0.5,0.264019927806013
2,2,"UK Health","ukhealth.t1option","2:2202::ukhealth.t1option","2202","2:2202",0.875,0.923076923076923,0.226133508433323,0.187766904049703,12,13,12,0.875,0.916666666666667,0.226133508433323,0.194624736040381,0.0480769230769231,0.03836660438362,TRUE,TRUE,0.0480769230769231,0.0416666666666666,0.031508772392942,TRUE,TRUE,0.0416666666666666,0.384615384615385,0.169663508293963
2,2,"UK Health","ukhealth.t1option","2:2203::ukhealth.t1option","2203","2:2203",0.8125,0.96875,0.25,0.125,16,16,16,0.8125,0.96875,0.25,0.125,0.15625,0.125,TRUE,TRUE,0.15625,0.15625,0.125,TRUE,TRUE,0.15625,0.833333333333333,0.5
2,2,"UK Health","ukhealth.t1option","2:2204::ukhealth.t1option","2204","2:2204",0.833333333333333,0.766666666666667,0.243975018237133,0.258198889747161,15,15,15,0.833333333333333,0.766666666666667,0.243975018237133,0.258198889747161,-0.0666666666666667,-0.0142238715100278,FALSE,FALSE,-0.0666666666666667,-0.0666666666666667,-0.0142238715100278,FALSE,FALSE,-0.0666666666666667,-0.08,-0.0555565765968966
2,2,"UK Health","ukhealth.t1option","2:2205::ukhealth.t1option","2205","2:2205",0.807692307692308,0.75,0.253184841770917,0.259437260831385,13,14,12,0.791666666666667,0.75,0.257464325272219,0.261116483933547,-0.0576923076923077,-0.00625241906046875,FALSE,FALSE,-0.0576923076923077,-0.0416666666666666,-0.00365215866132812,FALSE,FALSE,-0.0416666666666666,-0.0714285714285715,-0.0253323949198676
2,2,"UK Health","ukhealth.t1option","2:2206::ukhealth.t1option","2206","2:2206",0.875,0.90625,0.223606797749979,0.201556443707464,16,16,16,0.875,0.90625,0.223606797749979,0.201556443707464,0.03125,0.0220503540425152,TRUE,TRUE,0.03125,0.03125,0.0220503540425152,TRUE,TRUE,0.03125,0.25,0.0986121811340026
2,2,"UK Health","ukhealth.t1option","2:2207::ukhealth.t1option","2207","2:2207",0.923076923076923,0.884615384615385,0.187766904049703,0.219264504826757,13,13,12,0.958333333333333,0.916666666666667,0.144337567297406,0.194624736040381,-0.0384615384615385,-0.0314976007770546,FALSE,FALSE,-0.0384615384615385,-0.0416666666666667,-0.0502871687429743,FALSE,FALSE,-0.0416666666666667,-0.0416666666666668,-0.100878482087845
2,2,"UK Health","ukhealth.t1option","2:2208::ukhealth.t1option","2208","2:2208",0.88235294117647,0.90625,0.281147857269194,0.201556443707464,17,16,16,0.875,0.90625,0.288675134594813,0.201556443707464,0.0238970588235294,0.0795914135617298,TRUE,TRUE,0.0238970588235294,0.03125,0.0871186908873491,TRUE,TRUE,0.03125,0.203125,0.283094505271376
2,2,"UK Health","ukhealth.t1option","2:2209::ukhealth.t1option","2209","2:2209",0.866666666666667,0.8125,0.228868854108532,0.25,15,16,15,0.866666666666667,0.8,0.228868854108532,0.253546276418555,-0.0541666666666667,-0.0211311458914683,FALSE,FALSE,-0.0541666666666667,-0.0666666666666667,-0.0246774223100233,FALSE,FALSE,-0.0666666666666667,-0.0625,-0.0779369917904117
2,2,"UK Health","ukhealth.t1option","2:2210::ukhealth.t1option","2210","2:2210",0.863636363636364,0.961538461538462,0.233549683248457,0.138675049056307,11,13,11,0.863636363636364,1,0.233549683248457,0,0.0979020979020979,0.0948746341921496,TRUE,TRUE,0.0979020979020979,0.136363636363636,0.233549683248457,TRUE,TRUE,0.136363636363636,0.717948717948718,0.406228914004645
2,2,"UK Health","ukhealth.t1option","2:2211::ukhealth.t1option","2211","2:2211",0.966666666666667,0.9375,0.129099444873581,0.170782512765993,15,16,15,0.966666666666667,0.966666666666667,0.129099444873581,0.129099444873581,-0.0291666666666667,-0.0416830678924127,FALSE,FALSE,-0.0291666666666667,0,0,FALSE,FALSE,0,-0.0301724137931035,-0.112383406593191
2,2,"UK Health","ukhealth.t1option","2:2212::ukhealth.t1option","2212","2:2212",0.875,0.970588235294118,0.223606797749979,0.121267812518167,16,17,16,0.875,0.96875,0.223606797749979,0.125,0.0955882352941176,0.102338985231812,TRUE,TRUE,0.0955882352941176,0.09375,0.098606797749979,TRUE,TRUE,0.09375,0.764705882352941,0.457673855453359
2,2,"UK Health","ukhealth.t1option","2:2213::ukhealth.t1option","2213","2:2213",0.821428571428571,0.769230769230769,0.248622579049423,0.259437260831385,14,13,13,0.846153846153846,0.769230769230769,0.240192230707631,0.259437260831385,-0.0521978021978021,-0.010814681781962,FALSE,FALSE,-0.0521978021978021,-0.0769230769230769,-0.0192450301237547,FALSE,FALSE,-0.0769230769230769,-0.0635451505016722,-0.0430216912126258
2,2,"UK Health","ukhealth.t1option","2:2214::ukhealth.t1option","2214","2:2214",0.90625,0.911764705882353,0.201556443707464,0.196476311998344,16,17,16,0.90625,0.90625,0.201556443707464,0.201556443707464,0.00551470588235292,0.00508013170911981,TRUE,TRUE,0.00551470588235292,0,0,FALSE,FALSE,0,0.0588235294117645,0.0252045115287559
2,2,"UK Health","ukhealth.t1option","2:2215::ukhealth.t1option","2215","2:2215",0.8,0.857142857142857,0.368394198806504,0.234403615469248,15,14,14,0.857142857142857,0.857142857142857,0.305624922751063,0.234403615469248,0.057142857142857,0.133990583337256,TRUE,TRUE,0.057142857142857,0,0.0712213072818156,FALSE,TRUE,0,0.285714285714285,0.363715237024222
2,2,"UK Health","ukhealth.t1hlthfu","2:2201::ukhealth.t1hlthfu","2201","2:2201",0.335714285714286,0.38452380952381,0.133630620956212,0.19120225628455,14,14,13,0.346153846153846,0.414102564102564,0.133012434352235,0.162282069513148,-0.0488095238095237,-0.057571635328338,FALSE,FALSE,-0.0488095238095237,-0.0679487179487179,-0.0292696351609124,FALSE,FALSE,-0.0679487179487179,-0.0734767025089605,-0.157140958337179
2,2,"UK Health","ukhealth.t1hlthfu","2:2202::ukhealth.t1hlthfu","2202","2:2202",0.260714285714286,0.244318181818182,0.177783978066481,0.135018938065605,14,11,11,0.268181818181818,0.244318181818182,0.175032464521196,0.135018938065605,0.0163961038961039,0.0427650400008757,TRUE,TRUE,0.0163961038961039,0.0238636363636364,0.0400135264555909,TRUE,TRUE,0.0238636363636364,0.0628891656288917,0.240544960608791
2,2,"UK Health","ukhealth.t1hlthfu","2:2203::ukhealth.t1hlthfu","2203","2:2203",0.329947916666667,0.35234375,0.225437941848749,0.203931092835301,16,16,16,0.329947916666667,0.35234375,0.225437941848749,0.203931092835301,-0.0223958333333333,0.0215068490134486,FALSE,TRUE,-0.0223958333333333,-0.0223958333333333,0.0215068490134486,FALSE,TRUE,-0.0223958333333333,-0.0334240186552662,0.0954003076726008
2,2,"UK Health","ukhealth.t1hlthfu","2:2204::ukhealth.t1hlthfu","2204","2:2204",0.43,0.462222222222222,0.230527345759364,0.215147297887656,15,15,15,0.43,0.462222222222222,0.230527345759364,0.215147297887656,-0.0322222222222222,0.0153800478717075,FALSE,TRUE,-0.0322222222222222,-0.0322222222222222,0.0153800478717075,FALSE,TRUE,-0.0322222222222222,-0.0565302144249512,0.0667168045554216
2,2,"UK Health","ukhealth.t1hlthfu","2:2205::ukhealth.t1hlthfu","2205","2:2205",0.29,0.423076923076923,0.233910849928527,0.167848374800225,15,13,13,0.315384615384615,0.423076923076923,0.236629646797669,0.167848374800225,-0.133076923076923,0.0660624751283013,FALSE,TRUE,-0.133076923076923,-0.107692307692308,0.068781271997444,FALSE,TRUE,-0.107692307692308,-0.187432286023835,0.282425869293738
2,2,"UK Health","ukhealth.t1hlthfu","2:2206::ukhealth.t1hlthfu","2206","2:2206",0.269010416666667,0.34140625,0.178120126638987,0.236938755711963,16,16,16,0.269010416666667,0.34140625,0.178120126638987,0.236938755711963,-0.0723958333333333,-0.0588186290729757,FALSE,FALSE,-0.0723958333333333,-0.0723958333333333,-0.0588186290729757,FALSE,FALSE,-0.0723958333333333,-0.0990381189882437,-0.182734721679868
2,2,"UK Health","ukhealth.t1hlthfu","2:2207::ukhealth.t1hlthfu","2207","2:2207",0.278571428571429,0.325,0.204482729865353,0.27014953124292,14,14,14,0.278571428571429,0.325,0.204482729865353,0.27014953124292,-0.0464285714285714,-0.065666801377567,FALSE,FALSE,-0.0464285714285714,-0.0464285714285714,-0.065666801377567,FALSE,FALSE,-0.0464285714285714,-0.0643564356435644,-0.222209691324121
2,2,"UK Health","ukhealth.t1hlthfu","2:2208::ukhealth.t1hlthfu","2208","2:2208",0.488235294117647,0.3859375,0.213987011700408,0.222807605719972,17,16,16,0.49375,0.3859375,0.219753649950727,0.222807605719972,0.102297794117647,-0.00882059401956428,TRUE,FALSE,0.102297794117647,0.1078125,-0.0030539557692453,TRUE,FALSE,0.1078125,0.209525602409639,-0.0308398372815325
2,2,"UK Health","ukhealth.t1hlthfu","2:2209::ukhealth.t1hlthfu","2209","2:2209",0.39140625,0.25,0.232052380491273,0.167332005306815,16,16,16,0.39140625,0.25,0.232052380491273,0.167332005306815,0.14140625,0.0647203751844581,TRUE,TRUE,0.14140625,0.14140625,0.0647203751844581,TRUE,TRUE,0.14140625,0.36127744510978,0.278904163997111
2,2,"UK Health","ukhealth.t1hlthfu","2:2210::ukhealth.t1hlthfu","2210","2:2210",0.246153846153846,0.323076923076923,0.261774026644434,0.175137308769653,13,13,13,0.246153846153846,0.323076923076923,0.261774026644434,0.175137308769653,-0.0769230769230769,0.0866367178747809,FALSE,TRUE,-0.0769230769230769,-0.0769230769230769,0.0866367178747809,FALSE,TRUE,-0.0769230769230769,-0.102040816326531,0.330959946581938
2,2,"UK Health","ukhealth.t1hlthfu","2:2211::ukhealth.t1hlthfu","2211","2:2211",0.326666666666667,0.22109375,0.248471517961506,0.204007697465071,15,16,15,0.326666666666667,0.206666666666667,0.248471517961506,0.202543352208384,0.105572916666667,0.0444638204964353,TRUE,TRUE,0.105572916666667,0.12,0.0459281657531224,TRUE,TRUE,0.12,0.323182397959184,0.178949365549913
2,2,"UK Health","ukhealth.t1hlthfu","2:2212::ukhealth.t1hlthfu","2212","2:2212",0.392156862745098,0.365441176470588,0.18625677160125,0.201920922203543,17,17,17,0.392156862745098,0.365441176470588,0.18625677160125,0.201920922203543,0.0267156862745099,-0.0156641506022932,TRUE,FALSE,0.0267156862745099,0.0267156862745099,-0.0156641506022932,TRUE,FALSE,0.0267156862745099,0.0681250000000002,-0.0499266571656008
2,2,"UK Health","ukhealth.t1hlthfu","2:2213::ukhealth.t1hlthfu","2213","2:2213",0.241666666666667,0.41875,0.204309628364461,0.242916474248945,12,14,12,0.241666666666667,0.448958333333333,0.204309628364461,0.245901537790797,-0.177083333333333,-0.038606845884484,FALSE,FALSE,-0.177083333333333,-0.207291666666667,-0.0415919094263359,FALSE,FALSE,-0.207291666666667,-0.233516483516484,-0.130565109952481
2,2,"UK Health","ukhealth.t1hlthfu","2:2214::ukhealth.t1hlthfu","2214","2:2214",0.344852941176471,0.341176470588235,0.2484742041884,0.280790065105168,17,17,17,0.344852941176471,0.341176470588235,0.2484742041884,0.280790065105168,0.00367647058823528,-0.0323158609167682,TRUE,FALSE,0.00367647058823528,0.00367647058823528,-0.0323158609167682,TRUE,FALSE,0.00367647058823528,0.0106609808102345,-0.128479310889344
2,2,"UK Health","ukhealth.t1hlthfu","2:2215::ukhealth.t1hlthfu","2215","2:2215",0.258928571428571,0.317857142857143,0.118324497941833,0.252378792581815,14,14,13,0.259615384615385,0.303846153846154,0.123126993020444,0.256954550505806,-0.0589285714285714,-0.134054294639982,FALSE,FALSE,-0.0589285714285714,-0.0442307692307692,-0.133827557485363,FALSE,FALSE,-0.0442307692307692,-0.0795180722891566,-0.351225829054003
2,2,"UK Health","ukhealth.t1ctexpt","2:2201::ukhealth.t1ctexpt","2201","2:2201",0.655555555555556,0.580357142857143,0.190105355780147,0.205730072272778,15,14,14,0.644345238095238,0.580357142857143,0.192067634814149,0.205730072272778,-0.0751984126984127,-0.0156247164926314,FALSE,FALSE,-0.0751984126984127,-0.0639880952380951,-0.0136624374586294,FALSE,FALSE,-0.0639880952380951,-0.114709443099274,-0.0504194466863601
2,2,"UK Health","ukhealth.t1ctexpt","2:2202::ukhealth.t1ctexpt","2202","2:2202",0.658653846153846,0.63301282051282,0.134084920948036,0.234708630062128,13,13,12,0.651041666666667,0.602430555555556,0.137081836594942,0.216407612712833,-0.0256410256410257,-0.100623709114093,FALSE,FALSE,-0.0256410256410257,-0.048611111111111,-0.0793257761178905,FALSE,FALSE,-0.048611111111111,-0.0389294403892944,-0.274991971838916
2,2,"UK Health","ukhealth.t1ctexpt","2:2203::ukhealth.t1ctexpt","2203","2:2203",0.581944444444444,0.561111111111111,0.228823697180896,0.265920023681386,15,15,15,0.581944444444444,0.561111111111111,0.228823697180896,0.265920023681386,-0.0208333333333334,-0.0370963265004903,FALSE,FALSE,-0.0208333333333334,-0.0208333333333334,-0.0370963265004903,FALSE,FALSE,-0.0208333333333334,-0.0357995226730311,-0.136797817931888
2,2,"UK Health","ukhealth.t1ctexpt","2:2204::ukhealth.t1ctexpt","2204","2:2204",0.652777777777778,0.572222222222222,0.284201517669246,0.190268363803734,15,15,15,0.652777777777778,0.572222222222222,0.284201517669246,0.190268363803734,-0.0805555555555556,0.0939331538655113,FALSE,TRUE,-0.0805555555555556,-0.0805555555555556,0.0939331538655113,FALSE,TRUE,-0.0805555555555556,-0.123404255319149,0.330516017774511
2,2,"UK Health","ukhealth.t1ctexpt","2:2205::ukhealth.t1ctexpt","2205","2:2205",0.644444444444444,0.656944444444444,0.26109633527933,0.124469774916342,15,15,15,0.644444444444444,0.656944444444444,0.26109633527933,0.124469774916342,0.0125,0.136626560362988,TRUE,TRUE,0.0125,0.0125,0.136626560362988,TRUE,TRUE,0.0125,0.0351562499999999,0.523280268245895
2,2,"UK Health","ukhealth.t1ctexpt","2:2206::ukhealth.t1ctexpt","2206","2:2206",0.6640625,0.658854166666667,0.211623327802892,0.195267355893856,16,16,16,0.6640625,0.658854166666667,0.211623327802892,0.195267355893856,-0.00520833333333326,0.0163559719090363,FALSE,TRUE,-0.00520833333333326,-0.00520833333333326,0.0163559719090363,FALSE,TRUE,-0.00520833333333326,-0.00784313725490185,0.0772881330184467
2,2,"UK Health","ukhealth.t1ctexpt","2:2207::ukhealth.t1ctexpt","2207","2:2207",0.65922619047619,0.692307692307692,0.236353952005918,0.14978617237882,14,13,13,0.642628205128205,0.692307692307692,0.237360789160234,0.14978617237882,0.0330815018315018,0.0865677796270981,TRUE,TRUE,0.0330815018315018,0.0496794871794871,0.0875746167814148,TRUE,TRUE,0.0496794871794871,0.0970775948941888,0.366263305066
2,2,"UK Health","ukhealth.t1ctexpt","2:2208::ukhealth.t1ctexpt","2208","2:2208",0.661764705882353,0.640625,0.224324967795541,0.18328597873269,17,16,16,0.67578125,0.640625,0.223861413136938,0.18328597873269,-0.0211397058823529,0.0410389890628514,FALSE,TRUE,-0.0211397058823529,-0.03515625,0.0405754344042479,FALSE,TRUE,-0.03515625,-0.0319444444444444,0.182944366229692
2,2,"UK Health","ukhealth.t1ctexpt","2:2209::ukhealth.t1ctexpt","2209","2:2209",0.701388888888889,0.71484375,0.163978822513166,0.185361063760255,15,16,15,0.701388888888889,0.729166666666667,0.163978822513166,0.182472274475825,0.0134548611111112,-0.0213822412470895,TRUE,FALSE,0.0134548611111112,0.0277777777777778,-0.0184934519626599,TRUE,FALSE,0.0277777777777778,0.0450581395348839,-0.0636336120449648
2,2,"UK Health","ukhealth.t1ctexpt","2:2210::ukhealth.t1ctexpt","2210","2:2210",0.788461538461538,0.701923076923077,0.149953251262194,0.178888797645568,13,13,13,0.788461538461538,0.701923076923077,0.149953251262194,0.178888797645568,-0.0865384615384616,-0.0289355463833742,FALSE,FALSE,-0.0865384615384616,-0.0865384615384616,-0.0289355463833742,FALSE,FALSE,-0.0865384615384616,-0.109756097560976,-0.0826619486903095
2,2,"UK Health","ukhealth.t1ctexpt","2:2211::ukhealth.t1ctexpt","2211","2:2211",0.74609375,0.65234375,0.225310838528317,0.290445733241742,16,16,16,0.74609375,0.65234375,0.225310838528317,0.290445733241742,-0.09375,-0.0651348947134253,FALSE,FALSE,-0.09375,-0.09375,-0.0651348947134253,FALSE,FALSE,-0.09375,-0.12565445026178,-0.237122187000232
2,2,"UK Health","ukhealth.t1ctexpt","2:2212::ukhealth.t1ctexpt","2212","2:2212",0.634114583333333,0.5703125,0.165441460148631,0.159548516654548,16,16,15,0.638888888888889,0.575,0.170103454359943,0.164004028696162,-0.0638020833333333,0.00589294349408287,FALSE,TRUE,-0.0638020833333333,-0.0638888888888889,0.00609942566378122,FALSE,TRUE,-0.0638888888888889,-0.100616016427105,0.0356195084883118
2,2,"UK Health","ukhealth.t1ctexpt","2:2213::ukhealth.t1ctexpt","2213","2:2213",0.605654761904762,0.645833333333333,0.253641255712693,0.254845714862617,14,12,12,0.609375,0.645833333333333,0.273244656023598,0.254845714862617,0.0401785714285714,-0.00120445914992445,TRUE,FALSE,0.0401785714285714,0.0364583333333334,0.0183989411609811,TRUE,TRUE,0.0364583333333334,0.10188679245283,-0.00488904566147567
2,2,"UK Health","ukhealth.t1ctexpt","2:2214::ukhealth.t1ctexpt","2214","2:2214",0.691176470588235,0.564950980392157,0.238475165188673,0.253435846615417,17,17,17,0.691176470588235,0.564950980392157,0.238475165188673,0.253435846615417,-0.126225490196078,-0.0149606814267444,FALSE,FALSE,-0.126225490196078,-0.126225490196078,-0.0149606814267444,FALSE,FALSE,-0.126225490196078,-0.182624113475177,-0.0572055859916231
2,2,"UK Health","ukhealth.t1ctexpt","2:2215::ukhealth.t1ctexpt","2215","2:2215",0.598214285714286,0.6875,0.3331759014675,0.226012678337368,14,14,13,0.644230769230769,0.721153846153846,0.296885542997677,0.19534855436452,0.0892857142857143,0.107163223130132,TRUE,TRUE,0.0892857142857143,0.0769230769230769,0.101536988633158,TRUE,TRUE,0.0769230769230769,0.222222222222222,0.321641579292268
2,2,"UK Health","ukhealth.t1pritre","2:2201::ukhealth.t1pritre","2201","2:2201",0.577380952380952,0.419642857142857,0.171295608794229,0.238218260342148,14,14,13,0.596153846153846,0.419871794871795,0.162610908896998,0.247943823478504,-0.157738095238095,-0.0669226515479192,FALSE,FALSE,0.00297619047619041,-0.176282051282051,-0.0853329145815064,FALSE,FALSE,-0.0160256410256411,-0.27319587628866,-0.203595246484022
2,2,"UK Health","ukhealth.t1pritre","2:2202::ukhealth.t1pritre","2202","2:2202",0.517857142857143,0.548611111111111,0.170402274887794,0.264618873378578,14,12,12,0.527777777777778,0.548611111111111,0.182343517156926,0.264618873378578,0.0307539682539684,-0.0942165984907845,TRUE,FALSE,0.0307539682539684,0.0208333333333335,-0.0822753562216522,TRUE,FALSE,0.0208333333333335,0.0637860082304529,-0.285853303322133
2,2,"UK Health","ukhealth.t1pritre","2:2203::ukhealth.t1pritre","2203","2:2203",0.473958333333333,0.5,0.168651377216544,0.158113883008419,16,16,16,0.473958333333333,0.5,0.168651377216544,0.158113883008419,-0.0260416666666668,0.010537494208125,FALSE,TRUE,-0.0260416666666666,-0.0260416666666668,0.010537494208125,FALSE,TRUE,-0.0260416666666666,-0.0495049504950497,0.062480925931575
2,2,"UK Health","ukhealth.t1pritre","2:2204::ukhealth.t1pritre","2204","2:2204",0.555555555555555,0.444444444444444,0.243296365967767,0.28113055958823,15,15,15,0.555555555555555,0.444444444444444,0.243296365967767,0.28113055958823,-0.111111111111111,-0.0378341936204632,FALSE,FALSE,1.66533453693773e-16,-0.111111111111111,-0.0378341936204632,FALSE,FALSE,1.66533453693773e-16,-0.2,-0.147384721541233
2,2,"UK Health","ukhealth.t1pritre","2:2205::ukhealth.t1pritre","2205","2:2205",0.538888888888889,0.375,0.157064675116056,0.202571847835166,15,12,12,0.534722222222222,0.375,0.172102027135382,0.202571847835166,-0.163888888888889,-0.0455071727191099,FALSE,FALSE,0.0861111111111109,-0.159722222222222,-0.0304698206997839,FALSE,FALSE,0.0902777777777776,-0.304123711340206,-0.132698994291447
2,2,"UK Health","ukhealth.t1pritre","2:2206::ukhealth.t1pritre","2206","2:2206",0.572222222222222,0.424479166666667,0.23699647263689,0.222682899233666,15,16,15,0.572222222222222,0.408333333333333,0.23699647263689,0.220591736666889,-0.147743055555556,0.0143135734032237,FALSE,TRUE,0.00329861111111102,-0.163888888888889,0.0164047359700004,FALSE,TRUE,0.0194444444444444,-0.258191747572816,0.0603957233791998
2,2,"UK Health","ukhealth.t1pritre","2:2207::ukhealth.t1pritre","2207","2:2207",0.553571428571428,0.634615384615385,0.195043121621398,0.266880256341812,14,13,13,0.57051282051282,0.634615384615385,0.191986911947076,0.266880256341812,0.0810439560439562,-0.0718371347204143,TRUE,FALSE,0.0810439560439562,0.0641025641025642,-0.0748933443947358,TRUE,FALSE,0.0641025641025642,0.181538461538462,-0.235564893969136
2,2,"UK Health","ukhealth.t1pritre","2:2208::ukhealth.t1pritre","2208","2:2208",0.519607843137255,0.536458333333333,0.157369356544039,0.225603614201415,17,16,16,0.510416666666667,0.536458333333333,0.157747454050008,0.225603614201415,0.0168504901960783,-0.0682342576573753,TRUE,FALSE,0.0168504901960783,0.0260416666666665,-0.067856160151407,TRUE,FALSE,0.0260416666666665,0.0350765306122447,-0.199148146730623
2,2,"UK Health","ukhealth.t1pritre","2:2209::ukhealth.t1pritre","2209","2:2209",0.520833333333333,0.577777777777778,0.205255035576791,0.268125967395056,16,15,15,0.527777777777778,0.577777777777778,0.210504558886902,0.268125967395056,0.0569444444444445,-0.062870931818265,TRUE,FALSE,0.0569444444444445,0.05,-0.0576214085081534,TRUE,FALSE,0.05,0.118840579710145,-0.21330621183401
2,2,"UK Health","ukhealth.t1pritre","2:2210::ukhealth.t1pritre","2210","2:2210",0.564102564102564,0.509615384615385,0.261104859899711,0.17525927069862,13,13,13,0.564102564102564,0.509615384615385,0.261104859899711,0.17525927069862,-0.0544871794871794,0.0858455892010919,FALSE,TRUE,-0.0544871794871794,-0.0544871794871794,0.0858455892010919,FALSE,TRUE,-0.0544871794871794,-0.096590909090909,0.328778212837802
2,2,"UK Health","ukhealth.t1pritre","2:2211::ukhealth.t1pritre","2211","2:2211",0.561111111111111,0.515625,0.230309200950218,0.202344476171298,15,16,15,0.561111111111111,0.516666666666667,0.230309200950218,0.209402020881381,-0.0454861111111111,0.0279647247789202,FALSE,TRUE,-0.0454861111111111,-0.0444444444444445,0.0209071800688373,FALSE,TRUE,-0.0444444444444445,-0.0810643564356436,0.121422525298782
2,2,"UK Health","ukhealth.t1pritre","2:2212::ukhealth.t1pritre","2212","2:2212",0.510416666666667,0.40625,0.167013527950638,0.206099131128328,16,16,15,0.522222222222222,0.4,0.165821268604763,0.211757573279611,-0.104166666666666,-0.0390856031776904,FALSE,FALSE,0.0833333333333332,-0.122222222222222,-0.0459363046748477,FALSE,FALSE,0.0777777777777776,-0.204081632653061,-0.117378952175259
2,2,"UK Health","ukhealth.t1pritre","2:2213::ukhealth.t1pritre","2213","2:2213",0.538461538461538,0.523809523809524,0.291895514616089,0.249847328230036,13,14,13,0.538461538461538,0.512820512820513,0.291895514616089,0.256503722281295,-0.0146520146520147,0.0420481863860528,FALSE,TRUE,-0.0146520146520147,-0.0256410256410257,0.0353917923347943,FALSE,TRUE,-0.0256410256410257,-0.0272108843537416,0.144052184019875
2,2,"UK Health","ukhealth.t1pritre","2:2214::ukhealth.t1pritre","2214","2:2214",0.490196078431373,0.416666666666667,0.233170242372616,0.273438326718327,17,16,16,0.46875,0.416666666666667,0.222829032618682,0.273438326718327,0.073529411764706,-0.0402680843457108,TRUE,FALSE,0.073529411764706,0.0520833333333334,-0.0506092940996447,TRUE,FALSE,0.0520833333333334,0.15,-0.15091301923657
2,2,"UK Health","ukhealth.t1pritre","2:2215::ukhealth.t1pritre","2215","2:2215",0.535714285714286,0.483974358974359,0.258848299207165,0.190590624965622,14,13,12,0.541666666666667,0.496527777777778,0.182919643449237,0.193370501042431,-0.0517399267399268,0.0682576742415431,FALSE,TRUE,-0.0196886446886448,-0.0451388888888891,-0.0104508575931937,FALSE,FALSE,-0.0381944444444446,-0.0965811965811967,0.263697596046069
2,2,"UK Health","ukhealth.t1severi","2:2201::ukhealth.t1severi","2201","2:2201",0.348214285714286,0.595238095238095,0.171100590553955,0.16939164292706,14,14,13,0.336538461538462,0.602564102564103,0.172184307930299,0.173984640904464,-0.24702380952381,0.00170894762689439,FALSE,TRUE,-0.056547619047619,-0.266025641025641,-0.00180033297416549,FALSE,FALSE,-0.0608974358974358,-0.378995433789955,0.00998797035919924
2,2,"UK Health","ukhealth.t1severi","2:2202::ukhealth.t1severi","2202","2:2202",0.425,0.525641025641026,0.168737139427638,0.234186474509748,10,13,9,0.444444444444444,0.5,0.166666666666667,0.25,-0.100641025641026,-0.0654493350821097,FALSE,FALSE,-0.0493589743589744,-0.0555555555555556,-0.0833333333333332,FALSE,FALSE,-0.0555555555555556,-0.175027870680045,-0.197575227627465
2,2,"UK Health","ukhealth.t1severi","2:2203::ukhealth.t1severi","2203","2:2203",0.363636363636364,0.523809523809524,0.117984975931067,0.243348637182457,11,14,10,0.375,0.516666666666667,0.117851130197758,0.27722166555277,-0.16017316017316,-0.12536366125139,FALSE,FALSE,-0.112554112554113,-0.141666666666667,-0.159370535355012,FALSE,FALSE,-0.108333333333333,-0.251700680272109,-0.32816421698841
2,2,"UK Health","ukhealth.t1severi","2:2204::ukhealth.t1severi","2204","2:2204",0.471153846153846,0.621212121212121,0.10400628679223,0.212012959390446,13,11,10,0.4875,0.6,0.109449379471364,0.210818510677892,-0.150058275058275,-0.108006672598216,FALSE,FALSE,0.0923659673659675,-0.1125,-0.101369131206528,FALSE,FALSE,0.0875000000000002,-0.283746556473829,-0.272748452805731
2,2,"UK Health","ukhealth.t1severi","2:2205::ukhealth.t1severi","2205","2:2205",0.464285714285714,0.602564102564103,0.142341100919548,0.144953082103817,14,13,13,0.461538461538462,0.602564102564103,0.147766491118372,0.144953082103817,-0.138278388278389,-0.00261198118426917,FALSE,FALSE,0.0668498168498172,-0.141025641025641,0.00281340901455457,FALSE,TRUE,0.0641025641025644,-0.258119658119659,-0.00730299509108993
2,2,"UK Health","ukhealth.t1severi","2:2206::ukhealth.t1severi","2206","2:2206",0.425,0.595238095238095,0.175509462504366,0.223743268191582,15,14,14,0.4375,0.595238095238095,0.175068667846472,0.223743268191582,-0.170238095238095,-0.0482338056872158,FALSE,FALSE,0.0202380952380953,-0.157738095238095,-0.0486746003451094,FALSE,FALSE,0.0327380952380953,-0.296066252587992,-0.148644721844515
2,2,"UK Health","ukhealth.t1severi","2:2207::ukhealth.t1severi","2207","2:2207",0.446428571428571,0.538461538461539,0.117201807734624,0.205861403324949,14,13,13,0.442307692307692,0.538461538461539,0.120927240255856,0.205861403324949,-0.0920329670329672,-0.0886595955903254,FALSE,FALSE,-0.0151098901098899,-0.0961538461538464,-0.0849341630690936,FALSE,FALSE,-0.019230769230769,-0.166253101736973,-0.231609232702076
2,2,"UK Health","ukhealth.t1severi","2:2208::ukhealth.t1severi","2208","2:2208",0.473214285714286,0.541666666666667,0.131362785135979,0.223606797749979,14,16,13,0.471153846153846,0.525641025641026,0.136491053524792,0.243870733120919,-0.068452380952381,-0.0922440126140003,FALSE,FALSE,0.0148809523809524,-0.0544871794871796,-0.107379679596127,FALSE,FALSE,-0.00320512820512808,-0.129943502824859,-0.250229789328314
2,2,"UK Health","ukhealth.t1severi","2:2209::ukhealth.t1severi","2209","2:2209",0.3515625,0.355555555555556,0.194822301512601,0.234577183516332,16,15,15,0.375,0.355555555555556,0.176776695296637,0.234577183516332,-0.00399305555555557,-0.0397548820037317,FALSE,FALSE,-0.00399305555555557,0.0194444444444444,-0.0578004882196954,TRUE,FALSE,0.0194444444444444,-0.00615796519410979,-0.13026797895382
2,2,"UK Health","ukhealth.t1severi","2:2210::ukhealth.t1severi","2210","2:2210",0.4375,0.545454545454545,0.13501543121683,0.308138759245725,10,11,8,0.453125,0.5,0.132582521472478,0.321208037219811,-0.107954545454545,-0.173123328028895,FALSE,FALSE,-0.0170454545454546,-0.0468750000000001,-0.188625515747333,FALSE,FALSE,-0.0468749999999999,-0.191919191919192,-0.474330541168013
2,2,"UK Health","ukhealth.t1severi","2:2211::ukhealth.t1severi","2211","2:2211",0.4296875,0.3,0.26207803386269,0.245596132537669,16,15,15,0.416666666666667,0.3,0.265865612311039,0.245596132537669,0.1296875,0.016481901325021,TRUE,TRUE,0.1296875,0.116666666666667,0.0202694797733701,TRUE,TRUE,0.116666666666667,0.301818181818182,0.0628892894307056
2,2,"UK Health","ukhealth.t1severi","2:2212::ukhealth.t1severi","2212","2:2212",0.382352941176471,0.388888888888889,0.189935166957198,0.224197569711516,17,15,15,0.383333333333333,0.388888888888889,0.197454033228231,0.224197569711516,-0.00653594771241839,-0.0342624027543181,FALSE,FALSE,-0.00653594771241839,-0.00555555555555565,-0.0267435364832857,FALSE,FALSE,-0.00555555555555565,-0.0105820105820107,-0.110500769848958
2,2,"UK Health","ukhealth.t1severi","2:2213::ukhealth.t1severi","2213","2:2213",0.520833333333333,0.611111111111111,0.21868234884638,0.204124145231932,12,9,8,0.515625,0.604166666666667,0.235636486078512,0.21707836343822,0.0902777777777778,0.014558203614448,TRUE,TRUE,0.0902777777777778,0.0885416666666667,0.0185581226402915,TRUE,TRUE,0.0885416666666667,0.188405797101449,0.066572376285728
2,2,"UK Health","ukhealth.t1severi","2:2214::ukhealth.t1severi","2214","2:2214",0.341666666666667,0.509803921568628,0.179698822107065,0.246296091535945,15,17,15,0.341666666666667,0.488888888888889,0.179698822107065,0.255624559352022,-0.168137254901961,-0.0665972694288793,FALSE,FALSE,-0.148529411764706,-0.147222222222222,-0.0759257372449567,FALSE,FALSE,-0.147222222222222,-0.255398361876396,-0.207920775899052
2,2,"UK Health","ukhealth.t1severi","2:2215::ukhealth.t1severi","2215","2:2215",0.432692307692308,0.547619047619048,0.208012573584461,0.220997848043932,13,14,12,0.40625,0.527777777777778,0.193098243954164,0.233909821755746,-0.11492673992674,-0.0129852744594712,FALSE,FALSE,-0.0196886446886446,-0.121527777777778,-0.0408115778015818,FALSE,FALSE,-0.0659722222222222,-0.202582728006457,-0.0444720329874457
2,2,"UK Health","ukhealth.t1preven","2:2201::ukhealth.t1preven","2201","2:2201",0.65,0.553571428571429,0.280305955290694,0.312843218115527,15,14,14,0.678571428571429,0.553571428571429,0.267261241912424,0.312843218115527,-0.0964285714285714,-0.0325372628248328,FALSE,FALSE,-0.0964285714285714,-0.125,-0.0455819762031025,FALSE,FALSE,-0.125,-0.148351648351648,-0.148102616381274
2,2,"UK Health","ukhealth.t1preven","2:2202::ukhealth.t1preven","2202","2:2202",0.522727272727273,0.571428571428571,0.305256970734197,0.301096895798247,11,14,11,0.522727272727273,0.522727272727273,0.305256970734197,0.305256970734197,0.0487012987012987,0.00416007493594922,TRUE,TRUE,0.0487012987012987,0,0,FALSE,FALSE,0,0.102040816326531,0.0136281079050988
2,2,"UK Health","ukhealth.t1preven","2:2203::ukhealth.t1preven","2203","2:2203",0.765625,0.75,0.265655635488251,0.188982236504614,16,15,15,0.766666666666667,0.75,0.274945882120897,0.188982236504614,-0.015625,0.0766733989836377,FALSE,TRUE,-0.015625,-0.0166666666666667,0.0859636456162833,FALSE,TRUE,-0.0166666666666667,-0.0204081632653061,0.288619508645916
2,2,"UK Health","ukhealth.t1preven","2:2204::ukhealth.t1preven","2204","2:2204",0.660714285714286,0.566666666666667,0.31936148521974,0.274945882120897,14,15,14,0.660714285714286,0.589285714285714,0.31936148521974,0.270454440517445,-0.094047619047619,0.0444156030988432,FALSE,TRUE,-0.094047619047619,-0.0714285714285714,0.0489070447022946,FALSE,TRUE,-0.0714285714285714,-0.142342342342342,0.139076266721025
2,2,"UK Health","ukhealth.t1preven","2:2205::ukhealth.t1preven","2205","2:2205",0.673076923076923,0.589285714285714,0.295532982236744,0.270454440517445,13,14,13,0.673076923076923,0.596153846153846,0.295532982236744,0.280224269158902,-0.0837912087912088,0.0250785417192986,FALSE,TRUE,-0.0837912087912088,-0.076923076923077,0.0153087130778414,FALSE,TRUE,-0.076923076923077,-0.124489795918367,0.0848586899827269
2,2,"UK Health","ukhealth.t1preven","2:2206::ukhealth.t1preven","2206","2:2206",0.583333333333333,0.46875,0.349319065502886,0.25617376914899,15,16,15,0.583333333333333,0.466666666666667,0.349319065502886,0.265024706844655,-0.114583333333333,0.093145296353896,FALSE,TRUE,-0.0520833333333334,-0.116666666666667,0.0842943586582311,FALSE,TRUE,-0.05,-0.196428571428571,0.266648189441943
2,2,"UK Health","ukhealth.t1preven","2:2207::ukhealth.t1preven","2207","2:2207",0.571428571428571,0.5,0.228468383365844,0.238365647311398,14,12,12,0.5625,0.5,0.241326824790856,0.238365647311398,-0.0714285714285714,-0.00989726394555426,FALSE,FALSE,-0.0714285714285714,-0.0625,0.00296117747945759,FALSE,TRUE,-0.0625,-0.125,-0.0364497662122683
2,2,"UK Health","ukhealth.t1preven","2:2208::ukhealth.t1preven","2208","2:2208",0.65,0.733333333333333,0.246402690152291,0.319970236711092,15,15,14,0.625,0.732142857142857,0.23513498578149,0.332014331744153,0.0833333333333333,-0.0735675465588016,TRUE,FALSE,0.0833333333333333,0.107142857142857,-0.096879345962663,TRUE,FALSE,0.107142857142857,0.238095238095238,-0.290095926502456
2,2,"UK Health","ukhealth.t1preven","2:2209::ukhealth.t1preven","2209","2:2209",0.59375,0.5,0.363719214046587,0.353553390593274,16,16,16,0.59375,0.5,0.363719214046587,0.353553390593274,-0.09375,0.0101658234533128,FALSE,TRUE,-0.09375,-0.09375,0.0101658234533128,FALSE,TRUE,-0.09375,-0.157894736842105,0.0279496464874982
2,2,"UK Health","ukhealth.t1preven","2:2210::ukhealth.t1preven","2210","2:2210",0.583333333333333,0.520833333333333,0.307728727448332,0.327843042637877,12,12,11,0.613636363636364,0.522727272727273,0.303389938108459,0.343775825476164,-0.0625,-0.0201143151895448,FALSE,FALSE,-0.0625,-0.0909090909090909,-0.0403858873677054,FALSE,FALSE,-0.0909090909090909,-0.107142857142857,-0.104614251118245
2,2,"UK Health","ukhealth.t1preven","2:2211::ukhealth.t1preven","2211","2:2211",0.633333333333333,0.357142857142857,0.311486451589487,0.28946711176092,15,14,14,0.660714285714286,0.357142857142857,0.303934818055407,0.28946711176092,-0.276190476190476,0.0220193398285668,FALSE,TRUE,0.00952380952380955,-0.303571428571429,0.0144677062944877,FALSE,TRUE,-0.0178571428571428,-0.43609022556391,0.0706911639854772
2,2,"UK Health","ukhealth.t1preven","2:2212::ukhealth.t1preven","2212","2:2212",0.692307692307692,0.765625,0.291437639017162,0.232177195262584,13,16,13,0.692307692307692,0.807692307692308,0.291437639017162,0.231702173999075,0.0733173076923077,0.0592604437545778,TRUE,TRUE,0.0733173076923077,0.115384615384615,0.059735465018087,TRUE,TRUE,0.115384615384615,0.23828125,0.203338333217447
2,2,"UK Health","ukhealth.t1preven","2:2213::ukhealth.t1preven","2213","2:2213",0.607142857142857,0.772727272727273,0.335614902287373,0.207802353648408,14,11,11,0.636363636363636,0.772727272727273,0.359924234451439,0.207802353648408,0.165584415584416,0.127812548638964,TRUE,TRUE,0.165584415584416,0.136363636363636,0.152121880803031,TRUE,TRUE,0.136363636363636,0.421487603305785,0.380830969566196
2,2,"UK Health","ukhealth.t1preven","2:2214::ukhealth.t1preven","2214","2:2214",0.640625,0.703125,0.302334665561196,0.319097033309097,16,16,15,0.633333333333333,0.683333333333333,0.311486451589487,0.319970236711092,0.0625,-0.016762367747901,TRUE,FALSE,0.0625,0.05,-0.00848378512160569,TRUE,FALSE,0.05,0.173913043478261,-0.0848017574527741
2,2,"UK Health","ukhealth.t1preven","2:2215::ukhealth.t1preven","2215","2:2215",0.461538461538462,0.446428571428571,0.320256307610174,0.223145593825995,13,14,13,0.461538461538462,0.442307692307692,0.320256307610174,0.231702173999075,0.0151098901098901,0.097110713784179,TRUE,TRUE,0.0151098901098901,0.0192307692307693,0.0885541336110997,TRUE,TRUE,0.0192307692307693,0.0327380952380952,0.303228106602619
2,2,"UK Health","ukhealth.t1dispub","2:2201::ukhealth.t1dispub","2201","2:2201",0.7,0.673076923076923,0.169030850945703,0.213712603566278,15,13,13,0.711538461538462,0.673076923076923,0.172184307930299,0.213712603566278,-0.0269230769230768,-0.0446817526205743,FALSE,FALSE,-0.0269230769230768,-0.0384615384615384,-0.041528295635979,FALSE,FALSE,-0.0384615384615384,-0.0384615384615383,-0.135002772156398
2,2,"UK Health","ukhealth.t1dispub","2:2202::ukhealth.t1dispub","2202","2:2202",0.711538461538462,0.772727272727273,0.224679258568229,0.235969951862135,13,11,11,0.681818181818182,0.772727272727273,0.226133508433323,0.235969951862135,0.0611888111888111,-0.0112906932939055,TRUE,FALSE,0.0611888111888111,0.0909090909090909,-0.00983644342881201,TRUE,FALSE,0.0909090909090909,0.212121212121212,-0.0410092361192609
2,2,"UK Health","ukhealth.t1dispub","2:2203::ukhealth.t1dispub","2203","2:2203",0.692307692307692,0.730769230769231,0.181252763020496,0.215579124625644,13,13,11,0.704545454545455,0.681818181818182,0.187689298382387,0.196561348276724,0.0384615384615384,-0.034326361605148,TRUE,FALSE,0.0384615384615384,-0.0227272727272728,-0.00887204989433707,FALSE,FALSE,-0.0227272727272728,0.125,-0.107691479714239
2,2,"UK Health","ukhealth.t1dispub","2:2204::ukhealth.t1dispub","2204","2:2204",0.75,0.732142857142857,0.211288563682129,0.207185482541186,15,14,14,0.732142857142857,0.732142857142857,0.207185482541186,0.207185482541186,-0.0178571428571429,0.00410308114094296,FALSE,TRUE,-0.0178571428571429,0,0,FALSE,FALSE,0,-0.0238095238095239,0.01941932430908
2,2,"UK Health","ukhealth.t1dispub","2:2205::ukhealth.t1dispub","2205","2:2205",0.732142857142857,0.681818181818182,0.207185482541186,0.226133508433323,14,11,11,0.727272727272727,0.681818181818182,0.207802353648408,0.226133508433323,-0.0503246753246753,-0.0189480258921366,FALSE,FALSE,-0.0503246753246753,-0.0454545454545455,-0.0183311547849144,FALSE,FALSE,-0.0454545454545455,-0.0687361419068736,-0.0647099947658904
2,2,"UK Health","ukhealth.t1dispub","2:2206::ukhealth.t1dispub","2206","2:2206",0.875,0.75,0.189888631328187,0.184637236468999,14,12,11,0.931818181818182,0.75,0.116774841624228,0.193649167310371,-0.125,0.00525139485918838,FALSE,TRUE,-0.125,-0.181818181818182,-0.0768743256861424,FALSE,FALSE,-0.181818181818182,-0.142857142857143,0.0276551303912045
2,2,"UK Health","ukhealth.t1dispub","2:2207::ukhealth.t1dispub","2207","2:2207",0.785714285714286,0.711538461538462,0.192582221629911,0.224679258568229,14,13,13,0.788461538461538,0.711538461538462,0.200160192256359,0.224679258568229,-0.0741758241758241,-0.0320970369383185,FALSE,FALSE,-0.0741758241758241,-0.0769230769230769,-0.0245190663118703,FALSE,FALSE,-0.0769230769230769,-0.0944055944055944,-0.104408525455148
2,2,"UK Health","ukhealth.t1dispub","2:2208::ukhealth.t1dispub","2208","2:2208",0.765625,0.71875,0.213478140957492,0.221265300789196,16,16,15,0.783333333333333,0.7,0.208452346958198,0.215472901842834,-0.046875,-0.00778715983170428,FALSE,FALSE,-0.046875,-0.0833333333333334,-0.00702055488463571,FALSE,FALSE,-0.0833333333333334,-0.0612244897959184,-0.0271782399350863
2,2,"UK Health","ukhealth.t1dispub","2:2209::ukhealth.t1dispub","2209","2:2209",0.783333333333333,0.6875,0.208452346958198,0.170782512765993,15,16,15,0.783333333333333,0.7,0.208452346958198,0.169030850945703,-0.0958333333333333,0.0376698341922047,FALSE,TRUE,-0.0958333333333333,-0.0833333333333334,0.0394214960124947,FALSE,TRUE,-0.0833333333333334,-0.122340425531915,0.180711969627086
2,2,"UK Health","ukhealth.t1dispub","2:2210::ukhealth.t1dispub","2210","2:2210",0.846153846153846,0.711538461538462,0.191986911947076,0.224679258568229,13,13,13,0.846153846153846,0.711538461538462,0.191986911947076,0.224679258568229,-0.134615384615385,-0.0326923466211532,FALSE,FALSE,-0.134615384615385,-0.134615384615385,-0.0326923466211532,FALSE,FALSE,-0.134615384615385,-0.159090909090909,-0.106139472279619
2,2,"UK Health","ukhealth.t1dispub","2:2211::ukhealth.t1dispub","2211","2:2211",0.766666666666667,0.6875,0.175932887637249,0.193649167310371,15,16,15,0.766666666666667,0.666666666666667,0.175932887637249,0.180936716113936,-0.0791666666666667,-0.0177162796731217,FALSE,FALSE,-0.0791666666666667,-0.1,-0.00500382847668732,FALSE,FALSE,-0.1,-0.103260869565217,-0.0546685516588015
2,2,"UK Health","ukhealth.t1dispub","2:2212::ukhealth.t1dispub","2212","2:2212",0.666666666666667,0.544117647058823,0.180936716113936,0.098238155999172,15,17,15,0.666666666666667,0.55,0.180936716113936,0.103509833901353,-0.122549019607843,0.0826985601147645,FALSE,TRUE,-0.122549019607843,-0.116666666666667,0.0774268822125834,FALSE,TRUE,-0.116666666666667,-0.183823529411765,0.45705792550523
2,2,"UK Health","ukhealth.t1dispub","2:2213::ukhealth.t1dispub","2213","2:2213",0.75,0.666666666666667,0.184637236468999,0.176776695296637,12,9,8,0.71875,0.6875,0.20863074009907,0.176776695296637,-0.0833333333333334,0.00786054117236223,FALSE,TRUE,-0.0833333333333334,-0.03125,0.0318540448024331,FALSE,TRUE,-0.03125,-0.111111111111111,0.042572892243662
2,2,"UK Health","ukhealth.t1dispub","2:2214::ukhealth.t1dispub","2214","2:2214",0.859375,0.769230769230769,0.203485257451246,0.215579124625644,16,13,13,0.865384615384615,0.769230769230769,0.194062506451546,0.215579124625644,-0.0901442307692307,-0.0120938671743978,FALSE,FALSE,-0.0901442307692307,-0.0961538461538461,-0.0215166181740979,FALSE,FALSE,-0.0961538461538461,-0.104895104895105,-0.0407867314469507
2,2,"UK Health","ukhealth.t1dispub","2:2215::ukhealth.t1dispub","2215","2:2215",0.866666666666667,0.788461538461538,0.228868854108532,0.200160192256359,15,13,13,0.846153846153846,0.788461538461538,0.240192230707631,0.200160192256359,-0.0782051282051283,0.0287086618521728,FALSE,TRUE,-0.0782051282051283,-0.0576923076923077,0.0400320384512718,FALSE,TRUE,-0.0576923076923077,-0.0902366863905326,0.125437172148199
3,3,"UK Monarchy","ukmonarchy.t1supmon","3:2302::ukmonarchy.t1supmon","2302","3:2302",0.606796291139391,0.503351853953467,0.391591620948743,0.351211825211603,18,18,18,0.606796291139391,0.503351853953467,0.391591620948743,0.351211825211603,-0.103444437185923,0.0403797957371401,FALSE,TRUE,-0.103444437185923,-0.103444437185923,0.0403797957371401,FALSE,TRUE,-0.103444437185923,-0.170476383419688,0.103117108684063
3,3,"UK Monarchy","ukmonarchy.t1supmon","3:2303::ukmonarchy.t1supmon","2303","3:2303",0.715736107693778,0.60088426205847,0.228680109495795,0.192147790914661,18,18,18,0.715736107693778,0.60088426205847,0.228680109495795,0.192147790914661,-0.114851845635308,0.036532318581134,FALSE,TRUE,-0.114851845635308,-0.114851845635308,0.036532318581134,FALSE,TRUE,-0.114851845635308,-0.160466748010493,0.159752934619816
3,3,"UK Monarchy","ukmonarchy.t1supmon","3:2304::ukmonarchy.t1supmon","2304","3:2304",0.704083336626782,0.725014708497945,0.386448511028124,0.364084903585107,17,17,17,0.704083336626782,0.725014708497945,0.386448511028124,0.364084903585107,0.0209313718711631,0.0223636074430169,TRUE,TRUE,0.0209313718711631,0.0209313718711631,0.0223636074430169,TRUE,TRUE,0.0209313718711631,0.0707340088001868,0.0578695655561457
3,3,"UK Monarchy","ukmonarchy.t1supmon","3:2305::ukmonarchy.t1supmon","2305","3:2305",0.796141023819263,0.647403839689035,0.198448229114511,0.237625434942769,13,13,13,0.796141023819263,0.647403839689035,0.198448229114511,0.237625434942769,-0.148737184130229,-0.039177205828258,FALSE,FALSE,-0.148737184130229,-0.148737184130229,-0.039177205828258,FALSE,FALSE,-0.148737184130229,-0.186822660408458,-0.129918672714859
3,3,"UK Monarchy","ukmonarchy.t1supmon","3:2306::ukmonarchy.t1supmon","2306","3:2306",0.671296295192507,0.538864033786874,0.33057760977218,0.298728761567535,18,19,18,0.671296295192507,0.541023146775034,0.33057760977218,0.307236772923139,-0.132432261405633,0.0318488482046451,FALSE,TRUE,-0.132432261405633,-0.130273148417473,0.0233408368490418,FALSE,TRUE,-0.130273148417473,-0.197278403521734,0.0963430288778298
3,3,"UK Monarchy","ukmonarchy.t1supmon","3:2307::ukmonarchy.t1supmon","2307","3:2307",0.567661766620243,0.545088233316646,0.410459299233733,0.347839154621911,17,17,17,0.567661766620243,0.545088233316646,0.410459299233733,0.347839154621911,-0.0225735333035975,0.0626201446118214,FALSE,TRUE,-0.0225735333035975,-0.0225735333035975,0.0626201446118214,FALSE,TRUE,-0.0225735333035975,-0.0397658158977242,0.152561154610759
3,3,"UK Monarchy","ukmonarchy.t1supmon","3:2308::ukmonarchy.t1supmon","2308","3:2308",0.732879628737768,0.655699067024721,0.347851759255182,0.300051218694307,18,18,18,0.732879628737768,0.655699067024721,0.347851759255182,0.300051218694307,-0.0771805617130467,0.0478005405608746,FALSE,TRUE,-0.0771805617130467,-0.0771805617130467,0.0478005405608746,FALSE,TRUE,-0.0771805617130467,-0.105311375410958,0.137416411701424
3,3,"UK Monarchy","ukmonarchy.t1supmon","3:2309::ukmonarchy.t1supmon","2309","3:2309",0.721934207175907,0.642539477662036,0.263064455365049,0.364595117749968,19,19,19,0.721934207175907,0.642539477662036,0.263064455365049,0.364595117749968,-0.079394729513871,-0.101530662384919,FALSE,FALSE,-0.079394729513871,-0.079394729513871,-0.101530662384919,FALSE,FALSE,-0.079394729513871,-0.109975020887915,-0.428515960074072
3,3,"UK Monarchy","ukmonarchy.t1supmon","3:2310::ukmonarchy.t1supmon","2310","3:2310",0.604605556776126,0.719630954521043,0.352665363027239,0.231319936876276,15,14,14,0.623970239556261,0.719630954521043,0.357606564932971,0.231319936876276,0.115025397744917,0.121345426150963,TRUE,TRUE,0.115025397744917,0.0956607149647815,0.126286628056695,TRUE,TRUE,0.0956607149647815,0.290913035618431,0.344080930175132
3,3,"UK Monarchy","ukmonarchy.t1supmon","3:2311::ukmonarchy.t1supmon","2311","3:2311",0.631127191217322,0.567100874099292,0.306419193891005,0.335806843879991,19,19,19,0.631127191217322,0.567100874099292,0.306419193891005,0.335806843879991,-0.0640263171180299,-0.0293876499889852,FALSE,FALSE,-0.0640263171180299,-0.0640263171180299,-0.0293876499889852,FALSE,FALSE,-0.0640263171180299,-0.101447565576339,-0.151810763575593
3,3,"UK Monarchy","ukmonarchy.t1supmon","3:2312::ukmonarchy.t1supmon","2312","3:2312",0.557588537223637,0.667147050885593,0.313302886453759,0.271998647468611,16,17,16,0.557588537223637,0.694781241938472,0.313302886453759,0.255084277769273,0.109558513661956,0.0413042389851482,TRUE,TRUE,0.109558513661956,0.137192704714835,0.0582186086844859,TRUE,TRUE,0.137192704714835,0.247639410096698,0.131834849824291
3,3,"UK Monarchy","ukmonarchy.t1supmon","3:2313::ukmonarchy.t1supmon","2313","3:2313",0.709729167632759,0.834385419264436,0.346045476681885,0.240509590736448,16,16,16,0.709729167632759,0.834385419264436,0.346045476681885,0.240509590736448,0.124656251631677,0.105535885945436,TRUE,TRUE,0.124656251631677,0.124656251631677,0.105535885945436,TRUE,TRUE,0.124656251631677,0.429448079970936,0.304976926609141
3,3,"UK Monarchy","ukmonarchy.t1supmon","3:2314::ukmonarchy.t1supmon","2314","3:2314",0.638231479459339,0.76710184249613,0.249706907307695,0.20458946571239,18,18,18,0.638231479459339,0.76710184249613,0.249706907307695,0.20458946571239,0.128870363036792,0.0451174415953054,TRUE,TRUE,0.128870363036792,0.128870363036792,0.0451174415953054,TRUE,TRUE,0.128870363036792,0.356223263550392,0.180681592198451
3,3,"UK Monarchy","ukmonarchy.t1supmon","3:2315::ukmonarchy.t1supmon","2315","3:2315",0.640555557608604,0.547772220770518,0.321921886056376,0.347614094208563,15,15,15,0.640555557608604,0.547772220770518,0.321921886056376,0.347614094208563,-0.0927833368380865,-0.0256922081521866,FALSE,FALSE,-0.0927833368380865,-0.0927833368380865,-0.0256922081521866,FALSE,FALSE,-0.0927833368380865,-0.144848227036662,-0.144274934090555
3,3,"UK Monarchy","ukmonarchy.t1supmon","3:2316::ukmonarchy.t1supmon","2316","3:2316",0.664464916837843,0.557267541948118,0.308742983178146,0.263386908083963,19,19,19,0.664464916837843,0.557267541948118,0.308742983178146,0.263386908083963,-0.107197374889725,0.0453560750941828,FALSE,TRUE,-0.107197374889725,-0.107197374889725,0.0453560750941828,FALSE,TRUE,-0.107197374889725,-0.161328871055935,0.146905606168909
3,3,"UK Monarchy","ukmonarchy.t1mpop","3:2302::ukmonarchy.t1mpop","2302","3:2302",0.664351849092378,0.663425929016537,0.186049520871416,0.199327686845505,18,18,18,0.664351849092378,0.663425929016537,0.186049520871416,0.199327686845505,-0.000925920075840359,-0.0132781659740894,FALSE,FALSE,-0.000925920075840359,-0.000925920075840359,-0.0132781659740894,FALSE,FALSE,-0.000925920075840359,-0.0013937194230818,-0.0422938229333012
3,3,"UK Monarchy","ukmonarchy.t1mpop","3:2303::ukmonarchy.t1mpop","2303","3:2303",0.555555560522609,0.652777774466409,0.140755431350167,0.156556071682617,18,18,18,0.555555560522609,0.652777774466409,0.140755431350167,0.156556071682617,0.0972222139437992,-0.0158006403324499,TRUE,FALSE,0.0972222139437992,0.0972222139437992,-0.0158006403324499,TRUE,FALSE,0.0972222139437992,0.21874998381827,-0.043982962336311
3,3,"UK Monarchy","ukmonarchy.t1mpop","3:2304::ukmonarchy.t1mpop","2304","3:2304",0.526960784898085,0.515196077963885,0.209859604198066,0.256126922946891,17,17,17,0.526960784898085,0.515196077963885,0.209859604198066,0.256126922946891,-0.0117647069341996,-0.0462673187488255,FALSE,FALSE,-0.0117647069341996,-0.0117647069341996,-0.0462673187488255,FALSE,FALSE,-0.0117647069341996,-0.022325583366654,-0.159465277563108
3,3,"UK Monarchy","ukmonarchy.t1mpop","3:2305::ukmonarchy.t1mpop","2305","3:2305",0.586538459245975,0.621794870266548,0.13335670000242,0.170495548259063,13,13,13,0.586538459245975,0.621794870266548,0.13335670000242,0.170495548259063,0.0352564110205724,-0.0371388482566433,TRUE,FALSE,0.0352564110205724,0.0352564110205724,-0.0371388482566433,TRUE,FALSE,0.0352564110205724,0.0852713192048666,-0.101294223177918
3,3,"UK Monarchy","ukmonarchy.t1mpop","3:2306::ukmonarchy.t1mpop","2306","3:2306",0.639254383350673,0.692105260334517,0.166674275870417,0.145759857990157,19,19,19,0.639254383350673,0.692105260334517,0.166674275870417,0.145759857990157,0.0528508769838434,0.0209144178802605,TRUE,TRUE,0.0528508769838434,0.0528508769838434,0.0209144178802605,TRUE,TRUE,0.0528508769838434,0.146504557629091,0.125480778428704
3,3,"UK Monarchy","ukmonarchy.t1mpop","3:2307::ukmonarchy.t1mpop","2307","3:2307",0.595588237047195,0.620098038631327,0.182077078744534,0.202995339956392,17,17,17,0.595588237047195,0.620098038631327,0.182077078744534,0.202995339956392,0.0245098015841315,-0.0209182612118578,TRUE,FALSE,0.0245098015841315,0.0245098015841315,-0.0209182612118578,TRUE,FALSE,0.0245098015841315,0.0606060550889363,-0.0657966438193646
3,3,"UK Monarchy","ukmonarchy.t1mpop","3:2308::ukmonarchy.t1mpop","2308","3:2308",0.527777779433462,0.541666665010982,0.162948723711083,0.147832928749053,18,18,18,0.527777779433462,0.541666665010982,0.162948723711083,0.147832928749053,0.0138888855775197,0.0151157949620296,TRUE,TRUE,0.0138888855775197,0.0138888855775197,0.0151157949620296,TRUE,TRUE,0.0138888855775197,0.0294117577966932,0.0927641200113403
3,3,"UK Monarchy","ukmonarchy.t1mpop","3:2309::ukmonarchy.t1mpop","2309","3:2309",0.607456135906671,0.638157895521114,0.180189684336675,0.15899752868274,19,19,19,0.607456135906671,0.638157895521114,0.180189684336675,0.15899752868274,0.0307017596144427,0.0211921556539348,TRUE,TRUE,0.0307017596144427,0.0307017596144427,0.0211921556539348,TRUE,TRUE,0.0307017596144427,0.0782123029367826,0.117610260165273
3,3,"UK Monarchy","ukmonarchy.t1mpop","3:2310::ukmonarchy.t1mpop","2310","3:2310",0.633333333333333,0.583333333333333,0.167557145660588,0.162903952749412,15,15,15,0.633333333333333,0.583333333333333,0.167557145660588,0.162903952749412,-0.0499999999999999,0.00465319291117619,FALSE,TRUE,-0.0499999999999999,-0.0499999999999999,0.00465319291117619,FALSE,TRUE,-0.0499999999999999,-0.0789473684210525,0.0277707816806687
3,3,"UK Monarchy","ukmonarchy.t1mpop","3:2311::ukmonarchy.t1mpop","2311","3:2311",0.561403510601897,0.559210527884333,0.17423135262202,0.200940970650642,19,19,19,0.561403510601897,0.559210527884333,0.17423135262202,0.200940970650642,-0.0021929827175643,-0.0267096180286215,FALSE,FALSE,-0.0021929827175643,-0.0021929827175643,-0.0267096180286215,FALSE,FALSE,-0.0021929827175643,-0.00390625045292847,-0.0819895292060785
3,3,"UK Monarchy","ukmonarchy.t1mpop","3:2312::ukmonarchy.t1mpop","2312","3:2312",0.598039213348837,0.677450974197949,0.169213080739875,0.190844357311558,17,17,17,0.598039213348837,0.677450974197949,0.169213080739875,0.190844357311558,0.0794117608491112,-0.0216312765716833,TRUE,FALSE,0.0794117608491112,0.0794117608491112,-0.0216312765716833,TRUE,FALSE,0.0794117608491112,0.197560964866028,-0.0653933856274191
3,3,"UK Monarchy","ukmonarchy.t1mpop","3:2313::ukmonarchy.t1mpop","2313","3:2313",0.510416666977108,0.559895833954215,0.220216646599813,0.205800576775306,16,16,16,0.510416666977108,0.559895833954215,0.220216646599813,0.205800576775306,0.0494791669771075,0.014416069824507,TRUE,TRUE,0.0494791669771075,0.0494791669771075,0.014416069824507,TRUE,TRUE,0.0494791669771075,0.10106383048541,0.0654631248231859
3,3,"UK Monarchy","ukmonarchy.t1mpop","3:2314::ukmonarchy.t1mpop","2314","3:2314",0.67129630015956,0.708333338300387,0.127738694050205,0.143628283760529,18,18,18,0.67129630015956,0.708333338300387,0.127738694050205,0.143628283760529,0.0370370381408267,-0.0158895897103246,TRUE,FALSE,0.0370370381408267,0.0370370381408267,-0.0158895897103246,TRUE,FALSE,0.0370370381408267,0.112676061020321,-0.0426839681061764
3,3,"UK Monarchy","ukmonarchy.t1mpop","3:2315::ukmonarchy.t1mpop","2315","3:2315",0.569444440801938,0.666666666666667,0.177243738148917,0.197955816323883,15,15,15,0.569444440801938,0.666666666666667,0.177243738148917,0.197955816323883,0.0972222258647283,-0.0207120781749662,TRUE,FALSE,0.0972222258647283,0.0972222258647283,-0.0207120781749662,TRUE,FALSE,0.0972222258647283,0.225806458162591,-0.0641725060768072
3,3,"UK Monarchy","ukmonarchy.t1mpop","3:2316::ukmonarchy.t1mpop","2316","3:2316",0.581140351922888,0.655701751771726,0.166361809039592,0.132376560891863,19,19,19,0.581140351922888,0.655701751771726,0.166361809039592,0.132376560891863,0.0745613998488376,0.0339852481477292,TRUE,TRUE,0.0745613998488376,0.0745613998488376,0.0339852481477292,TRUE,TRUE,0.0745613998488376,0.178010462910743,0.204285156214195
3,3,"UK Monarchy","ukmonarchy.t1pwrm","3:2302::ukmonarchy.t1pwrm","2302","3:2302",0.3125,0.375,0.318688719599549,0.340306954864886,18,18,18,0.3125,0.375,0.318688719599549,0.340306954864886,-0.0625,-0.0216182352653373,FALSE,FALSE,-0.0625,-0.0625,-0.0216182352653373,FALSE,FALSE,-0.0625,-0.0909090909090909,-0.119232709722144
3,3,"UK Monarchy","ukmonarchy.t1pwrm","3:2303::ukmonarchy.t1pwrm","2303","3:2303",0.465277777777778,0.333333333333333,0.3056019721132,0.329326407008216,18,18,18,0.465277777777778,0.333333333333333,0.3056019721132,0.329326407008216,0.131944444444444,-0.023724434895016,TRUE,FALSE,0.131944444444444,0.131944444444444,-0.023724434895016,TRUE,FALSE,0.131944444444444,0.283582089552239,-0.122040512205355
3,3,"UK Monarchy","ukmonarchy.t1pwrm","3:2304::ukmonarchy.t1pwrm","2304","3:2304",0.455882352941176,0.425,0.318508414793264,0.35919055825962,17,15,15,0.4,0.425,0.29200660462198,0.35919055825962,0.0308823529411765,-0.040682143466356,TRUE,FALSE,0.0308823529411765,-0.025,-0.0671839536376399,FALSE,FALSE,-0.025,0.067741935483871,-0.22415443349627
3,3,"UK Monarchy","ukmonarchy.t1pwrm","3:2305::ukmonarchy.t1pwrm","2305","3:2305",0.336538461538462,0.307692307692308,0.285885937448433,0.308792104987424,13,13,13,0.336538461538462,0.307692307692308,0.285885937448433,0.308792104987424,0.0288461538461539,-0.0229061675389909,TRUE,FALSE,0.0288461538461539,0.0288461538461539,-0.0229061675389909,TRUE,FALSE,0.0288461538461539,0.0857142857142857,-0.106981144844114
3,3,"UK Monarchy","ukmonarchy.t1pwrm","3:2306::ukmonarchy.t1pwrm","2306","3:2306",0.409722222222222,0.328947368421053,0.323143895384367,0.209208687328708,18,19,18,0.409722222222222,0.319444444444444,0.323143895384367,0.211012188725793,0.0807748538011696,0.113935208055659,TRUE,TRUE,0.0807748538011696,0.0902777777777778,0.112131706658574,TRUE,TRUE,0.0902777777777778,0.1971454058876,0.352583507480894
3,3,"UK Monarchy","ukmonarchy.t1pwrm","3:2307::ukmonarchy.t1pwrm","2307","3:2307",0.338235294117647,0.3515625,0.327050938198426,0.259079902411077,17,16,16,0.296875,0.3515625,0.288223726758688,0.259079902411077,-0.0133272058823529,0.0679710357873485,FALSE,TRUE,-0.0133272058823529,-0.0546875,0.0291438243476104,FALSE,TRUE,-0.0546875,-0.0201388888888889,0.207830120169567
3,3,"UK Monarchy","ukmonarchy.t1pwrm","3:2308::ukmonarchy.t1pwrm","2308","3:2308",0.486111111111111,0.604166666666667,0.340006728114899,0.291579118513211,18,18,18,0.486111111111111,0.604166666666667,0.340006728114899,0.291579118513211,-0.118055555555556,0.0484276096016877,FALSE,TRUE,0.0902777777777777,-0.118055555555556,0.0484276096016877,FALSE,TRUE,0.0902777777777777,-0.22972972972973,0.142431327374564
3,3,"UK Monarchy","ukmonarchy.t1pwrm","3:2309::ukmonarchy.t1pwrm","2309","3:2309",0.368421052631579,0.465277777777778,0.331959889777444,0.365832942516206,19,18,18,0.388888888888889,0.465277777777778,0.329016160677448,0.365832942516206,-0.0968567251461989,-0.0338730527387618,FALSE,FALSE,-0.0968567251461989,-0.0763888888888889,-0.0368167818387579,FALSE,FALSE,-0.0763888888888889,-0.153356481481482,-0.201577187100744
3,3,"UK Monarchy","ukmonarchy.t1pwrm","3:2310::ukmonarchy.t1pwrm","2310","3:2310",0.391666666666667,0.55,0.32687189860133,0.333407729792988,15,15,15,0.391666666666667,0.55,0.32687189860133,0.333407729792988,-0.158333333333333,-0.0065358311916584,FALSE,FALSE,-0.0583333333333333,-0.158333333333333,-0.0065358311916584,FALSE,FALSE,-0.0583333333333333,-0.26027397260274,-0.0377514172387765
3,3,"UK Monarchy","ukmonarchy.t1pwrm","3:2311::ukmonarchy.t1pwrm","2311","3:2311",0.342105263157895,0.519736842105263,0.223770193312703,0.349263008523386,19,19,19,0.342105263157895,0.519736842105263,0.223770193312703,0.349263008523386,-0.177631578947368,-0.125492815210683,FALSE,FALSE,-0.138157894736842,-0.177631578947368,-0.125492815210683,FALSE,FALSE,-0.138157894736842,-0.27,-0.454305843079222
3,3,"UK Monarchy","ukmonarchy.t1pwrm","3:2312::ukmonarchy.t1pwrm","2312","3:2312",0.367647058823529,0.359375,0.329151929429342,0.322344923955691,17,16,16,0.34375,0.359375,0.324358340933809,0.322344923955691,0.00827205882352944,0.00680700547365176,TRUE,TRUE,0.00827205882352944,-0.015625,0.00201341697811869,FALSE,TRUE,-0.015625,0.0225000000000001,0.020680436190829
3,3,"UK Monarchy","ukmonarchy.t1pwrm","3:2313::ukmonarchy.t1pwrm","2313","3:2313",0.375,0.416666666666667,0.299304749934466,0.315756838330353,16,15,15,0.341666666666667,0.416666666666667,0.277370733512971,0.315756838330353,-0.0416666666666667,-0.0164520883958872,FALSE,FALSE,-0.0416666666666667,-0.075,-0.038386104817382,FALSE,FALSE,-0.075,-0.0666666666666667,-0.0819754747086193
3,3,"UK Monarchy","ukmonarchy.t1pwrm","3:2314::ukmonarchy.t1pwrm","2314","3:2314",0.569444444444444,0.722222222222222,0.288321149011515,0.325270124042727,18,18,18,0.569444444444444,0.722222222222222,0.288321149011515,0.325270124042727,0.152777777777778,-0.0369489750312123,TRUE,FALSE,0.152777777777778,0.152777777777778,-0.0369489750312123,TRUE,FALSE,0.152777777777778,0.354838709677419,-0.174552038896046
3,3,"UK Monarchy","ukmonarchy.t1pwrm","3:2315::ukmonarchy.t1pwrm","2315","3:2315",0.441666666666667,0.410714285714286,0.353132242867146,0.355007351727003,15,14,14,0.419642857142857,0.410714285714286,0.355611414358395,0.355007351727003,0.030952380952381,-0.0018751088598567,TRUE,FALSE,0.030952380952381,0.00892857142857145,0.000604062631392233,TRUE,TRUE,0.00892857142857145,0.0700808625336927,-0.0127673282173194
3,3,"UK Monarchy","ukmonarchy.t1pwrm","3:2316::ukmonarchy.t1pwrm","2316","3:2316",0.335526315789474,0.302631578947368,0.294782851985256,0.244082001368009,19,19,19,0.335526315789474,0.302631578947368,0.294782851985256,0.244082001368009,0.0328947368421052,0.0507008506172469,TRUE,TRUE,0.0328947368421052,0.0328947368421052,0.0507008506172469,TRUE,TRUE,0.0328947368421052,0.0980392156862743,0.171993894067429
3,3,"UK Monarchy","ukmonarchy.t1reflor","3:2302::ukmonarchy.t1reflor","2302","3:2302",0.796296291881137,0.805555545621448,0.321127279809504,0.250815661687357,18,18,18,0.796296291881137,0.805555545621448,0.321127279809504,0.250815661687357,0.00925925374031045,0.0703116181221461,TRUE,TRUE,0.00925925374031045,0.00925925374031045,0.0703116181221461,TRUE,TRUE,0.00925925374031045,0.0454545173763239,0.21895249187131
3,3,"UK Monarchy","ukmonarchy.t1reflor","3:2303::ukmonarchy.t1reflor","2303","3:2303",0.602941169458277,0.597222216427326,0.36978950390556,0.310820644517086,17,18,17,0.602941169458277,0.632352935040698,0.36978950390556,0.281147850400478,-0.00571895303095094,0.0589688593884739,FALSE,TRUE,-0.00571895303095094,0.0294117655824212,0.0886416535050819,TRUE,TRUE,0.0294117655824212,-0.00948509294213435,0.159466017195377
3,3,"UK Monarchy","ukmonarchy.t1reflor","3:2304::ukmonarchy.t1reflor","2304","3:2304",0.458333333022892,0.546874997206032,0.432477785582821,0.372639168942578,16,16,15,0.488888888557752,0.527777776122093,0.429408351403315,0.377526756734096,-0.0885416641831397,0.059838616640243,FALSE,TRUE,0.00520833022892442,-0.0388888875643412,0.0518815946692195,FALSE,TRUE,0.0166666646798448,-0.163461533782882,0.138362289659809
3,3,"UK Monarchy","ukmonarchy.t1reflor","3:2305::ukmonarchy.t1reflor","2305","3:2305",0.525641026405188,0.532051274409661,0.345916344921766,0.352797117938393,13,13,13,0.525641026405188,0.532051274409661,0.345916344921766,0.352797117938393,0.00641024800447298,-0.00688077301662726,TRUE,FALSE,0.00641024800447298,0.00641024800447298,-0.00688077301662726,TRUE,FALSE,0.00641024800447298,0.0135134958149827,-0.0446560864170417
3,3,"UK Monarchy","ukmonarchy.t1reflor","3:2306::ukmonarchy.t1reflor","2306","3:2306",0.699074070486757,0.77314813931783,0.30402916039244,0.17103480157747,18,18,17,0.710784309927155,0.789215676924761,0.309173467257855,0.161690412700362,0.0740740688310728,0.13299435881497,TRUE,TRUE,0.0740740688310728,0.0784313669976064,0.147483054557493,TRUE,TRUE,0.0784313669976064,0.246153825796567,0.4374394832499
3,3,"UK Monarchy","ukmonarchy.t1reflor","3:2307::ukmonarchy.t1reflor","2307","3:2307",0.681372544344734,0.740196070250343,0.299355921320953,0.195172535573722,17,17,17,0.681372544344734,0.740196070250343,0.299355921320953,0.195172535573722,0.0588235259056091,0.104183385747231,TRUE,TRUE,0.0588235259056091,0.0588235259056091,0.104183385747231,TRUE,TRUE,0.0588235259056091,0.18461537090279,0.348025137727378
3,3,"UK Monarchy","ukmonarchy.t1reflor","3:2308::ukmonarchy.t1reflor","2308","3:2308",0.416666663251817,0.537037034829458,0.360041142937007,0.36851386186567,16,18,16,0.416666663251817,0.52083333209157,0.360041142937007,0.384298299257279,-0.12037037157764,-0.0084727189286623,FALSE,FALSE,-0.0462963019187254,-0.104166668839753,-0.0242571563202721,FALSE,FALSE,-0.0625000046566132,-0.206349207210838,-0.0605372114810061
3,3,"UK Monarchy","ukmonarchy.t1reflor","3:2309::ukmonarchy.t1reflor","2309","3:2309",0.634259259535207,0.620370366507106,0.34671531305818,0.356111693868406,18,18,17,0.612745098331395,0.59803921159576,0.344778982353972,0.353842119444412,-0.0138888930281005,-0.00939638081022598,FALSE,FALSE,-0.0138888930281005,-0.0147058867356358,-0.00906313709044027,FALSE,FALSE,-0.0147058867356358,-0.0218978167355072,-0.0613001924568788
3,3,"UK Monarchy","ukmonarchy.t1reflor","3:2310::ukmonarchy.t1reflor","2310","3:2310",0.605555554231008,0.605555549263954,0.38118792112503,0.321927883415774,15,15,15,0.605555554231008,0.605555549263954,0.38118792112503,0.321927883415774,-4.96705387931229e-09,0.059260037709256,FALSE,TRUE,-4.96705387931229e-09,-4.96705387931229e-09,0.059260037709256,FALSE,TRUE,-4.96705387931229e-09,-8.20247431405353e-09,0.1554614782503
3,3,"UK Monarchy","ukmonarchy.t1reflor","3:2311::ukmonarchy.t1reflor","2311","3:2311",0.609649120192779,0.749999995860788,0.374796887945145,0.30384249197292,19,18,18,0.634259256223837,0.749999995860788,0.36952858854546,0.30384249197292,0.14035087566801,0.0709543959722252,TRUE,TRUE,0.14035087566801,0.115740739636951,0.0656860965725398,TRUE,TRUE,0.115740739636951,0.359550555483117,0.18931426128226
3,3,"UK Monarchy","ukmonarchy.t1reflor","3:2312::ukmonarchy.t1reflor","2312","3:2312",0.598958327434957,0.729166656732559,0.371706209079907,0.264400085476212,16,16,15,0.588888882597287,0.744444433848063,0.382486983474788,0.266269541782594,0.130208329297602,0.107306123603695,TRUE,TRUE,0.130208329297602,0.155555551250776,0.116217441692194,TRUE,TRUE,0.155555551250776,0.324675309836995,0.288685313784003
3,3,"UK Monarchy","ukmonarchy.t1reflor","3:2313::ukmonarchy.t1reflor","2313","3:2313",0.567708330228925,0.40625,0.402789746951956,0.350759755191644,16,16,16,0.567708330228925,0.40625,0.402789746951956,0.350759755191644,-0.161458330228925,0.0520299917603125,FALSE,TRUE,0.0260416697710754,-0.161458330228925,0.0520299917603125,FALSE,TRUE,0.0260416697710754,-0.284403665811664,0.129174071966927
3,3,"UK Monarchy","ukmonarchy.t1reflor","3:2314::ukmonarchy.t1reflor","2314","3:2314",0.553921565413475,0.642156856024966,0.447738505066976,0.340756792281141,17,17,16,0.588541663251817,0.635416659526527,0.43829292969385,0.350759750264851,0.0882352906114914,0.106981712785835,TRUE,TRUE,0.0882352906114914,0.0468749962747096,0.0875331794289995,TRUE,TRUE,0.0468749962747096,0.197802188517088,0.238937932688706
3,3,"UK Monarchy","ukmonarchy.t1reflor","3:2315::ukmonarchy.t1reflor","2315","3:2315",0.583333333688123,0.720238088497094,0.406937697652169,0.24808484565691,14,14,13,0.589743590125671,0.698717941458408,0.422817842424835,0.244235530752052,0.136904754808971,0.15885285199526,TRUE,TRUE,0.136904754808971,0.108974351332738,0.178582311672783,TRUE,TRUE,0.108974351332738,0.328571411821307,0.39036160304578
3,3,"UK Monarchy","ukmonarchy.t1reflor","3:2316::ukmonarchy.t1reflor","2316","3:2316",0.65789472978366,0.666666663006732,0.327371137239074,0.259093858325608,19,19,19,0.65789472978366,0.666666663006732,0.327371137239074,0.259093858325608,0.00877193322307201,0.0682772789134664,TRUE,TRUE,0.00877193322307201,0.00877193322307201,0.0682772789134664,TRUE,TRUE,0.00877193322307201,0.0256410350460981,0.208562304817985
4,4,"UK General Election","ukbge.t1redist","4:2501::ukbge.t1redist","2501","4:2501",0.703333333134651,0.758888890345891,0.288933126325497,0.230418766331237,18,18,18,0.703333333134651,0.758888890345891,0.288933126325497,0.230418766331237,0.0555555572112402,0.0585143599942599,TRUE,TRUE,0.0555555572112402,0.0555555572112402,0.0585143599942599,TRUE,TRUE,0.0555555572112402,0.187265923058541,0.202518696067895
4,4,"UK General Election","ukbge.t1redist","4:2502::ukbge.t1redist","2502","4:2502",0.793333333163034,0.738095239514396,0.273337395655045,0.276651746834033,21,21,21,0.793333333163034,0.738095239514396,0.273337395655045,0.276651746834033,-0.055238093648638,-0.00331435117898732,FALSE,FALSE,-0.055238093648638,-0.055238093648638,-0.00331435117898732,FALSE,FALSE,-0.055238093648638,-0.0696278491518851,-0.0146223996171122
4,4,"UK General Election","ukbge.t1redist","4:2503::ukbge.t1redist","2503","4:2503",0.693888887763023,0.715294119189767,0.303898953712464,0.241508733431702,18,17,17,0.705294116454966,0.715294119189767,0.309255508362853,0.241508733431702,0.0214052314267439,0.0623902202807622,TRUE,TRUE,0.0214052314267439,0.0100000027348014,0.0677467749311515,TRUE,TRUE,0.0100000027348014,0.0699263456015049,0.205299226991723
4,4,"UK General Election","ukbge.t1redist","4:2504::ukbge.t1redist","2504","4:2504",0.665333332618078,0.762857147625515,0.315229313937866,0.180572953764655,15,14,13,0.613846153020859,0.744615389750554,0.307233304806772,0.174002647556413,0.097523815007437,0.134656360173212,TRUE,TRUE,0.097523815007437,0.130769236729696,0.133230657250359,TRUE,TRUE,0.130769236729696,0.291405821112572,0.427169537284065
4,4,"UK General Election","ukbge.t1redist","4:2505::ukbge.t1redist","2505","4:2505",0.779473682767466,0.745789479268225,0.255614150342072,0.269202847419955,19,19,19,0.779473682767466,0.745789479268225,0.255614150342072,0.269202847419955,-0.0336842034992417,-0.0135886970778832,FALSE,FALSE,-0.0336842034992417,-0.0336842034992417,-0.0135886970778832,FALSE,FALSE,-0.0336842034992417,-0.0432140356293343,-0.0556034528877332
4,4,"UK General Election","ukbge.t1redist","4:2506::ukbge.t1redist","2506","4:2506",0.731666666766008,0.806842105953317,0.347787120653323,0.237534851610004,18,19,18,0.731666666766008,0.796111111839612,0.347787120653323,0.239635477447135,0.0751754391873093,0.11025226904332,TRUE,TRUE,0.0751754391873093,0.0644444450736047,0.108151643206188,TRUE,TRUE,0.0644444450736047,0.280156916329716,0.317010787622639
4,4,"UK General Election","ukbge.t1redist","4:2507::ukbge.t1redist","2507","4:2507",0.588823533233474,0.735882359392503,0.317802656902638,0.295191857852718,17,17,17,0.588823533233474,0.735882359392503,0.317802656902638,0.295191857852718,0.147058826159029,0.0226107990499197,TRUE,TRUE,0.147058826159029,0.147058826159029,0.0226107990499197,TRUE,TRUE,0.147058826159029,0.357653800849774,0.0711472939537029
4,4,"UK General Election","ukbge.t1redist","4:2508::ukbge.t1redist","2508","4:2508",0.60900000333786,0.675000001490116,0.242940320261896,0.198215721058864,20,20,20,0.60900000333786,0.675000001490116,0.242940320261896,0.198215721058864,0.065999998152256,0.044724599203032,TRUE,TRUE,0.065999998152256,0.065999998152256,0.044724599203032,TRUE,TRUE,0.065999998152256,0.168797950679488,0.184097062006083
4,4,"UK General Election","ukbge.t1redist","4:2509::ukbge.t1redist","2509","4:2509",0.696470592828358,0.74000000115484,0.290171093014375,0.226185760569009,17,16,16,0.698125003837049,0.74000000115484,0.299604597975933,0.226185760569009,0.043529408326482,0.0639853324453658,TRUE,TRUE,0.043529408326482,0.041874997317791,0.073418837406924,TRUE,TRUE,0.041874997317791,0.143410843555816,0.220508982409892
4,4,"UK General Election","ukbge.t1redist","4:2510::ukbge.t1redist","2510","4:2510",0.774705884211204,0.82388888961739,0.269191323853756,0.217475860567572,17,18,17,0.774705884211204,0.832941176260219,0.269191323853756,0.220645773441751,0.0491830054061865,0.0517154632861845,TRUE,TRUE,0.0491830054061865,0.0582352920490152,0.0485455504120053,TRUE,TRUE,0.0582352920490152,0.218305769922076,0.192114153405182
4,4,"UK General Election","ukbge.t1redist","4:2511::ukbge.t1redist","2511","4:2511",0.656250001862645,0.726470592267373,0.346253756984464,0.23427924244948,16,17,16,0.656250001862645,0.709375004284084,0.346253756984464,0.230751487121646,0.070220590404728,0.111974514534984,TRUE,TRUE,0.070220590404728,0.0531250024214388,0.115502269862819,TRUE,TRUE,0.0531250024214388,0.204278082284292,0.323388590813206
4,4,"UK General Election","ukbge.t1redist","4:2512::ukbge.t1redist","2512","4:2512",0.665555554959509,0.713888892696964,0.291612594629934,0.218877853923834,18,18,18,0.665555554959509,0.713888892696964,0.291612594629934,0.218877853923834,0.0483333377374545,0.0727347407060996,TRUE,TRUE,0.0483333377374545,0.0483333377374545,0.0727347407060996,TRUE,TRUE,0.0483333377374545,0.144518285336157,0.249422494245842
4,4,"UK General Election","ukbge.t1redist","4:2513::ukbge.t1redist","2513","4:2513",0.68368421102825,0.842222220367855,0.271502205890933,0.132556555127625,19,18,18,0.703333333134651,0.842222220367855,0.265108187085806,0.132556555127625,0.158538009339606,0.138945650763307,TRUE,TRUE,0.158538009339606,0.138888887233204,0.13255163195818,TRUE,TRUE,0.138888887233204,0.501201694215032,0.511766194706809
4,4,"UK General Election","ukbge.t1redist","4:2514::ukbge.t1redist","2514","4:2514",0.757999999821186,0.717000002413988,0.298039202460024,0.296223596978877,20,20,20,0.757999999821186,0.717000002413988,0.298039202460024,0.296223596978877,-0.0409999974071978,0.00181560548114656,FALSE,TRUE,-0.0409999974071978,-0.0409999974071978,0.00181560548114656,FALSE,TRUE,-0.0409999974071978,-0.0540897063547095,0.00609183445050351
4,4,"UK General Election","ukbge.t1redist","4:2515::ukbge.t1redist","2515","4:2515",0.511333338419596,0.644666669766108,0.29858874271629,0.273649060462862,15,15,15,0.511333338419596,0.644666669766108,0.29858874271629,0.273649060462862,0.133333331346512,0.0249396822534276,TRUE,TRUE,0.133333331346512,0.133333331346512,0.0249396822534276,TRUE,TRUE,0.133333331346512,0.272851294817815,0.083525192633014
4,4,"UK General Election","ukbge.t1tax","4:2501::ukbge.t1tax","2501","4:2501",0.823333331280284,0.694444444444444,0.193603592937692,0.303842494457093,18,18,18,0.823333331280284,0.694444444444444,0.193603592937692,0.303842494457093,-0.12888888683584,-0.110238901519401,FALSE,FALSE,-0.12888888683584,-0.12888888683584,-0.110238901519401,FALSE,FALSE,-0.12888888683584,-0.156545207073565,-0.359791756621294
4,4,"UK General Election","ukbge.t1tax","4:2502::ukbge.t1tax","2502","4:2502",0.896666665871938,0.869047619047619,0.133391650325199,0.15039630187956,21,21,21,0.896666665871938,0.869047619047619,0.133391650325199,0.15039630187956,-0.0276190468243189,-0.0170046515543604,FALSE,FALSE,-0.0276190468243189,-0.0276190468243189,-0.0170046515543604,FALSE,FALSE,-0.0276190468243189,-0.0308019109837897,-0.046383699578704
4,4,"UK General Election","ukbge.t1tax","4:2503::ukbge.t1tax","2503","4:2503",0.803529409801259,0.764705882352941,0.257995665843596,0.324405564977291,17,17,16,0.822499997913837,0.75,0.25391599443879,0.329140294302192,-0.0388235274483176,-0.0664098991336947,FALSE,FALSE,-0.0388235274483176,-0.0724999979138374,-0.0752242998634017,FALSE,FALSE,-0.0724999979138374,-0.0483162495046946,-0.274416156079151
4,4,"UK General Election","ukbge.t1tax","4:2504::ukbge.t1tax","2504","4:2504",0.824117650003994,0.716666666666667,0.170332713617251,0.228868854108532,17,15,15,0.800666670004527,0.716666666666667,0.167778192058783,0.228868854108532,-0.107450983337328,-0.0585361404912811,FALSE,FALSE,-0.107450983337328,-0.0840000033378602,-0.0610906620497486,FALSE,FALSE,-0.0840000033378602,-0.130383062827021,-0.177561265279199
4,4,"UK General Election","ukbge.t1tax","4:2505::ukbge.t1tax","2505","4:2505",0.849999995608079,0.708333333333333,0.16542873468266,0.260796291926003,19,18,18,0.84166666203075,0.708333333333333,0.166070500845085,0.260796291926003,-0.141666662274745,-0.0953675572433424,FALSE,FALSE,-0.141666662274745,-0.133333328697416,-0.094725791080918,FALSE,FALSE,-0.133333328697416,-0.166666662360861,-0.285044076193712
4,4,"UK General Election","ukbge.t1tax","4:2506::ukbge.t1tax","2506","4:2506",0.754736845430575,0.734375,0.210300532118051,0.170018381359193,19,16,16,0.73000000603497,0.734375,0.218296430594643,0.170018381359193,-0.020361845430575,0.0402821507588584,FALSE,TRUE,-0.020361845430575,0.00437499396502961,0.04827804923545,TRUE,TRUE,0.00437499396502961,-0.0269787351099291,0.191545643528121
4,4,"UK General Election","ukbge.t1tax","4:2507::ukbge.t1tax","2507","4:2507",0.8523529382313,0.720588235294118,0.175304355677155,0.231880103400316,17,17,17,0.8523529382313,0.720588235294118,0.175304355677155,0.231880103400316,-0.131764702937182,-0.0565757477231608,FALSE,FALSE,-0.131764702937182,-0.131764702937182,-0.0565757477231608,FALSE,FALSE,-0.131764702937182,-0.154589369059494,-0.174242398111468
4,4,"UK General Election","ukbge.t1tax","4:2508::ukbge.t1tax","2508","4:2508",0.789473683426255,0.710526315789474,0.21274589780235,0.239547575516164,19,19,18,0.823888887961705,0.708333333333333,0.155228058195774,0.246296091535945,-0.078947367636781,-0.0268016777138142,FALSE,FALSE,-0.078947367636781,-0.115555554628372,-0.0910680333401708,FALSE,FALSE,-0.115555554628372,-0.0999999991059304,-0.0933030286034797
4,4,"UK General Election","ukbge.t1tax","4:2509::ukbge.t1tax","2509","4:2509",0.765294119715691,0.515625,0.202981448385434,0.232177195262584,17,16,16,0.802500002086163,0.515625,0.137283153725379,0.232177195262584,-0.249669119715691,-0.0291957468771495,FALSE,FALSE,-0.249669119715691,-0.286875002086163,-0.0948940415372045,FALSE,FALSE,-0.286875002086163,-0.326239433027976,-0.0982960381378338
4,4,"UK General Election","ukbge.t1tax","4:2510::ukbge.t1tax","2510","4:2510",0.794117647058823,0.694444444444444,0.190494708480245,0.250815662852275,17,18,17,0.794117647058823,0.691176470588235,0.190494708480245,0.258139554140323,-0.0996732026143791,-0.0603209543720297,FALSE,FALSE,-0.0996732026143791,-0.102941176470588,-0.0676448456600775,FALSE,FALSE,-0.102941176470588,-0.125514403292181,-0.194894743401114
4,4,"UK General Election","ukbge.t1tax","4:2511::ukbge.t1tax","2511","4:2511",0.754705880494679,0.6875,0.249927928563056,0.214087209644419,17,16,16,0.739374998025596,0.6875,0.249732354229181,0.214087209644419,-0.0672058804946787,0.0358407189186369,FALSE,TRUE,-0.0672058804946787,-0.051874998025596,0.0356451445847618,FALSE,TRUE,-0.051874998025596,-0.0890491014203149,0.143404217066499
4,4,"UK General Election","ukbge.t1tax","4:2512::ukbge.t1tax","2512","4:2512",0.728421054388347,0.763157894736842,0.249182285610423,0.24257994401798,19,19,19,0.728421054388347,0.763157894736842,0.249182285610423,0.24257994401798,0.0347368403484947,0.00660234159244336,TRUE,TRUE,0.0347368403484947,0.0347368403484947,0.00660234159244336,TRUE,TRUE,0.0347368403484947,0.127906971102859,0.0264960311134059
4,4,"UK General Election","ukbge.t1tax","4:2513::ukbge.t1tax","2513","4:2513",0.858421046482889,0.720588235294118,0.13885496580933,0.277859465113106,19,17,17,0.87117646371617,0.720588235294118,0.110616587117387,0.277859465113106,-0.137832811188771,-0.139004499303776,FALSE,FALSE,-0.137832811188771,-0.150588228422053,-0.167242877995718,FALSE,FALSE,-0.150588228422053,-0.160565507746459,-0.384899378764231
4,4,"UK General Election","ukbge.t1tax","4:2514::ukbge.t1tax","2514","4:2514",0.81599999666214,0.680555555555556,0.193863759465744,0.22369812174715,20,18,18,0.813888884252972,0.680555555555556,0.196861816234334,0.22369812174715,-0.135444441106584,-0.0298343622814053,FALSE,FALSE,-0.135444441106584,-0.133333328697416,-0.0268363055128158,FALSE,FALSE,-0.133333328697416,-0.165985835368409,-0.097454526224467
4,4,"UK General Election","ukbge.t1tax","4:2515::ukbge.t1tax","2515","4:2515",0.811333336432775,0.714285714285714,0.216856321854174,0.216109455376892,15,14,14,0.797857146177973,0.714285714285714,0.218427189558432,0.216109455376892,-0.0970476221470606,0.00074686647728231,FALSE,TRUE,-0.0970476221470606,-0.0835714318922588,0.0023177341815401,FALSE,TRUE,-0.0835714318922588,-0.119614981647068,0.0034440613531412
4,4,"UK General Election","ukbge.t1wage","4:2501::ukbge.t1wage","2501","4:2501",0.784117647830178,0.754705883124295,0.347510048606064,0.289333663597463,17,17,16,0.770625000819564,0.78125,0.354278019617644,0.276619471956003,-0.0294117647058824,0.0581763850086004,FALSE,TRUE,-0.0294117647058824,0.0106249991804361,0.0776585476616407,TRUE,TRUE,0.0106249991804361,-0.0375093773074373,0.167409216631168
4,4,"UK General Election","ukbge.t1wage","4:2502::ukbge.t1wage","2502","4:2502",0.904285711191949,0.746190474856467,0.207619157715093,0.308989904444945,21,21,21,0.904285711191949,0.746190474856467,0.207619157715093,0.308989904444945,-0.158095236335482,-0.101370746729852,FALSE,FALSE,-0.158095236335482,-0.158095236335482,-0.101370746729852,FALSE,FALSE,-0.158095236335482,-0.174828855945423,-0.346707896241275
4,4,"UK General Election","ukbge.t1wage","4:2503::ukbge.t1wage","2503","4:2503",0.712777777678437,0.61066666841507,0.360339797522657,0.444159986722224,18,15,15,0.688666666547457,0.61066666841507,0.387351198343492,0.444159986722224,-0.102111109263367,-0.0838201891995674,FALSE,FALSE,-0.102111109263367,-0.0779999981323878,-0.0568087883787323,FALSE,FALSE,-0.0779999981323878,-0.143257986515727,-0.60017233050457
4,4,"UK General Election","ukbge.t1wage","4:2504::ukbge.t1wage","2504","4:2504",0.812941173420233,0.783529407837812,0.269090240896746,0.326610263133778,17,17,17,0.812941173420233,0.783529407837812,0.269090240896746,0.326610263133778,-0.0294117655824212,-0.0575200222370319,FALSE,FALSE,-0.0294117655824212,-0.0294117655824212,-0.0575200222370319,FALSE,FALSE,-0.0294117655824212,-0.0361794512863447,-0.249101737667619
4,4,"UK General Election","ukbge.t1wage","4:2505::ukbge.t1wage","2505","4:2505",0.920526314722864,0.794999995165401,0.170700309518961,0.210552491073703,19,18,18,0.916111109985246,0.794999995165401,0.174529242925474,0.210552491073703,-0.125526319557463,-0.0398521815547416,FALSE,FALSE,-0.125526319557463,-0.121111114819845,-0.0360232481482289,FALSE,FALSE,-0.121111114819845,-0.136363640614939,-0.121021011275552
4,4,"UK General Election","ukbge.t1wage","4:2506::ukbge.t1wage","2506","4:2506",0.7866666648123,0.750555558337106,0.382607155087241,0.329392884583081,18,18,17,0.832941174507141,0.735882355886347,0.338503410375436,0.333411509321451,-0.0361111064751941,0.0532142705041599,FALSE,TRUE,-0.0361111064751941,-0.0970588186207939,0.00509190105398555,FALSE,TRUE,-0.0970588186207939,-0.045903949017352,0.139083312469747
4,4,"UK General Election","ukbge.t1wage","4:2507::ukbge.t1wage","2507","4:2507",0.814117648145732,0.8125,0.304755203699496,0.284382370447355,17,16,16,0.823125000111759,0.8125,0.312403983860972,0.284382370447355,-0.00161764814573173,0.0203728332521412,FALSE,TRUE,-0.00161764814573173,-0.0106250001117587,0.0280216134136166,FALSE,TRUE,-0.0106250001117587,-0.00198699555207549,0.0668498289933381
4,4,"UK General Election","ukbge.t1wage","4:2508::ukbge.t1wage","2508","4:2508",0.788947367354443,0.702222214804755,0.3373243515974,0.31013384937615,19,18,17,0.793529410572613,0.694705875480876,0.346391055687276,0.317984226986995,-0.086725152549688,0.02719050222125,FALSE,TRUE,-0.086725152549688,-0.0988235350917369,0.0284068287002809,FALSE,TRUE,-0.0988235350917369,-0.109925143473767,0.0806064017984156
4,4,"UK General Election","ukbge.t1wage","4:2509::ukbge.t1wage","2509","4:2509",0.822941172648879,0.766000000635783,0.238399996402887,0.31407005182119,17,15,15,0.832666662335396,0.766000000635783,0.234869770295145,0.31407005182119,-0.0569411720130957,-0.0756700554183032,FALSE,FALSE,-0.0569411720130957,-0.0666666616996128,-0.0792002815260451,FALSE,FALSE,-0.0666666616996128,-0.0691922751049309,-0.289258617652168
4,4,"UK General Election","ukbge.t1wage","4:2510::ukbge.t1wage","2510","4:2510",0.774117643342298,0.741111114621163,0.342418945967856,0.2372610568346,17,18,17,0.774117643342298,0.74529412038186,0.342418945967856,0.243877980267956,-0.033006528721136,0.105157889133255,FALSE,TRUE,-0.033006528721136,-0.0288235229604382,0.0985409656998996,FALSE,TRUE,-0.0288235229604382,-0.0426376132943158,0.307103010424917
4,4,"UK General Election","ukbge.t1wage","4:2511::ukbge.t1wage","2511","4:2511",0.872352940194747,0.810666664441427,0.161110573005176,0.344123454456819,17,15,15,0.855333332220713,0.810666664441427,0.164397888011546,0.344123454456819,-0.0616862757533204,-0.183012881451643,FALSE,FALSE,-0.0616862757533204,-0.0446666677792867,-0.179725566445272,FALSE,FALSE,-0.0446666677792867,-0.0707125211723931,-0.540037153340987
4,4,"UK General Election","ukbge.t1wage","4:2512::ukbge.t1wage","2512","4:2512",0.767777774069044,0.768333334061835,0.375336014384879,0.21475704016974,18,18,17,0.754117643131929,0.754705883124295,0.382247609097697,0.213193500268991,0.000555559992790333,0.160578974215139,TRUE,TRUE,0.000555559992790333,0.000588239992366235,0.169054108828707,TRUE,TRUE,0.000588239992366235,0.00239236356710969,0.427827248281261
4,4,"UK General Election","ukbge.t1wage","4:2513::ukbge.t1wage","2513","4:2513",0.788947368922986,0.81444444341792,0.26014727843461,0.241227792318247,19,18,18,0.814444444245762,0.81444444341792,0.242031163025074,0.241227792318247,0.0254970744949335,0.018919486116363,TRUE,TRUE,0.0254970744949335,-8.27842239203846e-10,0.000803370706826734,FALSE,TRUE,-8.27842239203846e-10,0.120809081435377,0.0727260582167442
4,4,"UK General Election","ukbge.t1wage","4:2514::ukbge.t1wage","2514","4:2514",0.8,0.693157895615226,0.360963621823501,0.397604669298375,20,19,19,0.789473684210526,0.693157895615226,0.367687573156051,0.397604669298375,-0.106842104384774,-0.036641047474874,FALSE,FALSE,-0.106842104384774,-0.0963157885953,-0.0299170961423239,FALSE,FALSE,-0.0963157885953,-0.133552630480967,-0.263535687245536
4,4,"UK General Election","ukbge.t1wage","4:2515::ukbge.t1wage","2515","4:2515",0.478000002106031,0.458750005811453,0.426550951242737,0.396986566435908,15,16,15,0.478000002106031,0.489333339532216,0.426550951242737,0.39092320552073,0.0192499962945779,0.0295643848068281,TRUE,TRUE,0.0192499962945779,-0.0113333374261856,0.0356277457220068,FALSE,TRUE,-0.0113333374261856,0.0402719585978324,0.0693103244071866
4,4,"UK General Election","ukbge.t1eu","4:2501::ukbge.t1eu","2501","4:2501",0.511333336432775,0.511428572237492,0.32432053521051,0.316151302205308,15,14,12,0.514166670540969,0.527499999850988,0.365823065391793,0.338878494283136,9.5235804716709e-05,0.008169233005202,TRUE,TRUE,9.5235804716709e-05,0.0133333293100197,0.0269445711086568,TRUE,TRUE,0.0133333293100197,0.000194889096836473,0.0251887627155632
4,4,"UK General Election","ukbge.t1eu","4:2502::ukbge.t1eu","2502","4:2502",0.524499998986721,0.641052631955398,0.333710790796765,0.309208570799732,20,19,18,0.508333330353101,0.648888889286253,0.348851049837992,0.316225697034616,0.116552632968677,0.0245022199970333,TRUE,TRUE,0.116552632968677,0.140555558933152,0.032625352803376,TRUE,TRUE,0.140555558933152,0.245115946835554,0.0734235172273931
4,4,"UK General Election","ukbge.t1eu","4:2503::ukbge.t1eu","2503","4:2503",0.440000004002026,0.501538468094973,0.373672007455169,0.340486080522885,14,13,12,0.402500003576279,0.474166675160329,0.365889328166319,0.340359663350769,-0.0615384640929464,0.0331859269322842,FALSE,TRUE,-0.0584615279030012,-0.07166667158405,0.0255296648155492,FALSE,TRUE,-0.07166667158405,-0.109890115237017,0.0888103102993757
4,4,"UK General Election","ukbge.t1eu","4:2504::ukbge.t1eu","2504","4:2504",0.458125000819564,0.678666671117147,0.410401732936451,0.270525061795923,16,15,14,0.523571429508073,0.655714290482657,0.396787233511833,0.265147687976347,-0.220541670297583,0.139876671140528,FALSE,TRUE,0.136791671936711,0.132142860974584,0.131639545535486,TRUE,TRUE,0.132142860974584,-0.406997316043633,0.340828656204011
4,4,"UK General Election","ukbge.t1eu","4:2505::ukbge.t1eu","2505","4:2505",0.570526315977699,0.754705882247756,0.401309988474978,0.257053435306674,19,17,17,0.608235294328016,0.754705882247756,0.398767401266694,0.257053435306674,0.184179566270058,0.144256553168304,TRUE,TRUE,0.184179566270058,0.14647058791974,0.14171396596002,TRUE,TRUE,0.14647058791974,0.428849480473625,0.35946414819251
4,4,"UK General Election","ukbge.t1eu","4:2506::ukbge.t1eu","2506","4:2506",0.517777778208256,0.648333335088359,0.356264200893454,0.290440838831776,18,18,18,0.517777778208256,0.648333335088359,0.356264200893454,0.290440838831776,0.130555556880103,0.0658233620616779,TRUE,TRUE,0.130555556880103,0.130555556880103,0.0658233620616779,TRUE,TRUE,0.130555556880103,0.270737330177384,0.184759967172125
4,4,"UK General Election","ukbge.t1eu","4:2507::ukbge.t1eu","2507","4:2507",0.333750002086163,0.583124999888241,0.338740313968621,0.33284067489442,16,16,15,0.344666668772697,0.588666666547457,0.347704034431853,0.343757940824202,-0.249374997802079,0.00589963907420166,FALSE,TRUE,-0.0831249980255961,-0.24399999777476,0.00394609360765097,FALSE,TRUE,-0.0666666646798452,-0.374296433145099,0.0174164067012944
4,4,"UK General Election","ukbge.t1eu","4:2508::ukbge.t1eu","2508","4:2508",0.457368423279963,0.59333333455854,0.341025285754234,0.285718904572749,19,18,17,0.432352941702394,0.579411766984884,0.35287266355767,0.288150795801832,-0.135964911278577,0.0553063811814852,FALSE,TRUE,0.0507017578385028,-0.14705882528249,0.0647218677558384,FALSE,TRUE,0.0117647086872773,-0.250565792909479,0.162176775423459
4,4,"UK General Election","ukbge.t1eu","4:2509::ukbge.t1eu","2509","4:2509",0.520000003716525,0.721333328882853,0.316445096626486,0.161283535339618,17,15,15,0.544666669766108,0.721333328882853,0.304745012017787,0.161283535339618,0.201333325166328,0.155161561286868,TRUE,TRUE,0.201333325166328,0.176666659116745,0.143461476678169,TRUE,TRUE,0.176666659116745,0.419444430677508,0.490326957001366
4,4,"UK General Election","ukbge.t1eu","4:2510::ukbge.t1eu","2510","4:2510",0.388888893855943,0.510588238344473,0.291504997244978,0.284966457955816,18,17,17,0.411764711141586,0.510588238344473,0.283333621270353,0.284966457955816,-0.12169934448853,0.00653853928916287,FALSE,TRUE,-0.100522867799584,-0.0988235272028866,-0.00163283668546249,FALSE,FALSE,-0.0776470505139407,-0.199144383508949,0.0224302819881607
4,4,"UK General Election","ukbge.t1eu","4:2511::ukbge.t1eu","2511","4:2511",0.473846153571055,0.566666667660077,0.351722861878206,0.313087539600761,13,15,13,0.473846153571055,0.590000002430036,0.351722861878206,0.285014616339781,-0.0928205140890221,0.0386353222774458,FALSE,TRUE,0.0405128212311328,-0.11615384885898,0.066708245538425,FALSE,TRUE,0.063846156001091,-0.176413257679296,0.109845922642425
4,4,"UK General Election","ukbge.t1eu","4:2512::ukbge.t1eu","2512","4:2512",0.499999999172158,0.482777782612377,0.365336264640302,0.267071385289349,18,18,17,0.480588235399302,0.501176475602038,0.366886741309052,0.263269880510667,0.0172222165597808,0.0982648793509528,TRUE,TRUE,0.0172222165597808,-0.0205882402027355,0.103616860798385,FALSE,TRUE,-0.0182352889986599,0.0344444331765908,0.26897105177254
4,4,"UK General Election","ukbge.t1eu","4:2513::ukbge.t1eu","2513","4:2513",0.405000001192093,0.627647063311409,0.344221530134386,0.267290322063462,14,17,13,0.436153847437639,0.590000005868765,0.337108747880731,0.277938840549611,-0.222647062119316,0.0769312080709242,FALSE,TRUE,0.0326470645035016,-0.153846158431127,0.0591699073311203,FALSE,TRUE,0.0261538533064036,-0.374196743807383,0.22349330688551
4,4,"UK General Election","ukbge.t1eu","4:2514::ukbge.t1eu","2514","4:2514",0.367000006884337,0.620555558138424,0.323062649414652,0.241136332454506,20,18,18,0.389444451365206,0.620555558138424,0.328803040750243,0.241136332454506,-0.253555551254087,0.0819263169601461,FALSE,TRUE,-0.0124444349772399,-0.231111106773218,0.0876667082957374,FALSE,TRUE,0.0100000095036296,-0.40056169670093,0.253592661078543
4,4,"UK General Election","ukbge.t1eu","4:2515::ukbge.t1eu","2515","4:2515",0.449230771798354,0.427857140345233,0.392395664699909,0.405883241123909,13,14,12,0.403333336114883,0.415833330402771,0.371614004793065,0.38488388119766,0.0213736314531212,-0.013487576424,TRUE,FALSE,0.0213736314531212,-0.0124999942878881,-0.0132698764045944,FALSE,FALSE,-0.0124999942878881,0.0475782889216573,-0.125344173042706
5,5,"Australia Republic Referendum","aus.republican1","5:2601::aus.republican1","2601","5:2601",0.729166666666667,0.84375,0.170782512765993,0.142318760638328,16,16,16,0.729166666666667,0.84375,0.170782512765993,0.142318760638328,0.114583333333333,0.0284637521276656,TRUE,TRUE,0.114583333333333,0.114583333333333,0.0284637521276656,TRUE,TRUE,0.114583333333333,0.423076923076923,0.166666666666667
5,5,"Australia Republic Referendum","aus.republican1","5:2602::aus.republican1","2602","5:2602",0.563725490196079,0.602941176470588,0.257743634345742,0.189867945165336,17,17,17,0.563725490196079,0.602941176470588,0.257743634345742,0.189867945165336,0.0392156862745097,0.0678756891804058,TRUE,TRUE,0.0392156862745097,0.0392156862745097,0.0678756891804058,TRUE,TRUE,0.0392156862745097,0.0898876404494379,0.26334574412556
5,5,"Australia Republic Referendum","aus.republican1","5:2603::aus.republican1","2603","5:2603",0.55952380952381,0.714285714285714,0.243348637182457,0.256776295506548,14,14,14,0.55952380952381,0.714285714285714,0.243348637182457,0.256776295506548,0.154761904761905,-0.0134276583240904,TRUE,FALSE,0.154761904761905,0.154761904761905,-0.0134276583240904,TRUE,FALSE,0.154761904761905,0.351351351351351,-0.0523186714330299
5,5,"Australia Republic Referendum","aus.republican1","5:2604::aus.republican1","2604","5:2604",0.682291666666667,0.697916666666667,0.280902563178053,0.257974661402871,16,16,16,0.682291666666667,0.697916666666667,0.280902563178053,0.257974661402871,0.0156249999999998,0.0229279017751819,TRUE,TRUE,0.0156249999999998,0.0156249999999998,0.0229279017751819,TRUE,TRUE,0.0156249999999998,0.0491803278688518,0.0816222590345281
5,5,"Australia Republic Referendum","aus.republican1","5:2605::aus.republican1","2605","5:2605",0.551282051282051,0.788461538461538,0.262507631146709,0.197247801398888,13,13,13,0.551282051282051,0.788461538461538,0.262507631146709,0.197247801398888,0.237179487179487,0.0652598297478208,TRUE,TRUE,0.237179487179487,0.237179487179487,0.0652598297478208,TRUE,TRUE,0.237179487179487,0.528571428571429,0.24860164812256
5,5,"Australia Republic Referendum","aus.republican1","5:2606::aus.republican1","2606","5:2606",0.7109375,0.78125,0.196890615194965,0.166319081999141,16,16,16,0.7109375,0.78125,0.196890615194965,0.166319081999141,0.0703124999999999,0.030571533195824,TRUE,TRUE,0.0703124999999999,0.0703124999999999,0.030571533195824,TRUE,TRUE,0.0703124999999999,0.243243243243243,0.155271662722733
5,5,"Australia Republic Referendum","aus.republican1","5:2607::aus.republican1","2607","5:2607",0.733333333333333,0.788888888888889,0.225374467927605,0.231169101393663,15,15,15,0.733333333333333,0.788888888888889,0.225374467927605,0.231169101393663,0.0555555555555555,-0.00579463346605816,TRUE,FALSE,0.0555555555555555,0.0555555555555555,-0.00579463346605816,TRUE,FALSE,0.0555555555555555,0.208333333333333,-0.0211001264970899
5,5,"Australia Republic Referendum","aus.republican1","5:2608::aus.republican1","2608","5:2608",0.680555555555555,0.645833333333333,0.206685401562024,0.254070399056576,12,12,12,0.680555555555555,0.645833333333333,0.206685401562024,0.254070399056576,-0.0347222222222222,-0.0473849974945516,FALSE,FALSE,-0.0347222222222222,-0.0347222222222222,-0.0473849974945516,FALSE,FALSE,-0.0347222222222222,-0.0510204081632653,-0.161550082221944
5,5,"Australia Republic Referendum","aus.republican1","5:2609::aus.republican1","2609","5:2609",0.708333333333333,0.802083333333333,0.174801474695025,0.157747454050008,16,16,16,0.708333333333333,0.802083333333333,0.174801474695025,0.157747454050008,0.09375,0.0170540206450177,TRUE,TRUE,0.09375,0.09375,0.0170540206450177,TRUE,TRUE,0.09375,0.321428571428571,0.097562224087478
5,5,"Australia Republic Referendum","aus.republican1","5:2610::aus.republican1","2610","5:2610",0.636904761904762,0.630952380952381,0.220738714265486,0.288145940502522,14,14,14,0.636904761904762,0.630952380952381,0.220738714265486,0.288145940502522,-0.00595238095238115,-0.0674072262370358,FALSE,FALSE,-0.00595238095238115,-0.00595238095238115,-0.0674072262370358,FALSE,FALSE,-0.00595238095238115,-0.00934579439252368,-0.24137691001365
5,5,"Australia Republic Referendum","aus.republican1","5:2611::aus.republican1","2611","5:2611",0.767857142857143,0.833333333333333,0.259804683846296,0.160128153805087,14,14,14,0.767857142857143,0.833333333333333,0.259804683846296,0.160128153805087,0.0654761904761904,0.0996765300412088,TRUE,TRUE,0.0654761904761904,0.0654761904761904,0.0996765300412088,TRUE,TRUE,0.0654761904761904,0.282051282051282,0.383659480520293
5,5,"Australia Republic Referendum","aus.republican1","5:2612::aus.republican1","2612","5:2612",0.738095238095238,0.869047619047619,0.242091013067521,0.152312255577229,14,14,14,0.738095238095238,0.869047619047619,0.242091013067521,0.152312255577229,0.130952380952381,0.0897787574902918,TRUE,TRUE,0.130952380952381,0.130952380952381,0.0897787574902918,TRUE,TRUE,0.130952380952381,0.5,0.370847130394104
5,5,"Australia Republic Referendum","aus.republican1","5:2613::aus.republican1","2613","5:2613",0.65625,0.765625,0.217040276173528,0.217772285928487,16,16,16,0.65625,0.765625,0.217040276173528,0.217772285928487,0.109375,-0.000732009754958324,TRUE,FALSE,0.109375,0.109375,-0.000732009754958324,TRUE,FALSE,0.109375,0.318181818181818,-0.00258697508274088
5,5,"Australia Republic Referendum","aus.republican1","5:2614::aus.republican1","2614","5:2614",0.803571428571429,0.732142857142857,0.210836609017684,0.150421670236302,14,14,14,0.803571428571429,0.732142857142857,0.210836609017684,0.150421670236302,-0.0714285714285716,0.0604149387813816,FALSE,TRUE,-0.0714285714285716,-0.0714285714285716,0.0604149387813816,FALSE,TRUE,-0.0714285714285716,-0.0888888888888891,0.286548617257994
5,5,"Australia Republic Referendum","aus.republican1","5:2615::aus.republican1","2615","5:2615",0.639880952380952,0.69047619047619,0.207760200656432,0.22030614729235,14,14,14,0.639880952380952,0.69047619047619,0.207760200656432,0.22030614729235,0.0505952380952381,-0.0125459466359176,TRUE,FALSE,0.0505952380952381,0.0505952380952381,-0.0125459466359176,TRUE,FALSE,0.0505952380952381,0.140495867768595,-0.04293031498139
5,5,"Australia Republic Referendum","aus.republican1","5:2616::aus.republican1","2616","5:2616",0.633333333333333,0.8,0.323975797645931,0.203637555397461,15,15,15,0.633333333333333,0.8,0.323975797645931,0.203637555397461,0.166666666666667,0.120338242248471,TRUE,TRUE,0.166666666666667,0.166666666666667,0.120338242248471,TRUE,TRUE,0.166666666666667,0.454545454545455,0.371442074139089
5,5,"Australia Republic Referendum","aus.republican1","5:2617::aus.republican1","2617","5:2617",0.720238095238095,0.744047619047619,0.264751017643184,0.256255676848283,14,14,14,0.720238095238095,0.744047619047619,0.264751017643184,0.256255676848283,0.0238095238095239,0.00849534079490016,TRUE,TRUE,0.0238095238095239,0.0238095238095239,0.00849534079490016,TRUE,TRUE,0.0238095238095239,0.0851063829787239,0.0320880383030282
5,5,"Australia Republic Referendum","aus.republican1","5:2618::aus.republican1","2618","5:2618",0.756944444444444,0.868055555555556,0.211590696618786,0.130356607495919,12,12,12,0.756944444444444,0.868055555555556,0.211590696618786,0.130356607495919,0.111111111111111,0.0812340891228664,TRUE,TRUE,0.111111111111111,0.111111111111111,0.0812340891228664,TRUE,TRUE,0.111111111111111,0.457142857142857,0.383920892652585
5,5,"Australia Republic Referendum","aus.republican1","5:2619::aus.republican1","2619","5:2619",0.588888888888889,0.688888888888889,0.29288295150183,0.240837383939133,15,15,15,0.588888888888889,0.688888888888889,0.29288295150183,0.240837383939133,0.1,0.0520455675626967,TRUE,TRUE,0.1,0.1,0.0520455675626967,TRUE,TRUE,0.1,0.243243243243243,0.17770091190293
5,5,"Australia Republic Referendum","aus.republican1","5:2620::aus.republican1","2620","5:2620",0.604166666666667,0.661458333333333,0.202986954516057,0.242419803463147,16,16,16,0.604166666666667,0.661458333333333,0.202986954516057,0.242419803463147,0.0572916666666669,-0.0394328489470906,TRUE,FALSE,0.0572916666666669,0.0572916666666669,-0.0394328489470906,TRUE,FALSE,0.0572916666666669,0.144736842105264,-0.132764703593541
5,5,"Australia Republic Referendum","aus.republican1","5:2621::aus.republican1","2621","5:2621",0.615384615384615,0.762820512820513,0.237020621315478,0.217429623155726,13,13,13,0.615384615384615,0.762820512820513,0.237020621315478,0.217429623155726,0.147435897435897,0.0195909981597515,TRUE,TRUE,0.147435897435897,0.147435897435897,0.0195909981597515,TRUE,TRUE,0.147435897435897,0.383333333333333,0.0826552476785367
5,5,"Australia Republic Referendum","aus.republican1","5:2622::aus.republican1","2622","5:2622",0.727777777777778,0.85,0.217002182223929,0.16122054302124,15,15,15,0.727777777777778,0.85,0.217002182223929,0.16122054302124,0.122222222222222,0.0557816392026887,TRUE,TRUE,0.122222222222222,0.122222222222222,0.0557816392026887,TRUE,TRUE,0.122222222222222,0.448979591836735,0.257055660136757
5,5,"Australia Republic Referendum","aus.republican1","5:2623::aus.republican1","2623","5:2623",0.653846153846154,0.775641025641026,0.242589602208576,0.187529674764766,13,13,13,0.653846153846154,0.775641025641026,0.242589602208576,0.187529674764766,0.121794871794872,0.0550599274438099,TRUE,TRUE,0.121794871794872,0.121794871794872,0.0550599274438099,TRUE,TRUE,0.121794871794872,0.351851851851852,0.226967384185205
5,5,"Australia Republic Referendum","aus.republican1","5:2624::aus.republican1","2624","5:2624",0.647435897435897,0.705128205128205,0.268211338196807,0.22977289667318,13,13,13,0.647435897435897,0.705128205128205,0.268211338196807,0.22977289667318,0.0576923076923076,0.0384384415236267,TRUE,TRUE,0.0576923076923076,0.0576923076923076,0.0384384415236267,TRUE,TRUE,0.0576923076923076,0.163636363636363,0.143314006715934
5,5,"Australia Republic Referendum","aus.popparl1","5:2601::aus.popparl1","2601","5:2601",0.671875,0.363636363636364,0.28458668860882,0.323334895341432,16,11,11,0.590909090909091,0.363636363636364,0.301511344577764,0.323334895341432,-0.308238636363636,-0.0387482067326119,FALSE,FALSE,-0.0355113636363636,-0.227272727272727,-0.021823550763668,FALSE,FALSE,0.0454545454545454,-0.45877378435518,-0.179878422936673
5,5,"Australia Republic Referendum","aus.popparl1","5:2602::aus.popparl1","2602","5:2602",0.705882352941177,0.295454545454545,0.282777713573962,0.269679944985297,17,11,11,0.704545454545455,0.295454545454545,0.245412454303511,0.269679944985297,-0.410427807486631,0.0130977685886651,FALSE,TRUE,-0.00133689839572199,-0.409090909090909,-0.0242674906817861,FALSE,FALSE,-5.55111512312578e-17,-0.581439393939394,0.0463182491403775
5,5,"Australia Republic Referendum","aus.popparl1","5:2603::aus.popparl1","2603","5:2603",0.535714285714286,0.3125,0.307863963107441,0.22160131510698,14,8,8,0.5,0.3125,0.327326835353989,0.22160131510698,-0.223214285714286,0.0862626480004614,FALSE,TRUE,0.151785714285714,NA,0.105725520247009,NA,TRUE,0.1875,-0.416666666666667,0.280197289509837
5,5,"Australia Republic Referendum","aus.popparl1","5:2604::aus.popparl1","2604","5:2604",0.640625,0.375,0.273385411705404,0.31079078025403,16,12,12,0.625,0.375,0.31079078025403,0.31079078025403,-0.265625,-0.0374053685486264,FALSE,FALSE,-0.015625,-0.25,0,FALSE,FALSE,0,-0.414634146341463,-0.165061608919898
5,5,"Australia Republic Referendum","aus.popparl1","5:2605::aus.popparl1","2605","5:2605",0.788461538461538,0.386363636363636,0.224679258568229,0.342119064866977,13,11,11,0.818181818181818,0.386363636363636,0.161667447670716,0.342119064866977,-0.402097902097902,-0.117439806298747,FALSE,FALSE,-0.174825174825175,-0.431818181818182,-0.180451617196261,FALSE,FALSE,-0.204545454545455,-0.509977827050998,-0.42655633457914
5,5,"Australia Republic Referendum","aus.popparl1","5:2606::aus.popparl1","2606","5:2606",0.546875,0.3,0.367636029246319,0.34960294939005,16,10,10,0.5,0.3,0.440958551844098,0.34960294939005,-0.246875,0.0180330798562681,FALSE,TRUE,0.153125,NA,0.091355602454048,NA,TRUE,0.2,-0.451428571428571,0.0490514487745862
5,5,"Australia Republic Referendum","aus.popparl1","5:2607::aus.popparl1","2607","5:2607",0.5,0.25,0.340692571934623,0.25,15,13,13,0.480769230769231,0.25,0.330112645886762,0.25,NA,0.0906925719346234,NA,TRUE,0.25,0.230769230769231,0.0801126458867624,TRUE,TRUE,0.230769230769231,NA,0.266200614294657
5,5,"Australia Republic Referendum","aus.popparl1","5:2608::aus.popparl1","2608","5:2608",0.583333333333333,0.291666666666667,0.325669473639465,0.20871177748418,12,12,12,0.583333333333333,0.291666666666667,0.325669473639465,0.20871177748418,-0.291666666666667,0.116957696155284,FALSE,TRUE,0.125,-0.291666666666667,0.116957696155284,FALSE,TRUE,0.125,-0.5,0.359130055538344
5,5,"Australia Republic Referendum","aus.popparl1","5:2609::aus.popparl1","2609","5:2609",0.734375,0.375,0.309148696692492,0.23513498578149,16,14,14,0.785714285714286,0.375,0.256776295506548,0.23513498578149,-0.359375,0.0740137109110023,FALSE,TRUE,-0.109375,-0.410714285714286,0.0216413097250577,FALSE,TRUE,-0.160714285714286,-0.48936170212766,0.239411363214069
5,5,"Australia Republic Referendum","aus.popparl1","5:2610::aus.popparl1","2610","5:2610",0.482142857142857,0.4375,0.317203612634112,0.339200262649984,14,12,12,0.520833333333333,0.4375,0.310028102343036,0.339200262649984,0.0446428571428572,-0.0219966500158719,TRUE,FALSE,0.0446428571428572,-0.0833333333333334,-0.0291721603069477,FALSE,FALSE,0.0416666666666666,0.0925925925925926,-0.120334161592828
5,5,"Australia Republic Referendum","aus.popparl1","5:2611::aus.popparl1","2611","5:2611",0.642857142857143,0.181818181818182,0.28946711176092,0.226133508433323,14,11,11,0.636363636363636,0.181818181818182,0.323334895341432,0.226133508433323,-0.461038961038961,0.063333603327597,FALSE,TRUE,0.175324675324675,-0.454545454545455,0.097201386908109,FALSE,TRUE,0.181818181818182,-0.717171717171717,0.218793779170002
5,5,"Australia Republic Referendum","aus.popparl1","5:2612::aus.popparl1","2612","5:2612",0.660714285714286,0.361111111111111,0.270454440517445,0.253448438762426,14,9,9,0.75,0.361111111111111,0.25,0.253448438762426,-0.299603174603175,0.0170060017550195,FALSE,TRUE,-0.0218253968253968,-0.388888888888889,-0.00344843876242579,FALSE,FALSE,-0.111111111111111,-0.453453453453453,0.0628793586176027
5,5,"Australia Republic Referendum","aus.popparl1","5:2613::aus.popparl1","2613","5:2613",0.6875,0.386363636363636,0.281365716935569,0.258931370338657,16,11,11,0.704545454545455,0.386363636363636,0.269679944985297,0.258931370338657,-0.301136363636364,0.0224343465969123,FALSE,TRUE,-0.0738636363636364,-0.318181818181818,0.0107485746466403,FALSE,TRUE,-0.0909090909090909,-0.43801652892562,0.079733760179637
5,5,"Australia Republic Referendum","aus.popparl1","5:2614::aus.popparl1","2614","5:2614",0.589285714285714,0.25,0.31936148521974,0.21650635094611,14,9,9,0.583333333333333,0.25,0.330718913883074,0.21650635094611,-0.339285714285714,0.10285513427363,FALSE,TRUE,0.160714285714286,-0.333333333333333,0.114212562936964,FALSE,TRUE,0.166666666666667,-0.575757575757576,0.322064929660694
5,5,"Australia Republic Referendum","aus.popparl1","5:2615::aus.popparl1","2615","5:2615",0.732142857142857,0.519230769230769,0.249312240787719,0.31393899456374,14,13,13,0.711538461538462,0.519230769230769,0.246774058396412,0.31393899456374,-0.212912087912088,-0.0646267537760219,FALSE,FALSE,-0.212912087912088,-0.192307692307692,-0.0671649361673282,FALSE,FALSE,-0.192307692307692,-0.290806754221388,-0.257797803846083
5,5,"Australia Republic Referendum","aus.popparl1","5:2616::aus.popparl1","2616","5:2616",0.766666666666667,0.25,0.175932887637249,0.240192230707631,15,14,14,0.767857142857143,0.25,0.182511477886843,0.240192230707631,-0.516666666666667,-0.0642593430703815,FALSE,FALSE,-0.0166666666666667,-0.517857142857143,-0.0576807528207878,FALSE,FALSE,-0.0178571428571429,-0.673913043478261,-0.198290232544337
5,5,"Australia Republic Referendum","aus.popparl1","5:2617::aus.popparl1","2617","5:2617",0.589285714285714,0.288461538461538,0.303934818055407,0.224679258568229,14,13,13,0.576923076923077,0.288461538461538,0.312660215339928,0.224679258568229,-0.300824175824176,0.0792555594871782,FALSE,TRUE,0.122252747252747,-0.288461538461538,0.0879809567716989,FALSE,TRUE,0.134615384615385,-0.51048951048951,0.260764989000799
5,5,"Australia Republic Referendum","aus.popparl1","5:2618::aus.popparl1","2618","5:2618",0.6875,0.214285714285714,0.284545091489748,0.0944911182523068,12,7,7,0.678571428571429,0.214285714285714,0.313391585264004,0.0944911182523068,-0.473214285714286,0.190053973237441,FALSE,TRUE,0.0982142857142857,-0.464285714285714,0.218900467011698,FALSE,TRUE,0.107142857142857,-0.688311688311688,0.667922163908734
5,5,"Australia Republic Referendum","aus.popparl1","5:2619::aus.popparl1","2619","5:2619",0.666666666666667,0.446428571428571,0.278174320132093,0.297078263266592,15,14,14,0.660714285714286,0.446428571428571,0.287682097133258,0.297078263266592,-0.220238095238095,-0.0189039431344986,FALSE,FALSE,-0.113095238095238,-0.214285714285714,-0.00939616613333444,FALSE,FALSE,-0.107142857142857,-0.330357142857143,-0.0852198138004382
5,5,"Australia Republic Referendum","aus.popparl1","5:2620::aus.popparl1","2620","5:2620",0.609375,0.5,0.302334665561196,0.353553390593274,16,13,13,0.576923076923077,0.5,0.312660215339928,0.353553390593274,-0.109375,-0.0512187250320782,FALSE,FALSE,-0.109375,-0.0769230769230769,-0.0408931752533456,FALSE,FALSE,-0.0769230769230769,-0.17948717948718,-0.259118399174515
5,5,"Australia Republic Referendum","aus.popparl1","5:2621::aus.popparl1","2621","5:2621",0.75,0.272727272727273,0.25,0.0753778361444409,13,11,11,0.795454545454545,0.272727272727273,0.218465724376326,0.0753778361444409,-0.477272727272727,0.174622163855559,FALSE,TRUE,-0.0227272727272727,-0.522727272727273,0.143087888231885,FALSE,TRUE,-0.0681818181818181,-0.636363636363636,0.698488655422236
5,5,"Australia Republic Referendum","aus.popparl1","5:2622::aus.popparl1","2622","5:2622",0.633333333333333,0.403846153846154,0.388066022855954,0.298231969601362,15,13,13,0.634615384615385,0.403846153846154,0.390184045988031,0.298231969601362,-0.229487179487179,0.0898340532545924,FALSE,TRUE,-0.0371794871794872,-0.230769230769231,0.0919520763866689,FALSE,TRUE,-0.0384615384615384,-0.362348178137652,0.231491674002951
5,5,"Australia Republic Referendum","aus.popparl1","5:2623::aus.popparl1","2623","5:2623",0.807692307692308,0.3125,0.14978617237882,0.284545091489748,13,12,12,0.791666666666667,0.3125,0.144337567297406,0.284545091489748,-0.495192307692308,-0.134758919110929,FALSE,FALSE,-0.120192307692308,-0.479166666666667,-0.140207524192342,FALSE,FALSE,-0.104166666666667,-0.613095238095238,-0.384790400842467
5,5,"Australia Republic Referendum","aus.popparl1","5:2624::aus.popparl1","2624","5:2624",0.634615384615385,0.416666666666667,0.299572344757639,0.374368154563813,13,12,12,0.604166666666667,0.416666666666667,0.291125038220329,0.374368154563813,-0.217948717948718,-0.0747958098061742,FALSE,FALSE,-0.0512820512820512,-0.1875,-0.0832431163434845,FALSE,FALSE,-0.0208333333333333,-0.343434343434343,-0.373181084794559
6,6,"UK Crime","ukcrime.rootcauset1","6:2701::ukcrime.rootcauset1","2701","6:2701",0.784313725490196,0.848039215686274,0.1474871214052,0.0942592378579874,17,17,17,0.784313725490196,0.848039215686274,0.1474871214052,0.0942592378579874,0.0637254901960785,0.0532278835472125,TRUE,TRUE,0.0637254901960785,0.0637254901960785,0.0532278835472125,TRUE,TRUE,0.0637254901960785,0.295454545454546,0.360898518054173
6,6,"UK Crime","ukcrime.rootcauset1","6:2702::ukcrime.rootcauset1","2702","6:2702",0.82843137254902,0.852941176470588,0.151584765647708,0.1197850062087,17,17,17,0.82843137254902,0.852941176470588,0.151584765647708,0.1197850062087,0.0245098039215687,0.0317997594390082,TRUE,TRUE,0.0245098039215687,0.0245098039215687,0.0317997594390082,TRUE,TRUE,0.0245098039215687,0.142857142857143,0.20978202725802
6,6,"UK Crime","ukcrime.rootcauset1","6:2703::ukcrime.rootcauset1","2703","6:2703",0.808823529411765,0.843137254901961,0.247846113704515,0.117417054578466,17,17,17,0.808823529411765,0.843137254901961,0.247846113704515,0.117417054578466,0.0343137254901961,0.130429059126049,TRUE,TRUE,0.0343137254901961,0.0343137254901961,0.130429059126049,TRUE,TRUE,0.0343137254901961,0.179487179487179,0.526250168608851
6,6,"UK Crime","ukcrime.rootcauset1","6:2704::ukcrime.rootcauset1","2704","6:2704",0.75,0.827777777777778,0.169616748199703,0.138968231305465,15,15,15,0.75,0.827777777777778,0.169616748199703,0.138968231305465,0.0777777777777778,0.0306485168942372,TRUE,TRUE,0.0777777777777778,0.0777777777777778,0.0306485168942372,TRUE,TRUE,0.0777777777777778,0.311111111111111,0.180692751273314
6,6,"UK Crime","ukcrime.rootcauset1","6:2705::ukcrime.rootcauset1","2705","6:2705",0.78125,0.796875,0.212731355539398,0.152050034406319,16,16,16,0.78125,0.796875,0.212731355539398,0.152050034406319,0.0156250000000001,0.0606813211330783,TRUE,TRUE,0.0156250000000001,0.0156250000000001,0.0606813211330783,TRUE,TRUE,0.0156250000000001,0.0714285714285719,0.285248599009844
6,6,"UK Crime","ukcrime.rootcauset1","6:2706::ukcrime.rootcauset1","2706","6:2706",0.797619047619048,0.851190476190476,0.152312255577229,0.127343717812943,14,14,14,0.797619047619048,0.851190476190476,0.152312255577229,0.127343717812943,0.0535714285714284,0.0249685377642861,TRUE,TRUE,0.0535714285714284,0.0535714285714284,0.0249685377642861,TRUE,TRUE,0.0535714285714284,0.26470588235294,0.163929932425076
6,6,"UK Crime","ukcrime.rootcauset1","6:2707::ukcrime.rootcauset1","2707","6:2707",0.68939393939394,0.803030303030303,0.190361166568641,0.0933387444318875,11,11,11,0.68939393939394,0.803030303030303,0.190361166568641,0.0933387444318875,0.113636363636364,0.0970224221367532,TRUE,TRUE,0.113636363636364,0.113636363636364,0.0970224221367532,TRUE,TRUE,0.113636363636364,0.365853658536585,0.509675496770864
6,6,"UK Crime","ukcrime.rootcauset1","6:2708::ukcrime.rootcauset1","2708","6:2708",0.75,0.814102564102564,0.186338998124982,0.144953082103817,13,13,13,0.75,0.814102564102564,0.186338998124982,0.144953082103817,0.064102564102564,0.041385916021165,TRUE,TRUE,0.064102564102564,0.064102564102564,0.041385916021165,TRUE,TRUE,0.064102564102564,0.256410256410256,0.222100131682614
6,6,"UK Crime","ukcrime.rootcauset1","6:2709::ukcrime.rootcauset1","2709","6:2709",0.802083333333333,0.84375,0.171796067734069,0.117359056523764,16,16,16,0.802083333333333,0.84375,0.171796067734069,0.117359056523764,0.0416666666666666,0.0544370112103048,TRUE,TRUE,0.0416666666666666,0.0416666666666666,0.0544370112103048,TRUE,TRUE,0.0416666666666666,0.210526315789474,0.316869948936027
6,6,"UK Crime","ukcrime.rootcauset1","6:2710::ukcrime.rootcauset1","2710","6:2710",0.833333333333333,0.844444444444445,0.20167945650116,0.166269367730507,15,15,15,0.833333333333333,0.844444444444445,0.20167945650116,0.166269367730507,0.0111111111111112,0.0354100887706525,TRUE,TRUE,0.0111111111111112,0.0111111111111112,0.0354100887706525,TRUE,TRUE,0.0111111111111112,0.0666666666666671,0.175576081892351
6,6,"UK Crime","ukcrime.rootcauset1","6:2711::ukcrime.rootcauset1","2711","6:2711",0.773148148148148,0.800925925925926,0.139459611705406,0.181088955700074,18,18,18,0.773148148148148,0.800925925925926,0.139459611705406,0.181088955700074,0.0277777777777778,-0.041629343994668,TRUE,FALSE,0.0277777777777778,0.0277777777777778,-0.041629343994668,TRUE,FALSE,0.0277777777777778,0.122448979591837,-0.115463746493369
6,6,"UK Crime","ukcrime.rootcauset1","6:2712::ukcrime.rootcauset1","2712","6:2712",0.827777777777778,0.855555555555556,0.135351785433757,0.165071733645337,15,15,15,0.827777777777778,0.855555555555556,0.135351785433757,0.165071733645337,0.0277777777777778,-0.0297199482115804,TRUE,FALSE,0.0277777777777778,0.0277777777777778,-0.0297199482115804,TRUE,FALSE,0.0277777777777778,0.161290322580645,-0.0815030679553249
6,6,"UK Crime","ukcrime.rootcauset1","6:2713::ukcrime.rootcauset1","2713","6:2713",0.833333333333333,0.826388888888889,0.158910431540932,0.148470031212869,12,12,12,0.833333333333333,0.826388888888889,0.158910431540932,0.148470031212869,-0.00694444444444442,0.0104404003280635,FALSE,TRUE,-0.00694444444444442,-0.00694444444444442,0.0104404003280635,FALSE,TRUE,-0.00694444444444442,-0.0083333333333333,0.0656999054550692
6,6,"UK Crime","ukcrime.rootcauset1","6:2714::ukcrime.rootcauset1","2714","6:2714",0.768518518518519,0.782407407407407,0.16802280510569,0.148903642815962,18,18,18,0.768518518518519,0.782407407407407,0.16802280510569,0.148903642815962,0.0138888888888888,0.0191191622897282,TRUE,TRUE,0.0138888888888888,0.0138888888888888,0.0191191622897282,TRUE,TRUE,0.0138888888888888,0.0599999999999998,0.113789091175462
6,6,"UK Crime","ukcrime.rootcauset1","6:2715::ukcrime.rootcauset1","2715","6:2715",0.744791666666667,0.776041666666667,0.191167829115908,0.176694835280533,16,16,16,0.744791666666667,0.776041666666667,0.191167829115908,0.176694835280533,0.03125,0.0144729938353744,TRUE,TRUE,0.03125,0.03125,0.0144729938353744,TRUE,TRUE,0.03125,0.122448979591837,0.0757083129640981
6,6,"UK Crime","ukcrime.rootcauset1","6:2716::ukcrime.rootcauset1","2716","6:2716",0.798611111111111,0.909722222222222,0.156743748499271,0.120281306081172,12,12,12,0.798611111111111,0.909722222222222,0.156743748499271,0.120281306081172,0.111111111111111,0.0364624424180988,TRUE,TRUE,0.111111111111111,0.111111111111111,0.0364624424180988,TRUE,TRUE,0.111111111111111,0.551724137931035,0.232624540163198
6,6,"UK Crime","ukcrime.rootcauset1","6:2717::ukcrime.rootcauset1","2717","6:2717",0.846153846153846,0.846153846153846,0.117093237254874,0.131084127311618,13,13,13,0.846153846153846,0.846153846153846,0.117093237254874,0.131084127311618,0,-0.0139908900567438,FALSE,FALSE,0,0,-0.0139908900567438,FALSE,FALSE,0,0,-0.0365386339913159
6,6,"UK Crime","ukcrime.rootcauset1","6:2718::ukcrime.rootcauset1","2718","6:2718",0.774509803921569,0.791666666666667,0.231549554260921,0.215501675683096,17,17,17,0.774509803921569,0.791666666666667,0.231549554260921,0.215501675683096,0.0171568627450981,0.0160478785778256,TRUE,TRUE,0.0171568627450981,0.0171568627450981,0.0160478785778256,TRUE,TRUE,0.0171568627450981,0.0760869565217393,0.0693064542017734
6,6,"UK Crime","ukcrime.rootcauset1","6:2719::ukcrime.rootcauset1","2719","6:2719",0.743589743589744,0.814102564102564,0.202591824349966,0.173984640904464,13,13,13,0.743589743589744,0.814102564102564,0.202591824349966,0.173984640904464,0.0705128205128206,0.0286071834455016,TRUE,TRUE,0.0705128205128206,0.0705128205128206,0.0286071834455016,TRUE,TRUE,0.0705128205128206,0.275,0.141206011334813
6,6,"UK Crime","ukcrime.rootcauset1","6:2720::ukcrime.rootcauset1","2720","6:2720",0.791666666666667,0.803571428571428,0.141534629268075,0.165402716447036,14,14,14,0.791666666666667,0.803571428571428,0.141534629268075,0.165402716447036,0.0119047619047619,-0.0238680871789614,TRUE,FALSE,0.0119047619047619,0.0119047619047619,-0.0238680871789614,TRUE,FALSE,0.0119047619047619,0.0571428571428569,-0.0665840807167142
6,6,"UK Crime","ukcrime.policet1","6:2701::ukcrime.policet1","2701","6:2701",0.625,0.529411764705882,0.229639663385923,0.195303308607256,17,17,17,0.625,0.529411764705882,0.229639663385923,0.195303308607256,-0.0955882352941176,0.0343363547786667,FALSE,TRUE,-0.0955882352941176,-0.0955882352941176,0.0343363547786667,FALSE,TRUE,-0.0955882352941176,-0.152941176470588,0.149522753484281
6,6,"UK Crime","ukcrime.policet1","6:2702::ukcrime.policet1","2702","6:2702",0.676470588235294,0.558823529411765,0.182532229225094,0.207842559192685,17,17,17,0.676470588235294,0.558823529411765,0.182532229225094,0.207842559192685,-0.117647058823529,-0.0253103299675906,FALSE,FALSE,-0.117647058823529,-0.117647058823529,-0.0253103299675906,FALSE,FALSE,-0.117647058823529,-0.173913043478261,-0.079725667603394
6,6,"UK Crime","ukcrime.policet1","6:2703::ukcrime.policet1","2703","6:2703",0.654411764705882,0.580882352941177,0.255904537577865,0.253649828097946,17,17,17,0.654411764705882,0.580882352941177,0.255904537577865,0.253649828097946,-0.0735294117647058,0.00225470947991924,FALSE,TRUE,-0.0735294117647058,-0.0735294117647058,0.00225470947991924,FALSE,TRUE,-0.0735294117647058,-0.112359550561798,0.0088107444332955
6,6,"UK Crime","ukcrime.policet1","6:2704::ukcrime.policet1","2704","6:2704",0.675,0.591666666666667,0.181757294999992,0.223939298748142,15,15,15,0.675,0.591666666666667,0.181757294999992,0.223939298748142,-0.0833333333333334,-0.0421820037481493,FALSE,FALSE,-0.0833333333333334,-0.0833333333333334,-0.0421820037481493,FALSE,FALSE,-0.0833333333333334,-0.123456790123457,-0.132546647842716
6,6,"UK Crime","ukcrime.policet1","6:2705::ukcrime.policet1","2705","6:2705",0.59375,0.53125,0.21650635094611,0.221265300789196,16,16,16,0.59375,0.53125,0.21650635094611,0.221265300789196,-0.0625,-0.00475894984308625,FALSE,FALSE,-0.0625,-0.0625,-0.00475894984308625,FALSE,FALSE,-0.0625,-0.105263157894737,-0.0167867952561491
6,6,"UK Crime","ukcrime.policet1","6:2706::ukcrime.policet1","2706","6:2706",0.633928571428571,0.598214285714286,0.166007165872077,0.177986679955996,14,14,14,0.633928571428571,0.598214285714286,0.166007165872077,0.177986679955996,-0.0357142857142857,-0.0119795140839197,FALSE,FALSE,-0.0357142857142857,-0.0357142857142857,-0.0119795140839197,FALSE,FALSE,-0.0357142857142857,-0.0563380281690141,-0.0358675781628638
6,6,"UK Crime","ukcrime.policet1","6:2707::ukcrime.policet1","2707","6:2707",0.681818181818182,0.670454545454545,0.141019018704442,0.225504484938266,11,11,11,0.681818181818182,0.670454545454545,0.141019018704442,0.225504484938266,-0.0113636363636364,-0.0844854662338247,FALSE,FALSE,-0.0113636363636364,-0.0113636363636364,-0.0844854662338247,FALSE,FALSE,-0.0113636363636364,-0.0166666666666667,-0.235348028547132
6,6,"UK Crime","ukcrime.policet1","6:2708::ukcrime.policet1","2708","6:2708",0.586538461538462,0.528846153846154,0.147766491118372,0.145718819508581,13,13,13,0.586538461538462,0.528846153846154,0.147766491118372,0.145718819508581,-0.0576923076923077,0.00204767160979114,FALSE,TRUE,-0.0576923076923077,-0.0576923076923077,0.00204767160979114,FALSE,TRUE,-0.0576923076923077,-0.098360655737705,0.0138574828047504
6,6,"UK Crime","ukcrime.policet1","6:2709::ukcrime.policet1","2709","6:2709",0.7109375,0.640625,0.169058360238903,0.170018381359193,16,16,16,0.7109375,0.640625,0.169058360238903,0.170018381359193,-0.0703125,-0.000960021120290144,FALSE,FALSE,-0.0703125,-0.0703125,-0.000960021120290144,FALSE,FALSE,-0.0703125,-0.0989010989010989,-0.00290087739029507
6,6,"UK Crime","ukcrime.policet1","6:2710::ukcrime.policet1","2710","6:2710",0.683333333333333,0.625,0.18819316317727,0.125,15,15,15,0.683333333333333,0.625,0.18819316317727,0.125,-0.0583333333333333,0.0631931631772702,FALSE,TRUE,-0.0583333333333333,-0.0583333333333333,0.0631931631772702,FALSE,TRUE,-0.0583333333333333,-0.0853658536585366,0.335788835844928
6,6,"UK Crime","ukcrime.policet1","6:2711::ukcrime.policet1","2711","6:2711",0.680555555555556,0.527777777777778,0.219550938005477,0.240845460716436,18,18,18,0.680555555555556,0.527777777777778,0.219550938005477,0.240845460716436,-0.152777777777778,-0.0212945227109588,FALSE,FALSE,-0.152777777777778,-0.152777777777778,-0.0212945227109588,FALSE,FALSE,-0.152777777777778,-0.224489795918367,-0.0759300906892487
6,6,"UK Crime","ukcrime.policet1","6:2712::ukcrime.policet1","2712","6:2712",0.716666666666667,0.616666666666667,0.203027678150636,0.208452346958198,15,15,15,0.716666666666667,0.616666666666667,0.203027678150636,0.208452346958198,-0.1,-0.00542466880756234,FALSE,FALSE,-0.1,-0.1,-0.00542466880756234,FALSE,FALSE,-0.1,-0.13953488372093,-0.0182665804468941
6,6,"UK Crime","ukcrime.policet1","6:2713::ukcrime.policet1","2713","6:2713",0.552083333333333,0.53125,0.209560778050115,0.177778270990477,12,12,12,0.552083333333333,0.53125,0.209560778050115,0.177778270990477,-0.0208333333333334,0.0317825070596379,FALSE,TRUE,-0.0208333333333334,-0.0208333333333334,0.0317825070596379,FALSE,TRUE,-0.0208333333333334,-0.0377358490566038,0.151662478806207
6,6,"UK Crime","ukcrime.policet1","6:2714::ukcrime.policet1","2714","6:2714",0.666666666666667,0.611111111111111,0.234834109156931,0.226420714311392,18,18,18,0.666666666666667,0.611111111111111,0.234834109156931,0.226420714311392,-0.0555555555555555,0.00841339484553896,FALSE,TRUE,-0.0555555555555555,-0.0555555555555555,0.00841339484553896,FALSE,TRUE,-0.0555555555555555,-0.0833333333333332,0.0358269711148162
6,6,"UK Crime","ukcrime.policet1","6:2715::ukcrime.policet1","2715","6:2715",0.6484375,0.609375,0.165948975591897,0.19297560294849,16,16,16,0.6484375,0.609375,0.165948975591897,0.19297560294849,-0.0390625,-0.0270266273565933,FALSE,FALSE,-0.0390625,-0.0390625,-0.0270266273565933,FALSE,FALSE,-0.0390625,-0.0602409638554217,-0.0809056862031215
6,6,"UK Crime","ukcrime.policet1","6:2716::ukcrime.policet1","2716","6:2716",0.708333333333333,0.708333333333333,0.187184077281907,0.187184077281907,12,12,12,0.708333333333333,0.708333333333333,0.187184077281907,0.187184077281907,0,0,FALSE,FALSE,0,0,0,FALSE,FALSE,0,0,0
6,6,"UK Crime","ukcrime.policet1","6:2717::ukcrime.policet1","2717","6:2717",0.615384615384615,0.548076923076923,0.180144173030723,0.180699318177307,13,13,13,0.615384615384615,0.548076923076923,0.180144173030723,0.180699318177307,-0.0673076923076923,-0.000555145146583835,FALSE,FALSE,-0.0673076923076923,-0.0673076923076923,-0.000555145146583835,FALSE,FALSE,-0.0673076923076923,-0.109375,-0.00173561054630141
6,6,"UK Crime","ukcrime.policet1","6:2718::ukcrime.policet1","2718","6:2718",0.595588235294118,0.573529411764706,0.270739048445069,0.254102370523933,17,17,17,0.595588235294118,0.573529411764706,0.270739048445069,0.254102370523933,-0.0220588235294118,0.0166366779211351,FALSE,TRUE,-0.0220588235294118,-0.0220588235294118,0.0166366779211351,FALSE,TRUE,-0.0220588235294118,-0.0370370370370371,0.0614491260742929
6,6,"UK Crime","ukcrime.policet1","6:2719::ukcrime.policet1","2719","6:2719",0.625,0.576923076923077,0.125,0.27261494870313,13,13,13,0.625,0.576923076923077,0.125,0.27261494870313,-0.0480769230769231,-0.14761494870313,FALSE,FALSE,-0.0480769230769231,-0.0480769230769231,-0.14761494870313,FALSE,FALSE,-0.0480769230769231,-0.076923076923077,-0.393639863208347
6,6,"UK Crime","ukcrime.policet1","6:2720::ukcrime.policet1","2720","6:2720",0.607142857142857,0.598214285714286,0.175802711601936,0.111572796912998,14,14,14,0.607142857142857,0.598214285714286,0.175802711601936,0.111572796912998,-0.0089285714285714,0.0642299146889382,FALSE,TRUE,-0.0089285714285714,-0.0089285714285714,0.0642299146889382,FALSE,TRUE,-0.0089285714285714,-0.0147058823529411,0.365352241178008
6,6,"UK Crime","ukcrime.punisht1","6:2701::ukcrime.punisht1","2701","6:2701",0.623529411764706,0.605987394957983,0.0843806733749837,0.147956254671165,17,17,17,0.623529411764706,0.605987394957983,0.0843806733749837,0.147956254671165,-0.0175420168067227,-0.0635755812961809,FALSE,FALSE,-0.0175420168067227,-0.0175420168067227,-0.0635755812961809,FALSE,FALSE,-0.0175420168067227,-0.0281334231805931,-0.152965892641322
6,6,"UK Crime","ukcrime.punisht1","6:2702::ukcrime.punisht1","2702","6:2702",0.627088107970461,0.492647058823529,0.156827936734389,0.191257806340188,17,17,17,0.627088107970461,0.492647058823529,0.156827936734389,0.191257806340188,-0.134441049146931,-0.0344298696057993,FALSE,FALSE,-0.11973516679399,-0.134441049146931,-0.0344298696057993,FALSE,FALSE,-0.11973516679399,-0.21438940945961,-0.100328299681991
6,6,"UK Crime","ukcrime.punisht1","6:2703::ukcrime.punisht1","2703","6:2703",0.680322128851541,0.5796918767507,0.167269380894952,0.163442707823964,17,17,17,0.680322128851541,0.5796918767507,0.167269380894952,0.163442707823964,-0.10063025210084,0.00382667307098841,FALSE,TRUE,-0.10063025210084,-0.10063025210084,0.00382667307098841,FALSE,TRUE,-0.10063025210084,-0.147915594441585,0.0228773075533269
6,6,"UK Crime","ukcrime.punisht1","6:2704::ukcrime.punisht1","2704","6:2704",0.580714285714286,0.503028083028083,0.161658350902716,0.172777697238286,15,15,15,0.580714285714286,0.503028083028083,0.161658350902716,0.172777697238286,-0.0776862026862026,-0.0111193463355695,FALSE,FALSE,-0.0776862026862026,-0.0776862026862026,-0.0111193463355695,FALSE,FALSE,-0.0776862026862026,-0.133776978795429,-0.0328642553029951
6,6,"UK Crime","ukcrime.punisht1","6:2705::ukcrime.punisht1","2705","6:2705",0.543824404761905,0.522321428571429,0.181940295472938,0.203955823844579,16,16,16,0.543824404761905,0.522321428571429,0.181940295472938,0.203955823844579,-0.0215029761904763,-0.0220155283716408,FALSE,FALSE,-0.0215029761904763,-0.0215029761904763,-0.0220155283716408,FALSE,FALSE,-0.0215029761904763,-0.0395402927897114,-0.0692182255667274
6,6,"UK Crime","ukcrime.punisht1","6:2706::ukcrime.punisht1","2706","6:2706",0.479081632653061,0.34515306122449,0.192399127299974,0.172229549379888,14,14,14,0.479081632653061,0.34515306122449,0.192399127299974,0.172229549379888,0.133928571428571,0.0201695779200856,TRUE,TRUE,0.133928571428571,0.133928571428571,0.0201695779200856,TRUE,TRUE,0.133928571428571,0.279552715654952,0.104831961574539
6,6,"UK Crime","ukcrime.punisht1","6:2707::ukcrime.punisht1","2707","6:2707",0.524891774891775,0.461580086580086,0.175814797799073,0.236972406536062,11,11,11,0.524891774891775,0.461580086580086,0.175814797799073,0.236972406536062,-0.0633116883116885,-0.0611576087369899,FALSE,FALSE,0.0135281385281386,-0.0633116883116885,-0.0611576087369899,FALSE,FALSE,0.0135281385281386,-0.120618556701031,-0.188650216980246
6,6,"UK Crime","ukcrime.punisht1","6:2708::ukcrime.punisht1","2708","6:2708",0.619230769230769,0.670512820512821,0.168028623256927,0.180810142669895,13,13,13,0.619230769230769,0.670512820512821,0.168028623256927,0.180810142669895,0.0512820512820513,-0.012781519412968,TRUE,FALSE,0.0512820512820513,0.0512820512820513,-0.012781519412968,TRUE,FALSE,0.0512820512820513,0.134680134680135,-0.0385018718733096
6,6,"UK Crime","ukcrime.punisht1","6:2709::ukcrime.punisht1","2709","6:2709",0.584375,0.527046130952381,0.13491681250421,0.119327442711992,16,16,16,0.584375,0.527046130952381,0.13491681250421,0.119327442711992,-0.0573288690476191,0.0155893697922189,FALSE,TRUE,-0.0573288690476191,-0.0573288690476191,0.0155893697922189,FALSE,TRUE,-0.0573288690476191,-0.0981028775146424,0.115548014386512
6,6,"UK Crime","ukcrime.punisht1","6:2710::ukcrime.punisht1","2710","6:2710",0.566904761904762,0.480515873015873,0.162116083577737,0.189732613600412,15,15,15,0.566904761904762,0.480515873015873,0.162116083577737,0.189732613600412,-0.086388888888889,-0.0276165300226751,FALSE,FALSE,-0.0474206349206351,-0.086388888888889,-0.0276165300226751,FALSE,FALSE,-0.0474206349206351,-0.152386952260955,-0.0817337809834129
6,6,"UK Crime","ukcrime.punisht1","6:2711::ukcrime.punisht1","2711","6:2711",0.593855218855219,0.527945665445665,0.144227099859865,0.187207310388184,18,18,18,0.593855218855219,0.527945665445665,0.144227099859865,0.187207310388184,-0.0659095534095535,-0.0429802105283185,FALSE,FALSE,-0.0659095534095535,-0.0659095534095535,-0.0429802105283185,FALSE,FALSE,-0.0659095534095535,-0.110985895748476,-0.120807994401454
6,6,"UK Crime","ukcrime.punisht1","6:2712::ukcrime.punisht1","2712","6:2712",0.647460317460318,0.614798534798535,0.136610795503956,0.14710352774667,15,15,15,0.647460317460318,0.614798534798535,0.136610795503956,0.14710352774667,-0.0326617826617827,-0.0104927322427141,FALSE,FALSE,-0.0326617826617827,-0.0326617826617827,-0.0104927322427141,FALSE,FALSE,-0.0326617826617827,-0.0504459992079507,-0.0288746394028563
6,6,"UK Crime","ukcrime.punisht1","6:2713::ukcrime.punisht1","2713","6:2713",0.541287878787879,0.526488095238095,0.134334652633159,0.149817903796852,12,12,12,0.541287878787879,0.526488095238095,0.134334652633159,0.149817903796852,-0.0147997835497836,-0.0154832511636929,FALSE,FALSE,-0.0147997835497836,-0.0147997835497836,-0.0154832511636929,FALSE,FALSE,-0.0147997835497836,-0.0273417974607619,-0.042342681020195
6,6,"UK Crime","ukcrime.punisht1","6:2714::ukcrime.punisht1","2714","6:2714",0.62526455026455,0.553505291005291,0.18313612822846,0.197593090083476,18,18,18,0.62526455026455,0.553505291005291,0.18313612822846,0.197593090083476,-0.071759259259259,-0.0144569618550156,FALSE,FALSE,-0.071759259259259,-0.071759259259259,-0.0144569618550156,FALSE,FALSE,-0.071759259259259,-0.114766236513645,-0.0456251505549965
6,6,"UK Crime","ukcrime.punisht1","6:2715::ukcrime.punisht1","2715","6:2715",0.611607142857143,0.535491071428571,0.143656164943867,0.183874802717643,16,16,16,0.611607142857143,0.535491071428571,0.143656164943867,0.183874802717643,-0.0761160714285715,-0.040218637773776,FALSE,FALSE,-0.0761160714285715,-0.0761160714285715,-0.040218637773776,FALSE,FALSE,-0.0761160714285715,-0.124452554744526,-0.112864693639054
6,6,"UK Crime","ukcrime.punisht1","6:2716::ukcrime.punisht1","2716","6:2716",0.669444444444444,0.634027777777778,0.164352622467013,0.140546297654943,12,12,12,0.669444444444444,0.634027777777778,0.164352622467013,0.140546297654943,-0.0354166666666665,0.0238063248120701,FALSE,TRUE,-0.0354166666666665,-0.0354166666666665,0.0238063248120701,FALSE,TRUE,-0.0354166666666665,-0.0529045643153525,0.14484907179895
6,6,"UK Crime","ukcrime.punisht1","6:2717::ukcrime.punisht1","2717","6:2717",0.629487179487179,0.580128205128205,0.167933221703053,0.190744716856187,13,13,13,0.629487179487179,0.580128205128205,0.167933221703053,0.190744716856187,-0.0493589743589743,-0.0228114951531336,FALSE,FALSE,-0.0493589743589743,-0.0493589743589743,-0.0228114951531336,FALSE,FALSE,-0.0493589743589743,-0.0784114052953156,-0.0686955053743277
6,6,"UK Crime","ukcrime.punisht1","6:2718::ukcrime.punisht1","2718","6:2718",0.591036414565826,0.519957983193277,0.156493357905144,0.166005026733812,17,17,17,0.591036414565826,0.519957983193277,0.156493357905144,0.166005026733812,-0.071078431372549,-0.00951166882866863,FALSE,FALSE,-0.071078431372549,-0.071078431372549,-0.00951166882866863,FALSE,FALSE,-0.071078431372549,-0.120260663507109,-0.02768991240071
6,6,"UK Crime","ukcrime.punisht1","6:2719::ukcrime.punisht1","2719","6:2719",0.593040293040293,0.526923076923077,0.0928391391707339,0.147123414673869,13,13,13,0.593040293040293,0.526923076923077,0.0928391391707339,0.147123414673869,-0.0661172161172161,-0.054284275503135,FALSE,FALSE,-0.0661172161172161,-0.0661172161172161,-0.054284275503135,FALSE,FALSE,-0.0661172161172161,-0.111488573193329,-0.13332390395426
6,6,"UK Crime","ukcrime.punisht1","6:2720::ukcrime.punisht1","2720","6:2720",0.561777210884354,0.541176085818943,0.151481897793347,0.129467547826175,14,14,14,0.561777210884354,0.541176085818943,0.151481897793347,0.129467547826175,-0.0206011250654107,0.0220143499671715,FALSE,TRUE,-0.0206011250654107,-0.0206011250654107,0.0220143499671715,FALSE,TRUE,-0.0206011250654107,-0.0366713434903852,0.14532660527665
6,6,"UK Crime","ukcrime.procrightst1","6:2701::ukcrime.procrightst1","2701","6:2701",0.501838235294118,0.573529411764706,0.171686895730109,0.133473162165217,17,17,17,0.501838235294118,0.573529411764706,0.171686895730109,0.133473162165217,0.0716911764705882,0.0382137335648914,TRUE,TRUE,0.0716911764705882,0.0716911764705882,0.0382137335648914,TRUE,TRUE,0.0716911764705882,0.143911439114391,0.222578044773803
6,6,"UK Crime","ukcrime.procrightst1","6:2702::ukcrime.procrightst1","2702","6:2702",0.402836134453782,0.362394957983193,0.172493736511371,0.162320189209568,17,17,17,0.402836134453782,0.362394957983193,0.172493736511371,0.162320189209568,0.0404411764705882,0.0101735473018027,TRUE,TRUE,0.0404411764705882,0.0404411764705882,0.0101735473018027,TRUE,TRUE,0.0404411764705882,0.100391134289439,0.058979227347957
6,6,"UK Crime","ukcrime.procrightst1","6:2703::ukcrime.procrightst1","2703","6:2703",0.482352941176471,0.440913865546218,0.174891641873072,0.187749152938227,17,17,17,0.482352941176471,0.440913865546218,0.174891641873072,0.187749152938227,0.0414390756302521,-0.0128575110651547,TRUE,FALSE,0.0414390756302521,0.0414390756302521,-0.0128575110651547,TRUE,FALSE,0.0414390756302521,0.0859102787456446,-0.0395483866955365
6,6,"UK Crime","ukcrime.procrightst1","6:2704::ukcrime.procrightst1","2704","6:2704",0.420833333333333,0.370833333333333,0.177511736701173,0.150272569812642,15,15,15,0.420833333333333,0.370833333333333,0.177511736701173,0.150272569812642,0.05,0.0272391668885317,TRUE,TRUE,0.05,0.05,0.0272391668885317,TRUE,TRUE,0.05,0.118811881188119,0.153449948689233
6,6,"UK Crime","ukcrime.procrightst1","6:2705::ukcrime.procrightst1","2705","6:2705",0.41796875,0.387462797619048,0.185711960550921,0.190969935308921,16,16,16,0.41796875,0.387462797619048,0.185711960550921,0.190969935308921,0.0305059523809524,-0.00525797475800033,TRUE,FALSE,0.0305059523809524,0.0305059523809524,-0.00525797475800033,TRUE,FALSE,0.0305059523809524,0.0729862038273253,-0.0167297959133829
6,6,"UK Crime","ukcrime.procrightst1","6:2706::ukcrime.procrightst1","2706","6:2706",0.428571428571429,0.344196428571429,0.181568259800641,0.151126862734955,14,14,14,0.428571428571429,0.344196428571429,0.181568259800641,0.151126862734955,0.084375,0.0304413970656859,TRUE,TRUE,0.084375,0.084375,0.0304413970656859,TRUE,TRUE,0.084375,0.196875,0.167658141897213
6,6,"UK Crime","ukcrime.procrightst1","6:2707::ukcrime.procrightst1","2707","6:2707",0.403409090909091,0.355519480519481,0.183528004427365,0.182798983750215,11,11,11,0.403409090909091,0.355519480519481,0.183528004427365,0.182798983750215,0.0478896103896103,0.000729020677150111,TRUE,TRUE,0.0478896103896103,0.0478896103896103,0.000729020677150111,TRUE,TRUE,0.0478896103896103,0.118712273641851,0.00397225850858437
6,6,"UK Crime","ukcrime.procrightst1","6:2708::ukcrime.procrightst1","2708","6:2708",0.444711538461538,0.487980769230769,0.167876717109419,0.172837485732578,13,13,13,0.444711538461538,0.487980769230769,0.167876717109419,0.172837485732578,-0.0432692307692308,-0.00496076862315861,FALSE,FALSE,-0.0432692307692308,-0.0432692307692308,-0.00496076862315861,FALSE,FALSE,-0.0432692307692308,-0.077922077922078,-0.0149365277254379
6,6,"UK Crime","ukcrime.procrightst1","6:2709::ukcrime.procrightst1","2709","6:2709",0.486421130952381,0.421037946428572,0.201122278611292,0.130254349861917,16,16,16,0.486421130952381,0.421037946428572,0.201122278611292,0.130254349861917,0.0653831845238095,0.0708679287493751,TRUE,TRUE,0.0653831845238095,0.0653831845238095,0.0708679287493751,TRUE,TRUE,0.0653831845238095,0.134416826003824,0.35236239982315
6,6,"UK Crime","ukcrime.procrightst1","6:2710::ukcrime.procrightst1","2710","6:2710",0.41077380952381,0.408333333333333,0.158423464513176,0.178315079604022,15,15,15,0.41077380952381,0.408333333333333,0.158423464513176,0.178315079604022,0.00244047619047622,-0.0198916150908453,TRUE,FALSE,0.00244047619047622,0.00244047619047622,-0.0198916150908453,TRUE,FALSE,0.00244047619047622,0.00594116794667445,-0.0582347234785763
6,6,"UK Crime","ukcrime.procrightst1","6:2711::ukcrime.procrightst1","2711","6:2711",0.456597222222222,0.40952380952381,0.168163089144597,0.20605790191977,18,18,18,0.456597222222222,0.40952380952381,0.168163089144597,0.20605790191977,0.0470734126984127,-0.0378948127751729,TRUE,FALSE,0.0470734126984127,0.0470734126984127,-0.0378948127751729,TRUE,FALSE,0.0470734126984127,0.103096143400326,-0.114197099645993
6,6,"UK Crime","ukcrime.procrightst1","6:2712::ukcrime.procrightst1","2712","6:2712",0.447916666666667,0.354166666666667,0.148310174088278,0.121508108454996,15,15,15,0.447916666666667,0.354166666666667,0.148310174088278,0.121508108454996,0.09375,0.0268020656332821,TRUE,TRUE,0.09375,0.09375,0.0268020656332821,TRUE,TRUE,0.09375,0.209302325581395,0.180716298109993
6,6,"UK Crime","ukcrime.procrightst1","6:2713::ukcrime.procrightst1","2713","6:2713",0.475818452380952,0.4453125,0.144627553670418,0.162721112678606,12,12,12,0.475818452380952,0.4453125,0.144627553670418,0.162721112678606,0.0305059523809524,-0.0180935590081885,TRUE,FALSE,0.0305059523809524,0.0305059523809524,-0.0180935590081885,TRUE,FALSE,0.0305059523809524,0.0641125879593434,-0.0509143553335817
6,6,"UK Crime","ukcrime.procrightst1","6:2714::ukcrime.procrightst1","2714","6:2714",0.476686507936508,0.360615079365079,0.153632453458361,0.177197680403863,18,18,18,0.476686507936508,0.360615079365079,0.153632453458361,0.177197680403863,0.116071428571429,-0.0235652269455015,TRUE,FALSE,0.116071428571429,0.116071428571429,-0.0235652269455015,TRUE,FALSE,0.116071428571429,0.243496357960458,-0.0680353202278684
6,6,"UK Crime","ukcrime.procrightst1","6:2715::ukcrime.procrightst1","2715","6:2715",0.455078125,0.386439732142857,0.147005150667984,0.1907246014326,16,16,16,0.455078125,0.386439732142857,0.147005150667984,0.1907246014326,0.0686383928571429,-0.0437194507646161,TRUE,FALSE,0.0686383928571429,0.0686383928571429,-0.0437194507646161,TRUE,FALSE,0.0686383928571429,0.150827713059473,-0.123852942464594
6,6,"UK Crime","ukcrime.procrightst1","6:2716::ukcrime.procrightst1","2716","6:2716",0.408854166666667,0.383522727272727,0.208764941172791,0.160620688834964,12,11,11,0.417613636363636,0.383522727272727,0.216629330990645,0.160620688834964,0.0253314393939393,0.0481442523378272,TRUE,TRUE,0.0253314393939393,0.0340909090909091,0.0560086421556817,TRUE,TRUE,0.0340909090909091,0.0619571511291255,0.230614642800484
6,6,"UK Crime","ukcrime.procrightst1","6:2717::ukcrime.procrightst1","2717","6:2717",0.442307692307692,0.461538461538462,0.1623026414939,0.151034758904816,13,13,13,0.442307692307692,0.461538461538462,0.1623026414939,0.151034758904816,-0.0192307692307693,0.011267882589084,FALSE,TRUE,-0.0192307692307693,-0.0192307692307693,0.011267882589084,FALSE,TRUE,-0.0192307692307693,-0.0344827586206897,0.0694251337216068
6,6,"UK Crime","ukcrime.procrightst1","6:2718::ukcrime.procrightst1","2718","6:2718",0.48406862745098,0.433823529411765,0.155506632974668,0.155027385804137,17,17,17,0.48406862745098,0.433823529411765,0.155506632974668,0.155027385804137,0.0502450980392157,0.000479247170530661,TRUE,TRUE,0.0502450980392157,0.0502450980392157,0.000479247170530661,TRUE,TRUE,0.0502450980392157,0.10379746835443,0.00308184391471412
6,6,"UK Crime","ukcrime.procrightst1","6:2719::ukcrime.procrightst1","2719","6:2719",0.375,0.34375,0.148231765320393,0.21537576175141,13,13,13,0.375,0.34375,0.148231765320393,0.21537576175141,0.03125,-0.0671439964310169,TRUE,FALSE,0.03125,0.03125,-0.0671439964310169,TRUE,FALSE,0.03125,0.0833333333333333,-0.190875667020281
6,6,"UK Crime","ukcrime.procrightst1","6:2720::ukcrime.procrightst1","2720","6:2720",0.428571428571429,0.371811224489796,0.190452937568764,0.157966713022678,14,14,14,0.428571428571429,0.371811224489796,0.190452937568764,0.157966713022678,0.0567602040816326,0.0324862245460859,TRUE,TRUE,0.0567602040816326,0.0567602040816326,0.0324862245460859,TRUE,TRUE,0.0567602040816326,0.132440476190476,0.170573502098683
6,6,"UK Crime","ukcrime.selfprotectt1","6:2701::ukcrime.selfprotectt1","2701","6:2701",0.691176470588235,0.541666666666667,0.124180319028367,0.161374306091976,17,17,17,0.691176470588235,0.541666666666667,0.124180319028367,0.161374306091976,-0.149509803921569,-0.037193987063609,FALSE,FALSE,-0.149509803921569,-0.149509803921569,-0.037193987063609,FALSE,FALSE,-0.149509803921569,-0.216312056737589,-0.0989676404584472
6,6,"UK Crime","ukcrime.selfprotectt1","6:2702::ukcrime.selfprotectt1","2702","6:2702",0.720588235294118,0.666666666666667,0.186201933745917,0.174304172194599,17,17,17,0.720588235294118,0.666666666666667,0.186201933745917,0.174304172194599,-0.053921568627451,0.0118977615513182,FALSE,TRUE,-0.053921568627451,-0.053921568627451,0.0118977615513182,FALSE,TRUE,-0.053921568627451,-0.0748299319727891,0.0638970891008754
6,6,"UK Crime","ukcrime.selfprotectt1","6:2703::ukcrime.selfprotectt1","2703","6:2703",0.691176470588235,0.720588235294118,0.163418095253277,0.117634292608004,17,17,17,0.691176470588235,0.720588235294118,0.163418095253277,0.117634292608004,0.0294117647058822,0.0457838026452725,TRUE,TRUE,0.0294117647058822,0.0294117647058822,0.0457838026452725,TRUE,TRUE,0.0294117647058822,0.0952380952380949,0.280163604736143
6,6,"UK Crime","ukcrime.selfprotectt1","6:2704::ukcrime.selfprotectt1","2704","6:2704",0.75,0.711111111111111,0.137292411841319,0.136809835965589,15,15,15,0.75,0.711111111111111,0.137292411841319,0.136809835965589,-0.0388888888888889,0.000482575875730473,FALSE,TRUE,-0.0388888888888889,-0.0388888888888889,0.000482575875730473,FALSE,TRUE,-0.0388888888888889,-0.0518518518518518,0.0035149493643409
6,6,"UK Crime","ukcrime.selfprotectt1","6:2705::ukcrime.selfprotectt1","2705","6:2705",0.635416666666667,0.6015625,0.151764315329419,0.149821460103042,16,16,16,0.635416666666667,0.6015625,0.151764315329419,0.149821460103042,-0.0338541666666667,0.00194285522637741,FALSE,TRUE,-0.0338541666666667,-0.0338541666666667,0.00194285522637741,FALSE,TRUE,-0.0338541666666667,-0.0532786885245903,0.0128017921878424
6,6,"UK Crime","ukcrime.selfprotectt1","6:2706::ukcrime.selfprotectt1","2706","6:2706",0.761904761904762,0.696428571428572,0.149275826185194,0.133201629091667,14,14,14,0.761904761904762,0.696428571428572,0.149275826185194,0.133201629091667,-0.0654761904761904,0.0160741970935273,FALSE,TRUE,-0.0654761904761904,-0.0654761904761904,0.0160741970935273,FALSE,TRUE,-0.0654761904761904,-0.0859374999999998,0.107681179895701
6,6,"UK Crime","ukcrime.selfprotectt1","6:2707::ukcrime.selfprotectt1","2707","6:2707",0.621212121212121,0.636363636363636,0.13104089885115,0.145643816250884,11,11,11,0.621212121212121,0.636363636363636,0.13104089885115,0.145643816250884,0.0151515151515151,-0.0146029173997343,TRUE,FALSE,0.0151515151515151,0.0151515151515151,-0.0146029173997343,TRUE,FALSE,0.0151515151515151,0.04,-0.0395786886792177
6,6,"UK Crime","ukcrime.selfprotectt1","6:2708::ukcrime.selfprotectt1","2708","6:2708",0.653846153846154,0.634615384615385,0.112042040339414,0.129718630415693,13,13,13,0.653846153846154,0.634615384615385,0.112042040339414,0.129718630415693,-0.0192307692307692,-0.017676590076279,FALSE,FALSE,-0.0192307692307692,-0.0192307692307692,-0.017676590076279,FALSE,FALSE,-0.0192307692307692,-0.0294117647058823,-0.0455631586776663
6,6,"UK Crime","ukcrime.selfprotectt1","6:2709::ukcrime.selfprotectt1","2709","6:2709",0.744791666666667,0.692708333333333,0.144237298047863,0.154316743768806,16,16,16,0.744791666666667,0.692708333333333,0.144237298047863,0.154316743768806,-0.0520833333333333,-0.0100794457209428,FALSE,FALSE,-0.0520833333333333,-0.0520833333333333,-0.0100794457209428,FALSE,FALSE,-0.0520833333333333,-0.0699300699300698,-0.0283319349263849
6,6,"UK Crime","ukcrime.selfprotectt1","6:2710::ukcrime.selfprotectt1","2710","6:2710",0.766666666666667,0.719444444444444,0.164268460101527,0.23063203933135,15,15,15,0.766666666666667,0.719444444444444,0.164268460101527,0.23063203933135,-0.0472222222222223,-0.0663635792298232,FALSE,FALSE,-0.0472222222222223,-0.0472222222222223,-0.0663635792298232,FALSE,FALSE,-0.0472222222222223,-0.0615942028985508,-0.197668587377557
6,6,"UK Crime","ukcrime.selfprotectt1","6:2711::ukcrime.selfprotectt1","2711","6:2711",0.75462962962963,0.703703703703704,0.147063362311948,0.234350413258919,18,18,18,0.75462962962963,0.703703703703704,0.147063362311948,0.234350413258919,-0.0509259259259259,-0.0872870509469707,FALSE,FALSE,-0.0509259259259259,-0.0509259259259259,-0.0872870509469707,FALSE,FALSE,-0.0509259259259259,-0.0674846625766871,-0.247316491477772
6,6,"UK Crime","ukcrime.selfprotectt1","6:2712::ukcrime.selfprotectt1","2712","6:2712",0.7,0.711111111111111,0.140152977645347,0.188631944754887,15,15,15,0.7,0.711111111111111,0.140152977645347,0.188631944754887,0.0111111111111111,-0.0484789671095395,TRUE,FALSE,0.0111111111111111,0.0111111111111111,-0.0484789671095395,TRUE,FALSE,0.0111111111111111,0.0370370370370369,-0.134721045605208
6,6,"UK Crime","ukcrime.selfprotectt1","6:2713::ukcrime.selfprotectt1","2713","6:2713",0.631944444444445,0.659722222222222,0.135112809831161,0.211590696618785,12,12,12,0.631944444444445,0.659722222222222,0.135112809831161,0.211590696618785,0.0277777777777777,-0.0764778867876249,TRUE,FALSE,0.0277777777777777,0.0277777777777777,-0.0764778867876249,TRUE,FALSE,0.0277777777777777,0.0754716981132073,-0.209593235520922
6,6,"UK Crime","ukcrime.selfprotectt1","6:2714::ukcrime.selfprotectt1","2714","6:2714",0.625,0.564814814814815,0.172093036093549,0.152740637196755,18,18,18,0.625,0.564814814814815,0.172093036093549,0.152740637196755,-0.0601851851851852,0.0193523988967932,FALSE,TRUE,-0.0601851851851852,-0.0601851851851852,0.0193523988967932,FALSE,TRUE,-0.0601851851851852,-0.0962962962962964,0.112453120335871
6,6,"UK Crime","ukcrime.selfprotectt1","6:2715::ukcrime.selfprotectt1","2715","6:2715",0.708333333333333,0.713541666666667,0.169421674244188,0.166579838493716,16,16,16,0.708333333333333,0.713541666666667,0.169421674244188,0.166579838493716,0.00520833333333348,0.00284183575047164,TRUE,TRUE,0.00520833333333348,0.00520833333333348,0.00284183575047164,TRUE,TRUE,0.00520833333333348,0.0178571428571434,0.016773743755924
6,6,"UK Crime","ukcrime.selfprotectt1","6:2716::ukcrime.selfprotectt1","2716","6:2716",0.701388888888889,0.631944444444445,0.152662950420121,0.148470031212869,12,12,12,0.701388888888889,0.631944444444445,0.152662950420121,0.148470031212869,-0.0694444444444443,0.0041929192072527,FALSE,TRUE,-0.0694444444444443,-0.0694444444444443,0.0041929192072527,FALSE,TRUE,-0.0694444444444443,-0.0990099009900988,0.0274652048562797
6,6,"UK Crime","ukcrime.selfprotectt1","6:2717::ukcrime.selfprotectt1","2717","6:2717",0.692307692307692,0.673076923076923,0.218858082781652,0.175005087431139,13,13,13,0.692307692307692,0.673076923076923,0.218858082781652,0.175005087431139,-0.0192307692307692,0.0438529953505128,FALSE,TRUE,-0.0192307692307692,-0.0192307692307692,0.0438529953505128,FALSE,TRUE,-0.0192307692307692,-0.0277777777777777,0.200371833624549
6,6,"UK Crime","ukcrime.selfprotectt1","6:2718::ukcrime.selfprotectt1","2718","6:2718",0.637254901960784,0.637254901960784,0.19751313350888,0.181480161504248,17,17,17,0.637254901960784,0.637254901960784,0.19751313350888,0.181480161504248,0,0.0160329720046326,FALSE,TRUE,0,0,0.0160329720046326,FALSE,TRUE,0,0,0.0811742071010774
6,6,"UK Crime","ukcrime.selfprotectt1","6:2719::ukcrime.selfprotectt1","2719","6:2719",0.692307692307692,0.641025641025641,0.178031336273019,0.160959993967817,13,13,13,0.692307692307692,0.641025641025641,0.178031336273019,0.160959993967817,-0.0512820512820512,0.0170713423052019,FALSE,TRUE,-0.0512820512820512,-0.0512820512820512,0.0170713423052019,FALSE,TRUE,-0.0512820512820512,-0.074074074074074,0.095889536429824
6,6,"UK Crime","ukcrime.selfprotectt1","6:2720::ukcrime.selfprotectt1","2720","6:2720",0.714285714285714,0.690476190476191,0.175150380181305,0.13645610510442,14,14,14,0.714285714285714,0.690476190476191,0.175150380181305,0.13645610510442,-0.0238095238095237,0.0386942750768847,FALSE,TRUE,-0.0238095238095237,-0.0238095238095237,0.0386942750768847,FALSE,TRUE,-0.0238095238095237,-0.0333333333333332,0.22092030309515
7,7,"Tomorrow's Europe (EU)","eu.support_eu_membership_t1","7:2801::eu.support_eu_membership_t1","2801","7:2801",0.619047619047619,0.72,0.263854216602744,0.188064938392651,21,20,20,0.61,0.72,0.267345626877505,0.188064938392651,0.100952380952381,0.0757892782100928,TRUE,TRUE,0.100952380952381,0.11,0.0792806884848544,TRUE,TRUE,0.11,0.265,0.287239215601396
7,7,"Tomorrow's Europe (EU)","eu.support_eu_membership_t1","7:2802::eu.support_eu_membership_t1","2802","7:2802",0.81,0.76,0.188902648277667,0.163514042532326,20,20,20,0.81,0.76,0.188902648277667,0.163514042532326,-0.05,0.025388605745341,FALSE,TRUE,-0.05,-0.05,0.025388605745341,FALSE,TRUE,-0.05,-0.0617283950617284,0.134400475466191
7,7,"Tomorrow's Europe (EU)","eu.support_eu_membership_t1","7:2803::eu.support_eu_membership_t1","2803","7:2803",0.72,0.62,0.260768096208106,0.282097407588976,20,20,20,0.72,0.62,0.260768096208106,0.282097407588976,-0.1,-0.0213293113808704,FALSE,FALSE,-0.1,-0.1,-0.0213293113808704,FALSE,FALSE,-0.1,-0.138888888888889,-0.0891574703992013
7,7,"Tomorrow's Europe (EU)","eu.support_eu_membership_t1","7:2804::eu.support_eu_membership_t1","2804","7:2804",0.7,0.764705882352941,0.308220700148449,0.208989163805771,17,17,17,0.7,0.764705882352941,0.308220700148449,0.208989163805771,0.0647058823529412,0.099231536342678,TRUE,TRUE,0.0647058823529412,0.0647058823529412,0.099231536342678,TRUE,TRUE,0.0647058823529412,0.215686274509804,0.321949616929963
7,7,"Tomorrow's Europe (EU)","eu.support_eu_membership_t1","7:2805::eu.support_eu_membership_t1","2805","7:2805",0.58421052631579,0.725,0.316689749851205,0.177012240631357,19,16,16,0.63125,0.725,0.270108003090122,0.177012240631357,0.14078947368421,0.139677509219848,TRUE,TRUE,0.14078947368421,0.09375,0.0930957624587652,TRUE,TRUE,0.09375,0.338607594936709,0.441054720860005
7,7,"Tomorrow's Europe (EU)","eu.support_eu_membership_t1","7:2806::eu.support_eu_membership_t1","2806","7:2806",0.81578947368421,0.826315789473684,0.229160685727375,0.246851519166117,19,19,19,0.81578947368421,0.826315789473684,0.229160685727375,0.246851519166117,0.0105263157894737,-0.0176908334387417,TRUE,FALSE,0.0105263157894737,0.0105263157894737,-0.0176908334387417,TRUE,FALSE,0.0105263157894737,0.0571428571428573,-0.0653185579289064
7,7,"Tomorrow's Europe (EU)","eu.support_eu_membership_t1","7:2807::eu.support_eu_membership_t1","2807","7:2807",0.71578947368421,0.752631578947368,0.211510855762212,0.183691834490484,19,19,18,0.711111111111111,0.75,0.216628955994261,0.18864844365676,0.0368421052631579,0.0278190212717273,TRUE,TRUE,0.0368421052631579,0.0388888888888889,0.0279805123375011,TRUE,TRUE,0.0388888888888889,0.12962962962963,0.131525264608652
7,7,"Tomorrow's Europe (EU)","eu.support_eu_membership_t1","7:2808::eu.support_eu_membership_t1","2808","7:2808",0.730434782608696,0.77,0.251241974288272,0.220286894275337,23,20,20,0.74,0.77,0.232605380758689,0.220286894275337,0.0395652173913044,0.0309550800129347,TRUE,TRUE,0.0395652173913044,0.03,0.0123184864833517,TRUE,TRUE,0.03,0.146774193548387,0.123208234215741
7,7,"Tomorrow's Europe (EU)","eu.support_eu_membership_t1","7:2809::eu.support_eu_membership_t1","2809","7:2809",0.838461538461538,0.784615384615385,0.160926802918084,0.195133090676397,13,13,13,0.838461538461538,0.784615384615385,0.160926802918084,0.195133090676397,-0.0538461538461539,-0.0342062877583131,FALSE,FALSE,-0.0538461538461539,-0.0538461538461539,-0.0342062877583131,FALSE,FALSE,-0.0538461538461539,-0.0642201834862386,-0.100881721270494
7,7,"Tomorrow's Europe (EU)","eu.support_eu_membership_t1","7:2810::eu.support_eu_membership_t1","2810","7:2810",0.84,0.805,0.139170474787692,0.150350467767462,20,20,20,0.84,0.805,0.139170474787692,0.150350467767462,-0.0349999999999999,-0.0111799929797705,FALSE,FALSE,-0.0349999999999999,-0.0349999999999999,-0.0111799929797705,FALSE,FALSE,-0.0349999999999999,-0.0416666666666666,-0.0309841412594833
7,7,"Tomorrow's Europe (EU)","eu.support_eu_membership_t1","7:2811::eu.support_eu_membership_t1","2811","7:2811",0.71,0.788235294117647,0.300700935534925,0.202738603074182,20,17,17,0.7,0.788235294117647,0.324037034920393,0.202738603074182,0.0782352941176471,0.097962332460743,TRUE,TRUE,0.0782352941176471,0.0882352941176471,0.121298431846211,TRUE,TRUE,0.0882352941176471,0.269776876267748,0.325779939082914
7,7,"Tomorrow's Europe (EU)","eu.support_eu_membership_t1","7:2812::eu.support_eu_membership_t1","2812","7:2812",0.68,0.713636363636364,0.250473236305325,0.190976075653108,20,22,20,0.68,0.72,0.250473236305325,0.193581208309397,0.0336363636363636,0.0594971606522174,TRUE,TRUE,0.0336363636363636,0.0399999999999999,0.0568920279959276,TRUE,TRUE,0.0399999999999999,0.105113636363636,0.237538994304728
7,7,"Tomorrow's Europe (EU)","eu.support_eu_membership_t1","7:2813::eu.support_eu_membership_t1","2813","7:2813",0.842857142857143,0.823809523809524,0.163007449435382,0.133808676492827,21,21,21,0.842857142857143,0.823809523809524,0.163007449435382,0.133808676492827,-0.019047619047619,0.0291987729425554,FALSE,TRUE,-0.019047619047619,-0.019047619047619,0.0291987729425554,FALSE,TRUE,-0.019047619047619,-0.0225988700564971,0.179125389935815
7,7,"Tomorrow's Europe (EU)","eu.support_eu_membership_t1","7:2814::eu.support_eu_membership_t1","2814","7:2814",0.794117647058824,0.835294117647059,0.18864844365676,0.196663343275343,17,17,17,0.794117647058824,0.835294117647059,0.18864844365676,0.196663343275343,0.0411764705882353,-0.00801489961858304,TRUE,FALSE,0.0411764705882353,0.0411764705882353,-0.00801489961858304,TRUE,FALSE,0.0411764705882353,0.2,-0.0257422821736187
7,7,"Tomorrow's Europe (EU)","eu.support_eu_membership_t1","7:2815::eu.support_eu_membership_t1","2815","7:2815",0.757142857142857,0.82,0.188603893309307,0.164156536333625,21,20,20,0.77,0.82,0.183819133074363,0.164156536333625,0.062857142857143,0.0244473569756827,TRUE,TRUE,0.062857142857143,0.05,0.0196625967407388,TRUE,TRUE,0.05,0.258823529411765,0.129622758823909
7,7,"Tomorrow's Europe (EU)","eu.support_eu_membership_t1","7:2816::eu.support_eu_membership_t1","2816","7:2816",0.74,0.7875,0.274642624930238,0.224722050542442,15,16,15,0.74,0.793333333333333,0.274642624930238,0.231352133173242,0.0475,0.0499205743877957,TRUE,TRUE,0.0475,0.0533333333333333,0.043290491756996,TRUE,TRUE,0.0533333333333333,0.182692307692308,0.181765574081867
7,7,"Tomorrow's Europe (EU)","eu.support_eu_membership_t1","7:2817::eu.support_eu_membership_t1","2817","7:2817",0.7,0.775,0.249209275826352,0.248945142974364,20,20,20,0.7,0.775,0.249209275826352,0.248945142974364,0.0750000000000001,0.000264132851988313,TRUE,TRUE,0.0750000000000001,0.0750000000000001,0.000264132851988313,TRUE,TRUE,0.0750000000000001,0.25,0.00105988371063828
7,7,"Tomorrow's Europe (EU)","eu.support_eu_membership_t1","7:2818::eu.support_eu_membership_t1","2818","7:2818",0.75,0.708333333333333,0.221011659977825,0.215146180044822,14,12,12,0.741666666666667,0.708333333333333,0.239158879611378,0.215146180044822,-0.0416666666666666,0.00586547993300371,FALSE,TRUE,-0.0416666666666666,-0.0333333333333333,0.0240126995665566,FALSE,TRUE,-0.0333333333333333,-0.0555555555555555,0.0265392329689402
7,7,"Tomorrow's Europe (EU)","eu.att_towards_privatization_t1","7:2801::eu.att_towards_privatization_t1","2801","7:2801",0.423809523809524,0.536842105263158,0.344825697860183,0.275298880644674,21,19,19,0.468421052631579,0.536842105263158,0.331750628533186,0.275298880644674,-0.113032581453634,0.0695268172155085,FALSE,TRUE,-0.0393483709273183,-0.0684210526315789,0.0564517478885116,FALSE,TRUE,0.00526315789473686,-0.196172248803828,0.201628874086118
7,7,"Tomorrow's Europe (EU)","eu.att_towards_privatization_t1","7:2802::eu.att_towards_privatization_t1","2802","7:2802",0.545,0.521052631578947,0.294645192517516,0.283977595689873,20,19,19,0.563157894736842,0.521052631578947,0.290995468303373,0.283977595689873,-0.0239473684210526,0.010667596827643,FALSE,TRUE,-0.0239473684210526,-0.0421052631578946,0.00701787261349973,FALSE,TRUE,-0.0421052631578946,-0.0439401255432158,0.0362048901476944
7,7,"Tomorrow's Europe (EU)","eu.att_towards_privatization_t1","7:2803::eu.att_towards_privatization_t1","2803","7:2803",0.585,0.463157894736842,0.256032481491992,0.233834049216746,20,19,19,0.563157894736842,0.463157894736842,0.243151818865383,0.233834049216746,-0.121842105263158,0.0221984322752467,FALSE,TRUE,-0.0481578947368421,-0.1,0.00931776964863709,FALSE,TRUE,-0.0263157894736842,-0.208277103013945,0.086701625301167
7,7,"Tomorrow's Europe (EU)","eu.att_towards_privatization_t1","7:2804::eu.att_towards_privatization_t1","2804","7:2804",0.4875,0.505882352941176,0.330403793359983,0.30097879542273,16,17,16,0.4875,0.53125,0.330403793359983,0.291476128239232,-0.0183823529411764,0.0294249979372533,FALSE,TRUE,-0.00661764705882351,-0.04375,0.0389276651207513,FALSE,TRUE,0.01875,-0.0358680057388808,0.0890576879823957
7,7,"Tomorrow's Europe (EU)","eu.att_towards_privatization_t1","7:2805::eu.att_towards_privatization_t1","2805","7:2805",0.357894736842105,0.39375,0.273487333595958,0.211246301742776,19,16,16,0.375,0.39375,0.243584345419268,0.211246301742776,-0.0358552631578947,0.0622410318531821,FALSE,TRUE,-0.0358552631578947,-0.01875,0.032338043676492,FALSE,TRUE,-0.01875,-0.0558401639344262,0.227582868408579
7,7,"Tomorrow's Europe (EU)","eu.att_towards_privatization_t1","7:2806::eu.att_towards_privatization_t1","2806","7:2806",0.515789473684211,0.3,0.316689749851205,0.272845092395748,19,19,19,0.515789473684211,0.3,0.316689749851205,0.272845092395748,-0.215789473684211,0.0438446574554565,FALSE,TRUE,0.184210526315789,-0.215789473684211,0.0438446574554565,FALSE,TRUE,0.184210526315789,-0.418367346938776,0.138446721044987
7,7,"Tomorrow's Europe (EU)","eu.att_towards_privatization_t1","7:2807::eu.att_towards_privatization_t1","2807","7:2807",0.49047619047619,0.40952380952381,0.338976049160943,0.225620836592638,21,21,21,0.49047619047619,0.40952380952381,0.338976049160943,0.225620836592638,0.0809523809523809,0.113355212568305,TRUE,TRUE,0.0809523809523809,0.0809523809523809,0.113355212568305,TRUE,TRUE,0.0809523809523809,0.16504854368932,0.33440478419903
7,7,"Tomorrow's Europe (EU)","eu.att_towards_privatization_t1","7:2808::eu.att_towards_privatization_t1","2808","7:2808",0.452380952380952,0.426315789473684,0.23794757325732,0.144691646319405,21,19,18,0.483333333333333,0.427777777777778,0.228164027684935,0.148742001487596,0.0260651629072682,0.0932559269379146,TRUE,TRUE,0.0260651629072682,0.0555555555555556,0.0794220261973392,TRUE,TRUE,0.0555555555555556,0.057617728531856,0.391917957646352
7,7,"Tomorrow's Europe (EU)","eu.att_towards_privatization_t1","7:2809::eu.att_towards_privatization_t1","2809","7:2809",0.461538461538462,0.307692307692308,0.427275207055245,0.337790710503655,13,13,13,0.461538461538462,0.307692307692308,0.427275207055245,0.337790710503655,0.153846153846154,0.0894844965515901,TRUE,TRUE,0.153846153846154,0.153846153846154,0.0894844965515901,TRUE,TRUE,0.153846153846154,0.333333333333333,0.209430584957905
7,7,"Tomorrow's Europe (EU)","eu.att_towards_privatization_t1","7:2810::eu.att_towards_privatization_t1","2810","7:2810",0.525,0.37,0.289963700087478,0.279284800875379,20,20,20,0.525,0.37,0.289963700087478,0.279284800875379,-0.155,0.0106788992120995,FALSE,TRUE,0.105,-0.155,0.0106788992120995,FALSE,TRUE,0.105,-0.295238095238095,0.0368284002751992
7,7,"Tomorrow's Europe (EU)","eu.att_towards_privatization_t1","7:2811::eu.att_towards_privatization_t1","2811","7:2811",0.305263157894737,0.305882352941176,0.259216092201353,0.290410460028763,19,17,16,0.35,0.30625,0.255603860169077,0.299930547516143,-0.000619195046439591,-0.0311943678274098,FALSE,FALSE,-0.000619195046439591,0.04375,-0.0443266873470655,TRUE,FALSE,0.04375,-0.000891265597147897,-0.129553374694358
7,7,"Tomorrow's Europe (EU)","eu.att_towards_privatization_t1","7:2812::eu.att_towards_privatization_t1","2812","7:2812",0.668181818181818,0.395,0.291770235167795,0.252305161930631,22,20,20,0.66,0.395,0.305045294307169,0.252305161930631,-0.273181818181818,0.0394650732371632,FALSE,TRUE,-0.0631818181818182,-0.265,0.0527401323765377,FALSE,TRUE,-0.055,-0.408843537414966,0.135260792501563
7,7,"Tomorrow's Europe (EU)","eu.att_towards_privatization_t1","7:2813::eu.att_towards_privatization_t1","2813","7:2813",0.55,0.433333333333333,0.313721297701605,0.283431355593084,20,21,20,0.55,0.435,0.313721297701605,0.290688837074973,-0.116666666666667,0.0302899421085206,FALSE,TRUE,0.0166666666666666,-0.115,0.0230324606266321,FALSE,TRUE,0.015,-0.212121212121212,0.0965504807306095
7,7,"Tomorrow's Europe (EU)","eu.att_towards_privatization_t1","7:2814::eu.att_towards_privatization_t1","2814","7:2814",0.717647058823529,0.441176470588235,0.242989953798627,0.276267134150562,17,17,17,0.717647058823529,0.441176470588235,0.242989953798627,0.276267134150562,-0.276470588235294,-0.0332771803519353,FALSE,FALSE,-0.158823529411765,-0.276470588235294,-0.0332771803519353,FALSE,FALSE,-0.158823529411765,-0.385245901639344,-0.12947813069479
7,7,"Tomorrow's Europe (EU)","eu.att_towards_privatization_t1","7:2815::eu.att_towards_privatization_t1","2815","7:2815",0.51,0.39,0.300700935534925,0.199736668746891,20,20,19,0.510526315789474,0.378947368421053,0.308931378288493,0.198826969354487,-0.12,0.100964266788034,FALSE,TRUE,0.1,-0.131578947368421,0.110104408934006,FALSE,TRUE,0.110526315789474,-0.235294117647059,0.33576306175578
7,7,"Tomorrow's Europe (EU)","eu.att_towards_privatization_t1","7:2816::eu.att_towards_privatization_t1","2816","7:2816",0.713333333333333,0.625,0.261497518881064,0.262043253427114,15,16,15,0.713333333333333,0.613333333333333,0.261497518881064,0.266904655707043,-0.0883333333333334,-0.000545734546049947,FALSE,FALSE,-0.0883333333333334,-0.1,-0.00540713682597915,FALSE,FALSE,-0.1,-0.123831775700935,-0.0022881713577554
7,7,"Tomorrow's Europe (EU)","eu.att_towards_privatization_t1","7:2817::eu.att_towards_privatization_t1","2817","7:2817",0.655555555555556,0.36,0.351839238393336,0.254227415805944,18,20,18,0.655555555555556,0.333333333333333,0.351839238393336,0.244948974278318,-0.295555555555556,0.0976118225873917,FALSE,TRUE,-0.0155555555555555,-0.322222222222222,0.106890264115018,FALSE,TRUE,0.0111111111111111,-0.450847457627119,0.277433020356494
7,7,"Tomorrow's Europe (EU)","eu.att_towards_privatization_t1","7:2818::eu.att_towards_privatization_t1","2818","7:2818",0.514285714285714,0.269230769230769,0.379994216265991,0.352099927540974,14,13,13,0.553846153846154,0.269230769230769,0.364269553616971,0.352099927540974,-0.245054945054945,0.0278942887250168,FALSE,TRUE,0.216483516483516,-0.284615384615385,0.0121696260759978,FALSE,TRUE,0.176923076923077,-0.476495726495726,0.0734071402431326
7,7,"Tomorrow's Europe (EU)","eu.attitude_towards_migration_t1","7:2801::eu.attitude_towards_migration_t1","2801","7:2801",0.75,0.802631578947368,0.295803989154981,0.17832062587944,21,19,19,0.736842105263158,0.802631578947368,0.305887645160749,0.17832062587944,0.0526315789473685,0.117483363275541,TRUE,TRUE,0.0526315789473685,0.0657894736842106,0.127567019281309,TRUE,TRUE,0.0657894736842106,0.210526315789474,0.397166257328558
7,7,"Tomorrow's Europe (EU)","eu.attitude_towards_migration_t1","7:2802::eu.attitude_towards_migration_t1","2802","7:2802",0.8125,0.6125,0.241636416739565,0.401272646516188,20,20,20,0.8125,0.6125,0.241636416739565,0.401272646516188,-0.2,-0.159636229776622,FALSE,FALSE,-0.2,-0.2,-0.159636229776622,FALSE,FALSE,-0.2,-0.246153846153846,-0.617874344991207
7,7,"Tomorrow's Europe (EU)","eu.attitude_towards_migration_t1","7:2803::eu.attitude_towards_migration_t1","2803","7:2803",0.725,0.763157894736842,0.313091545381656,0.194965883955201,20,19,19,0.75,0.763157894736842,0.300462606288666,0.194965883955201,0.0381578947368422,0.118125661426456,TRUE,TRUE,0.0381578947368422,0.0131578947368421,0.105496722333465,TRUE,TRUE,0.0131578947368421,0.138755980861244,0.37728793117828
7,7,"Tomorrow's Europe (EU)","eu.attitude_towards_migration_t1","7:2804::eu.attitude_towards_migration_t1","2804","7:2804",0.779411764705882,0.794117647058823,0.329326407008216,0.22071075029123,17,17,17,0.779411764705882,0.794117647058823,0.329326407008216,0.22071075029123,0.0147058823529411,0.108615656716986,TRUE,TRUE,0.0147058823529411,0.0147058823529411,0.108615656716986,TRUE,TRUE,0.0147058823529411,0.0666666666666664,0.329811562041778
7,7,"Tomorrow's Europe (EU)","eu.attitude_towards_migration_t1","7:2805::eu.attitude_towards_migration_t1","2805","7:2805",0.671052631578947,0.735294117647059,0.333881128827513,0.28600956380554,19,17,17,0.720588235294118,0.735294117647059,0.304681608163245,0.28600956380554,0.0642414860681115,0.0478715650219732,TRUE,TRUE,0.0642414860681115,0.0147058823529412,0.0186720443577049,TRUE,TRUE,0.0147058823529412,0.195294117647059,0.143379067843946
7,7,"Tomorrow's Europe (EU)","eu.attitude_towards_migration_t1","7:2806::eu.attitude_towards_migration_t1","2806","7:2806",0.855263157894737,0.763157894736842,0.254348152059614,0.256494588021289,19,19,19,0.855263157894737,0.763157894736842,0.254348152059614,0.256494588021289,-0.0921052631578947,-0.00214643596167485,FALSE,FALSE,-0.0921052631578947,-0.0921052631578947,-0.00214643596167485,FALSE,FALSE,-0.0921052631578947,-0.107692307692308,-0.00873771550945442
7,7,"Tomorrow's Europe (EU)","eu.attitude_towards_migration_t1","7:2807::eu.attitude_towards_migration_t1","2807","7:2807",0.675,0.738095238095238,0.335410196624968,0.311008344705074,20,21,20,0.675,0.7375,0.335410196624968,0.319075556140416,0.0630952380952381,0.024401851919894,TRUE,TRUE,0.0630952380952381,0.0625,0.0163346404845524,TRUE,TRUE,0.0625,0.194139194139194,0.0727522662263556
7,7,"Tomorrow's Europe (EU)","eu.attitude_towards_migration_t1","7:2808::eu.attitude_towards_migration_t1","2808","7:2808",0.75,0.821428571428571,0.288675134594813,0.239045721866879,22,21,20,0.75,0.825,0.303488489333442,0.244680242464796,0.0714285714285714,0.0496294127279342,TRUE,TRUE,0.0714285714285714,0.075,0.0588082468686455,TRUE,TRUE,0.075,0.285714285714286,0.171921328789175
7,7,"Tomorrow's Europe (EU)","eu.attitude_towards_migration_t1","7:2809::eu.attitude_towards_migration_t1","2809","7:2809",0.846153846153846,0.826923076923077,0.217429623155726,0.236832733357835,13,13,13,0.846153846153846,0.826923076923077,0.217429623155726,0.236832733357835,-0.0192307692307693,-0.0194031102021095,FALSE,FALSE,-0.0192307692307693,-0.0192307692307693,-0.0194031102021095,FALSE,FALSE,-0.0192307692307693,-0.0227272727272728,-0.0686664696377661
7,7,"Tomorrow's Europe (EU)","eu.attitude_towards_migration_t1","7:2810::eu.attitude_towards_migration_t1","2810","7:2810",0.907894736842105,0.5,0.149316180092537,0.421463615211762,19,20,19,0.907894736842105,0.5,0.149316180092537,0.433012701892219,-0.407894736842105,-0.272147435119225,FALSE,FALSE,-0.407894736842105,-0.407894736842105,-0.283696521799682,FALSE,FALSE,-0.407894736842105,-0.449275362318841,-0.776047880369954
7,7,"Tomorrow's Europe (EU)","eu.attitude_towards_migration_t1","7:2811::eu.attitude_towards_migration_t1","2811","7:2811",0.825,0.588235294117647,0.200328677296508,0.363803437554499,20,17,17,0.794117647058823,0.588235294117647,0.202239302051104,0.363803437554499,-0.236764705882353,-0.163474760257992,FALSE,FALSE,-0.236764705882353,-0.205882352941176,-0.161564135503396,FALSE,FALSE,-0.205882352941176,-0.28698752228164,-0.545513527231101
7,7,"Tomorrow's Europe (EU)","eu.attitude_towards_migration_t1","7:2812::eu.attitude_towards_migration_t1","2812","7:2812",0.880952380952381,0.875,0.269479215560398,0.228217732293819,21,22,21,0.880952380952381,0.869047619047619,0.269479215560398,0.232097065080642,-0.00595238095238093,0.0412614832665792,FALSE,TRUE,-0.00595238095238093,-0.0119047619047619,0.0373821504797567,FALSE,TRUE,-0.0119047619047619,-0.00675675675675673,0.153115642632303
7,7,"Tomorrow's Europe (EU)","eu.attitude_towards_migration_t1","7:2813::eu.attitude_towards_migration_t1","2813","7:2813",0.773809523809524,0.855263157894737,0.315285207240622,0.173120652245531,21,19,19,0.802631578947368,0.855263157894737,0.318186564861685,0.173120652245531,0.081453634085213,0.142164554995091,TRUE,TRUE,0.081453634085213,0.0526315789473684,0.145065912616154,TRUE,TRUE,0.0526315789473684,0.3601108033241,0.450907786760171
7,7,"Tomorrow's Europe (EU)","eu.attitude_towards_migration_t1","7:2814::eu.attitude_towards_migration_t1","2814","7:2814",0.88235294117647,0.808823529411765,0.156066068211699,0.140573928634597,17,17,17,0.88235294117647,0.808823529411765,0.156066068211699,0.140573928634597,-0.0735294117647058,0.0154921395771027,FALSE,TRUE,-0.0735294117647058,-0.0735294117647058,0.0154921395771027,FALSE,TRUE,-0.0735294117647058,-0.0833333333333333,0.099266546243018
7,7,"Tomorrow's Europe (EU)","eu.attitude_towards_migration_t1","7:2815::eu.attitude_towards_migration_t1","2815","7:2815",0.880952380952381,0.525,0.187400767391832,0.412788973740948,21,20,20,0.875,0.525,0.190221477563171,0.412788973740948,-0.355952380952381,-0.225388206349116,FALSE,FALSE,-0.355952380952381,-0.35,-0.222567496177778,FALSE,FALSE,-0.35,-0.404054054054054,-0.721013306618165
7,7,"Tomorrow's Europe (EU)","eu.attitude_towards_migration_t1","7:2816::eu.attitude_towards_migration_t1","2816","7:2816",0.883333333333333,0.421875,0.208452346958198,0.384260653723485,15,16,15,0.883333333333333,0.433333333333333,0.208452346958198,0.394908066456461,-0.461458333333333,-0.175808306765287,FALSE,FALSE,-0.305208333333333,-0.45,-0.186455719498263,FALSE,FALSE,-0.316666666666667,-0.522405660377358,-0.603017396748104
7,7,"Tomorrow's Europe (EU)","eu.attitude_towards_migration_t1","7:2817::eu.attitude_towards_migration_t1","2817","7:2817",0.85,0.8125,0.220644987539522,0.291039425797298,20,20,20,0.85,0.8125,0.220644987539522,0.291039425797298,-0.0375,-0.0703944382577763,FALSE,FALSE,-0.0375,-0.0375,-0.0703944382577763,FALSE,FALSE,-0.0375,-0.0441176470588235,-0.251989171906251
7,7,"Tomorrow's Europe (EU)","eu.attitude_towards_migration_t1","7:2818::eu.attitude_towards_migration_t1","2818","7:2818",0.857142857142857,0.821428571428571,0.234403615469248,0.331496772065898,14,14,14,0.857142857142857,0.821428571428571,0.234403615469248,0.331496772065898,-0.0357142857142857,-0.0970931565966502,FALSE,FALSE,-0.0357142857142857,-0.0357142857142857,-0.0970931565966502,FALSE,FALSE,-0.0357142857142857,-0.0416666666666667,-0.365566559831722
7,7,"Tomorrow's Europe (EU)","eu.mil_att_11_12_t1","7:2801::eu.mil_att_11_12_t1","2801","7:2801",0.466071428571429,0.535714285714286,0.17854196185451,0.167251948525912,21,21,21,0.466071428571429,0.535714285714286,0.17854196185451,0.167251948525912,-0.0696428571428571,0.0112900133285976,FALSE,TRUE,0.00178571428571428,-0.0696428571428571,0.0112900133285976,FALSE,TRUE,0.00178571428571428,-0.130434782608696,0.0632345091950858
7,7,"Tomorrow's Europe (EU)","eu.mil_att_11_12_t1","7:2802::eu.mil_att_11_12_t1","2802","7:2802",0.520208333333333,0.5125,0.217412998496421,0.180915071671474,20,20,20,0.520208333333333,0.5125,0.217412998496421,0.180915071671474,-0.00770833333333343,0.0364979268249463,FALSE,TRUE,-0.00770833333333343,-0.00770833333333343,0.0364979268249463,FALSE,TRUE,-0.00770833333333343,-0.0148177813376053,0.167873710759512
7,7,"Tomorrow's Europe (EU)","eu.mil_att_11_12_t1","7:2803::eu.mil_att_11_12_t1","2803","7:2803",0.534791666666667,0.491447368421053,0.191224102898248,0.17195024270094,20,19,19,0.522149122807018,0.491447368421053,0.187680225274439,0.17195024270094,-0.043344298245614,0.0192738601973078,FALSE,TRUE,-0.0262390350877193,-0.0307017543859649,0.0157299825734991,FALSE,TRUE,-0.0135964912280702,-0.0810489410124454,0.100792002185852
7,7,"Tomorrow's Europe (EU)","eu.mil_att_11_12_t1","7:2804::eu.mil_att_11_12_t1","2804","7:2804",0.641176470588235,0.626470588235294,0.220473775451333,0.207801097099804,17,17,17,0.641176470588235,0.626470588235294,0.220473775451333,0.207801097099804,-0.0147058823529412,0.0126726783515284,FALSE,TRUE,-0.0147058823529412,-0.0147058823529412,0.0126726783515284,FALSE,TRUE,-0.0147058823529412,-0.0229357798165139,0.0574793003185348
7,7,"Tomorrow's Europe (EU)","eu.mil_att_11_12_t1","7:2805::eu.mil_att_11_12_t1","2805","7:2805",0.501754385964912,0.535049019607843,0.190061291027338,0.132501136849236,19,17,17,0.479901960784314,0.535049019607843,0.18796375111182,0.132501136849236,0.0332946336429308,0.0575601541781026,TRUE,TRUE,0.0332946336429308,-0.0551470588235294,0.0554626142625842,FALSE,TRUE,0.0149509803921569,0.0668237365368682,0.302850485056545
7,7,"Tomorrow's Europe (EU)","eu.mil_att_11_12_t1","7:2806::eu.mil_att_11_12_t1","2806","7:2806",0.610745614035088,0.601973684210526,0.201356873841632,0.163790980765477,19,19,19,0.610745614035088,0.601973684210526,0.201356873841632,0.163790980765477,-0.00877192982456143,0.0375658930761545,FALSE,TRUE,-0.00877192982456143,-0.00877192982456143,0.0375658930761545,FALSE,TRUE,-0.00877192982456143,-0.014362657091562,0.186563748033257
7,7,"Tomorrow's Europe (EU)","eu.mil_att_11_12_t1","7:2807::eu.mil_att_11_12_t1","2807","7:2807",0.546626984126984,0.525595238095238,0.195614323668638,0.144747659465136,21,21,21,0.546626984126984,0.525595238095238,0.195614323668638,0.144747659465136,-0.0210317460317461,0.0508666642035021,FALSE,TRUE,-0.0210317460317461,-0.0210317460317461,0.0508666642035021,FALSE,TRUE,-0.0210317460317461,-0.038475499092559,0.260035478228414
7,7,"Tomorrow's Europe (EU)","eu.mil_att_11_12_t1","7:2808::eu.mil_att_11_12_t1","2808","7:2808",0.558695652173913,0.569047619047619,0.18793263657313,0.193472343292388,23,21,21,0.551190476190476,0.569047619047619,0.192106121466136,0.193472343292388,0.010351966873706,-0.00553970671925821,TRUE,FALSE,0.010351966873706,0.0178571428571428,-0.00136622182625171,TRUE,FALSE,0.0178571428571428,0.0234576589256392,-0.0177516375260317
7,7,"Tomorrow's Europe (EU)","eu.mil_att_11_12_t1","7:2809::eu.mil_att_11_12_t1","2809","7:2809",0.331730769230769,0.366346153846154,0.231200185209756,0.198915327947113,13,13,13,0.331730769230769,0.366346153846154,0.231200185209756,0.198915327947113,-0.0346153846153846,0.0322848572626429,FALSE,TRUE,-0.0346153846153846,-0.0346153846153846,0.0322848572626429,FALSE,TRUE,-0.0346153846153846,-0.0517985611510791,0.139640274221028
7,7,"Tomorrow's Europe (EU)","eu.mil_att_11_12_t1","7:2810::eu.mil_att_11_12_t1","2810","7:2810",0.56875,0.518640350877193,0.152258220761553,0.188558577720476,20,19,19,0.55921052631579,0.518640350877193,0.150164383610972,0.188558577720476,-0.050109649122807,-0.0363003569589234,FALSE,FALSE,-0.050109649122807,-0.0405701754385965,-0.038394194109504,FALSE,FALSE,-0.0405701754385965,-0.0881048775785618,-0.104388828510687
7,7,"Tomorrow's Europe (EU)","eu.mil_att_11_12_t1","7:2811::eu.mil_att_11_12_t1","2811","7:2811",0.623958333333333,0.5671875,0.234543677119227,0.188186244183787,20,16,16,0.654947916666667,0.5671875,0.210891069992965,0.188186244183787,-0.0567708333333334,0.0463574329354396,FALSE,TRUE,-0.0567708333333334,-0.0877604166666668,0.022704825809178,FALSE,TRUE,-0.0877604166666668,-0.0909849749582639,0.197649467701807
7,7,"Tomorrow's Europe (EU)","eu.mil_att_11_12_t1","7:2812::eu.mil_att_11_12_t1","2812","7:2812",0.531628787878788,0.501136363636364,0.229754509727796,0.168586079596645,22,22,22,0.531628787878788,0.501136363636364,0.229754509727796,0.168586079596645,-0.0304924242424243,0.0611684301311509,FALSE,TRUE,-0.0304924242424243,-0.0304924242424243,0.0611684301311509,FALSE,TRUE,-0.0304924242424243,-0.057356608478803,0.266233860669899
7,7,"Tomorrow's Europe (EU)","eu.mil_att_11_12_t1","7:2813::eu.mil_att_11_12_t1","2813","7:2813",0.539285714285714,0.54375,0.183851405449385,0.165353931052817,21,20,20,0.53625,0.54375,0.188086801070256,0.165353931052817,0.0044642857142857,0.018497474396568,TRUE,TRUE,0.0044642857142857,0.00749999999999995,0.0227328700174388,TRUE,TRUE,0.00749999999999995,0.00968992248062012,0.100611003496845
7,7,"Tomorrow's Europe (EU)","eu.mil_att_11_12_t1","7:2814::eu.mil_att_11_12_t1","2814","7:2814",0.636519607843137,0.686029411764706,0.322350072182321,0.200579353887389,17,17,17,0.636519607843137,0.686029411764706,0.322350072182321,0.200579353887389,0.0495098039215687,0.121770718294932,TRUE,TRUE,0.0495098039215687,0.0495098039215687,0.121770718294932,TRUE,TRUE,0.0495098039215687,0.136210384356035,0.37775924004155
7,7,"Tomorrow's Europe (EU)","eu.mil_att_11_12_t1","7:2815::eu.mil_att_11_12_t1","2815","7:2815",0.626190476190476,0.646428571428571,0.209944366213437,0.152845042912281,21,21,21,0.626190476190476,0.646428571428571,0.209944366213437,0.152845042912281,0.0202380952380953,0.057099323301156,TRUE,TRUE,0.0202380952380953,0.0202380952380953,0.057099323301156,TRUE,TRUE,0.0202380952380953,0.0541401273885351,0.271973591532848
7,7,"Tomorrow's Europe (EU)","eu.mil_att_11_12_t1","7:2816::eu.mil_att_11_12_t1","2816","7:2816",0.678125,0.675833333333333,0.152445345397402,0.141221288695977,16,15,15,0.703333333333333,0.675833333333333,0.118346746389381,0.141221288695977,-0.00229166666666669,0.0112240567014258,FALSE,TRUE,-0.00229166666666669,-0.0275000000000001,-0.022874542306596,FALSE,FALSE,-0.0275000000000001,-0.00337941628264213,0.0736267589683787
7,7,"Tomorrow's Europe (EU)","eu.mil_att_11_12_t1","7:2817::eu.mil_att_11_12_t1","2817","7:2817",0.551041666666667,0.61,0.201610271040165,0.175591106956205,20,20,20,0.551041666666667,0.61,0.201610271040165,0.175591106956205,0.0589583333333333,0.0260191640839606,TRUE,TRUE,0.0589583333333333,0.0589583333333333,0.0260191640839606,TRUE,TRUE,0.0589583333333333,0.131322505800464,0.129056738774866
7,7,"Tomorrow's Europe (EU)","eu.mil_att_11_12_t1","7:2818::eu.mil_att_11_12_t1","2818","7:2818",0.531845238095238,0.491964285714286,0.217813821780175,0.228319905824272,14,14,14,0.531845238095238,0.491964285714286,0.217813821780175,0.228319905824272,-0.0398809523809524,-0.0105060840440966,FALSE,FALSE,-0.0238095238095238,-0.0398809523809524,-0.0105060840440966,FALSE,FALSE,-0.0238095238095238,-0.0749860100727476,-0.0372310370067535
7,7,"Tomorrow's Europe (EU)","eu.t1q11b","7:2801::eu.t1q11b","2801","7:2801",0.523809523809524,0.464285714285714,0.343736471595264,0.338061701891407,21,21,21,0.523809523809524,0.464285714285714,0.343736471595264,0.338061701891407,-0.0595238095238095,0.00567476970385755,FALSE,TRUE,0.0119047619047619,-0.0595238095238095,0.00567476970385755,FALSE,TRUE,0.0119047619047619,-0.113636363636364,0.0165090706770836
7,7,"Tomorrow's Europe (EU)","eu.t1q11b","7:2802::eu.t1q11b","2802","7:2802",0.3875,0.31578947368421,0.29774370822819,0.247797313891676,20,19,19,0.407894736842105,0.31578947368421,0.291196362678909,0.247797313891676,0.0717105263157895,0.0499463943365142,TRUE,TRUE,0.0717105263157895,0.0921052631578947,0.0433990487872333,TRUE,TRUE,0.0921052631578947,0.185059422750425,0.167749621423521
7,7,"Tomorrow's Europe (EU)","eu.t1q11b","7:2803::eu.t1q11b","2803","7:2803",0.3625,0.319444444444444,0.29774370822819,0.2395700124174,20,18,18,0.375,0.319444444444444,0.30012252399939,0.2395700124174,0.0430555555555556,0.0581736958107903,TRUE,TRUE,0.0430555555555556,0.0555555555555556,0.0605525115819905,TRUE,TRUE,0.0555555555555556,0.118773946360153,0.19538178038075
7,7,"Tomorrow's Europe (EU)","eu.t1q11b","7:2804::eu.t1q11b","2804","7:2804",0.442307692307692,0.294117647058823,0.340860524901165,0.321559847142204,13,17,13,0.442307692307692,0.230769230769231,0.340860524901165,0.278790887538239,0.148190045248869,0.0193006777589604,TRUE,TRUE,0.148190045248869,0.211538461538462,0.0620696373629256,TRUE,TRUE,0.211538461538462,0.335038363171356,0.056623388010556
7,7,"Tomorrow's Europe (EU)","eu.t1q11b","7:2805::eu.t1q11b","2805","7:2805",0.381578947368421,0.411764705882353,0.35715329976379,0.31796688691823,19,17,17,0.382352941176471,0.411764705882353,0.354850838588637,0.31796688691823,-0.0301857585139318,0.03918641284556,FALSE,TRUE,-0.0301857585139318,-0.0294117647058824,0.0368839516704067,FALSE,TRUE,-0.0294117647058824,-0.0488110137672089,0.109718747863947
7,7,"Tomorrow's Europe (EU)","eu.t1q11b","7:2806::eu.t1q11b","2806","7:2806",0.368421052631579,0.355263157894737,0.35715329976379,0.304090052836192,19,19,19,0.368421052631579,0.355263157894737,0.35715329976379,0.304090052836192,0.0131578947368421,0.053063246927598,TRUE,TRUE,0.0131578947368421,0.0131578947368421,0.053063246927598,TRUE,TRUE,0.0131578947368421,0.0357142857142857,0.14857274722841
7,7,"Tomorrow's Europe (EU)","eu.t1q11b","7:2807::eu.t1q11b","2807","7:2807",0.404761904761905,0.558823529411765,0.374801534783665,0.325113102491679,21,17,17,0.455882352941177,0.558823529411765,0.387654143914544,0.325113102491679,-0.15406162464986,0.0496884322919859,FALSE,TRUE,-0.0364145658263305,-0.102941176470588,0.0625410414228649,FALSE,TRUE,0.0147058823529412,-0.258823529411765,0.132572648937166
7,7,"Tomorrow's Europe (EU)","eu.t1q11b","7:2808::eu.t1q11b","2808","7:2808",0.329545454545455,0.513157894736842,0.282277763790802,0.305887645160749,22,19,18,0.222222222222222,0.5,0.145745772032534,0.309173471200421,-0.183612440191388,-0.0236098813699467,FALSE,FALSE,-0.157296650717703,-0.277777777777778,-0.163427699167887,FALSE,FALSE,-0.277777777777778,-0.273862622658341,-0.108440376973077
7,7,"Tomorrow's Europe (EU)","eu.t1q11b","7:2809::eu.t1q11b","2809","7:2809",0.346153846153846,0.5,0.361398636354614,0.418330013267038,13,11,11,0.340909090909091,0.5,0.358342142245495,0.418330013267038,-0.153846153846154,-0.056931376912424,FALSE,FALSE,-0.153846153846154,-0.159090909090909,-0.0599878710215424,FALSE,FALSE,-0.159090909090909,-0.235294117647059,-0.410756253871238
7,7,"Tomorrow's Europe (EU)","eu.t1q11b","7:2810::eu.t1q11b","2810","7:2810",0.328947368421053,0.460526315789474,0.333881128827513,0.35612846752277,19,19,18,0.319444444444444,0.486111111111111,0.340906615162331,0.348021954832955,-0.131578947368421,-0.0222473386952571,FALSE,FALSE,-0.131578947368421,-0.166666666666667,-0.007115339670624,FALSE,FALSE,-0.166666666666667,-0.196078431372549,-0.133924210646465
7,7,"Tomorrow's Europe (EU)","eu.t1q11b","7:2811::eu.t1q11b","2811","7:2811",0.3625,0.466666666666667,0.357945526581909,0.351865775274498,20,15,15,0.416666666666667,0.466666666666667,0.322748612183951,0.351865775274498,-0.104166666666667,0.00607975130741051,FALSE,TRUE,-0.104166666666667,-0.05,-0.029117163090547,FALSE,FALSE,-0.05,-0.163398692810458,0.0169851300153608
7,7,"Tomorrow's Europe (EU)","eu.t1q11b","7:2812::eu.t1q11b","2812","7:2812",0.3375,0.369047619047619,0.317006973192439,0.232097065080642,20,21,19,0.328947368421053,0.381578947368421,0.323314341999686,0.241068527783531,-0.031547619047619,0.084909908111797,FALSE,TRUE,-0.031547619047619,-0.0526315789473684,0.0822458142161547,FALSE,TRUE,-0.0526315789473684,-0.0476190476190476,0.267848707732535
7,7,"Tomorrow's Europe (EU)","eu.t1q11b","7:2813::eu.t1q11b","2813","7:2813",0.328947368421053,0.3875,0.344123600805843,0.274760661399392,19,20,18,0.333333333333333,0.388888888888889,0.353553390593274,0.287256574980071,-0.0585526315789474,0.0693629394064503,FALSE,TRUE,-0.0585526315789474,-0.0555555555555556,0.0662968156132029,FALSE,TRUE,-0.0555555555555556,-0.0872549019607843,0.201564028866435
7,7,"Tomorrow's Europe (EU)","eu.t1q11b","7:2814::eu.t1q11b","2814","7:2814",0.294117647058824,0.375,0.333486484424958,0.365148371670111,17,16,16,0.28125,0.375,0.340036762718386,0.365148371670111,-0.0808823529411765,-0.0316618872451528,FALSE,FALSE,-0.0808823529411765,-0.09375,-0.0251116089517247,FALSE,FALSE,-0.09375,-0.114583333333333,-0.190146049921599
7,7,"Tomorrow's Europe (EU)","eu.t1q11b","7:2815::eu.t1q11b","2815","7:2815",0.5,0.4625,0.341565025531987,0.247021733542021,16,20,15,0.466666666666667,0.5,0.325503273335893,0.231455024943138,NA,0.0945432919899655,NA,TRUE,0.0375,-0.0333333333333334,0.0940482483927549,FALSE,TRUE,-0.0333333333333334,NA,0.276794416649405
7,7,"Tomorrow's Europe (EU)","eu.t1q11b","7:2816::eu.t1q11b","2816","7:2816",0.354166666666667,0.316666666666667,0.376260507756222,0.319970236711092,12,15,11,0.386363636363636,0.318181818181818,0.376889180722205,0.337099931231621,0.0375,0.0562902710451294,TRUE,TRUE,0.0375,0.0681818181818182,0.0397892494905835,TRUE,TRUE,0.0681818181818182,0.105882352941176,0.149604515713883
7,7,"Tomorrow's Europe (EU)","eu.t1q11b","7:2817::eu.t1q11b","2817","7:2817",0.460526315789474,0.4,0.37512181257427,0.338339598939477,19,20,19,0.460526315789474,0.381578947368421,0.37512181257427,0.337149211245221,0.0605263157894737,0.0367822136347928,TRUE,TRUE,0.0605263157894737,0.0789473684210526,0.0379726013290488,TRUE,TRUE,0.0789473684210526,0.131428571428571,0.098054051782207
7,7,"Tomorrow's Europe (EU)","eu.t1q11b","7:2818::eu.t1q11b","2818","7:2818",0.425,0.318181818181818,0.354534123103044,0.252262489554756,10,11,9,0.472222222222222,0.333333333333333,0.341056365494685,0.25,0.106818181818182,0.102271633548288,TRUE,TRUE,0.106818181818182,0.138888888888889,0.0910563654946854,TRUE,TRUE,0.138888888888889,0.251336898395722,0.288467673162627
7,7,"Tomorrow's Europe (EU)","eu.turkey_enlargement_att_t1","7:2801::eu.turkey_enlargement_att_t1","2801","7:2801",0.535714285714286,0.583333333333333,0.38959686123699,0.356487493936791,21,21,21,0.535714285714286,0.583333333333333,0.38959686123699,0.356487493936791,0.0476190476190477,0.0331093673001992,TRUE,TRUE,0.0476190476190477,0.0476190476190477,0.0331093673001992,TRUE,TRUE,0.0476190476190477,0.102564102564103,0.0849836602766133
7,7,"Tomorrow's Europe (EU)","eu.turkey_enlargement_att_t1","7:2802::eu.turkey_enlargement_att_t1","2802","7:2802",0.575,0.5125,0.398186679308773,0.357945526581909,20,20,20,0.575,0.5125,0.398186679308773,0.357945526581909,-0.0625,0.0402411527268638,FALSE,TRUE,-0.0625,-0.0625,0.0402411527268638,FALSE,TRUE,-0.0625,-0.108695652173913,0.101061021922481
7,7,"Tomorrow's Europe (EU)","eu.turkey_enlargement_att_t1","7:2803::eu.turkey_enlargement_att_t1","2803","7:2803",0.5125,0.625,0.455052050232776,0.345666449221858,20,18,18,0.486111111111111,0.625,0.465518545645465,0.345666449221858,0.1125,0.109385601010918,TRUE,TRUE,0.1125,-0.138888888888889,0.119852096423608,FALSE,TRUE,0.111111111111111,0.230769230769231,0.240380415723791
7,7,"Tomorrow's Europe (EU)","eu.turkey_enlargement_att_t1","7:2804::eu.turkey_enlargement_att_t1","2804","7:2804",0.558823529411765,0.514705882352941,0.370065574475342,0.369444137303917,17,17,17,0.558823529411765,0.514705882352941,0.370065574475342,0.369444137303917,-0.0441176470588236,0.000621437171425099,FALSE,TRUE,-0.0441176470588236,-0.0441176470588236,0.000621437171425099,FALSE,TRUE,-0.0441176470588236,-0.0789473684210528,0.00167926230994639
7,7,"Tomorrow's Europe (EU)","eu.turkey_enlargement_att_t1","7:2805::eu.turkey_enlargement_att_t1","2805","7:2805",0.631578947368421,0.671875,0.385216579167482,0.373259851399352,19,16,16,0.703125,0.671875,0.344223159205381,0.373259851399352,0.040296052631579,0.0119567277681297,TRUE,TRUE,0.040296052631579,-0.03125,-0.029036692193971,FALSE,FALSE,-0.03125,0.109375,0.0310389749941974
7,7,"Tomorrow's Europe (EU)","eu.turkey_enlargement_att_t1","7:2806::eu.turkey_enlargement_att_t1","2806","7:2806",0.486842105263158,0.578947368421053,0.386164222860616,0.391335246117445,19,19,19,0.486842105263158,0.578947368421053,0.386164222860616,0.391335246117445,-0.0921052631578948,-0.00517102325682844,FALSE,FALSE,0.0657894736842105,-0.0921052631578948,-0.00517102325682844,FALSE,FALSE,0.0657894736842105,-0.17948717948718,-0.0454252905964432
7,7,"Tomorrow's Europe (EU)","eu.turkey_enlargement_att_t1","7:2807::eu.turkey_enlargement_att_t1","2807","7:2807",0.523809523809524,0.575,0.37835798115642,0.325455146881377,21,20,20,0.55,0.575,0.368138989770812,0.325455146881377,0.0511904761904761,0.0529028342750426,TRUE,TRUE,0.0511904761904761,0.0249999999999999,0.0426838428894341,TRUE,TRUE,0.0249999999999999,0.1075,0.139822170827081
7,7,"Tomorrow's Europe (EU)","eu.turkey_enlargement_att_t1","7:2808::eu.turkey_enlargement_att_t1","2808","7:2808",0.5,0.631578947368421,0.353553390593274,0.347295313944371,22,19,19,0.513157894736842,0.631578947368421,0.367741645899203,0.347295313944371,NA,0.00625807664890271,NA,TRUE,0.131578947368421,0.118421052631579,0.0204463319548321,TRUE,TRUE,0.118421052631579,NA,0.0177005137424972
7,7,"Tomorrow's Europe (EU)","eu.turkey_enlargement_att_t1","7:2809::eu.turkey_enlargement_att_t1","2809","7:2809",0.6875,0.541666666666667,0.428063822769031,0.410561330449674,12,12,11,0.75,0.545454545454545,0.387298334620742,0.430380381438644,-0.145833333333333,0.0175024923193574,FALSE,TRUE,-0.145833333333333,-0.204545454545455,-0.0430820468179023,FALSE,FALSE,-0.204545454545455,-0.212121212121212,0.0408875765444004
7,7,"Tomorrow's Europe (EU)","eu.turkey_enlargement_att_t1","7:2810::eu.turkey_enlargement_att_t1","2810","7:2810",0.4125,0.302631578947368,0.438860666055328,0.359194192375458,20,19,19,0.394736842105263,0.302631578947368,0.443438188365171,0.359194192375458,0.109868421052632,0.0796664736798705,TRUE,TRUE,0.109868421052632,0.0921052631578947,0.0842439959897133,TRUE,TRUE,0.0921052631578947,0.266347687400319,0.181530220960442
7,7,"Tomorrow's Europe (EU)","eu.turkey_enlargement_att_t1","7:2811::eu.turkey_enlargement_att_t1","2811","7:2811",0.5125,0.35,0.417345937537371,0.338061701891407,20,15,15,0.533333333333333,0.35,0.39940431835899,0.338061701891407,-0.1625,0.0792842356459646,FALSE,TRUE,0.1375,-0.183333333333333,0.0613426164675834,FALSE,TRUE,0.116666666666667,-0.317073170731707,0.189972462925592
7,7,"Tomorrow's Europe (EU)","eu.turkey_enlargement_att_t1","7:2812::eu.turkey_enlargement_att_t1","2812","7:2812",0.607142857142857,0.625,0.407518623588455,0.325045784320858,21,22,21,0.607142857142857,0.619047619047619,0.407518623588455,0.331841901542056,0.0178571428571429,0.0824728392675963,TRUE,TRUE,0.0178571428571429,0.011904761904762,0.0756767220463984,TRUE,TRUE,0.011904761904762,0.0454545454545456,0.202378086531044
7,7,"Tomorrow's Europe (EU)","eu.turkey_enlargement_att_t1","7:2813::eu.turkey_enlargement_att_t1","2813","7:2813",0.578947368421053,0.5,0.400109634098263,0.314140431218772,19,20,19,0.578947368421053,0.513157894736842,0.400109634098263,0.317035795938618,-0.0789473684210527,0.0859692028794911,FALSE,TRUE,-0.0789473684210527,-0.0657894736842105,0.0830738381596451,FALSE,TRUE,-0.0657894736842105,-0.136363636363636,0.21486411611468
7,7,"Tomorrow's Europe (EU)","eu.turkey_enlargement_att_t1","7:2814::eu.turkey_enlargement_att_t1","2814","7:2814",0.602941176470588,0.647058823529412,0.385871816570645,0.3958655817617,17,17,17,0.602941176470588,0.647058823529412,0.385871816570645,0.3958655817617,0.0441176470588236,-0.00999376519105538,TRUE,FALSE,0.0441176470588236,0.0441176470588236,-0.00999376519105538,TRUE,FALSE,0.0441176470588236,0.111111111111111,-0.0875661461591692
7,7,"Tomorrow's Europe (EU)","eu.turkey_enlargement_att_t1","7:2815::eu.turkey_enlargement_att_t1","2815","7:2815",0.394736842105263,0.55952380952381,0.393663257409068,0.315285207240622,19,21,19,0.394736842105263,0.56578947368421,0.393663257409068,0.331684518606222,-0.164786967418546,0.0783780501684461,FALSE,TRUE,-0.0457393483709273,-0.171052631578947,0.0619787388028465,FALSE,TRUE,-0.0394736842105263,-0.272256728778468,0.199099226796777
7,7,"Tomorrow's Europe (EU)","eu.turkey_enlargement_att_t1","7:2816::eu.turkey_enlargement_att_t1","2816","7:2816",0.59375,0.53125,0.363719214046587,0.340036762718386,16,16,16,0.59375,0.53125,0.363719214046587,0.340036762718386,-0.0625,0.0236824513282005,FALSE,TRUE,-0.0625,-0.0625,0.0236824513282005,FALSE,TRUE,-0.0625,-0.105263157894737,0.0651119061451815
7,7,"Tomorrow's Europe (EU)","eu.turkey_enlargement_att_t1","7:2817::eu.turkey_enlargement_att_t1","2817","7:2817",0.6,0.525,0.424574089994593,0.42843042793311,20,20,20,0.6,0.525,0.424574089994593,0.42843042793311,-0.075,-0.00385633793851653,FALSE,FALSE,-0.075,-0.075,-0.00385633793851653,FALSE,FALSE,-0.075,-0.125,-0.0511274963502606
7,7,"Tomorrow's Europe (EU)","eu.turkey_enlargement_att_t1","7:2818::eu.turkey_enlargement_att_t1","2818","7:2818",0.625,0.517857142857143,0.401319937590562,0.397882444398392,14,14,14,0.625,0.517857142857143,0.401319937590562,0.397882444398392,-0.107142857142857,0.00343749319216957,FALSE,TRUE,-0.107142857142857,-0.107142857142857,0.00343749319216957,FALSE,TRUE,-0.107142857142857,-0.171428571428571,0.008565468271543
7,7,"Tomorrow's Europe (EU)","eu.eu_veto_support_t1","7:2801::eu.eu_veto_support_t1","2801","7:2801",0.55952380952381,0.560714285714286,0.27754236055918,0.273584016868154,21,21,21,0.55952380952381,0.560714285714286,0.27754236055918,0.273584016868154,0.00119047619047619,0.00395834369102632,TRUE,TRUE,0.00119047619047619,0.00119047619047619,0.00395834369102632,TRUE,TRUE,0.00119047619047619,0.00270270270270269,0.0142621244665183
7,7,"Tomorrow's Europe (EU)","eu.eu_veto_support_t1","7:2802::eu.eu_veto_support_t1","2802","7:2802",0.487083333333333,0.63,0.281488771290389,0.259883577172954,20,20,20,0.487083333333333,0.63,0.281488771290389,0.259883577172954,-0.142916666666667,0.0216051941174357,FALSE,TRUE,0.117083333333333,-0.142916666666667,0.0216051941174357,FALSE,TRUE,0.117083333333333,-0.278635255889521,0.0767533071333328
7,7,"Tomorrow's Europe (EU)","eu.eu_veto_support_t1","7:2803::eu.eu_veto_support_t1","2803","7:2803",0.45625,0.597368421052632,0.249456646375783,0.220620138731792,20,19,19,0.44078947368421,0.597368421052632,0.246251131739614,0.220620138731792,-0.141118421052632,0.0288365076439915,FALSE,TRUE,0.0536184210526315,-0.156578947368421,0.0256309930078226,FALSE,TRUE,0.0381578947368421,-0.259528130671506,0.115597271361341
7,7,"Tomorrow's Europe (EU)","eu.eu_veto_support_t1","7:2804::eu.eu_veto_support_t1","2804","7:2804",0.608823529411765,0.564705882352941,0.194040342227498,0.247338776960337,17,17,17,0.608823529411765,0.564705882352941,0.194040342227498,0.247338776960337,-0.0441176470588236,-0.0532984347328385,FALSE,FALSE,-0.0441176470588236,-0.0441176470588236,-0.0532984347328385,FALSE,FALSE,-0.0441176470588236,-0.0724637681159421,-0.17420085746229
7,7,"Tomorrow's Europe (EU)","eu.eu_veto_support_t1","7:2805::eu.eu_veto_support_t1","2805","7:2805",0.560526315789474,0.521111111111111,0.227045606877427,0.267944606531485,19,15,15,0.598333333333333,0.521111111111111,0.190034458028262,0.267944606531485,-0.0394152046783626,-0.0408989996540576,FALSE,FALSE,-0.0394152046783626,-0.0772222222222223,-0.0779101485032228,FALSE,FALSE,-0.0772222222222223,-0.0703182055294731,-0.14983821724273
7,7,"Tomorrow's Europe (EU)","eu.eu_veto_support_t1","7:2806::eu.eu_veto_support_t1","2806","7:2806",0.610526315789474,0.472368421052632,0.289073686957544,0.285274567649078,19,19,19,0.610526315789474,0.472368421052632,0.289073686957544,0.285274567649078,-0.138157894736842,0.00379911930846583,FALSE,TRUE,-0.0828947368421052,-0.138157894736842,0.00379911930846583,FALSE,TRUE,-0.0828947368421052,-0.226293103448276,0.0131423906079138
7,7,"Tomorrow's Europe (EU)","eu.eu_veto_support_t1","7:2807::eu.eu_veto_support_t1","2807","7:2807",0.606666666666667,0.49125,0.290009074268194,0.265533158357171,20,20,19,0.596491228070176,0.499561403508772,0.294265089366736,0.270123338372905,-0.115416666666667,0.0244759159110227,FALSE,TRUE,-0.0979166666666667,-0.0969298245614036,0.0241417509938303,FALSE,TRUE,-0.0960526315789474,-0.190247252747253,0.0843970692047653
7,7,"Tomorrow's Europe (EU)","eu.eu_veto_support_t1","7:2808::eu.eu_veto_support_t1","2808","7:2808",0.624275362318841,0.580555555555556,0.24212225921174,0.241404523136684,23,18,18,0.600462962962963,0.580555555555556,0.218384446610612,0.241404523136684,-0.043719806763285,0.000717736075056458,FALSE,TRUE,-0.043719806763285,-0.0199074074074074,-0.0230200765260714,FALSE,FALSE,-0.0199074074074074,-0.0700328883729928,0.00296435394826208
7,7,"Tomorrow's Europe (EU)","eu.eu_veto_support_t1","7:2809::eu.eu_veto_support_t1","2809","7:2809",0.625,0.570833333333333,0.246855220726644,0.239040062573518,13,12,12,0.604166666666667,0.570833333333333,0.245605312843533,0.239040062573518,-0.0541666666666667,0.0078151581531255,FALSE,TRUE,-0.0541666666666667,-0.0333333333333333,0.00656525027001473,FALSE,TRUE,-0.0333333333333333,-0.0866666666666667,0.0316588732866203
7,7,"Tomorrow's Europe (EU)","eu.eu_veto_support_t1","7:2810::eu.eu_veto_support_t1","2810","7:2810",0.626666666666667,0.648245614035088,0.213293581822763,0.218697373693784,20,19,19,0.625438596491228,0.648245614035088,0.219065666141163,0.218697373693784,0.0215789473684209,-0.00540379187102161,TRUE,FALSE,0.0215789473684209,0.0228070175438596,0.000368292447378238,TRUE,TRUE,0.0228070175438596,0.0578007518796989,-0.0188478231683013
7,7,"Tomorrow's Europe (EU)","eu.eu_veto_support_t1","7:2811::eu.eu_veto_support_t1","2811","7:2811",0.59625,0.608333333333333,0.26460931976267,0.276726184074404,20,15,15,0.645,0.608333333333333,0.195758597694785,0.276726184074404,0.0120833333333332,-0.0121168643117336,TRUE,FALSE,0.0120833333333332,-0.0366666666666667,-0.0809675863796193,FALSE,FALSE,-0.0366666666666667,0.0299277605779151,-0.051475548222712
7,7,"Tomorrow's Europe (EU)","eu.eu_veto_support_t1","7:2812::eu.eu_veto_support_t1","2812","7:2812",0.567045454545455,0.526136363636364,0.237845783824555,0.256519431261491,22,22,22,0.567045454545455,0.526136363636364,0.237845783824555,0.256519431261491,-0.0409090909090909,-0.0186736474369358,FALSE,FALSE,-0.0409090909090909,-0.0409090909090909,-0.0186736474369358,FALSE,FALSE,-0.0409090909090909,-0.0721442885771543,-0.0712315358088254
7,7,"Tomorrow's Europe (EU)","eu.eu_veto_support_t1","7:2813::eu.eu_veto_support_t1","2813","7:2813",0.658333333333333,0.440350877192982,0.314377692168725,0.27009176478284,21,19,19,0.63421052631579,0.440350877192982,0.321261675783909,0.27009176478284,-0.217982456140351,0.0442859273858849,FALSE,TRUE,-0.0986842105263158,-0.193859649122807,0.0511699110010693,FALSE,TRUE,-0.0745614035087719,-0.331112591605596,0.140868542803975
7,7,"Tomorrow's Europe (EU)","eu.eu_veto_support_t1","7:2814::eu.eu_veto_support_t1","2814","7:2814",0.597058823529412,0.3671875,0.404745517360637,0.339081940686908,17,16,16,0.571875,0.3671875,0.404029186239476,0.339081940686908,-0.229871323529412,0.0656635766737283,FALSE,TRUE,0.0357536764705882,-0.2046875,0.0649472455525679,FALSE,TRUE,0.0609375,-0.385006157635468,0.162234228316902
7,7,"Tomorrow's Europe (EU)","eu.eu_veto_support_t1","7:2815::eu.eu_veto_support_t1","2815","7:2815",0.598809523809524,0.636904761904762,0.224927236911766,0.218033691149305,21,21,21,0.598809523809524,0.636904761904762,0.224927236911766,0.218033691149305,0.0380952380952381,0.00689354576246157,TRUE,TRUE,0.0380952380952381,0.0380952380952381,0.00689354576246157,TRUE,TRUE,0.0380952380952381,0.0949554896142433,0.030647892434502
7,7,"Tomorrow's Europe (EU)","eu.eu_veto_support_t1","7:2816::eu.eu_veto_support_t1","2816","7:2816",0.605208333333333,0.571875,0.30146056495373,0.327092621948789,16,16,16,0.605208333333333,0.571875,0.30146056495373,0.327092621948789,-0.0333333333333333,-0.0256320569950586,FALSE,FALSE,-0.0333333333333333,-0.0333333333333333,-0.0256320569950586,FALSE,FALSE,-0.0333333333333333,-0.0550774526678141,-0.129103102308542
7,7,"Tomorrow's Europe (EU)","eu.eu_veto_support_t1","7:2817::eu.eu_veto_support_t1","2817","7:2817",0.541666666666667,0.4925,0.315311427474959,0.314569463502771,19,20,19,0.541666666666667,0.518421052631579,0.315311427474959,0.300444359017601,-0.0491666666666666,0.00074196397218812,FALSE,TRUE,-0.0341666666666666,-0.0232456140350876,0.014867068457358,FALSE,TRUE,-0.0232456140350876,-0.0907692307692307,0.00235311475429175
7,7,"Tomorrow's Europe (EU)","eu.eu_veto_support_t1","7:2818::eu.eu_veto_support_t1","2818","7:2818",0.515384615384615,0.58974358974359,0.299398435328114,0.240758683311202,13,13,12,0.533333333333333,0.584722222222222,0.305319008529926,0.250752235287511,0.0743589743589744,0.0586397520169125,TRUE,TRUE,0.0743589743589744,0.0513888888888889,0.0545667732424145,TRUE,TRUE,0.0513888888888889,0.153439153439154,0.195858578728538
8,8,"Central Power & Light","cpl.t1res","8:29101::cpl.t1res","29101","8:29101",0.676923076923077,0.773076923076923,0.308636372218846,0.183275049010343,13,13,13,0.676923076923077,0.773076923076923,0.308636372218846,0.183275049010343,0.0961538461538461,0.125361323208503,TRUE,TRUE,0.0961538461538461,0.0961538461538461,0.125361323208503,TRUE,TRUE,0.0961538461538461,0.297619047619048,0.406178060956512
8,8,"Central Power & Light","cpl.t1res","8:29102::cpl.t1res","29102","8:29102",0.683333333333333,0.729166666666667,0.208166599946613,0.192422751127602,12,12,12,0.683333333333333,0.729166666666667,0.208166599946613,0.192422751127602,0.0458333333333333,0.015743848819011,TRUE,TRUE,0.0458333333333333,0.0458333333333333,0.015743848819011,TRUE,TRUE,0.0458333333333333,0.144736842105263,0.075631003355239
8,8,"Central Power & Light","cpl.t1res","8:29103::cpl.t1res","29103","8:29103",0.686363636363636,0.858333333333333,0.198860389583885,0.154968227437599,11,12,11,0.686363636363636,0.886363636363636,0.198860389583885,0.126670653844742,0.171969696969697,0.0438921621462857,TRUE,TRUE,0.171969696969697,0.2,0.0721897357391427,TRUE,TRUE,0.2,0.548309178743961,0.220718476103411
8,8,"Central Power & Light","cpl.t1res","8:29104::cpl.t1res","29104","8:29104",0.561538461538462,0.684615384615385,0.317643567379281,0.275669348574682,13,13,13,0.561538461538462,0.684615384615385,0.317643567379281,0.275669348574682,0.123076923076923,0.0419742188045988,TRUE,TRUE,0.123076923076923,0.123076923076923,0.0419742188045988,TRUE,TRUE,0.123076923076923,0.280701754385965,0.132142511655146
8,8,"Central Power & Light","cpl.t1res","8:29105::cpl.t1res","29105","8:29105",0.540909090909091,0.713636363636364,0.222281557734984,0.211057941204435,11,11,11,0.540909090909091,0.713636363636364,0.222281557734984,0.211057941204435,0.172727272727273,0.0112236165305492,TRUE,TRUE,0.172727272727273,0.172727272727273,0.0112236165305492,TRUE,TRUE,0.172727272727273,0.376237623762376,0.0504927923167184
8,8,"Central Power & Light","cpl.t1res","8:29106::cpl.t1res","29106","8:29106",0.632142857142857,0.7,0.201539405249028,0.21483446221183,14,14,14,0.632142857142857,0.7,0.201539405249028,0.21483446221183,0.0678571428571428,-0.013295056962802,TRUE,FALSE,0.0678571428571428,0.0678571428571428,-0.013295056962802,TRUE,FALSE,0.0678571428571428,0.184466019417476,-0.0445454347964933
8,8,"Central Power & Light","cpl.t1res","8:29107::cpl.t1res","29107","8:29107",0.695833333333333,0.791666666666667,0.253572952864146,0.179435140641318,12,12,12,0.695833333333333,0.791666666666667,0.253572952864146,0.179435140641318,0.0958333333333333,0.0741378122228277,TRUE,TRUE,0.0958333333333333,0.0958333333333333,0.0741378122228277,TRUE,TRUE,0.0958333333333333,0.315068493150685,0.292372713199218
8,8,"Central Power & Light","cpl.t1res","8:29108::cpl.t1res","29108","8:29108",0.643333333333333,0.746666666666667,0.163517874368814,0.184648959096005,15,15,15,0.643333333333333,0.746666666666667,0.163517874368814,0.184648959096005,0.103333333333333,-0.0211310847271909,TRUE,FALSE,0.103333333333333,0.103333333333333,-0.0211310847271909,TRUE,FALSE,0.103333333333333,0.289719626168224,-0.0628000215094707
8,8,"Central Power & Light","cpl.t1res","8:29109::cpl.t1res","29109","8:29109",0.692307692307692,0.776923076923077,0.276771682262771,0.242053183391055,13,13,13,0.692307692307692,0.776923076923077,0.276771682262771,0.242053183391055,0.0846153846153846,0.034718498871716,TRUE,TRUE,0.0846153846153846,0.0846153846153846,0.034718498871716,TRUE,TRUE,0.0846153846153846,0.275,0.12544093596524
8,8,"Central Power & Light","cpl.t1res","8:29110::cpl.t1res","29110","8:29110",0.630769230769231,0.661538461538462,0.187681536050723,0.278503325948008,13,13,13,0.630769230769231,0.661538461538462,0.187681536050723,0.278503325948008,0.0307692307692308,-0.090821789897285,TRUE,FALSE,0.0307692307692308,0.0307692307692308,-0.090821789897285,TRUE,FALSE,0.0307692307692308,0.0833333333333333,-0.290798657078549
8,8,"Central Power & Light","cpl.t1res","8:29111::cpl.t1res","29111","8:29111",0.5375,0.65,0.262959554442746,0.23741027013092,12,12,12,0.5375,0.65,0.262959554442746,0.23741027013092,0.1125,0.0255492843118257,TRUE,TRUE,0.1125,0.1125,0.0255492843118257,TRUE,TRUE,0.1125,0.243243243243243,0.0971605095923166
8,8,"Central Power & Light","cpl.t1res","8:29112::cpl.t1res","29112","8:29112",0.596666666666667,0.846666666666667,0.192230020944651,0.114121906415068,15,15,15,0.596666666666667,0.846666666666667,0.192230020944651,0.114121906415068,0.25,0.078108114529583,TRUE,TRUE,0.25,0.25,0.078108114529583,TRUE,TRUE,0.25,0.619834710743802,0.406326307128026
8,8,"Central Power & Light","cpl.t1res","8:29113::cpl.t1res","29113","8:29113",0.66875,0.821875,0.285700892543233,0.15380588415272,16,16,16,0.66875,0.821875,0.285700892543233,0.15380588415272,0.153125,0.131895008390513,TRUE,TRUE,0.153125,0.153125,0.131895008390513,TRUE,TRUE,0.153125,0.462264150943396,0.461654169913222
8,8,"Central Power & Light","cpl.t1res","8:29114::cpl.t1res","29114","8:29114",0.715625,0.76875,0.189489445616372,0.21203380233664,16,16,16,0.715625,0.76875,0.189489445616372,0.21203380233664,0.0531250000000001,-0.0225443567202681,TRUE,FALSE,0.0531250000000001,0.0531250000000001,-0.0225443567202681,TRUE,FALSE,0.0531250000000001,0.186813186813187,-0.0726041559682866
8,8,"Central Power & Light","cpl.t1res","8:29115::cpl.t1res","29115","8:29115",0.721875,0.8,0.22580873174732,0.200890873006075,16,15,15,0.736666666666667,0.8,0.225568065960039,0.200890873006075,0.078125,0.0249178587412457,TRUE,TRUE,0.078125,0.0633333333333334,0.024677192953964,TRUE,TRUE,0.0633333333333334,0.280898876404494,0.110349403003285
8,8,"Central Power & Light","cpl.t1res","8:29116::cpl.t1res","29116","8:29116",0.65,0.792307692307692,0.176776695296637,0.13821202589704,13,13,13,0.65,0.792307692307692,0.176776695296637,0.13821202589704,0.142307692307692,0.0385646693995967,TRUE,TRUE,0.142307692307692,0.142307692307692,0.0385646693995967,TRUE,TRUE,0.142307692307692,0.406593406593406,0.218154713973377
8,8,"Central Power & Light","cpl.t1cons","8:29101::cpl.t1cons","29101","8:29101",0.842105263157895,0.903846153846154,0.187317162316339,0.12984211319512,13,13,13,0.842105263157895,0.903846153846154,0.187317162316339,0.12984211319512,0.0617408906882592,0.0574750491212189,TRUE,TRUE,0.0617408906882592,0.0617408906882592,0.0574750491212189,TRUE,TRUE,0.0617408906882592,0.391025641025641,0.306832798503299
8,8,"Central Power & Light","cpl.t1cons","8:29102::cpl.t1cons","29102","8:29102",0.856459330143541,0.854166666666667,0.149033653807664,0.148413325383926,11,12,11,0.856459330143541,0.877272727272727,0.149033653807664,0.131079434625795,-0.00229266347687407,0.000620328423737798,FALSE,TRUE,-0.00229266347687407,0.0208133971291865,0.0179542191818685,TRUE,TRUE,0.0208133971291865,-0.00267690875232782,0.00416233788737654
8,8,"Central Power & Light","cpl.t1cons","8:29103::cpl.t1cons","29103","8:29103",0.820175438596491,0.920833333333333,0.162544507332392,0.101036297108185,12,12,12,0.820175438596491,0.920833333333333,0.162544507332392,0.101036297108185,0.100657894736842,0.061508210224208,TRUE,TRUE,0.100657894736842,0.100657894736842,0.061508210224208,TRUE,TRUE,0.100657894736842,0.559756097560976,0.378408420153059
8,8,"Central Power & Light","cpl.t1cons","8:29104::cpl.t1cons","29104","8:29104",0.704453441295547,0.8,0.240746052588154,0.189296944860009,13,13,13,0.704453441295547,0.8,0.240746052588154,0.189296944860009,0.0955465587044534,0.0514491077281447,TRUE,TRUE,0.0955465587044534,0.0955465587044534,0.0514491077281447,TRUE,TRUE,0.0955465587044534,0.323287671232877,0.213706962897369
8,8,"Central Power & Light","cpl.t1cons","8:29105::cpl.t1cons","29105","8:29105",0.851674641148325,0.945454545454545,0.207635657111817,0.110576999087843,11,11,11,0.851674641148325,0.945454545454545,0.207635657111817,0.110576999087843,0.0937799043062201,0.097058658023974,TRUE,TRUE,0.0937799043062201,0.0937799043062201,0.097058658023974,TRUE,TRUE,0.0937799043062201,0.632258064516129,0.467446966354655
8,8,"Central Power & Light","cpl.t1cons","8:29106::cpl.t1cons","29106","8:29106",0.819548872180451,0.910714285714286,0.263331348273023,0.128868703947634,14,14,14,0.819548872180451,0.910714285714286,0.263331348273023,0.128868703947634,0.0911654135338347,0.134462644325389,TRUE,TRUE,0.0911654135338347,0.0911654135338347,0.134462644325389,TRUE,TRUE,0.0911654135338347,0.505208333333333,0.510621485847473
8,8,"Central Power & Light","cpl.t1cons","8:29107::cpl.t1cons","29107","8:29107",0.820175438596491,0.858333333333333,0.188378457847972,0.171667402175535,12,12,12,0.820175438596491,0.858333333333333,0.188378457847972,0.171667402175535,0.0381578947368423,0.016711055672437,TRUE,TRUE,0.0381578947368423,0.0381578947368423,0.016711055672437,TRUE,TRUE,0.0381578947368423,0.21219512195122,0.0887100142093922
8,8,"Central Power & Light","cpl.t1cons","8:29108::cpl.t1cons","29108","8:29108",0.810526315789474,0.823333333333333,0.238548572513771,0.175119007154183,15,15,15,0.810526315789474,0.823333333333333,0.238548572513771,0.175119007154183,0.0128070175438596,0.0634295653595881,TRUE,TRUE,0.0128070175438596,0.0128070175438596,0.0634295653595881,TRUE,TRUE,0.0128070175438596,0.0675925925925924,0.265897903689726
8,8,"Central Power & Light","cpl.t1cons","8:29109::cpl.t1cons","29109","8:29109",0.82995951417004,0.884615384615385,0.153677370302364,0.143446586145935,13,13,13,0.82995951417004,0.884615384615385,0.153677370302364,0.143446586145935,0.054655870445344,0.0102307841564293,TRUE,TRUE,0.054655870445344,0.054655870445344,0.0102307841564293,TRUE,TRUE,0.054655870445344,0.321428571428571,0.0665731339383278
8,8,"Central Power & Light","cpl.t1cons","8:29110::cpl.t1cons","29110","8:29110",0.838056680161943,0.819230769230769,0.181638101807994,0.213637603527623,13,13,13,0.838056680161943,0.819230769230769,0.181638101807994,0.213637603527623,-0.0188259109311741,-0.0319995017196289,FALSE,FALSE,-0.0188259109311741,-0.0188259109311741,-0.0319995017196289,FALSE,FALSE,-0.0188259109311741,-0.0224637681159421,-0.10051297564613
8,8,"Central Power & Light","cpl.t1cons","8:29111::cpl.t1cons","29111","8:29111",0.662280701754386,0.795833333333333,0.223813172318826,0.199383519576689,12,12,12,0.662280701754386,0.795833333333333,0.223813172318826,0.199383519576689,0.133552631578947,0.0244296527421371,TRUE,TRUE,0.133552631578947,0.133552631578947,0.0244296527421371,TRUE,TRUE,0.133552631578947,0.395454545454546,0.109151988191904
8,8,"Central Power & Light","cpl.t1cons","8:29112::cpl.t1cons","29112","8:29112",0.83859649122807,0.87,0.165800413371815,0.116189500386222,15,15,15,0.83859649122807,0.87,0.165800413371815,0.116189500386222,0.0314035087719298,0.0496109129855921,TRUE,TRUE,0.0314035087719298,0.0314035087719298,0.0496109129855921,TRUE,TRUE,0.0314035087719298,0.194565217391304,0.29922068333049
8,8,"Central Power & Light","cpl.t1cons","8:29113::cpl.t1cons","29113","8:29113",0.832236842105263,0.816666666666667,0.17212886795581,0.153141702198914,16,15,15,0.849122807017544,0.816666666666667,0.163879880468184,0.153141702198914,-0.0155701754385965,0.0189871657568961,FALSE,TRUE,-0.0155701754385965,-0.0324561403508772,0.0107381782692694,FALSE,TRUE,-0.0324561403508772,-0.0187088274044796,0.110307852380523
8,8,"Central Power & Light","cpl.t1cons","8:29114::cpl.t1cons","29114","8:29114",0.825657894736842,0.828125,0.170511966041244,0.187055027554282,16,16,16,0.825657894736842,0.828125,0.170511966041244,0.187055027554282,0.00246710526315796,-0.0165430615130386,TRUE,FALSE,0.00246710526315796,0.00246710526315796,-0.0165430615130386,TRUE,FALSE,0.00246710526315796,0.0141509433962268,-0.0502083833342167
8,8,"Central Power & Light","cpl.t1cons","8:29115::cpl.t1cons","29115","8:29115",0.832236842105263,0.8875,0.152805406159047,0.117615191762516,16,16,16,0.832236842105263,0.8875,0.152805406159047,0.117615191762516,0.0552631578947368,0.0351902143965309,TRUE,TRUE,0.0552631578947368,0.0552631578947368,0.0351902143965309,TRUE,TRUE,0.0552631578947368,0.329411764705882,0.230294302283411
8,8,"Central Power & Light","cpl.t1cons","8:29116::cpl.t1cons","29116","8:29116",0.785425101214575,0.865384615384615,0.185411546511153,0.116161911759362,13,13,13,0.785425101214575,0.865384615384615,0.185411546511153,0.116161911759362,0.0799595141700404,0.0692496347517917,TRUE,TRUE,0.0799595141700404,0.0799595141700404,0.0692496347517917,TRUE,TRUE,0.0799595141700404,0.372641509433962,0.373491489903656
8,8,"Central Power & Light","cpl.t1poor","8:29101::cpl.t1poor","29101","8:29101",0.688461538461538,0.819230769230769,0.31993088195854,0.236984934066195,13,13,13,0.688461538461538,0.819230769230769,0.31993088195854,0.236984934066195,0.130769230769231,0.0829459478923446,TRUE,TRUE,0.130769230769231,0.130769230769231,0.0829459478923446,TRUE,TRUE,0.130769230769231,0.419753086419753,0.259262086187396
8,8,"Central Power & Light","cpl.t1poor","8:29102::cpl.t1poor","29102","8:29102",0.672727272727273,0.810416666666667,0.23860389389492,0.14160537889972,11,12,11,0.672727272727273,0.815909090909091,0.23860389389492,0.147170278620008,0.137689393939394,0.0969985149951997,TRUE,TRUE,0.137689393939394,0.143181818181818,0.0914336152749114,TRUE,TRUE,0.143181818181818,0.420717592592593,0.40652528092403
8,8,"Central Power & Light","cpl.t1poor","8:29103::cpl.t1poor","29103","8:29103",0.525,0.620833333333333,0.277160931262294,0.188545067355904,12,12,12,0.525,0.620833333333333,0.277160931262294,0.188545067355904,0.0958333333333333,0.0886158639063894,TRUE,TRUE,0.0958333333333333,0.0958333333333333,0.0886158639063894,TRUE,TRUE,0.0958333333333333,0.201754385964912,0.319727111259152
8,8,"Central Power & Light","cpl.t1poor","8:29104::cpl.t1poor","29104","8:29104",0.669230769230769,0.594230769230769,0.306722228801607,0.320668872267056,13,13,13,0.669230769230769,0.594230769230769,0.306722228801607,0.320668872267056,-0.075,-0.0139466434654488,FALSE,FALSE,-0.075,-0.075,-0.0139466434654488,FALSE,FALSE,-0.075,-0.112068965517241,-0.0721585486989761
8,8,"Central Power & Light","cpl.t1poor","8:29105::cpl.t1poor","29105","8:29105",0.636363636363636,0.636363636363636,0.19441053095307,0.200737277418656,11,11,11,0.636363636363636,0.636363636363636,0.19441053095307,0.200737277418656,0,-0.00632674646558634,FALSE,FALSE,0,0,-0.00632674646558634,FALSE,FALSE,0,0,-0.020703417841322
8,8,"Central Power & Light","cpl.t1poor","8:29106::cpl.t1poor","29106","8:29106",0.582142857142857,0.496428571428571,0.274462511701818,0.271012549889857,14,14,14,0.582142857142857,0.496428571428571,0.274462511701818,0.271012549889857,-0.0857142857142858,0.00344996181196061,FALSE,TRUE,-0.0785714285714286,-0.0857142857142858,0.00344996181196061,FALSE,TRUE,-0.0785714285714286,-0.147239263803681,0.0125698835537464
8,8,"Central Power & Light","cpl.t1poor","8:29107::cpl.t1poor","29107","8:29107",0.639583333333333,0.7,0.273541241143014,0.200850464502597,12,12,12,0.639583333333333,0.7,0.273541241143014,0.200850464502597,0.0604166666666666,0.0726907766404168,TRUE,TRUE,0.0604166666666666,0.0604166666666666,0.0726907766404168,TRUE,TRUE,0.0604166666666666,0.167630057803468,0.265739733930695
8,8,"Central Power & Light","cpl.t1poor","8:29108::cpl.t1poor","29108","8:29108",0.668333333333333,0.605,0.306836779939774,0.201157365548184,15,15,15,0.668333333333333,0.605,0.306836779939774,0.201157365548184,-0.0633333333333334,0.10567941439159,FALSE,TRUE,-0.0633333333333334,-0.0633333333333334,0.10567941439159,FALSE,TRUE,-0.0633333333333334,-0.0947630922693267,0.344415732730389
8,8,"Central Power & Light","cpl.t1poor","8:29109::cpl.t1poor","29109","8:29109",0.661538461538462,0.644230769230769,0.336126121018241,0.283239049169353,13,13,13,0.661538461538462,0.644230769230769,0.336126121018241,0.283239049169353,-0.0173076923076922,0.0528870718488884,FALSE,TRUE,-0.0173076923076922,-0.0173076923076922,0.0528870718488884,FALSE,TRUE,-0.0173076923076922,-0.0261627906976743,0.157342939277303
8,8,"Central Power & Light","cpl.t1poor","8:29110::cpl.t1poor","29110","8:29110",0.525,0.551923076923077,0.30430932727517,0.349473046537798,13,13,13,0.525,0.551923076923077,0.30430932727517,0.349473046537798,0.0269230769230769,-0.0451637192626282,TRUE,FALSE,0.0269230769230769,0.0269230769230769,-0.0451637192626282,TRUE,FALSE,0.0269230769230769,0.0566801619433199,-0.230791374130208
8,8,"Central Power & Light","cpl.t1poor","8:29111::cpl.t1poor","29111","8:29111",0.477083333333333,0.354166666666667,0.28692300466512,0.246067556626717,12,12,12,0.477083333333333,0.354166666666667,0.28692300466512,0.246067556626717,0.122916666666667,0.0408554480384036,TRUE,TRUE,0.122916666666667,0.122916666666667,0.0408554480384036,TRUE,TRUE,0.122916666666667,0.25764192139738,0.14239167781645
8,8,"Central Power & Light","cpl.t1poor","8:29112::cpl.t1poor","29112","8:29112",0.685,0.738333333333333,0.307901886042569,0.242175162896218,15,15,15,0.685,0.738333333333333,0.307901886042569,0.242175162896218,0.0533333333333332,0.0657267231463519,TRUE,TRUE,0.0533333333333332,0.0533333333333332,0.0657267231463519,TRUE,TRUE,0.0533333333333332,0.169312169312169,0.213466451898462
8,8,"Central Power & Light","cpl.t1poor","8:29113::cpl.t1poor","29113","8:29113",0.635,0.576666666666667,0.311218802223039,0.25660326984518,15,15,14,0.648214285714286,0.575,0.318570165818224,0.266205530775348,-0.0583333333333333,0.054615532377859,FALSE,TRUE,-0.0583333333333333,-0.0732142857142858,0.052364635042876,FALSE,TRUE,-0.0732142857142858,-0.0918635170603675,0.175489179920171
8,8,"Central Power & Light","cpl.t1poor","8:29114::cpl.t1poor","29114","8:29114",0.5828125,0.50625,0.209705895243791,0.237609623823054,16,16,16,0.5828125,0.50625,0.209705895243791,0.237609623823054,-0.0765625,-0.0279037285792629,FALSE,FALSE,-0.0765625,-0.0765625,-0.0279037285792629,FALSE,FALSE,-0.0765625,-0.131367292225201,-0.0961222709041806
8,8,"Central Power & Light","cpl.t1poor","8:29115::cpl.t1poor","29115","8:29115",0.684375,0.75,0.226545617187062,0.214281745995002,16,16,16,0.684375,0.75,0.226545617187062,0.214281745995002,0.065625,0.0122638711920593,TRUE,TRUE,0.065625,0.065625,0.0122638711920593,TRUE,TRUE,0.065625,0.207920792079208,0.0541342240222325
8,8,"Central Power & Light","cpl.t1poor","8:29116::cpl.t1poor","29116","8:29116",0.671153846153846,0.709615384615385,0.21574631945638,0.211772888751739,13,13,13,0.671153846153846,0.709615384615385,0.21574631945638,0.211772888751739,0.0384615384615385,0.00397343070464101,TRUE,TRUE,0.0384615384615385,0.0384615384615385,0.00397343070464101,TRUE,TRUE,0.0384615384615385,0.116959064327486,0.0184171424785041
8,8,"Central Power & Light","cpl.t1renew","8:29101::cpl.t1renew","29101","8:29101",0.892307692307692,0.769230769230769,0.164375274202755,0.313274680817052,13,13,13,0.892307692307692,0.769230769230769,0.164375274202755,0.313274680817052,-0.123076923076923,-0.148899406614297,FALSE,FALSE,-0.123076923076923,-0.123076923076923,-0.148899406614297,FALSE,FALSE,-0.123076923076923,-0.137931034482759,-0.443648501345067
8,8,"Central Power & Light","cpl.t1renew","8:29102::cpl.t1renew","29102","8:29102",0.813636363636364,0.7375,0.309912010973203,0.232696642160404,11,12,11,0.813636363636364,0.736363636363636,0.309912010973203,0.244019373299446,-0.0761363636363636,0.0772153688127984,FALSE,TRUE,-0.0761363636363636,-0.0772727272727273,0.0658926376737564,FALSE,TRUE,-0.0772727272727273,-0.0935754189944133,0.249152553237038
8,8,"Central Power & Light","cpl.t1renew","8:29103::cpl.t1renew","29103","8:29103",0.9375,0.925,0.143217888674438,0.187689298382387,12,12,12,0.9375,0.925,0.143217888674438,0.187689298382387,-0.0125,-0.0444714097079494,FALSE,FALSE,-0.0125,-0.0125,-0.0444714097079494,FALSE,FALSE,-0.0125,-0.0133333333333333,-0.124645850496045
8,8,"Central Power & Light","cpl.t1renew","8:29104::cpl.t1renew","29104","8:29104",0.926923076923077,0.85,0.183275049010343,0.289395922569756,13,13,13,0.926923076923077,0.85,0.183275049010343,0.289395922569756,-0.076923076923077,-0.106120873559413,FALSE,FALSE,-0.076923076923077,-0.076923076923077,-0.106120873559413,FALSE,FALSE,-0.076923076923077,-0.08298755186722,-0.335056878934929
8,8,"Central Power & Light","cpl.t1renew","8:29105::cpl.t1renew","29105","8:29105",0.85,0.863636363636364,0.290688837074973,0.216899641644366,11,11,11,0.85,0.863636363636364,0.290688837074973,0.216899641644366,0.0136363636363637,0.0737891954306063,TRUE,TRUE,0.0136363636363637,0.0136363636363637,0.0737891954306063,TRUE,TRUE,0.0136363636363637,0.0909090909090911,0.253842549212081
8,8,"Central Power & Light","cpl.t1renew","8:29106::cpl.t1renew","29106","8:29106",0.842857142857143,0.767857142857143,0.268082322931095,0.264289426763352,14,14,14,0.842857142857143,0.767857142857143,0.268082322931095,0.264289426763352,-0.075,0.00379289616774309,FALSE,TRUE,-0.075,-0.075,0.00379289616774309,FALSE,TRUE,-0.075,-0.0889830508474576,0.0141482516499903
8,8,"Central Power & Light","cpl.t1renew","8:29107::cpl.t1renew","29107","8:29107",0.891666666666667,0.858333333333333,0.234359216640273,0.195207737054812,12,12,12,0.891666666666667,0.858333333333333,0.234359216640273,0.195207737054812,-0.0333333333333333,0.0391514795854611,FALSE,TRUE,-0.0333333333333333,-0.0333333333333333,0.0391514795854611,FALSE,TRUE,-0.0333333333333333,-0.0373831775700935,0.167057562944308
8,8,"Central Power & Light","cpl.t1renew","8:29108::cpl.t1renew","29108","8:29108",0.92,0.946666666666667,0.094112394811432,0.100829889748361,15,15,15,0.92,0.946666666666667,0.094112394811432,0.100829889748361,0.0266666666666666,-0.00671749493692915,TRUE,FALSE,0.0266666666666666,0.0266666666666666,-0.00671749493692915,TRUE,FALSE,0.0266666666666666,0.333333333333333,-0.0165501356805619
8,8,"Central Power & Light","cpl.t1renew","8:29109::cpl.t1renew","29109","8:29109",0.926923076923077,0.915384615384615,0.114774025472129,0.150533240217091,13,13,13,0.926923076923077,0.915384615384615,0.114774025472129,0.150533240217091,-0.0115384615384616,-0.0357592147449619,FALSE,FALSE,-0.0115384615384616,-0.0115384615384616,-0.0357592147449619,FALSE,FALSE,-0.0115384615384616,-0.0124481327800831,-0.0928265929855536
8,8,"Central Power & Light","cpl.t1renew","8:29110::cpl.t1renew","29110","8:29110",0.726923076923077,0.742307692307692,0.309310647930324,0.273744218999959,13,13,13,0.726923076923077,0.742307692307692,0.309310647930324,0.273744218999959,0.0153846153846154,0.0355664289303653,TRUE,TRUE,0.0153846153846154,0.0153846153846154,0.0355664289303653,TRUE,TRUE,0.0153846153846154,0.0563380281690143,0.114986112403014
8,8,"Central Power & Light","cpl.t1renew","8:29111::cpl.t1renew","29111","8:29111",0.833333333333333,0.825,0.172328087371066,0.184020749818156,12,12,12,0.833333333333333,0.825,0.172328087371066,0.184020749818156,-0.00833333333333341,-0.0116926624470902,FALSE,FALSE,-0.00833333333333341,-0.00833333333333341,-0.0116926624470902,FALSE,FALSE,-0.00833333333333341,-0.0100000000000001,-0.0356840546792039
8,8,"Central Power & Light","cpl.t1renew","8:29112::cpl.t1renew","29112","8:29112",0.916666666666667,0.92,0.112863170423727,0.14976171549689,15,15,15,0.916666666666667,0.92,0.112863170423727,0.14976171549689,0.00333333333333341,-0.0368985450731631,TRUE,FALSE,0.00333333333333341,0.00333333333333341,-0.0368985450731631,TRUE,FALSE,0.00333333333333341,0.0400000000000009,-0.0953113789601188
8,8,"Central Power & Light","cpl.t1renew","8:29113::cpl.t1renew","29113","8:29113",0.903125,0.825,0.130981868974297,0.171269767715535,16,16,16,0.903125,0.825,0.130981868974297,0.171269767715535,-0.078125,-0.0402878987412377,FALSE,FALSE,-0.078125,-0.078125,-0.0402878987412377,FALSE,FALSE,-0.078125,-0.0865051903114187,-0.109175932979921
8,8,"Central Power & Light","cpl.t1renew","8:29114::cpl.t1renew","29114","8:29114",0.9,0.9,0.16532795690183,0.151657508881031,16,16,16,0.9,0.9,0.16532795690183,0.151657508881031,0,0.0136704480207989,FALSE,TRUE,0,0,0.0136704480207989,FALSE,TRUE,0,0,0.0826868502882201
8,8,"Central Power & Light","cpl.t1renew","8:29115::cpl.t1renew","29115","8:29115",0.89375,0.85625,0.195682566077478,0.144769932421526,16,16,16,0.89375,0.85625,0.195682566077478,0.144769932421526,-0.0375000000000001,0.0509126336559518,FALSE,TRUE,-0.0375000000000001,-0.0375000000000001,0.0509126336559518,FALSE,TRUE,-0.0375000000000001,-0.0419580419580421,0.260179711849208
8,8,"Central Power & Light","cpl.t1renew","8:29116::cpl.t1renew","29116","8:29116",0.8625,0.8,0.2885110680089,0.207163381577601,12,13,12,0.8625,0.8,0.2885110680089,0.216375095189307,-0.0625,0.0813476864312996,FALSE,TRUE,-0.0625,-0.0625,0.0721359728195931,FALSE,TRUE,-0.0625,-0.072463768115942,0.281956900276665
8,8,"Central Power & Light","cpl.t1fossil","8:29101::cpl.t1fossil","29101","8:29101",0.575,0.703703703703704,0.280016233295663,0.265203618417714,12,12,11,0.581818181818182,0.676767676767677,0.292636914343293,0.260363210001595,0.128703703703704,0.014812614877949,TRUE,TRUE,0.128703703703704,0.094949494949495,0.032273704341698,TRUE,TRUE,0.094949494949495,0.302832244008715,0.0528991291098068
8,8,"Central Power & Light","cpl.t1fossil","8:29102::cpl.t1fossil","29102","8:29102",0.62,0.777777777777778,0.304776785350999,0.288188739751255,10,12,10,0.62,0.822222222222222,0.304776785350999,0.297220779966502,0.157777777777778,0.0165880455997444,TRUE,TRUE,0.157777777777778,0.202222222222222,0.00755600538449713,TRUE,TRUE,0.202222222222222,0.415204678362573,0.0544268671271686
8,8,"Central Power & Light","cpl.t1fossil","8:29103::cpl.t1fossil","29103","8:29103",0.666666666666667,0.518518518518518,0.299494523651051,0.402944642086983,12,12,12,0.666666666666667,0.518518518518518,0.299494523651051,0.402944642086983,-0.148148148148148,-0.103450118435932,FALSE,FALSE,-0.148148148148148,-0.148148148148148,-0.103450118435932,FALSE,FALSE,-0.148148148148148,-0.222222222222222,-0.515946598166192
8,8,"Central Power & Light","cpl.t1fossil","8:29104::cpl.t1fossil","29104","8:29104",0.784615384615385,0.675213675213675,0.223032710030591,0.288538029322489,13,13,13,0.784615384615385,0.675213675213675,0.223032710030591,0.288538029322489,-0.10940170940171,-0.065505319291898,FALSE,FALSE,-0.10940170940171,-0.10940170940171,-0.065505319291898,FALSE,FALSE,-0.10940170940171,-0.139433551198257,-0.236509225689189
8,8,"Central Power & Light","cpl.t1fossil","8:29105::cpl.t1fossil","29105","8:29105",0.609090909090909,0.656565656565657,0.317661912902839,0.23546405693861,11,11,11,0.609090909090909,0.656565656565657,0.317661912902839,0.23546405693861,0.0474747474747474,0.0821978559642294,TRUE,TRUE,0.0474747474747474,0.0474747474747474,0.0821978559642294,TRUE,TRUE,0.0474747474747474,0.121447028423773,0.258758927732613
8,8,"Central Power & Light","cpl.t1fossil","8:29106::cpl.t1fossil","29106","8:29106",0.692307692307692,0.47008547008547,0.27827306272059,0.287438832834192,13,13,12,0.675,0.472222222222222,0.283244192751189,0.300112212459507,-0.222222222222222,-0.0091657701136022,FALSE,FALSE,-0.162393162393162,-0.202777777777778,-0.0168680197083178,FALSE,FALSE,-0.147222222222222,-0.320987654320988,-0.0413380991325015
8,8,"Central Power & Light","cpl.t1fossil","8:29107::cpl.t1fossil","29107","8:29107",0.691666666666667,0.703703703703704,0.250302846870576,0.172999765369227,12,12,12,0.691666666666667,0.703703703703704,0.250302846870576,0.172999765369227,0.0120370370370372,0.0773030815013488,TRUE,TRUE,0.0120370370370372,0.0120370370370372,0.0773030815013488,TRUE,TRUE,0.0120370370370372,0.0390390390390395,0.308838203271894
8,8,"Central Power & Light","cpl.t1fossil","8:29108::cpl.t1fossil","29108","8:29108",0.72,0.703703703703704,0.178085051911399,0.220895510530668,15,15,15,0.72,0.703703703703704,0.178085051911399,0.220895510530668,-0.0162962962962963,-0.0428104586192687,FALSE,FALSE,-0.0162962962962963,-0.0162962962962963,-0.0428104586192687,FALSE,FALSE,-0.0162962962962963,-0.022633744855967,-0.132986861509413
8,8,"Central Power & Light","cpl.t1fossil","8:29109::cpl.t1fossil","29109","8:29109",0.584615384615385,0.740740740740741,0.307804466737554,0.23370981332092,13,12,12,0.566666666666667,0.740740740740741,0.314305390962164,0.23370981332092,0.156125356125356,0.074094653416634,TRUE,TRUE,0.156125356125356,0.174074074074074,0.0805955776412444,TRUE,TRUE,0.174074074074074,0.375857338820302,0.240719877141387
8,8,"Central Power & Light","cpl.t1fossil","8:29110::cpl.t1fossil","29110","8:29110",0.723076923076923,0.837606837606838,0.242053183391055,0.1903828967023,13,13,13,0.723076923076923,0.837606837606838,0.242053183391055,0.1903828967023,0.114529914529915,0.051670286688755,TRUE,TRUE,0.114529914529915,0.114529914529915,0.051670286688755,TRUE,TRUE,0.114529914529915,0.41358024691358,0.213466668625787
8,8,"Central Power & Light","cpl.t1fossil","8:29111::cpl.t1fossil","29111","8:29111",0.616666666666667,0.62037037037037,0.301008406204977,0.257146271629775,12,12,12,0.616666666666667,0.62037037037037,0.301008406204977,0.257146271629775,0.00370370370370365,0.0438621345752023,TRUE,TRUE,0.00370370370370365,0.00370370370370365,0.0438621345752023,TRUE,TRUE,0.00370370370370365,0.00966183574879214,0.145717307792838
8,8,"Central Power & Light","cpl.t1fossil","8:29112::cpl.t1fossil","29112","8:29112",0.66,0.837037037037037,0.226147865660627,0.187184969524774,15,15,15,0.66,0.837037037037037,0.226147865660627,0.187184969524774,0.177037037037037,0.0389628961358532,TRUE,TRUE,0.177037037037037,0.177037037037037,0.0389628961358532,TRUE,TRUE,0.177037037037037,0.520697167755991,0.172289470970836
8,8,"Central Power & Light","cpl.t1fossil","8:29113::cpl.t1fossil","29113","8:29113",0.645454545454546,0.711111111111111,0.347458303580837,0.247741117652402,11,15,11,0.645454545454546,0.666666666666667,0.347458303580837,0.253372316688698,0.0656565656565656,0.0997171859284342,TRUE,TRUE,0.0656565656565656,0.0212121212121211,0.094085986892139,TRUE,TRUE,0.0212121212121211,0.185185185185185,0.28699036661599
8,8,"Central Power & Light","cpl.t1fossil","8:29114::cpl.t1fossil","29114","8:29114",0.653846153846154,0.729166666666667,0.345483681754977,0.25,13,16,13,0.653846153846154,0.709401709401709,0.345483681754977,0.242324398847227,0.0753205128205128,0.0954836817549771,TRUE,TRUE,0.0753205128205128,0.0555555555555555,0.10315928290775,TRUE,TRUE,0.0555555555555555,0.217592592592592,0.276376821243603
8,8,"Central Power & Light","cpl.t1fossil","8:29115::cpl.t1fossil","29115","8:29115",0.75,0.868055555555556,0.260768096208106,0.173175379122312,16,16,16,0.75,0.868055555555556,0.260768096208106,0.173175379122312,0.118055555555556,0.0875927170857943,TRUE,TRUE,0.118055555555556,0.118055555555556,0.0875927170857943,TRUE,TRUE,0.118055555555556,0.472222222222222,0.335902736414086
8,8,"Central Power & Light","cpl.t1fossil","8:29116::cpl.t1fossil","29116","8:29116",0.73,0.717948717948718,0.249666444147653,0.210893575131287,10,13,10,0.73,0.755555555555556,0.249666444147653,0.22098420578039,-0.012051282051282,0.0387728690163668,FALSE,TRUE,-0.012051282051282,0.0255555555555556,0.0286822383672637,TRUE,TRUE,0.0255555555555556,-0.0165086055497014,0.155298679198701
8,8,"Central Power & Light","cpl.t1buypwr","8:29101::cpl.t1buypwr","29101","8:29101",0.63,0.630769230769231,0.194650684275419,0.317239697454505,10,13,10,0.63,0.67,0.194650684275419,0.266874918683308,0.000769230769230744,-0.122589013179086,TRUE,FALSE,0.000769230769230744,0.04,-0.0722242344078888,TRUE,FALSE,0.04,0.00207900207900201,-0.401471386592719
8,8,"Central Power & Light","cpl.t1buypwr","8:29102::cpl.t1buypwr","29102","8:29102",0.563636363636364,0.558333333333333,0.326413012218347,0.311764285473769,11,12,11,0.563636363636364,0.581818181818182,0.326413012218347,0.315652282799228,-0.00530303030303025,0.0146487267445778,FALSE,TRUE,-0.00530303030303025,0.0181818181818182,0.010760729419119,TRUE,TRUE,0.0181818181818182,-0.00940860215053755,0.0448778884304369
8,8,"Central Power & Light","cpl.t1buypwr","8:29103::cpl.t1buypwr","29103","8:29103",0.436363636363636,0.483333333333333,0.329462371972058,0.345972498469126,11,12,11,0.436363636363636,0.481818181818182,0.329462371972058,0.36281725928677,-0.046969696969697,-0.0165101264970687,FALSE,FALSE,-0.046969696969697,-0.0454545454545455,-0.0333548873147127,FALSE,FALSE,-0.0454545454545455,-0.0833333333333334,-0.0968122207866265
8,8,"Central Power & Light","cpl.t1buypwr","8:29104::cpl.t1buypwr","29104","8:29104",0.4,0.538461538461538,0.411206650105405,0.375363072101447,12,13,12,0.4,0.508333333333333,0.411206650105405,0.375277674973257,-0.138461538461538,0.0358435780039584,FALSE,TRUE,-0.0615384615384615,-0.108333333333333,0.0359289751321484,FALSE,TRUE,-0.0916666666666667,-0.230769230769231,0.0871668247455886
8,8,"Central Power & Light","cpl.t1buypwr","8:29105::cpl.t1buypwr","29105","8:29105",0.6,0.754545454545455,0.35213633723318,0.233938608885478,11,11,11,0.6,0.754545454545455,0.35213633723318,0.233938608885478,0.154545454545455,0.118197728347702,TRUE,TRUE,0.154545454545455,0.154545454545455,0.118197728347702,TRUE,TRUE,0.154545454545455,0.386363636363636,0.335658992980986
8,8,"Central Power & Light","cpl.t1buypwr","8:29106::cpl.t1buypwr","29106","8:29106",0.476923076923077,0.730769230769231,0.337030775434149,0.314601905547883,13,13,12,0.45,0.708333333333333,0.337099931231621,0.317542648054294,-0.253846153846154,0.0224288698862659,FALSE,TRUE,0.207692307692308,-0.258333333333333,0.0195572831773269,FALSE,TRUE,0.158333333333333,-0.485294117647059,0.0665484327280617
8,8,"Central Power & Light","cpl.t1buypwr","8:29107::cpl.t1buypwr","29107","8:29107",0.375,0.383333333333333,0.241679727964699,0.265718009562883,12,12,12,0.375,0.383333333333333,0.241679727964699,0.265718009562883,-0.00833333333333336,-0.0240382815981844,FALSE,FALSE,-0.00833333333333336,-0.00833333333333336,-0.0240382815981844,FALSE,FALSE,-0.00833333333333336,-0.0133333333333334,-0.0930561175427203
8,8,"Central Power & Light","cpl.t1buypwr","8:29108::cpl.t1buypwr","29108","8:29108",0.366666666666667,0.58,0.228868854108532,0.233605283697584,15,15,15,0.366666666666667,0.58,0.228868854108532,0.233605283697584,-0.213333333333333,-0.00473642958905199,FALSE,FALSE,-0.0533333333333333,-0.213333333333333,-0.00473642958905199,FALSE,FALSE,-0.0533333333333333,-0.336842105263158,-0.0174691460602167
8,8,"Central Power & Light","cpl.t1buypwr","8:29109::cpl.t1buypwr","29109","8:29109",0.346153846153846,0.558333333333333,0.312557686983231,0.391868097783688,13,12,12,0.375,0.558333333333333,0.307851794330855,0.391868097783688,-0.212179487179487,-0.0793104108004566,FALSE,FALSE,-0.0955128205128205,-0.183333333333333,-0.0840163034528327,FALSE,FALSE,-0.0666666666666667,-0.324509803921569,-0.423119036059705
8,8,"Central Power & Light","cpl.t1buypwr","8:29110::cpl.t1buypwr","29110","8:29110",0.408333333333333,0.423076923076923,0.253908835942542,0.280338623078847,12,13,12,0.408333333333333,0.4,0.253908835942542,0.279610118167813,-0.0147435897435897,-0.0264297871363041,FALSE,FALSE,-0.0147435897435897,0.0083333333333333,-0.0257012822252702,TRUE,FALSE,0.0083333333333333,-0.0249187432286024,-0.107398358805492
8,8,"Central Power & Light","cpl.t1buypwr","8:29111::cpl.t1buypwr","29111","8:29111",0.466666666666667,0.483333333333333,0.23094010767585,0.30401355631656,12,12,12,0.466666666666667,0.483333333333333,0.23094010767585,0.30401355631656,-0.0166666666666667,-0.0730734486407101,FALSE,FALSE,-0.0166666666666667,-0.0166666666666667,-0.0730734486407101,FALSE,FALSE,-0.0166666666666667,-0.03125,-0.271588039411964
8,8,"Central Power & Light","cpl.t1buypwr","8:29112::cpl.t1buypwr","29112","8:29112",0.48,0.526666666666667,0.227407752098045,0.30347197250362,15,15,15,0.48,0.526666666666667,0.227407752098045,0.30347197250362,-0.0466666666666667,-0.0760642204055758,FALSE,FALSE,0.00666666666666671,-0.0466666666666667,-0.0760642204055758,FALSE,FALSE,0.00666666666666671,-0.0897435897435899,-0.279040291831535
8,8,"Central Power & Light","cpl.t1buypwr","8:29113::cpl.t1buypwr","29113","8:29113",0.490909090909091,0.393333333333333,0.254772625902178,0.281492620219599,11,15,10,0.54,0.41,0.206559111797729,0.288482620312251,0.0975757575757576,-0.0267199943174212,TRUE,FALSE,0.0975757575757576,-0.13,-0.0819235085145218,FALSE,FALSE,0.0499999999999999,0.198765432098765,-0.108960080071495
8,8,"Central Power & Light","cpl.t1buypwr","8:29114::cpl.t1buypwr","29114","8:29114",0.41875,0.3,0.318786762585902,0.294392028877595,16,16,16,0.41875,0.3,0.318786762585902,0.294392028877595,0.11875,0.0243947337083067,TRUE,TRUE,0.11875,0.11875,0.0243947337083067,TRUE,TRUE,0.11875,0.283582089552239,0.0765236721576015
8,8,"Central Power & Light","cpl.t1buypwr","8:29115::cpl.t1buypwr","29115","8:29115",0.4,0.51875,0.313785816221094,0.268871096748361,14,16,14,0.4,0.514285714285714,0.313785816221094,0.28784916685157,-0.11875,0.0449147194727332,FALSE,TRUE,-0.0812499999999999,-0.114285714285714,0.0259366493695247,FALSE,TRUE,-0.0857142857142856,-0.197916666666667,0.143138144399383
8,8,"Central Power & Light","cpl.t1buypwr","8:29116::cpl.t1buypwr","29116","8:29116",0.427272727272727,0.523076923076923,0.337908002541843,0.346780060350087,11,13,11,0.427272727272727,0.472727272727273,0.337908002541843,0.355220802011676,-0.0958041958041959,-0.0088720578082444,FALSE,FALSE,-0.0496503496503496,-0.0454545454545455,-0.0173127994698329,FALSE,FALSE,-0.0454545454545455,-0.167277167277167,-0.0547347058915396
19,19,"West Texas Utilities","wtu.t1att1","19:986201::wtu.t1att1","986201","19:986201",0.380952380952381,0.671428571428571,0.353014231468149,0.253264401649456,21,21,21,0.380952380952381,0.671428571428571,0.353014231468149,0.253264401649456,-0.29047619047619,0.0997498298186923,FALSE,TRUE,0.0523809523809523,-0.29047619047619,0.0997498298186923,FALSE,TRUE,0.0523809523809523,-0.469230769230769,0.282566029714562
19,19,"West Texas Utilities","wtu.t1att1","19:986202::wtu.t1att1","986202","19:986202",0.495,0.615,0.266507628013672,0.262126927872337,20,20,20,0.495,0.615,0.266507628013672,0.262126927872337,-0.12,0.00438070014133463,FALSE,TRUE,0.11,-0.12,0.00438070014133463,FALSE,TRUE,0.11,-0.237623762376238,0.0164374287294692
19,19,"West Texas Utilities","wtu.t1att1","19:986203::wtu.t1att1","986203","19:986203",0.478947368421053,0.8,0.198826969354487,0.19436506316151,19,19,19,0.478947368421053,0.8,0.198826969354487,0.19436506316151,-0.321052631578947,0.00446190619297682,FALSE,TRUE,0.278947368421053,-0.321052631578947,0.00446190619297682,FALSE,TRUE,0.278947368421053,-0.616161616161616,0.022441151758551
19,19,"West Texas Utilities","wtu.t1att1","19:986204::wtu.t1att1","986204","19:986204",0.452631578947368,0.705263157894737,0.254664094778967,0.209426954145848,19,19,19,0.452631578947368,0.705263157894737,0.254664094778967,0.209426954145848,-0.252631578947368,0.0452371406331192,FALSE,TRUE,0.157894736842105,-0.252631578947368,0.0452371406331192,FALSE,TRUE,0.157894736842105,-0.461538461538462,0.177634545114741
19,19,"West Texas Utilities","wtu.t1att1","19:986205::wtu.t1att1","986205","19:986205",0.5,0.678947368421053,0.251661147842358,0.23470773165417,19,19,19,0.5,0.678947368421053,0.251661147842358,0.23470773165417,NA,0.0169534161881888,NA,TRUE,0.178947368421053,NA,0.0169534161881888,NA,TRUE,0.178947368421053,NA,0.0673660449121392
19,19,"West Texas Utilities","wtu.t1att1","19:986206::wtu.t1att1","986206","19:986206",0.37,0.695,0.255672487868037,0.250210437747698,20,20,20,0.37,0.695,0.255672487868037,0.250210437747698,-0.325,0.00546205012033896,FALSE,TRUE,0.065,-0.325,0.00546205012033896,FALSE,TRUE,0.065,-0.515873015873016,0.0213634645083836
19,19,"West Texas Utilities","wtu.t1att1","19:986207::wtu.t1att1","986207","19:986207",0.542105263157895,0.736842105263158,0.271448357015318,0.275298880644674,19,19,19,0.542105263157895,0.736842105263158,0.271448357015318,0.275298880644674,0.194736842105263,-0.00385052362935562,TRUE,FALSE,0.194736842105263,0.194736842105263,-0.00385052362935562,TRUE,FALSE,0.194736842105263,0.425287356321839,-0.0168474992306824
19,19,"West Texas Utilities","wtu.t1att1","19:986208::wtu.t1att1","986208","19:986208",0.514285714285714,0.657142857142857,0.31350552512789,0.233605283697584,21,21,21,0.514285714285714,0.657142857142857,0.31350552512789,0.233605283697584,0.142857142857143,0.0799002414303066,TRUE,TRUE,0.142857142857143,0.142857142857143,0.0799002414303066,TRUE,TRUE,0.142857142857143,0.294117647058824,0.254860712256067
19,19,"West Texas Utilities","wtu.t1att1","19:986209::wtu.t1att1","986209","19:986209",0.417647058823529,0.635294117647059,0.262762473818197,0.231681830509506,17,17,17,0.417647058823529,0.635294117647059,0.262762473818197,0.231681830509506,-0.217647058823529,0.0310806433086916,FALSE,TRUE,0.0529411764705882,-0.217647058823529,0.0310806433086916,FALSE,TRUE,0.0529411764705882,-0.373737373737374,0.118284178319146
19,19,"West Texas Utilities","wtu.t1att1","19:986210::wtu.t1att1","986210","19:986210",0.594117647058824,0.805882352941176,0.263321543543474,0.204543969097399,17,17,17,0.594117647058824,0.805882352941176,0.263321543543474,0.204543969097399,0.211764705882353,0.0587775744460751,TRUE,TRUE,0.211764705882353,0.211764705882353,0.0587775744460751,TRUE,TRUE,0.211764705882353,0.521739130434783,0.22321597259045
19,19,"West Texas Utilities","wtu.t1att1","19:986211::wtu.t1att1","986211","19:986211",0.544444444444444,0.722222222222222,0.235112266327765,0.185592145427667,9,9,9,0.544444444444444,0.722222222222222,0.235112266327765,0.185592145427667,0.177777777777778,0.0495201209000973,TRUE,TRUE,0.177777777777778,0.177777777777778,0.0495201209000973,TRUE,TRUE,0.177777777777778,0.390243902439024,0.210623297854917
19,19,"West Texas Utilities","wtu.t1att1","19:986212::wtu.t1att1","986212","19:986212",0.555555555555556,0.577777777777778,0.37453675090407,0.334580998331412,9,9,9,0.555555555555556,0.577777777777778,0.37453675090407,0.334580998331412,0.0222222222222221,0.0399557525726583,TRUE,TRUE,0.0222222222222221,0.0222222222222221,0.0399557525726583,TRUE,TRUE,0.0222222222222221,0.0499999999999998,0.106680459197159
19,19,"West Texas Utilities","wtu.t1att1","19:986213::wtu.t1att1","986213","19:986213",0.577777777777778,0.633333333333333,0.248886408717801,0.212132034355964,9,9,9,0.577777777777778,0.633333333333333,0.248886408717801,0.212132034355964,0.0555555555555556,0.0367543743618371,TRUE,TRUE,0.0555555555555556,0.0555555555555556,0.0367543743618371,TRUE,TRUE,0.0555555555555556,0.131578947368421,0.147675297141319
19,19,"West Texas Utilities","wtu.t1att1","19:986214::wtu.t1att1","986214","19:986214",0.345454545454545,0.572727272727273,0.323615933982356,0.319658909123175,11,11,11,0.345454545454545,0.572727272727273,0.323615933982356,0.319658909123175,-0.227272727272727,0.00395702485918126,FALSE,TRUE,-0.0818181818181818,-0.227272727272727,0.00395702485918126,FALSE,TRUE,-0.0818181818181818,-0.347222222222222,0.012227534072525
19,19,"West Texas Utilities","wtu.t1att3","19:986201::wtu.t1att3","986201","19:986201",0.663690476190476,0.761904761904762,0.209609188502704,0.272304351533253,21,21,21,0.663690476190476,0.761904761904762,0.209609188502704,0.272304351533253,0.0982142857142856,-0.0626951630305497,TRUE,FALSE,0.0982142857142856,0.0982142857142856,-0.0626951630305497,TRUE,FALSE,0.0982142857142856,0.292035398230088,-0.215899265914388
19,19,"West Texas Utilities","wtu.t1att3","19:986202::wtu.t1att3","986202","19:986202",0.76875,0.735714285714286,0.203888998438392,0.263313595184976,20,20,20,0.76875,0.735714285714286,0.203888998438392,0.263313595184976,-0.0330357142857145,-0.0594245967465842,FALSE,FALSE,-0.0330357142857145,-0.0330357142857145,-0.0594245967465842,FALSE,FALSE,-0.0330357142857145,-0.0429732868757262,-0.200683515415487
19,19,"West Texas Utilities","wtu.t1att3","19:986203::wtu.t1att3","986203","19:986203",0.740131578947368,0.729323308270677,0.257072830261153,0.285296268978774,19,19,19,0.740131578947368,0.729323308270677,0.257072830261153,0.285296268978774,-0.0108082706766917,-0.0282234387176215,FALSE,FALSE,-0.0108082706766917,-0.0108082706766917,-0.0282234387176215,FALSE,FALSE,-0.0108082706766917,-0.0146031746031745,-0.116180659199061
19,19,"West Texas Utilities","wtu.t1att3","19:986204::wtu.t1att3","986204","19:986204",0.766447368421053,0.796992481203007,0.248119756856825,0.278950858706296,19,19,19,0.766447368421053,0.796992481203007,0.248119756856825,0.278950858706296,0.0305451127819548,-0.030831101849471,TRUE,FALSE,0.0305451127819548,0.0305451127819548,-0.030831101849471,TRUE,FALSE,0.0305451127819548,0.130784708249497,-0.122403811687389
19,19,"West Texas Utilities","wtu.t1att3","19:986205::wtu.t1att3","986205","19:986205",0.677631578947368,0.789473684210526,0.251094097131006,0.198454465111069,19,19,19,0.677631578947368,0.789473684210526,0.251094097131006,0.198454465111069,0.111842105263158,0.0526396320199369,TRUE,TRUE,0.111842105263158,0.111842105263158,0.0526396320199369,TRUE,TRUE,0.111842105263158,0.346938775510204,0.209641057362144
19,19,"West Texas Utilities","wtu.t1att3","19:986206::wtu.t1att3","986206","19:986206",0.784375,0.728571428571429,0.199170772731659,0.303576957048288,20,20,20,0.784375,0.728571428571429,0.199170772731659,0.303576957048288,-0.0558035714285715,-0.104406184316629,FALSE,FALSE,-0.0558035714285715,-0.0558035714285715,-0.104406184316629,FALSE,FALSE,-0.0558035714285715,-0.0711439954467844,-0.347061305394698
19,19,"West Texas Utilities","wtu.t1att3","19:986207::wtu.t1att3","986207","19:986207",0.865131578947368,0.857142857142857,0.174631504261693,0.20756661635908,19,19,19,0.865131578947368,0.857142857142857,0.174631504261693,0.20756661635908,-0.00798872180451149,-0.0329351120973866,FALSE,FALSE,-0.00798872180451149,-0.00798872180451149,-0.0329351120973866,FALSE,FALSE,-0.00798872180451149,-0.0092341118957091,-0.101224035297739
19,19,"West Texas Utilities","wtu.t1att3","19:986208::wtu.t1att3","986208","19:986208",0.744047619047619,0.73469387755102,0.244393990554284,0.283151773990033,21,21,21,0.744047619047619,0.73469387755102,0.244393990554284,0.283151773990033,-0.00935374149659873,-0.0387577834357484,FALSE,FALSE,-0.00935374149659873,-0.00935374149659873,-0.0387577834357484,FALSE,FALSE,-0.00935374149659873,-0.0125714285714287,-0.151630955468516
19,19,"West Texas Utilities","wtu.t1att3","19:986209::wtu.t1att3","986209","19:986209",0.738970588235294,0.773109243697479,0.225601728064929,0.220498180897511,17,17,17,0.738970588235294,0.773109243697479,0.225601728064929,0.220498180897511,0.0341386554621846,0.00510354716741798,TRUE,TRUE,0.0341386554621846,0.0341386554621846,0.00510354716741798,TRUE,TRUE,0.0341386554621846,0.130784708249496,0.022621932957664
19,19,"West Texas Utilities","wtu.t1att3","19:986210::wtu.t1att3","986210","19:986210",0.8125,0.831932773109244,0.20131404260508,0.258702088720372,17,17,17,0.8125,0.831932773109244,0.20131404260508,0.258702088720372,0.0194327731092436,-0.057388046115292,TRUE,FALSE,0.0194327731092436,0.0194327731092436,-0.057388046115292,TRUE,FALSE,0.0194327731092436,0.103641456582633,-0.192135065926163
19,19,"West Texas Utilities","wtu.t1att3","19:986211::wtu.t1att3","986211","19:986211",0.75,0.777777777777778,0.237992909558247,0.19047619047619,9,9,9,0.75,0.777777777777778,0.237992909558247,0.19047619047619,0.0277777777777777,0.0475167190820567,TRUE,TRUE,0.0277777777777777,0.0277777777777777,0.0475167190820567,TRUE,TRUE,0.0277777777777777,0.111111111111111,0.199656028283596
19,19,"West Texas Utilities","wtu.t1att3","19:986212::wtu.t1att3","986212","19:986212",0.756944444444444,0.555555555555556,0.302083333333333,0.374196039178612,9,9,9,0.756944444444444,0.555555555555556,0.302083333333333,0.374196039178612,-0.201388888888889,-0.0721127058452786,FALSE,FALSE,-0.201388888888889,-0.201388888888889,-0.0721127058452786,FALSE,FALSE,-0.201388888888889,-0.26605504587156,-0.364358934797197
19,19,"West Texas Utilities","wtu.t1att3","19:986213::wtu.t1att3","986213","19:986213",0.770833333333333,0.888888888888889,0.19263793759278,0.119047619047619,9,9,9,0.770833333333333,0.888888888888889,0.19263793759278,0.119047619047619,0.118055555555555,0.0735903185451613,TRUE,TRUE,0.118055555555555,0.118055555555555,0.0735903185451613,TRUE,TRUE,0.118055555555555,0.515151515151514,0.38201363378757
19,19,"West Texas Utilities","wtu.t1att3","19:986214::wtu.t1att3","986214","19:986214",0.778409090909091,0.584415584415584,0.225976416709999,0.375007730285197,11,11,11,0.778409090909091,0.584415584415584,0.225976416709999,0.375007730285197,-0.193993506493506,-0.149031313575198,FALSE,FALSE,-0.193993506493506,-0.193993506493506,-0.149031313575198,FALSE,FALSE,-0.193993506493506,-0.249217935349322,-0.543863093044357
19,19,"West Texas Utilities","wtu.t1att4","19:986201::wtu.t1att4","986201","19:986201",0.633333333333333,0.780952380952381,0.311982905514602,0.183354977077383,21,21,21,0.633333333333333,0.780952380952381,0.311982905514602,0.183354977077383,0.147619047619048,0.128627928437219,TRUE,TRUE,0.147619047619048,0.147619047619048,0.128627928437219,TRUE,TRUE,0.147619047619048,0.402597402597403,0.412291590864741
19,19,"West Texas Utilities","wtu.t1att4","19:986202::wtu.t1att4","986202","19:986202",0.67,0.755,0.281162998239362,0.237254027751291,20,20,20,0.67,0.755,0.281162998239362,0.237254027751291,0.085,0.0439089704880704,TRUE,TRUE,0.085,0.085,0.0439089704880704,TRUE,TRUE,0.085,0.257575757575758,0.156169093241386
19,19,"West Texas Utilities","wtu.t1att4","19:986203::wtu.t1att4","986203","19:986203",0.6,0.673684210526316,0.333333333333333,0.286438097371371,19,19,19,0.6,0.673684210526316,0.333333333333333,0.286438097371371,0.0736842105263158,0.0468952359619624,TRUE,TRUE,0.0736842105263158,0.0736842105263158,0.0468952359619624,TRUE,TRUE,0.0736842105263158,0.18421052631579,0.140685707885887
19,19,"West Texas Utilities","wtu.t1att4","19:986204::wtu.t1att4","986204","19:986204",0.763157894736842,0.794736842105263,0.27327342090496,0.239150543499571,19,19,19,0.763157894736842,0.794736842105263,0.27327342090496,0.239150543499571,0.031578947368421,0.0341228774053887,TRUE,TRUE,0.031578947368421,0.031578947368421,0.0341228774053887,TRUE,TRUE,0.031578947368421,0.133333333333333,0.124867165245668
19,19,"West Texas Utilities","wtu.t1att4","19:986205::wtu.t1att4","986205","19:986205",0.647368421052632,0.705263157894737,0.277625689358555,0.279828686105002,19,19,19,0.647368421052632,0.705263157894737,0.277625689358555,0.279828686105002,0.0578947368421052,-0.00220299674644658,TRUE,FALSE,0.0578947368421052,0.0578947368421052,-0.00220299674644658,TRUE,FALSE,0.0578947368421052,0.164179104477612,-0.0099067052308874
19,19,"West Texas Utilities","wtu.t1att4","19:986206::wtu.t1att4","986206","19:986206",0.61,0.74,0.32589956476772,0.218608036641406,20,20,20,0.61,0.74,0.32589956476772,0.218608036641406,0.13,0.107291528126314,TRUE,TRUE,0.13,0.13,0.107291528126314,TRUE,TRUE,0.13,0.333333333333333,0.329216543148145
19,19,"West Texas Utilities","wtu.t1att4","19:986207::wtu.t1att4","986207","19:986207",0.61578947368421,0.68421052631579,0.311382504851325,0.265127134901011,19,19,19,0.61578947368421,0.68421052631579,0.311382504851325,0.265127134901011,0.0684210526315789,0.0462553699503143,TRUE,TRUE,0.0684210526315789,0.0684210526315789,0.0462553699503143,TRUE,TRUE,0.0684210526315789,0.178082191780822,0.148548390579617
19,19,"West Texas Utilities","wtu.t1att4","19:986208::wtu.t1att4","986208","19:986208",0.70952380952381,0.79047619047619,0.299841227826932,0.214253965902062,21,21,21,0.70952380952381,0.79047619047619,0.299841227826932,0.214253965902062,0.0809523809523809,0.0855872619248698,TRUE,TRUE,0.0809523809523809,0.0809523809523809,0.0855872619248698,TRUE,TRUE,0.0809523809523809,0.278688524590164,0.285441940540181
19,19,"West Texas Utilities","wtu.t1att4","19:986209::wtu.t1att4","986209","19:986209",0.505882352941176,0.647058823529412,0.296796622780849,0.234834109156931,17,17,17,0.505882352941176,0.647058823529412,0.296796622780849,0.234834109156931,0.141176470588235,0.061962513623918,TRUE,TRUE,0.141176470588235,0.141176470588235,0.061962513623918,TRUE,TRUE,0.141176470588235,0.285714285714286,0.208770952456795
19,19,"West Texas Utilities","wtu.t1att4","19:986210::wtu.t1att4","986210","19:986210",0.841176470588235,0.864705882352941,0.215229016193832,0.169341284358644,17,17,17,0.841176470588235,0.864705882352941,0.215229016193832,0.169341284358644,0.0235294117647059,0.0458877318351874,TRUE,TRUE,0.0235294117647059,0.0235294117647059,0.0458877318351874,TRUE,TRUE,0.0235294117647059,0.148148148148148,0.213204207530557
19,19,"West Texas Utilities","wtu.t1att4","19:986211::wtu.t1att4","986211","19:986211",0.777777777777778,0.844444444444444,0.24381231397213,0.174005108481843,9,9,9,0.777777777777778,0.844444444444444,0.24381231397213,0.174005108481843,0.0666666666666667,0.0698072054902874,TRUE,TRUE,0.0666666666666667,0.0666666666666667,0.0698072054902874,TRUE,TRUE,0.0666666666666667,0.3,0.286315339668476
19,19,"West Texas Utilities","wtu.t1att4","19:986212::wtu.t1att4","986212","19:986212",0.766666666666667,0.944444444444444,0.234520787991171,0.0726483157256779,9,9,9,0.766666666666667,0.944444444444444,0.234520787991171,0.0726483157256779,0.177777777777778,0.161872472265494,TRUE,TRUE,0.177777777777778,0.177777777777778,0.161872472265494,TRUE,TRUE,0.177777777777778,0.761904761904762,0.690226540905138
19,19,"West Texas Utilities","wtu.t1att4","19:986213::wtu.t1att4","986213","19:986213",0.666666666666667,0.755555555555556,0.264575131106459,0.206827894099848,9,9,9,0.666666666666667,0.755555555555556,0.264575131106459,0.206827894099848,0.0888888888888889,0.0577472370066115,TRUE,TRUE,0.0888888888888889,0.0888888888888889,0.0577472370066115,TRUE,TRUE,0.0888888888888889,0.266666666666667,0.218264040029428
19,19,"West Texas Utilities","wtu.t1att4","19:986214::wtu.t1att4","986214","19:986214",0.781818181818182,0.854545454545454,0.213626692237566,0.16348477827392,11,11,11,0.781818181818182,0.854545454545454,0.213626692237566,0.16348477827392,0.0727272727272726,0.0501419139636459,TRUE,TRUE,0.0727272727272726,0.0727272727272726,0.0501419139636459,TRUE,TRUE,0.0727272727272726,0.333333333333333,0.234717457067046
19,19,"West Texas Utilities","wtu.t1att5","19:986201::wtu.t1att5","986201","19:986201",0.911111111111111,0.873015873015873,0.123528374308332,0.173723614341558,21,21,21,0.911111111111111,0.873015873015873,0.123528374308332,0.173723614341558,-0.0380952380952382,-0.0501952400332259,FALSE,FALSE,-0.0380952380952382,-0.0380952380952382,-0.0501952400332259,FALSE,FALSE,-0.0380952380952382,-0.0418118466898956,-0.13333073891294
19,19,"West Texas Utilities","wtu.t1att5","19:986202::wtu.t1att5","986202","19:986202",0.796666666666667,0.753333333333333,0.29929742292312,0.282925402934645,20,20,20,0.796666666666667,0.753333333333333,0.29929742292312,0.282925402934645,-0.0433333333333333,0.0163720199884755,FALSE,TRUE,-0.0433333333333333,-0.0433333333333333,0.0163720199884755,FALSE,TRUE,-0.0433333333333333,-0.0543933054393305,0.054701506710537
19,19,"West Texas Utilities","wtu.t1att5","19:986203::wtu.t1att5","986203","19:986203",0.842105263157895,0.792982456140351,0.257442815240411,0.255212075299774,19,19,19,0.842105263157895,0.792982456140351,0.257442815240411,0.255212075299774,-0.0491228070175439,0.00223073994063711,FALSE,TRUE,-0.0491228070175439,-0.0491228070175439,0.00223073994063711,FALSE,TRUE,-0.0491228070175439,-0.0583333333333334,0.00866499202377797
19,19,"West Texas Utilities","wtu.t1att5","19:986204::wtu.t1att5","986204","19:986204",0.859649122807018,0.954385964912281,0.1897298102821,0.125811207922769,19,19,19,0.859649122807018,0.954385964912281,0.1897298102821,0.125811207922769,0.0947368421052632,0.0639186023593304,TRUE,TRUE,0.0947368421052632,0.0947368421052632,0.0639186023593304,TRUE,TRUE,0.0947368421052632,0.675000000000001,0.336892775385655
19,19,"West Texas Utilities","wtu.t1att5","19:986205::wtu.t1att5","986205","19:986205",0.880701754385965,0.866666666666667,0.148372150340794,0.210818510677892,19,19,19,0.880701754385965,0.866666666666667,0.148372150340794,0.210818510677892,-0.0140350877192983,-0.0624463603370982,FALSE,FALSE,-0.0140350877192983,-0.0140350877192983,-0.0624463603370982,FALSE,FALSE,-0.0140350877192983,-0.0159362549800797,-0.177592191282973
19,19,"West Texas Utilities","wtu.t1att5","19:986206::wtu.t1att5","986206","19:986206",0.96,0.853333333333333,0.0791770537968749,0.246234804500437,20,20,20,0.96,0.853333333333333,0.0791770537968749,0.246234804500437,-0.106666666666667,-0.167057750703562,FALSE,FALSE,-0.106666666666667,-0.106666666666667,-0.167057750703562,FALSE,FALSE,-0.106666666666667,-0.111111111111111,-0.396978710906429
19,19,"West Texas Utilities","wtu.t1att5","19:986207::wtu.t1att5","986207","19:986207",0.926315789473684,0.940350877192982,0.143835874990814,0.115244746201142,19,19,19,0.926315789473684,0.940350877192982,0.143835874990814,0.115244746201142,0.0140350877192983,0.0285911287896719,TRUE,TRUE,0.0140350877192983,0.0140350877192983,0.0285911287896719,TRUE,TRUE,0.0140350877192983,0.190476190476191,0.198776061893446
19,19,"West Texas Utilities","wtu.t1att5","19:986208::wtu.t1att5","986208","19:986208",0.834920634920635,0.825396825396825,0.184534305897061,0.205994811667339,21,21,21,0.834920634920635,0.825396825396825,0.184534305897061,0.205994811667339,-0.00952380952380971,-0.0214605057702782,FALSE,FALSE,-0.00952380952380971,-0.00952380952380971,-0.0214605057702782,FALSE,FALSE,-0.00952380952380971,-0.0114068441064641,-0.0680280175354836
19,19,"West Texas Utilities","wtu.t1att5","19:986209::wtu.t1att5","986209","19:986209",0.874509803921569,0.87843137254902,0.188388418111176,0.194701044506767,17,17,17,0.874509803921569,0.87843137254902,0.188388418111176,0.194701044506767,0.00392156862745097,-0.00631262639559096,TRUE,FALSE,0.00392156862745097,0.00392156862745097,-0.00631262639559096,TRUE,FALSE,0.00392156862745097,0.0312499999999999,-0.0202579966935991
19,19,"West Texas Utilities","wtu.t1att5","19:986210::wtu.t1att5","986210","19:986210",0.91764705882353,0.870588235294118,0.225498721066472,0.246611016509912,17,17,17,0.91764705882353,0.870588235294118,0.225498721066472,0.246611016509912,-0.0470588235294118,-0.0211122954434407,FALSE,FALSE,-0.0470588235294118,-0.0470588235294118,-0.0211122954434407,FALSE,FALSE,-0.0470588235294118,-0.0512820512820513,-0.0769114647679042
19,19,"West Texas Utilities","wtu.t1att5","19:986211::wtu.t1att5","986211","19:986211",0.940740740740741,0.977777777777778,0.0777777777777777,0.0471404520791031,9,9,9,0.940740740740741,0.977777777777778,0.0777777777777777,0.0471404520791031,0.037037037037037,0.0306373256986746,TRUE,TRUE,0.037037037037037,0.037037037037037,0.0306373256986746,TRUE,TRUE,0.037037037037037,0.624999999999999,0.393908473268674
19,19,"West Texas Utilities","wtu.t1att5","19:986212::wtu.t1att5","986212","19:986212",0.955555555555556,0.888888888888889,0.0745355992499929,0.19436506316151,9,9,9,0.955555555555556,0.888888888888889,0.0745355992499929,0.19436506316151,-0.0666666666666667,-0.119829463911517,FALSE,FALSE,-0.0666666666666667,-0.0666666666666667,-0.119829463911517,FALSE,FALSE,-0.0666666666666667,-0.0697674418604651,-0.281643925320854
19,19,"West Texas Utilities","wtu.t1att5","19:986213::wtu.t1att5","986213","19:986213",0.844444444444445,0.851851851851852,0.185592145427667,0.232803631552855,9,9,9,0.844444444444445,0.851851851851852,0.185592145427667,0.232803631552855,0.0074074074074072,-0.0472114861251879,TRUE,FALSE,0.0074074074074072,0.0074074074074072,-0.0472114861251879,TRUE,FALSE,0.0074074074074072,0.0476190476190463,-0.15016000853225
19,19,"West Texas Utilities","wtu.t1att5","19:986214::wtu.t1att5","986214","19:986214",0.836363636363636,0.721212121212121,0.273842836294651,0.249119662131687,11,11,11,0.836363636363636,0.721212121212121,0.273842836294651,0.249119662131687,-0.115151515151515,0.0247231741629635,FALSE,TRUE,-0.115151515151515,-0.115151515151515,0.0247231741629635,FALSE,TRUE,-0.115151515151515,-0.13768115942029,0.0902823477053158
19,19,"West Texas Utilities","wtu.t1att6","19:986201::wtu.t1att6","986201","19:986201",0.69047619047619,0.746031746031746,0.256719227765982,0.208293647013641,21,21,21,0.69047619047619,0.746031746031746,0.256719227765982,0.208293647013641,0.0555555555555556,0.0484255807523402,TRUE,TRUE,0.0555555555555556,0.0555555555555556,0.0484255807523402,TRUE,TRUE,0.0555555555555556,0.17948717948718,0.188632465023164
19,19,"West Texas Utilities","wtu.t1att6","19:986202::wtu.t1att6","986202","19:986202",0.67,0.683333333333333,0.240831891575846,0.198352538916463,20,20,20,0.67,0.683333333333333,0.240831891575846,0.198352538916463,0.0133333333333334,0.042479352659383,TRUE,TRUE,0.0133333333333334,0.0133333333333334,0.042479352659383,TRUE,TRUE,0.0133333333333334,0.0404040404040407,0.176385911273735
19,19,"West Texas Utilities","wtu.t1att6","19:986203::wtu.t1att6","986203","19:986203",0.621052631578947,0.701754385964912,0.35210312152427,0.309990556028871,19,19,19,0.621052631578947,0.701754385964912,0.35210312152427,0.309990556028871,0.0807017543859649,0.0421125654953989,TRUE,TRUE,0.0807017543859649,0.0807017543859649,0.0421125654953989,TRUE,TRUE,0.0807017543859649,0.212962962962963,0.119602931417057
19,19,"West Texas Utilities","wtu.t1att6","19:986204::wtu.t1att6","986204","19:986204",0.663157894736842,0.730994152046784,0.236197954445441,0.270435784764744,19,19,19,0.663157894736842,0.730994152046784,0.236197954445441,0.270435784764744,0.0678362573099415,-0.0342378303193027,TRUE,FALSE,0.0678362573099415,0.0678362573099415,-0.0342378303193027,TRUE,FALSE,0.0678362573099415,0.201388888888889,-0.1297860683655
19,19,"West Texas Utilities","wtu.t1att6","19:986205::wtu.t1att6","986205","19:986205",0.5,0.818713450292398,0.233333333333333,0.162332645978338,19,19,19,0.5,0.818713450292398,0.233333333333333,0.162332645978338,NA,0.0710006873549951,NA,TRUE,0.318713450292398,NA,0.0710006873549951,NA,TRUE,0.318713450292398,NA,0.304288660092836
19,19,"West Texas Utilities","wtu.t1att6","19:986206::wtu.t1att6","986206","19:986206",0.63,0.838888888888889,0.234183913331292,0.217717499713761,20,20,20,0.63,0.838888888888889,0.234183913331292,0.217717499713761,0.208888888888889,0.0164664136175308,TRUE,TRUE,0.208888888888889,0.208888888888889,0.0164664136175308,TRUE,TRUE,0.208888888888889,0.564564564564565,0.0703140253456963
19,19,"West Texas Utilities","wtu.t1att6","19:986207::wtu.t1att6","986207","19:986207",0.652631578947368,0.801169590643275,0.298828120520869,0.211399891404006,19,19,19,0.652631578947368,0.801169590643275,0.298828120520869,0.211399891404006,0.148538011695906,0.0874282291168628,TRUE,TRUE,0.148538011695906,0.148538011695906,0.0874282291168628,TRUE,TRUE,0.148538011695906,0.427609427609428,0.292570287443069
19,19,"West Texas Utilities","wtu.t1att6","19:986208::wtu.t1att6","986208","19:986208",0.70952380952381,0.82010582010582,0.266279480818109,0.177347362561845,21,21,21,0.70952380952381,0.82010582010582,0.266279480818109,0.177347362561845,0.110582010582011,0.0889321182562642,TRUE,TRUE,0.110582010582011,0.110582010582011,0.0889321182562642,TRUE,TRUE,0.110582010582011,0.380692167577414,0.333980365227661
19,19,"West Texas Utilities","wtu.t1att6","19:986209::wtu.t1att6","986209","19:986209",0.494117647058824,0.718954248366013,0.292554670607252,0.215587222254518,17,17,17,0.494117647058824,0.718954248366013,0.292554670607252,0.215587222254518,-0.22483660130719,0.0769674483527336,FALSE,TRUE,0.213071895424837,-0.22483660130719,0.0769674483527336,FALSE,TRUE,0.213071895424837,-0.444444444444444,0.263087402409174
19,19,"West Texas Utilities","wtu.t1att6","19:986210::wtu.t1att6","986210","19:986210",0.629411764705882,0.816993464052288,0.24689245098411,0.207651389332334,17,17,17,0.629411764705882,0.816993464052288,0.24689245098411,0.207651389332334,0.187581699346405,0.039241061651776,TRUE,TRUE,0.187581699346405,0.187581699346405,0.039241061651776,TRUE,TRUE,0.187581699346405,0.506172839506173,0.15893990073557
19,19,"West Texas Utilities","wtu.t1att6","19:986211::wtu.t1att6","986211","19:986211",0.7,0.790123456790123,0.173205080756888,0.218330113380585,9,9,9,0.7,0.790123456790123,0.173205080756888,0.218330113380585,0.0901234567901235,-0.0451250326236975,TRUE,FALSE,0.0901234567901235,0.0901234567901235,-0.0451250326236975,TRUE,FALSE,0.0901234567901235,0.300411522633745,-0.138083641961789
19,19,"West Texas Utilities","wtu.t1att6","19:986212::wtu.t1att6","986212","19:986212",0.633333333333333,0.728395061728395,0.3,0.215961181290567,9,9,9,0.633333333333333,0.728395061728395,0.3,0.215961181290567,0.0950617283950618,0.0840388187094331,TRUE,TRUE,0.0950617283950618,0.0950617283950618,0.0840388187094331,TRUE,TRUE,0.0950617283950618,0.259259259259259,0.28012939569811
19,19,"West Texas Utilities","wtu.t1att6","19:986213::wtu.t1att6","986213","19:986213",0.7,0.876543209876543,0.180277563773199,0.187942436390597,9,9,9,0.7,0.876543209876543,0.180277563773199,0.187942436390597,0.176543209876543,-0.00766487261739729,TRUE,FALSE,0.176543209876543,0.176543209876543,-0.00766487261739729,TRUE,FALSE,0.176543209876543,0.588477366255144,-0.0239735212450342
19,19,"West Texas Utilities","wtu.t1att6","19:986214::wtu.t1att6","986214","19:986214",0.809090909090909,0.818181818181818,0.186839746598766,0.134005042034561,11,11,11,0.809090909090909,0.818181818181818,0.186839746598766,0.134005042034561,0.00909090909090926,0.052834704564204,TRUE,TRUE,0.00909090909090926,0.00909090909090926,0.052834704564204,TRUE,TRUE,0.00909090909090926,0.0476190476190485,0.282780861813442
19,19,"West Texas Utilities","wtu.t1att7","19:986201::wtu.t1att7","986201","19:986201",0.604761904761905,0.757142857142857,0.295763740976122,0.211119465164699,21,21,21,0.604761904761905,0.757142857142857,0.295763740976122,0.211119465164699,0.152380952380952,0.0846442758114228,TRUE,TRUE,0.152380952380952,0.152380952380952,0.0846442758114228,TRUE,TRUE,0.152380952380952,0.385542168674699,0.286188819265227
19,19,"West Texas Utilities","wtu.t1att7","19:986202::wtu.t1att7","986202","19:986202",0.655,0.725,0.254382637606794,0.204874801306862,20,20,20,0.655,0.725,0.254382637606794,0.204874801306862,0.07,0.0495078362999316,TRUE,TRUE,0.07,0.07,0.0495078362999316,TRUE,TRUE,0.07,0.202898550724638,0.194619557237461
19,19,"West Texas Utilities","wtu.t1att7","19:986203::wtu.t1att7","986203","19:986203",0.631578947368421,0.705263157894737,0.20014614543419,0.243752342918714,19,19,19,0.631578947368421,0.705263157894737,0.20014614543419,0.243752342918714,0.0736842105263158,-0.0436061974845249,TRUE,FALSE,0.0736842105263158,0.0736842105263158,-0.0436061974845249,TRUE,FALSE,0.0736842105263158,0.2,-0.145424835534187
19,19,"West Texas Utilities","wtu.t1att7","19:986204::wtu.t1att7","986204","19:986204",0.589473684210526,0.5,0.276676178234302,0.301846171271247,19,19,19,0.589473684210526,0.5,0.276676178234302,0.301846171271247,-0.0894736842105263,-0.0251699930369453,FALSE,FALSE,-0.0894736842105263,-0.0894736842105263,-0.0251699930369453,FALSE,FALSE,-0.0894736842105263,-0.151785714285714,-0.112706261418688
19,19,"West Texas Utilities","wtu.t1att7","19:986205::wtu.t1att7","986205","19:986205",0.647368421052632,0.594736842105263,0.245783149799058,0.234458440312816,19,19,19,0.647368421052632,0.594736842105263,0.245783149799058,0.234458440312816,-0.0526315789473685,0.0113247094862424,FALSE,TRUE,-0.0526315789473685,-0.0526315789473685,0.0113247094862424,FALSE,TRUE,-0.0526315789473685,-0.0813008130081302,0.0460760206527624
19,19,"West Texas Utilities","wtu.t1att7","19:986206::wtu.t1att7","986206","19:986206",0.61,0.715,0.282656570491657,0.18144159564879,20,20,20,0.61,0.715,0.282656570491657,0.18144159564879,0.105,0.101214974842868,TRUE,TRUE,0.105,0.105,0.101214974842868,TRUE,TRUE,0.105,0.269230769230769,0.358084634886826
19,19,"West Texas Utilities","wtu.t1att7","19:986207::wtu.t1att7","986207","19:986207",0.589473684210526,0.642105263157895,0.326419526993008,0.289282233340238,19,19,19,0.589473684210526,0.642105263157895,0.326419526993008,0.289282233340238,0.0526315789473685,0.0371372936527704,TRUE,TRUE,0.0526315789473685,0.0526315789473685,0.0371372936527704,TRUE,TRUE,0.0526315789473685,0.128205128205128,0.113771666771534
19,19,"West Texas Utilities","wtu.t1att7","19:986208::wtu.t1att7","986208","19:986208",0.742857142857143,0.695238095238095,0.231455024943138,0.26167955685569,21,21,21,0.742857142857143,0.695238095238095,0.231455024943138,0.26167955685569,-0.0476190476190477,-0.0302245319125525,FALSE,FALSE,-0.0476190476190477,-0.0476190476190477,-0.0302245319125525,FALSE,FALSE,-0.0476190476190477,-0.0641025641025642,-0.112549236514862
19,19,"West Texas Utilities","wtu.t1att7","19:986209::wtu.t1att7","986209","19:986209",0.547058823529412,0.594117647058824,0.289649890080299,0.216421429840295,17,17,17,0.547058823529412,0.594117647058824,0.289649890080299,0.216421429840295,0.0470588235294117,0.0732284602400043,TRUE,TRUE,0.0470588235294117,0.0470588235294117,0.0732284602400043,TRUE,TRUE,0.0470588235294117,0.103896103896104,0.25281715183701
19,19,"West Texas Utilities","wtu.t1att7","19:986210::wtu.t1att7","986210","19:986210",0.647058823529412,0.535294117647059,0.331884104505668,0.310123315131635,17,17,17,0.647058823529412,0.535294117647059,0.331884104505668,0.310123315131635,-0.111764705882353,0.0217607893740335,FALSE,TRUE,-0.111764705882353,-0.111764705882353,0.0217607893740335,FALSE,TRUE,-0.111764705882353,-0.172727272727273,0.0655674347719832
19,19,"West Texas Utilities","wtu.t1att7","19:986211::wtu.t1att7","986211","19:986211",0.7,0.655555555555556,0.173205080756888,0.250554939639549,9,9,9,0.7,0.655555555555556,0.173205080756888,0.250554939639549,-0.0444444444444444,-0.0773498588826608,FALSE,FALSE,-0.0444444444444444,-0.0444444444444444,-0.0773498588826608,FALSE,FALSE,-0.0444444444444444,-0.0634920634920634,-0.236692354525616
19,19,"West Texas Utilities","wtu.t1att7","19:986212::wtu.t1att7","986212","19:986212",0.566666666666667,0.566666666666667,0.31224989991992,0.324037034920393,9,9,9,0.566666666666667,0.566666666666667,0.31224989991992,0.324037034920393,0,-0.0117871350004731,FALSE,FALSE,0,0,-0.0117871350004731,FALSE,FALSE,0,0,-0.0627809785211596
19,19,"West Texas Utilities","wtu.t1att7","19:986213::wtu.t1att7","986213","19:986213",0.6,0.611111111111111,0.1,0.252212432507026,9,9,9,0.6,0.611111111111111,0.1,0.252212432507026,0.0111111111111112,-0.152212432507026,TRUE,FALSE,0.0111111111111112,0.0111111111111112,-0.152212432507026,TRUE,FALSE,0.0111111111111112,0.027777777777778,-0.380531081267565
19,19,"West Texas Utilities","wtu.t1att7","19:986214::wtu.t1att7","986214","19:986214",0.736363636363636,0.681818181818182,0.307482445914323,0.292636914343293,11,11,11,0.736363636363636,0.681818181818182,0.307482445914323,0.292636914343293,-0.0545454545454545,0.0148455315710302,FALSE,TRUE,-0.0545454545454545,-0.0545454545454545,0.0148455315710302,FALSE,TRUE,-0.0545454545454545,-0.074074074074074,0.0482809076364859
21,21,"Southwestern Electric Power","swp.t1att1","21:3000301::swp.t1att1","3000301","21:3000301",0.578571428571429,0.65,0.328583372931487,0.295478751025674,14,14,14,0.578571428571429,0.65,0.328583372931487,0.295478751025674,0.0714285714285714,0.0331046219058133,TRUE,TRUE,0.0714285714285714,0.0714285714285714,0.0331046219058133,TRUE,TRUE,0.0714285714285714,0.169491525423729,0.100749534617249
21,21,"Southwestern Electric Power","swp.t1att1","21:3000302::swp.t1att1","3000302","21:3000302",0.366666666666667,0.486666666666667,0.243975018237133,0.287518115371304,15,15,15,0.366666666666667,0.486666666666667,0.243975018237133,0.287518115371304,-0.12,-0.043543097134171,FALSE,FALSE,-0.12,-0.12,-0.043543097134171,FALSE,FALSE,-0.12,-0.189473684210526,-0.170073626543605
21,21,"Southwestern Electric Power","swp.t1att1","21:3000303::swp.t1att1","3000303","21:3000303",0.464705882352941,0.488235294117647,0.335300567533423,0.266651347599202,17,17,17,0.464705882352941,0.488235294117647,0.335300567533423,0.266651347599202,-0.0235294117647059,0.0686492199342204,FALSE,TRUE,-0.0235294117647059,-0.0235294117647059,0.0686492199342204,FALSE,TRUE,-0.0235294117647059,-0.0439560439560439,0.204739349053972
21,21,"Southwestern Electric Power","swp.t1att1","21:3000304::swp.t1att1","3000304","21:3000304",0.538888888888889,0.466666666666667,0.28520145385507,0.276533159377486,18,18,18,0.538888888888889,0.466666666666667,0.28520145385507,0.276533159377486,-0.0722222222222222,0.00866829447758416,FALSE,TRUE,-0.00555555555555554,-0.0722222222222222,0.00866829447758416,FALSE,TRUE,-0.00555555555555554,-0.134020618556701,0.0303935844660494
21,21,"Southwestern Electric Power","swp.t1att1","21:3000305::swp.t1att1","3000305","21:3000305",0.35625,0.625,0.324486774255387,0.251661147842358,16,16,16,0.35625,0.625,0.324486774255387,0.251661147842358,-0.26875,0.072825626413029,FALSE,TRUE,-0.01875,-0.26875,0.072825626413029,FALSE,TRUE,-0.01875,-0.41747572815534,0.224433265670519
21,21,"Southwestern Electric Power","swp.t1att1","21:3000307::swp.t1att1","3000307","21:3000307",0.4125,0.575,0.307408522978788,0.238047614284762,16,16,16,0.4125,0.575,0.307408522978788,0.238047614284762,-0.1625,0.0693609086940263,FALSE,TRUE,-0.0125000000000001,-0.1625,0.0693609086940263,FALSE,TRUE,-0.0125000000000001,-0.276595744680851,0.225631052847589
21,21,"Southwestern Electric Power","swp.t1att1","21:3000308::swp.t1att1","3000308","21:3000308",0.6,0.65,0.299018000638561,0.238253448836219,18,18,18,0.6,0.65,0.299018000638561,0.238253448836219,0.05,0.0607645518023416,TRUE,TRUE,0.05,0.05,0.0607645518023416,TRUE,TRUE,0.05,0.125,0.203213691726175
21,21,"Southwestern Electric Power","swp.t1att1","21:3000309::swp.t1att1","3000309","21:3000309",0.4375,0.81875,0.224722050542442,0.175949803447839,16,16,16,0.4375,0.81875,0.224722050542442,0.175949803447839,-0.38125,0.0487722470946029,FALSE,TRUE,0.25625,-0.38125,0.0487722470946029,FALSE,TRUE,0.25625,-0.677777777777778,0.217033651023007
21,21,"Southwestern Electric Power","swp.t1att1","21:3000310::swp.t1att1","3000310","21:3000310",0.5,0.427777777777778,0.254373509534584,0.356132089763724,18,18,18,0.5,0.427777777777778,0.254373509534584,0.356132089763724,NA,-0.10175858022914,NA,FALSE,0.0722222222222222,NA,-0.10175858022914,NA,FALSE,0.0722222222222222,NA,-0.41428178221464
21,21,"Southwestern Electric Power","swp.t1att1","21:3000311::swp.t1att1","3000311","21:3000311",0.525,0.45,0.173205080756888,0.278088714861523,16,16,16,0.525,0.45,0.173205080756888,0.278088714861523,-0.075,-0.104883634104635,FALSE,FALSE,0.025,-0.075,-0.104883634104635,FALSE,FALSE,0.025,-0.142857142857143,-0.320946342579485
21,21,"Southwestern Electric Power","swp.t1att1","21:3000312::swp.t1att1","3000312","21:3000312",0.605882352941176,0.505882352941176,0.243594407353941,0.296796622780849,17,17,17,0.605882352941176,0.505882352941176,0.243594407353941,0.296796622780849,-0.1,-0.0532022154269083,FALSE,FALSE,-0.1,-0.1,-0.0532022154269083,FALSE,FALSE,-0.1,-0.16504854368932,-0.207492414178143
21,21,"Southwestern Electric Power","swp.t1att1","21:3000313::swp.t1att1","3000313","21:3000313",0.53125,0.775,0.286865241300975,0.191485421551268,16,16,16,0.53125,0.775,0.286865241300975,0.191485421551268,0.24375,0.0953798197497074,TRUE,TRUE,0.24375,0.24375,0.0953798197497074,TRUE,TRUE,0.24375,0.52,0.332489984904223
21,21,"Southwestern Electric Power","swp.t1att1","21:3000314::swp.t1att1","3000314","21:3000314",0.558823529411765,0.635294117647059,0.331773310276407,0.220627447495173,17,17,17,0.558823529411765,0.635294117647059,0.331773310276407,0.220627447495173,0.0764705882352941,0.111145862781234,TRUE,TRUE,0.0764705882352941,0.0764705882352941,0.111145862781234,TRUE,TRUE,0.0764705882352941,0.173333333333333,0.335005436961267
21,21,"Southwestern Electric Power","swp.t1att1","21:3000315::swp.t1att1","3000315","21:3000315",0.5,0.772222222222222,0.310597147822214,0.190372871138089,18,18,18,0.5,0.772222222222222,0.310597147822214,0.190372871138089,NA,0.120224276684125,NA,TRUE,0.272222222222222,NA,0.120224276684125,NA,TRUE,0.272222222222222,NA,0.387074631969709
21,21,"Southwestern Electric Power","swp.t1att3","21:3000301::swp.t1att3","3000301","21:3000301",0.724489795918367,0.928571428571429,0.282755480200322,0.10690449676497,14,14,14,0.724489795918367,0.928571428571429,0.282755480200322,0.10690449676497,0.204081632653061,0.175850983435352,TRUE,TRUE,0.204081632653061,0.204081632653061,0.175850983435352,TRUE,TRUE,0.204081632653061,0.740740740740741,0.621918921998499
21,21,"Southwestern Electric Power","swp.t1att3","21:3000302::swp.t1att3","3000302","21:3000302",0.795238095238095,0.933333333333333,0.194431717849053,0.123442679969674,15,15,15,0.795238095238095,0.933333333333333,0.194431717849053,0.123442679969674,0.138095238095238,0.0709890378793794,TRUE,TRUE,0.138095238095238,0.138095238095238,0.0709890378793794,TRUE,TRUE,0.138095238095238,0.674418604651163,0.365110377384474
21,21,"Southwestern Electric Power","swp.t1att3","21:3000303::swp.t1att3","3000303","21:3000303",0.714285714285714,0.847058823529412,0.262445329583912,0.150489397711365,17,17,17,0.714285714285714,0.847058823529412,0.262445329583912,0.150489397711365,0.132773109243697,0.111955931872547,TRUE,TRUE,0.132773109243697,0.132773109243697,0.111955931872547,TRUE,TRUE,0.132773109243697,0.464705882352941,0.426587632746389
21,21,"Southwestern Electric Power","swp.t1att3","21:3000304::swp.t1att3","3000304","21:3000304",0.793650793650793,0.861111111111111,0.179850693193188,0.157699971609863,18,18,18,0.793650793650793,0.861111111111111,0.179850693193188,0.157699971609863,0.0674603174603177,0.0221507215833247,TRUE,TRUE,0.0674603174603177,0.0674603174603177,0.0221507215833247,TRUE,TRUE,0.0674603174603177,0.326923076923078,0.123161724817659
21,21,"Southwestern Electric Power","swp.t1att3","21:3000305::swp.t1att3","3000305","21:3000305",0.848214285714286,0.875,0.154027561806056,0.248997991959775,16,16,16,0.848214285714286,0.875,0.154027561806056,0.248997991959775,0.0267857142857142,-0.0949704301537187,TRUE,FALSE,0.0267857142857142,0.0267857142857142,-0.0949704301537187,TRUE,FALSE,0.0267857142857142,0.176470588235294,-0.274502878464788
21,21,"Southwestern Electric Power","swp.t1att3","21:3000307::swp.t1att3","3000307","21:3000307",0.723214285714286,0.86875,0.274636432521301,0.140089257261219,16,16,16,0.723214285714286,0.86875,0.274636432521301,0.140089257261219,0.145535714285714,0.134547175260082,TRUE,TRUE,0.145535714285714,0.145535714285714,0.134547175260082,TRUE,TRUE,0.145535714285714,0.525806451612903,0.489910147844811
21,21,"Southwestern Electric Power","swp.t1att3","21:3000308::swp.t1att3","3000308","21:3000308",0.781746031746032,0.838888888888889,0.208568294874327,0.206194907476594,18,18,18,0.781746031746032,0.838888888888889,0.208568294874327,0.206194907476594,0.0571428571428572,0.00237338739773293,TRUE,TRUE,0.0571428571428572,0.0571428571428572,0.00237338739773293,TRUE,TRUE,0.0571428571428572,0.261818181818182,0.0113794256177001
21,21,"Southwestern Electric Power","swp.t1att3","21:3000309::swp.t1att3","3000309","21:3000309",0.647321428571429,0.875,0.228077964352388,0.16532795690183,16,16,16,0.647321428571429,0.875,0.228077964352388,0.16532795690183,0.227678571428571,0.0627500074505582,TRUE,TRUE,0.227678571428571,0.227678571428571,0.0627500074505582,TRUE,TRUE,0.227678571428571,0.645569620253165,0.275125252142322
21,21,"Southwestern Electric Power","swp.t1att3","21:3000310::swp.t1att3","3000310","21:3000310",0.80952380952381,0.955555555555556,0.174963553055941,0.0704792186494566,18,18,18,0.80952380952381,0.955555555555556,0.174963553055941,0.0704792186494566,0.146031746031746,0.104484334406485,TRUE,TRUE,0.146031746031746,0.146031746031746,0.104484334406485,TRUE,TRUE,0.146031746031746,0.766666666666667,0.597177712623828
21,21,"Southwestern Electric Power","swp.t1att3","21:3000311::swp.t1att3","3000311","21:3000311",0.705357142857143,0.8625,0.256712603010093,0.136014705087354,16,16,16,0.705357142857143,0.8625,0.256712603010093,0.136014705087354,0.157142857142857,0.120697897922739,TRUE,TRUE,0.157142857142857,0.157142857142857,0.120697897922739,TRUE,TRUE,0.157142857142857,0.533333333333333,0.470167403187421
21,21,"Southwestern Electric Power","swp.t1att3","21:3000312::swp.t1att3","3000312","21:3000312",0.861344537815126,0.858823529411765,0.18117844864139,0.203281896419147,17,17,17,0.861344537815126,0.858823529411765,0.18117844864139,0.203281896419147,-0.00252100840336122,-0.0221034477777566,FALSE,FALSE,-0.00252100840336122,-0.00252100840336122,-0.0221034477777566,FALSE,FALSE,-0.00252100840336122,-0.00292682926829254,-0.0693285873667137
21,21,"Southwestern Electric Power","swp.t1att3","21:3000313::swp.t1att3","3000313","21:3000313",0.736607142857143,0.9,0.209824594707622,0.163299316185545,16,16,16,0.736607142857143,0.9,0.209824594707622,0.163299316185545,0.163392857142857,0.0465252785220764,TRUE,TRUE,0.163392857142857,0.163392857142857,0.0465252785220764,TRUE,TRUE,0.163392857142857,0.620338983050847,0.221734151741871
21,21,"Southwestern Electric Power","swp.t1att3","21:3000314::swp.t1att3","3000314","21:3000314",0.714285714285714,0.805882352941176,0.262445329583912,0.227680116158872,17,17,17,0.714285714285714,0.805882352941176,0.262445329583912,0.227680116158872,0.0915966386554621,0.0347652134250394,TRUE,TRUE,0.0915966386554621,0.0915966386554621,0.0347652134250394,TRUE,TRUE,0.0915966386554621,0.320588235294117,0.132466496851581
21,21,"Southwestern Electric Power","swp.t1att3","21:3000315::swp.t1att3","3000315","21:3000315",0.595238095238095,0.866666666666667,0.31470560186679,0.224918285815355,18,18,18,0.595238095238095,0.866666666666667,0.31470560186679,0.224918285815355,0.271428571428571,0.0897873160514351,TRUE,TRUE,0.271428571428571,0.271428571428571,0.0897873160514351,TRUE,TRUE,0.271428571428571,0.670588235294118,0.285305744539752
21,21,"Southwestern Electric Power","swp.t1att4","21:3000301::swp.t1att4","3000301","21:3000301",0.692857142857143,0.814285714285714,0.340732888196753,0.25376289010729,14,14,14,0.692857142857143,0.814285714285714,0.340732888196753,0.25376289010729,0.121428571428571,0.0869699980894635,TRUE,TRUE,0.121428571428571,0.121428571428571,0.0869699980894635,TRUE,TRUE,0.121428571428571,0.395348837209302,0.255243920097444
21,21,"Southwestern Electric Power","swp.t1att4","21:3000302::swp.t1att4","3000302","21:3000302",0.693333333333333,0.706666666666667,0.28900486072696,0.291465917308321,15,15,15,0.693333333333333,0.706666666666667,0.28900486072696,0.291465917308321,0.0133333333333333,-0.00246105658136098,TRUE,FALSE,0.0133333333333333,0.0133333333333333,-0.00246105658136098,TRUE,FALSE,0.0133333333333333,0.0434782608695651,-0.0116640439672699
21,21,"Southwestern Electric Power","swp.t1att4","21:3000303::swp.t1att4","3000303","21:3000303",0.61764705882353,0.817647058823529,0.335848355135259,0.237790070539244,17,17,17,0.61764705882353,0.817647058823529,0.335848355135259,0.237790070539244,0.2,0.0980582845960143,TRUE,TRUE,0.2,0.2,0.0980582845960143,TRUE,TRUE,0.2,0.523076923076923,0.291971906655677
21,21,"Southwestern Electric Power","swp.t1att4","21:3000304::swp.t1att4","3000304","21:3000304",0.666666666666667,0.711111111111111,0.289014552859723,0.292833799256384,18,18,18,0.666666666666667,0.711111111111111,0.289014552859723,0.292833799256384,0.0444444444444445,-0.00381924639666043,TRUE,FALSE,0.0444444444444445,0.0444444444444445,-0.00381924639666043,TRUE,FALSE,0.0444444444444445,0.133333333333333,-0.0181019423302743
21,21,"Southwestern Electric Power","swp.t1att4","21:3000305::swp.t1att4","3000305","21:3000305",0.75,0.78125,0.270801280154532,0.225739525412218,16,16,16,0.75,0.78125,0.270801280154532,0.225739525412218,0.03125,0.0450617547423142,TRUE,TRUE,0.03125,0.03125,0.0450617547423142,TRUE,TRUE,0.03125,0.125,0.166401557321294
21,21,"Southwestern Electric Power","swp.t1att4","21:3000307::swp.t1att4","3000307","21:3000307",0.6625,0.775,0.294108823397055,0.269567554922076,16,16,16,0.6625,0.775,0.294108823397055,0.269567554922076,0.1125,0.0245412684749785,TRUE,TRUE,0.1125,0.1125,0.0245412684749785,TRUE,TRUE,0.1125,0.333333333333333,0.0834428161369612
21,21,"Southwestern Electric Power","swp.t1att4","21:3000308::swp.t1att4","3000308","21:3000308",0.722222222222222,0.738888888888889,0.279822539468806,0.240438053386605,18,18,18,0.722222222222222,0.738888888888889,0.279822539468806,0.240438053386605,0.0166666666666667,0.0393844860822006,TRUE,TRUE,0.0166666666666667,0.0166666666666667,0.0393844860822006,TRUE,TRUE,0.0166666666666667,0.0600000000000002,0.1407480832565
21,21,"Southwestern Electric Power","swp.t1att4","21:3000309::swp.t1att4","3000309","21:3000309",0.675,0.775,0.264575131106459,0.232379000772445,16,16,16,0.675,0.775,0.264575131106459,0.232379000772445,0.1,0.032196130334014,TRUE,TRUE,0.1,0.1,0.032196130334014,TRUE,TRUE,0.1,0.307692307692308,0.12168993434632
21,21,"Southwestern Electric Power","swp.t1att4","21:3000310::swp.t1att4","3000310","21:3000310",0.6,0.672222222222222,0.367823487079141,0.296658955616904,18,18,18,0.6,0.672222222222222,0.367823487079141,0.296658955616904,0.0722222222222223,0.0711645314622364,TRUE,TRUE,0.0722222222222223,0.0722222222222223,0.0711645314622364,TRUE,TRUE,0.0722222222222223,0.180555555555556,0.19347468000847
21,21,"Southwestern Electric Power","swp.t1att4","21:3000311::swp.t1att4","3000311","21:3000311",0.64375,0.64375,0.2555223408367,0.193110503770941,16,16,16,0.64375,0.64375,0.2555223408367,0.193110503770941,0,0.0624118370657588,FALSE,TRUE,0,0,0.0624118370657588,FALSE,TRUE,0,0,0.244251977582051
21,21,"Southwestern Electric Power","swp.t1att4","21:3000312::swp.t1att4","3000312","21:3000312",0.664705882352941,0.782352941176471,0.320041357621535,0.294183816086233,17,17,17,0.664705882352941,0.782352941176471,0.320041357621535,0.294183816086233,0.117647058823529,0.0258575415353016,TRUE,TRUE,0.117647058823529,0.117647058823529,0.0258575415353016,TRUE,TRUE,0.117647058823529,0.350877192982456,0.0807943752253401
21,21,"Southwestern Electric Power","swp.t1att4","21:3000313::swp.t1att4","3000313","21:3000313",0.675,0.65625,0.327617663341483,0.285116935075184,16,16,16,0.675,0.65625,0.327617663341483,0.285116935075184,-0.01875,0.0425007282662991,FALSE,TRUE,-0.01875,-0.01875,0.0425007282662991,FALSE,TRUE,-0.01875,-0.0277777777777778,0.129726608244561
21,21,"Southwestern Electric Power","swp.t1att4","21:3000314::swp.t1att4","3000314","21:3000314",0.747058823529412,0.770588235294118,0.300244997999183,0.261640750558741,17,17,17,0.747058823529412,0.770588235294118,0.300244997999183,0.261640750558741,0.0235294117647059,0.0386042474404423,TRUE,TRUE,0.0235294117647059,0.0235294117647059,0.0386042474404423,TRUE,TRUE,0.0235294117647059,0.0930232558139536,0.128575822070972
21,21,"Southwestern Electric Power","swp.t1att4","21:3000315::swp.t1att4","3000315","21:3000315",0.677777777777778,0.8,0.288108548897308,0.216930457818656,18,18,18,0.677777777777778,0.8,0.288108548897308,0.216930457818656,0.122222222222222,0.0711780910786516,TRUE,TRUE,0.122222222222222,0.122222222222222,0.0711780910786516,TRUE,TRUE,0.122222222222222,0.379310344827586,0.24705303383421
21,21,"Southwestern Electric Power","swp.t1att5","21:3000301::swp.t1att5","3000301","21:3000301",0.837301587301587,0.867857142857143,0.165184701529285,0.190754718519261,14,14,14,0.837301587301587,0.867857142857143,0.165184701529285,0.190754718519261,0.0305555555555556,-0.0255700169899765,TRUE,FALSE,0.0305555555555556,0.0305555555555556,-0.0255700169899765,TRUE,FALSE,0.0305555555555556,0.187804878048781,-0.0763705156448011
21,21,"Southwestern Electric Power","swp.t1att5","21:3000302::swp.t1att5","3000302","21:3000302",0.892592592592593,0.89,0.147684459536125,0.151421832734158,15,15,15,0.892592592592593,0.89,0.147684459536125,0.151421832734158,-0.00259259259259259,-0.00373737319803327,FALSE,FALSE,-0.00259259259259259,-0.00259259259259259,-0.00373737319803327,FALSE,FALSE,-0.00259259259259259,-0.0029045643153527,-0.0106080282269481
21,21,"Southwestern Electric Power","swp.t1att5","21:3000303::swp.t1att5","3000303","21:3000303",0.947712418300654,0.835294117647059,0.0820986971786482,0.264436137069492,17,17,17,0.947712418300654,0.835294117647059,0.0820986971786482,0.264436137069492,-0.112418300653595,-0.182337439890844,FALSE,FALSE,-0.112418300653595,-0.112418300653595,-0.182337439890844,FALSE,FALSE,-0.112418300653595,-0.118620689655172,-0.436316993174801
21,21,"Southwestern Electric Power","swp.t1att5","21:3000304::swp.t1att5","3000304","21:3000304",0.925925925925926,0.922222222222222,0.120516921010365,0.112749360533236,18,18,18,0.925925925925926,0.922222222222222,0.120516921010365,0.112749360533236,-0.00370370370370365,0.00776756047712876,FALSE,TRUE,-0.00370370370370365,-0.00370370370370365,0.00776756047712876,FALSE,TRUE,-0.00370370370370365,-0.00399999999999995,0.0644520322292398
21,21,"Southwestern Electric Power","swp.t1att5","21:3000305::swp.t1att5","3000305","21:3000305",0.944444444444444,0.85,0.133024333304207,0.212916258968951,16,16,16,0.944444444444444,0.85,0.133024333304207,0.212916258968951,-0.0944444444444444,-0.0798919256647437,FALSE,FALSE,-0.0944444444444444,-0.0944444444444444,-0.0798919256647437,FALSE,FALSE,-0.0944444444444444,-0.1,-0.217703605211979
21,21,"Southwestern Electric Power","swp.t1att5","21:3000307::swp.t1att5","3000307","21:3000307",0.930555555555555,0.83125,0.167896695653972,0.174045013334673,16,16,16,0.930555555555555,0.83125,0.167896695653972,0.174045013334673,-0.0993055555555554,-0.00614831768070095,FALSE,FALSE,-0.0993055555555554,-0.0993055555555554,-0.00614831768070095,FALSE,FALSE,-0.0993055555555554,-0.106716417910448,-0.018513268613235
21,21,"Southwestern Electric Power","swp.t1att5","21:3000308::swp.t1att5","3000308","21:3000308",0.87037037037037,0.822222222222222,0.166121111465867,0.217081051698521,18,18,18,0.87037037037037,0.822222222222222,0.166121111465867,0.217081051698521,-0.0481481481481482,-0.0509599402326539,FALSE,FALSE,-0.0481481481481482,-0.0481481481481482,-0.0509599402326539,FALSE,FALSE,-0.0481481481481482,-0.0553191489361702,-0.152630016400226
21,21,"Southwestern Electric Power","swp.t1att5","21:3000309::swp.t1att5","3000309","21:3000309",0.864583333333333,0.821875,0.151764315329419,0.180710403685012,16,16,16,0.864583333333333,0.821875,0.151764315329419,0.180710403685012,-0.0427083333333332,-0.0289460883555926,FALSE,FALSE,-0.0427083333333332,-0.0427083333333332,-0.0289460883555926,FALSE,FALSE,-0.0427083333333332,-0.0493975903614457,-0.0831221199601491
21,21,"Southwestern Electric Power","swp.t1att5","21:3000310::swp.t1att5","3000310","21:3000310",0.898148148148148,0.875,0.119381728481097,0.18169949334644,18,18,18,0.898148148148148,0.875,0.119381728481097,0.18169949334644,-0.0231481481481481,-0.062317764865343,FALSE,FALSE,-0.0231481481481481,-0.0231481481481481,-0.062317764865343,FALSE,FALSE,-0.0231481481481481,-0.0257731958762887,-0.163727728090027
21,21,"Southwestern Electric Power","swp.t1att5","21:3000311::swp.t1att5","3000311","21:3000311",0.885416666666667,0.796875,0.262520820259954,0.206130015605038,16,16,16,0.885416666666667,0.796875,0.262520820259954,0.206130015605038,-0.0885416666666666,0.0563908046549153,FALSE,TRUE,-0.0885416666666666,-0.0885416666666666,0.0563908046549153,FALSE,TRUE,-0.0885416666666666,-0.1,0.214805075647242
21,21,"Southwestern Electric Power","swp.t1att5","21:3000312::swp.t1att5","3000312","21:3000312",0.911764705882353,0.873529411764706,0.246157839438868,0.200091890654975,17,17,17,0.911764705882353,0.873529411764706,0.246157839438868,0.200091890654975,-0.038235294117647,0.0460659487838929,FALSE,TRUE,-0.038235294117647,-0.038235294117647,0.0460659487838929,FALSE,TRUE,-0.038235294117647,-0.0419354838709677,0.187139881016599
21,21,"Southwestern Electric Power","swp.t1att5","21:3000313::swp.t1att5","3000313","21:3000313",0.857638888888889,0.8,0.197691148318423,0.286356421265527,16,16,16,0.857638888888889,0.8,0.197691148318423,0.286356421265527,-0.0576388888888888,-0.0886652729471039,FALSE,FALSE,-0.0576388888888888,-0.0576388888888888,-0.0886652729471039,FALSE,FALSE,-0.0576388888888888,-0.0672064777327934,-0.29329367120383
21,21,"Southwestern Electric Power","swp.t1att5","21:3000314::swp.t1att5","3000314","21:3000314",0.944444444444444,0.773529411764706,0.103934927410387,0.231919737637577,17,17,17,0.944444444444444,0.773529411764706,0.103934927410387,0.231919737637577,-0.170915032679738,-0.127984810227189,FALSE,FALSE,-0.170915032679738,-0.170915032679738,-0.127984810227189,FALSE,FALSE,-0.170915032679738,-0.180968858131488,-0.32314086518758
21,21,"Southwestern Electric Power","swp.t1att5","21:3000315::swp.t1att5","3000315","21:3000315",0.796296296296296,0.802777777777778,0.286465450990995,0.222599760994416,18,18,18,0.796296296296296,0.802777777777778,0.286465450990995,0.222599760994416,0.00648148148148153,0.0638656899965789,TRUE,TRUE,0.00648148148148153,0.00648148148148153,0.0638656899965789,TRUE,TRUE,0.00648148148148153,0.0318181818181821,0.222943778300813
21,21,"Southwestern Electric Power","swp.t1att6","21:3000301::swp.t1att6","3000301","21:3000301",0.657142857142857,0.814285714285714,0.247181919037176,0.146009182309474,14,14,14,0.657142857142857,0.814285714285714,0.247181919037176,0.146009182309474,0.157142857142857,0.101172736727702,TRUE,TRUE,0.157142857142857,0.157142857142857,0.101172736727702,TRUE,TRUE,0.157142857142857,0.458333333333333,0.409304762750407
21,21,"Southwestern Electric Power","swp.t1att6","21:3000302::swp.t1att6","3000302","21:3000302",0.806666666666667,0.84,0.208623607302265,0.145405835999994,15,15,15,0.806666666666667,0.84,0.208623607302265,0.145405835999994,0.0333333333333333,0.0632177713022706,TRUE,TRUE,0.0333333333333333,0.0333333333333333,0.0632177713022706,TRUE,TRUE,0.0333333333333333,0.172413793103448,0.303023095611023
21,21,"Southwestern Electric Power","swp.t1att6","21:3000303::swp.t1att6","3000303","21:3000303",0.688235294117647,0.788235294117647,0.244648607550647,0.217607309565811,17,17,17,0.688235294117647,0.788235294117647,0.244648607550647,0.217607309565811,0.1,0.0270412979848365,TRUE,TRUE,0.1,0.1,0.0270412979848365,TRUE,TRUE,0.1,0.320754716981132,0.110531174714487
21,21,"Southwestern Electric Power","swp.t1att6","21:3000304::swp.t1att6","3000304","21:3000304",0.755555555555556,0.811111111111111,0.254886877381787,0.184355439584991,18,18,18,0.755555555555556,0.811111111111111,0.254886877381787,0.184355439584991,0.0555555555555556,0.0705314377967958,TRUE,TRUE,0.0555555555555556,0.0555555555555556,0.0705314377967958,TRUE,TRUE,0.0555555555555556,0.227272727272727,0.276716630221607
21,21,"Southwestern Electric Power","swp.t1att6","21:3000305::swp.t1att6","3000305","21:3000305",0.74375,0.7875,0.233719917850405,0.158640053790544,16,16,16,0.74375,0.7875,0.233719917850405,0.158640053790544,0.04375,0.075079864059861,TRUE,TRUE,0.04375,0.04375,0.075079864059861,TRUE,TRUE,0.04375,0.170731707317073,0.321238620783346
21,21,"Southwestern Electric Power","swp.t1att6","21:3000307::swp.t1att6","3000307","21:3000307",0.675,0.875,0.248997991959775,0.184390889145858,16,16,16,0.675,0.875,0.248997991959775,0.184390889145858,0.2,0.0646071028139169,TRUE,TRUE,0.2,0.2,0.0646071028139169,TRUE,TRUE,0.2,0.615384615384615,0.259468368822645
21,21,"Southwestern Electric Power","swp.t1att6","21:3000308::swp.t1att6","3000308","21:3000308",0.727777777777778,0.75,0.313998043372614,0.209340701756168,18,18,18,0.727777777777778,0.75,0.313998043372614,0.209340701756168,0.0222222222222223,0.104657341616447,TRUE,TRUE,0.0222222222222223,0.0222222222222223,0.104657341616447,TRUE,TRUE,0.0222222222222223,0.0816326530612246,0.33330571264819
21,21,"Southwestern Electric Power","swp.t1att6","21:3000309::swp.t1att6","3000309","21:3000309",0.56875,0.8,0.319830684373258,0.178885438199983,16,16,16,0.56875,0.8,0.319830684373258,0.178885438199983,0.23125,0.140945246173275,TRUE,TRUE,0.23125,0.23125,0.140945246173275,TRUE,TRUE,0.23125,0.536231884057971,0.440687066813092
21,21,"Southwestern Electric Power","swp.t1att6","21:3000310::swp.t1att6","3000310","21:3000310",0.566666666666667,0.844444444444444,0.286972021591776,0.17895849739772,18,18,18,0.566666666666667,0.844444444444444,0.286972021591776,0.17895849739772,0.277777777777778,0.108013524194056,TRUE,TRUE,0.277777777777778,0.277777777777778,0.108013524194056,TRUE,TRUE,0.277777777777778,0.641025641025641,0.376390435537676
21,21,"Southwestern Electric Power","swp.t1att6","21:3000311::swp.t1att6","3000311","21:3000311",0.65,0.76875,0.316227766016838,0.181544301296773,16,16,16,0.65,0.76875,0.316227766016838,0.181544301296773,0.11875,0.134683464720065,TRUE,TRUE,0.11875,0.11875,0.134683464720065,TRUE,TRUE,0.11875,0.339285714285714,0.425906511678339
21,21,"Southwestern Electric Power","swp.t1att6","21:3000312::swp.t1att6","3000312","21:3000312",0.7,0.88235294117647,0.339116499156263,0.166715679067863,17,17,17,0.7,0.88235294117647,0.339116499156263,0.166715679067863,0.18235294117647,0.1724008200884,TRUE,TRUE,0.18235294117647,0.18235294117647,0.1724008200884,TRUE,TRUE,0.18235294117647,0.607843137254902,0.508382283130844
21,21,"Southwestern Electric Power","swp.t1att6","21:3000313::swp.t1att6","3000313","21:3000313",0.61875,0.80625,0.301592992845214,0.229401394939089,16,16,16,0.61875,0.80625,0.301592992845214,0.229401394939089,0.1875,0.0721915979061248,TRUE,TRUE,0.1875,0.1875,0.0721915979061248,TRUE,TRUE,0.1875,0.491803278688525,0.239367623316022
21,21,"Southwestern Electric Power","swp.t1att6","21:3000314::swp.t1att6","3000314","21:3000314",0.605882352941176,0.788235294117647,0.178432719236461,0.278123967281625,17,17,17,0.605882352941176,0.788235294117647,0.178432719236461,0.278123967281625,0.182352941176471,-0.0996912480451645,TRUE,FALSE,0.182352941176471,0.182352941176471,-0.0996912480451645,TRUE,FALSE,0.182352941176471,0.462686567164179,-0.310016764791662
21,21,"Southwestern Electric Power","swp.t1att6","21:3000315::swp.t1att6","3000315","21:3000315",0.65,0.822222222222222,0.299509402778846,0.212977644658267,18,18,18,0.65,0.822222222222222,0.299509402778846,0.212977644658267,0.172222222222222,0.0865317581205794,TRUE,TRUE,0.172222222222222,0.172222222222222,0.0865317581205794,TRUE,TRUE,0.172222222222222,0.492063492063492,0.288911657923719
21,21,"Southwestern Electric Power","swp.t1att7","21:3000301::swp.t1att7","3000301","21:3000301",0.607142857142857,0.507142857142857,0.329251565534005,0.349646603376534,14,14,14,0.607142857142857,0.507142857142857,0.329251565534005,0.349646603376534,-0.1,-0.0203950378425286,FALSE,FALSE,-0.1,-0.1,-0.0203950378425286,FALSE,FALSE,-0.1,-0.164705882352941,-0.119444947804721
21,21,"Southwestern Electric Power","swp.t1att7","21:3000302::swp.t1att7","3000302","21:3000302",0.72,0.62,0.221036519283902,0.185933936040274,15,15,15,0.72,0.62,0.221036519283902,0.185933936040274,-0.1,0.0351025832436285,FALSE,TRUE,-0.1,-0.1,0.0351025832436285,FALSE,TRUE,-0.1,-0.138888888888889,0.15880897580794
21,21,"Southwestern Electric Power","swp.t1att7","21:3000303::swp.t1att7","3000303","21:3000303",0.635294117647059,0.688235294117647,0.23963820769701,0.228807651044432,17,17,17,0.635294117647059,0.688235294117647,0.23963820769701,0.228807651044432,0.0529411764705883,0.010830556652578,TRUE,TRUE,0.0529411764705883,0.0529411764705883,0.010830556652578,TRUE,TRUE,0.0529411764705883,0.145161290322581,0.0451954500772753
21,21,"Southwestern Electric Power","swp.t1att7","21:3000304::swp.t1att7","3000304","21:3000304",0.738888888888889,0.577777777777778,0.235494195979156,0.251011027542043,18,18,18,0.738888888888889,0.577777777777778,0.235494195979156,0.251011027542043,-0.161111111111111,-0.0155168315628869,FALSE,FALSE,-0.161111111111111,-0.161111111111111,-0.0155168315628869,FALSE,FALSE,-0.161111111111111,-0.218045112781955,-0.0586634823395564
21,21,"Southwestern Electric Power","swp.t1att7","21:3000305::swp.t1att7","3000305","21:3000305",0.675,0.7125,0.243584345419268,0.247318957353994,16,16,16,0.675,0.7125,0.243584345419268,0.247318957353994,0.0375,-0.0037346119347258,TRUE,FALSE,0.0375,0.0375,-0.0037346119347258,TRUE,FALSE,0.0375,0.115384615384615,-0.0145646799171927
21,21,"Southwestern Electric Power","swp.t1att7","21:3000307::swp.t1att7","3000307","21:3000307",0.58125,0.76875,0.303795435559303,0.233005722390388,16,16,16,0.58125,0.76875,0.303795435559303,0.233005722390388,0.1875,0.0707897131689148,TRUE,TRUE,0.1875,0.1875,0.0707897131689148,TRUE,TRUE,0.1875,0.447761194029851,0.233017698368599
21,21,"Southwestern Electric Power","swp.t1att7","21:3000308::swp.t1att7","3000308","21:3000308",0.794444444444445,0.7,0.198441641213028,0.282842712474619,18,18,18,0.794444444444445,0.7,0.198441641213028,0.282842712474619,-0.0944444444444446,-0.0844010712615908,FALSE,FALSE,-0.0944444444444446,-0.0944444444444446,-0.0844010712615908,FALSE,FALSE,-0.0944444444444446,-0.118881118881119,-0.279883043537897
21,21,"Southwestern Electric Power","swp.t1att7","21:3000309::swp.t1att7","3000309","21:3000309",0.575,0.59375,0.286356421265527,0.248914309217717,16,16,16,0.575,0.59375,0.286356421265527,0.248914309217717,0.01875,0.0374421120478099,TRUE,TRUE,0.01875,0.01875,0.0374421120478099,TRUE,TRUE,0.01875,0.0441176470588236,0.130753526958948
21,21,"Southwestern Electric Power","swp.t1att7","21:3000310::swp.t1att7","3000310","21:3000310",0.661111111111111,0.516666666666667,0.252374345878333,0.257247877713763,18,18,18,0.661111111111111,0.516666666666667,0.252374345878333,0.257247877713763,-0.144444444444444,-0.00487353183543054,FALSE,FALSE,-0.144444444444444,-0.144444444444444,-0.00487353183543054,FALSE,FALSE,-0.144444444444444,-0.218487394957983,-0.0196810457814521
21,21,"Southwestern Electric Power","swp.t1att7","21:3000311::swp.t1att7","3000311","21:3000311",0.58125,0.69375,0.237258649297906,0.269490259564237,16,16,16,0.58125,0.69375,0.237258649297906,0.269490259564237,0.1125,-0.0322316102663315,TRUE,FALSE,0.1125,0.1125,-0.0322316102663315,TRUE,FALSE,0.1125,0.26865671641791,-0.122674296147913
21,21,"Southwestern Electric Power","swp.t1att7","21:3000312::swp.t1att7","3000312","21:3000312",0.682352941176471,0.729411764705882,0.310715493091443,0.249411071031222,17,17,17,0.682352941176471,0.729411764705882,0.310715493091443,0.249411071031222,0.0470588235294117,0.0613044220602217,TRUE,TRUE,0.0470588235294117,0.0470588235294117,0.0613044220602217,TRUE,TRUE,0.0470588235294117,0.148148148148148,0.197300821565984
21,21,"Southwestern Electric Power","swp.t1att7","21:3000313::swp.t1att7","3000313","21:3000313",0.65625,0.61875,0.30761176830544,0.367366755890259,16,16,16,0.65625,0.61875,0.30761176830544,0.367366755890259,-0.0375,-0.0597549875848188,FALSE,FALSE,-0.0375,-0.0375,-0.0597549875848188,FALSE,FALSE,-0.0375,-0.0571428571428571,-0.3105958564019
21,21,"Southwestern Electric Power","swp.t1att7","21:3000314::swp.t1att7","3000314","21:3000314",0.611764705882353,0.641176470588235,0.208813172899773,0.287356102095927,17,17,17,0.611764705882353,0.641176470588235,0.208813172899773,0.287356102095927,0.0294117647058824,-0.0785429291961536,TRUE,FALSE,0.0294117647058824,0.0294117647058824,-0.0785429291961536,TRUE,FALSE,0.0294117647058824,0.0757575757575758,-0.269733799355968
21,21,"Southwestern Electric Power","swp.t1att7","21:3000315::swp.t1att7","3000315","21:3000315",0.7,0.627777777777778,0.254373509534584,0.292666354012964,18,18,18,0.7,0.627777777777778,0.254373509534584,0.292666354012964,-0.0722222222222222,-0.0382928444783802,FALSE,FALSE,-0.0722222222222222,-0.0722222222222222,-0.0382928444783802,FALSE,FALSE,-0.0722222222222222,-0.103174603174603,-0.155898675284667
10,10,"Bulgarian National","bulgaria.bulgaria.t1tghpc","10:5301::bulgaria.bulgaria.t1tghpc","5301","10:5301",0.806372546097812,0.81119791418314,0.160998119707509,0.15261394559723,17,16,16,0.804687498137355,0.81119791418314,0.166123247344967,0.15261394559723,0.0048253680853283,0.00838417411027892,TRUE,TRUE,0.0048253680853283,0.00651041604578495,0.0135093017477367,TRUE,TRUE,0.00651041604578495,0.0249208879633662,0.0520762237814377
10,10,"Bulgarian National","bulgaria.bulgaria.t1tghpc","10:5302::bulgaria.bulgaria.t1tghpc","5302","10:5302",0.776960783145007,0.66015625,0.216226102238367,0.269464355702023,17,16,16,0.7734375,0.66015625,0.222812800061178,0.269464355702023,-0.116804533145007,-0.0532382534636555,FALSE,FALSE,-0.116804533145007,-0.11328125,-0.0466515556408444,FALSE,FALSE,-0.11328125,-0.150335172223496,-0.187608000184623
10,10,"Bulgarian National","bulgaria.bulgaria.t1tghpc","10:5303::bulgaria.bulgaria.t1tghpc","5303","10:5303",0.732142857142857,0.760416666666667,0.318149482801078,0.196340414540261,14,12,12,0.770833333333333,0.760416666666667,0.250473037319873,0.196340414540261,0.0282738095238095,0.121809068260817,TRUE,TRUE,0.0282738095238095,-0.0104166666666667,0.0541326227796114,FALSE,TRUE,-0.0104166666666667,0.105555555555556,0.382867409333421
10,10,"Bulgarian National","bulgaria.bulgaria.t1tghpc","10:5304::bulgaria.bulgaria.t1tghpc","5304","10:5304",0.70833333209157,0.566666666666667,0.223994666856098,0.238084079106276,16,15,15,0.718055554231008,0.566666666666667,0.228335432595612,0.238084079106276,-0.141666665424903,-0.0140894122501779,FALSE,FALSE,-0.141666665424903,-0.151388887564341,-0.00974864651066357,FALSE,FALSE,-0.151388887564341,-0.199999998597538,-0.0510476087171549
10,10,"Bulgarian National","bulgaria.bulgaria.t1tghpc","10:5305::bulgaria.bulgaria.t1tghpc","5305","10:5305",0.822303922737346,0.80859375,0.185918917183118,0.202161174870448,17,16,16,0.81119791790843,0.80859375,0.186101067684201,0.202161174870448,-0.013710172737346,-0.0162422576873304,FALSE,FALSE,-0.013710172737346,-0.0026041679084301,-0.016060107186247,FALSE,FALSE,-0.0026041679084301,-0.0166728777016003,-0.0517135815428911
10,10,"Bulgarian National","bulgaria.bulgaria.t1tghpc","10:5306::bulgaria.bulgaria.t1tghpc","5306","10:5306",0.767156863913817,0.522058823529412,0.169608685426087,0.154586735600211,17,17,17,0.767156863913817,0.522058823529412,0.169608685426087,0.154586735600211,-0.245098040384405,0.0150219498258762,FALSE,TRUE,-0.245098040384405,-0.245098040384405,0.0150219498258762,FALSE,TRUE,-0.245098040384405,-0.319488818928093,0.088568281678137
10,10,"Bulgarian National","bulgaria.bulgaria.t1tghpc","10:5307::bulgaria.bulgaria.t1tghpc","5307","10:5307",0.866666666666667,0.655555556217829,0.25096539791848,0.241017531729368,15,15,15,0.866666666666667,0.655555556217829,0.25096539791848,0.241017531729368,-0.211111110448837,0.00994786618911225,FALSE,TRUE,-0.211111110448837,-0.211111110448837,0.00994786618911225,FALSE,TRUE,-0.211111110448837,-0.243589742825582,0.0396383974508852
10,10,"Bulgarian National","bulgaria.bulgaria.t1tghpc","10:5308::bulgaria.bulgaria.t1tghpc","5308","10:5308",0.792892156278386,0.75122548902736,0.1704439460289,0.17807178230819,17,17,17,0.792892156278386,0.75122548902736,0.1704439460289,0.17807178230819,-0.041666667251026,-0.0076278362792899,FALSE,FALSE,-0.041666667251026,-0.041666667251026,-0.0076278362792899,FALSE,FALSE,-0.041666667251026,-0.0525502326149847,-0.0231457932190158
10,10,"Bulgarian National","bulgaria.bulgaria.t1tghpc","10:5309::bulgaria.bulgaria.t1tghpc","5309","10:5309",0.857843139592339,0.686274507466484,0.16358400783882,0.209174160802178,17,17,17,0.857843139592339,0.686274507466484,0.16358400783882,0.209174160802178,-0.171568632125855,-0.0455901529633582,FALSE,FALSE,-0.171568632125855,-0.171568632125855,-0.0455901529633582,FALSE,FALSE,-0.171568632125855,-0.200000004904611,-0.135517199020419
10,10,"Bulgarian National","bulgaria.bulgaria.t1tghpc","10:5310::bulgaria.bulgaria.t1tghpc","5310","10:5310",0.773284312556772,0.669117647058823,0.200081681259199,0.240022508385363,17,17,17,0.773284312556772,0.669117647058823,0.200081681259199,0.240022508385363,-0.104166665497948,-0.0399408271261641,FALSE,FALSE,-0.104166665497948,-0.104166665497948,-0.0399408271261641,FALSE,FALSE,-0.104166665497948,-0.134706813272254,-0.133172349371171
10,10,"Bulgarian National","bulgaria.bulgaria.t1tghpc","10:5311::bulgaria.bulgaria.t1tghpc","5311","10:5311",0.768382352941177,0.498774511849179,0.188493080891893,0.221273955092964,17,17,17,0.768382352941177,0.498774511849179,0.188493080891893,0.221273955092964,-0.269607841091998,-0.0327808742010709,FALSE,FALSE,-0.267156864790355,-0.269607841091998,-0.0327808742010709,FALSE,FALSE,-0.267156864790355,-0.350877190320686,-0.105233213743462
10,10,"Bulgarian National","bulgaria.bulgaria.t1tghpc","10:5312::bulgaria.bulgaria.t1tghpc","5312","10:5312",0.852777779102325,0.625,0.127812280385399,0.161949617385867,15,15,15,0.852777779102325,0.625,0.127812280385399,0.161949617385867,-0.227777779102325,-0.034137337000468,FALSE,FALSE,-0.227777779102325,-0.227777779102325,-0.034137337000468,FALSE,FALSE,-0.227777779102325,-0.267100978337047,-0.0917207505820369
10,10,"Bulgarian National","bulgaria.bulgaria.t1tghpc","10:5313::bulgaria.bulgaria.t1tghpc","5313","10:5313",0.802083333333333,0.553240739636951,0.159983979075405,0.183609170395333,18,18,18,0.802083333333333,0.553240739636951,0.159983979075405,0.183609170395333,-0.248842593696382,-0.0236251913199285,FALSE,FALSE,-0.248842593696382,-0.248842593696382,-0.0236251913199285,FALSE,FALSE,-0.248842593696382,-0.310245311621464,-0.0694825827785563
10,10,"Bulgarian National","bulgaria.bulgaria.t1tghpc","10:5314::bulgaria.bulgaria.t1tghpc","5314","10:5314",0.861111112435659,0.7734375,0.106132246187996,0.134774116580299,15,16,15,0.861111112435659,0.775,0.106132246187996,0.139354378679476,-0.0876736124356589,-0.0286418703923029,FALSE,FALSE,-0.0876736124356589,-0.0861111124356588,-0.0332221324914803,FALSE,FALSE,-0.0861111124356588,-0.101814517510607,-0.0727195108385895
10,10,"Bulgarian National","bulgaria.bulgaria.t1tghpc","10:5315::bulgaria.bulgaria.t1tghpc","5315","10:5315",0.788888891537984,0.705555554231008,0.240760134631717,0.297024206533669,15,15,15,0.788888891537984,0.705555554231008,0.240760134631717,0.297024206533669,-0.0833333373069763,-0.0562640719019524,FALSE,FALSE,-0.0833333373069763,-0.0833333373069763,-0.0562640719019524,FALSE,FALSE,-0.0833333373069763,-0.105633807499194,-0.217034798340225
10,10,"Bulgarian National","bulgaria.bulgaria.t1tghpc","10:5316::bulgaria.bulgaria.t1tghpc","5316","10:5316",0.762254900792066,0.713235290611491,0.197924730060495,0.191441417993688,17,17,17,0.762254900792066,0.713235290611491,0.197924730060495,0.191441417993688,-0.0490196101805744,0.00648331206680733,FALSE,TRUE,-0.0490196101805744,-0.0490196101805744,0.00648331206680733,FALSE,TRUE,-0.0490196101805744,-0.0643086848371033,0.0327564527425437
10,10,"Bulgarian National","bulgaria.bulgaria.t1tghpc","10:5317::bulgaria.bulgaria.t1tghpc","5317","10:5317",0.81770833209157,0.608072916045785,0.137878267414682,0.200868881475438,16,16,16,0.81770833209157,0.608072916045785,0.137878267414682,0.200868881475438,-0.209635416045785,-0.0629906140607555,FALSE,FALSE,-0.209635416045785,-0.209635416045785,-0.0629906140607555,FALSE,FALSE,-0.209635416045785,-0.256369426381617,-0.173948726056961
10,10,"Bulgarian National","bulgaria.bulgaria.t1clibe","10:5301::bulgaria.bulgaria.t1clibe","5301","10:5301",0.449264709344682,0.406250005122274,0.267674834021829,0.303307388458867,17,16,16,0.449218754423782,0.406250005122274,0.276453310569594,0.303307388458867,0.0430147042224074,-0.0356325544370383,TRUE,FALSE,0.0430147042224074,0.0429687493015081,-0.0268540778892732,TRUE,FALSE,0.0429687493015081,0.0957446764183875,-0.153373631681323
10,10,"Bulgarian National","bulgaria.bulgaria.t1clibe","10:5302::bulgaria.bulgaria.t1clibe","5302","10:5302",0.568137258729514,0.519607841968536,0.302969038070875,0.288268011927168,17,17,17,0.568137258729514,0.519607841968536,0.302969038070875,0.288268011927168,-0.0485294167609776,0.014701026143707,FALSE,TRUE,-0.0485294167609776,-0.0485294167609776,0.014701026143707,FALSE,TRUE,-0.0485294167609776,-0.0854184724119318,0.0485231964207111
10,10,"Bulgarian National","bulgaria.bulgaria.t1clibe","10:5303::bulgaria.bulgaria.t1clibe","5303","10:5303",0.483333334326744,0.45535714738071,0.291180912707837,0.317468744635775,14,14,14,0.483333334326744,0.45535714738071,0.291180912707837,0.317468744635775,0.0279761869460344,-0.0262878319279379,TRUE,FALSE,0.0279761869460344,0.0279761869460344,-0.0262878319279379,TRUE,FALSE,0.0279761869460344,0.0578817659762774,-0.125888070237363
10,10,"Bulgarian National","bulgaria.bulgaria.t1clibe","10:5304::bulgaria.bulgaria.t1clibe","5304","10:5304",0.383072922937572,0.456388883541028,0.199167650086999,0.237801944207661,16,15,15,0.387777784466743,0.456388883541028,0.205235704102029,0.237801944207661,-0.0733159606034557,-0.0386342941206623,FALSE,FALSE,-0.0733159606034557,-0.0686110990742843,-0.0325662401056326,FALSE,FALSE,-0.0686110990742843,-0.118840562084839,-0.12842466620307
10,10,"Bulgarian National","bulgaria.bulgaria.t1clibe","10:5305::bulgaria.bulgaria.t1clibe","5305","10:5305",0.451715691124692,0.5502450989888,0.228241782308551,0.248395326697792,17,17,17,0.451715691124692,0.5502450989888,0.228241782308551,0.248395326697792,-0.0985294078641079,-0.0201535443892414,FALSE,FALSE,0.0019607901134911,-0.0985294078641079,-0.0201535443892414,FALSE,FALSE,0.0019607901134911,-0.179704956478183,-0.0741598342837364
10,10,"Bulgarian National","bulgaria.bulgaria.t1clibe","10:5306::bulgaria.bulgaria.t1clibe","5306","10:5306",0.411029416191227,0.341176471070332,0.189049970727807,0.260549476885086,17,17,17,0.411029416191227,0.341176471070332,0.189049970727807,0.260549476885086,0.0698529451208955,-0.0714995061572786,TRUE,FALSE,0.0698529451208955,0.0698529451208955,-0.0714995061572786,TRUE,FALSE,0.0698529451208955,0.169946340503272,-0.229938895084299
10,10,"Bulgarian National","bulgaria.bulgaria.t1clibe","10:5307::bulgaria.bulgaria.t1clibe","5307","10:5307",0.465277780344089,0.343333339691162,0.265453276129228,0.254857575540861,15,15,15,0.465277780344089,0.343333339691162,0.265453276129228,0.254857575540861,0.121944440652927,0.0105957005883666,TRUE,TRUE,0.121944440652927,0.121944440652927,0.0105957005883666,TRUE,TRUE,0.121944440652927,0.262089542644277,0.0399155012997782
10,10,"Bulgarian National","bulgaria.bulgaria.t1clibe","10:5308::bulgaria.bulgaria.t1clibe","5308","10:5308",0.463725491481669,0.537009809823597,0.200648708689493,0.168163093314996,17,17,17,0.463725491481669,0.537009809823597,0.200648708689493,0.168163093314996,-0.0732843183419284,0.0324856153744969,FALSE,TRUE,0.000735301305266056,-0.0732843183419284,0.0324856153744969,FALSE,TRUE,0.000735301305266056,-0.13665448791218,0.161902937659912
10,10,"Bulgarian National","bulgaria.bulgaria.t1clibe","10:5309::bulgaria.bulgaria.t1clibe","5309","10:5309",0.542647055843297,0.447058821425718,0.214287458220601,0.18664017573087,17,17,17,0.542647055843297,0.447058821425718,0.214287458220601,0.18664017573087,-0.0955882344175787,0.0276472824897314,FALSE,TRUE,0.0102941227309846,-0.0955882344175787,0.0276472824897314,FALSE,TRUE,0.0102941227309846,-0.176151760869743,0.12901960161042
10,10,"Bulgarian National","bulgaria.bulgaria.t1clibe","10:5310::bulgaria.bulgaria.t1clibe","5310","10:5310",0.492156864089124,0.349218750139698,0.261414262001186,0.258298464442447,17,16,16,0.522916668094695,0.349218750139698,0.236084961329967,0.258298464442447,0.142938113949426,0.00311579755873898,TRUE,TRUE,0.142938113949426,-0.173697917954996,-0.0222135031124804,FALSE,FALSE,0.127864581765607,0.290432023566253,0.0119190037103822
10,10,"Bulgarian National","bulgaria.bulgaria.t1clibe","10:5311::bulgaria.bulgaria.t1clibe","5311","10:5311",0.416176470544408,0.34632353134015,0.298556574737465,0.257685182881906,17,17,17,0.416176470544408,0.34632353134015,0.298556574737465,0.257685182881906,0.069852939204258,0.0408713918555589,TRUE,TRUE,0.069852939204258,0.069852939204258,0.0408713918555589,TRUE,TRUE,0.069852939204258,0.167844518246988,0.136896639745747
10,10,"Bulgarian National","bulgaria.bulgaria.t1clibe","10:5312::bulgaria.bulgaria.t1clibe","5312","10:5312",0.465833335121473,0.403333333134651,0.220007441905752,0.200416230995127,15,15,15,0.465833335121473,0.403333333134651,0.220007441905752,0.200416230995127,0.0625000019868215,0.0195912109106255,TRUE,TRUE,0.0625000019868215,0.0625000019868215,0.0195912109106255,TRUE,TRUE,0.0625000019868215,0.134168161174047,0.089047946473638
10,10,"Bulgarian National","bulgaria.bulgaria.t1clibe","10:5313::bulgaria.bulgaria.t1clibe","5313","10:5313",0.543749998013178,0.485416665052374,0.231453605440794,0.247422369582572,18,18,18,0.543749998013178,0.485416665052374,0.231453605440794,0.247422369582572,-0.0583333329608042,-0.0159687641417781,FALSE,FALSE,-0.0291666630655527,-0.0583333329608042,-0.0159687641417781,FALSE,FALSE,-0.0291666630655527,-0.107279693193471,-0.0594637070737417
10,10,"Bulgarian National","bulgaria.bulgaria.t1clibe","10:5314::bulgaria.bulgaria.t1clibe","5314","10:5314",0.4734375057742,0.485937505261973,0.229939985637564,0.279578366208071,16,16,16,0.4734375057742,0.485937505261973,0.229939985637564,0.279578366208071,-0.0124999994877726,-0.0496383805705073,FALSE,FALSE,-0.0124999994877726,-0.0124999994877726,-0.0496383805705073,FALSE,FALSE,-0.0124999994877726,-0.0237388716911014,-0.183804998632229
10,10,"Bulgarian National","bulgaria.bulgaria.t1clibe","10:5315::bulgaria.bulgaria.t1clibe","5315","10:5315",0.430555556714535,0.427777780592442,0.265168154727014,0.25671858430885,15,15,15,0.430555556714535,0.427777780592442,0.265168154727014,0.25671858430885,0.00277777612209307,0.00844957041816335,TRUE,TRUE,0.00277777612209307,0.00277777612209307,0.00844957041816335,TRUE,TRUE,0.00277777612209307,0.00645160904039796,0.0318649516072624
10,10,"Bulgarian National","bulgaria.bulgaria.t1clibe","10:5316::bulgaria.bulgaria.t1clibe","5316","10:5316",0.418137255836936,0.514705883448615,0.218957944996002,0.245436285826541,17,17,17,0.418137255836936,0.514705883448615,0.218957944996002,0.245436285826541,-0.0965686276116794,-0.026478340830539,FALSE,FALSE,-0.0671568607144496,-0.0965686276116794,-0.026478340830539,FALSE,FALSE,-0.0671568607144496,-0.165964617223571,-0.094214870547265
10,10,"Bulgarian National","bulgaria.bulgaria.t1clibe","10:5317::bulgaria.bulgaria.t1clibe","5317","10:5317",0.462500004097819,0.4968750057742,0.221735579268871,0.217921052585489,16,16,16,0.462500004097819,0.4968750057742,0.221735579268871,0.217921052585489,-0.0343750016763805,0.00381452668338167,FALSE,TRUE,-0.0343750016763805,-0.0343750016763805,0.00381452668338167,FALSE,TRUE,-0.0343750016763805,-0.0639534919785123,0.0172030429034407
10,10,"Bulgarian National","bulgaria.bulgaria.t1q8_7","10:5301::bulgaria.bulgaria.t1q8_7","5301","10:5301",0.821428571428571,0.730769230769231,0.206355076463889,0.278790887538239,14,13,11,0.795454545454545,0.795454545454545,0.218465724376326,0.187689298382387,-0.0906593406593407,-0.0724358110743496,FALSE,FALSE,-0.0906593406593407,0,0.0307764259939386,FALSE,TRUE,0,-0.110367892976589,-0.246678233705075
10,10,"Bulgarian National","bulgaria.bulgaria.t1q8_7","10:5302::bulgaria.bulgaria.t1q8_7","5302","10:5302",0.783333333333333,0.642857142857143,0.281365716935569,0.25408746439059,15,14,13,0.75,0.634615384615385,0.288675134594813,0.262507631146709,-0.14047619047619,0.0272782525449784,FALSE,TRUE,-0.14047619047619,-0.115384615384615,0.0261675034481043,FALSE,TRUE,-0.115384615384615,-0.179331306990881,0.0969494536934824
10,10,"Bulgarian National","bulgaria.bulgaria.t1q8_7","10:5303::bulgaria.bulgaria.t1q8_7","5303","10:5303",0.596153846153846,0.659090909090909,0.315212585978058,0.3215728391968,13,11,10,0.6,0.625,0.316227766016838,0.317323879410996,0.0629370629370629,-0.00636025321874223,TRUE,FALSE,0.0629370629370629,0.025,-0.00109611339415822,TRUE,FALSE,0.025,0.155844155844156,-0.0344192988056372
10,10,"Bulgarian National","bulgaria.bulgaria.t1q8_7","10:5304::bulgaria.bulgaria.t1q8_7","5304","10:5304",0.734375,0.571428571428571,0.265655635488251,0.248622579049423,16,14,14,0.714285714285714,0.571428571428571,0.274862603039138,0.248622579049423,-0.162946428571429,0.0170330564388279,FALSE,TRUE,-0.162946428571429,-0.142857142857143,0.0262400239897142,FALSE,TRUE,-0.142857142857143,-0.221884498480243,0.0641170529189892
10,10,"Bulgarian National","bulgaria.bulgaria.t1q8_7","10:5305::bulgaria.bulgaria.t1q8_7","5305","10:5305",0.716666666666667,0.692307692307692,0.281365716935569,0.208012573584461,15,13,11,0.704545454545455,0.704545454545455,0.312613615709989,0.218465724376326,-0.0243589743589744,0.0733531433511079,FALSE,TRUE,-0.0243589743589744,0,0.0941478913336634,FALSE,TRUE,0,-0.0339892665474061,0.260703912864784
10,10,"Bulgarian National","bulgaria.bulgaria.t1q8_7","10:5306::bulgaria.bulgaria.t1q8_7","5306","10:5306",0.705882352941177,0.5625,0.333486484424958,0.335410196624968,17,16,16,0.75,0.5625,0.288675134594813,0.335410196624968,-0.143382352941177,-0.00192371220001059,FALSE,FALSE,-0.143382352941177,-0.1875,-0.0467350620301556,FALSE,FALSE,-0.1875,-0.203125,-0.0115528892256415
10,10,"Bulgarian National","bulgaria.bulgaria.t1q8_7","10:5307::bulgaria.bulgaria.t1q8_7","5307","10:5307",0.732142857142857,0.607142857142857,0.317203612634112,0.376142946874611,14,14,13,0.711538461538462,0.615384615384615,0.320256307610174,0.390184045988031,-0.125,-0.058939334240499,FALSE,FALSE,-0.125,-0.0961538461538461,-0.0699277383778565,FALSE,FALSE,-0.0961538461538461,-0.170731707317073,-0.32243161415726
10,10,"Bulgarian National","bulgaria.bulgaria.t1q8_7","10:5308::bulgaria.bulgaria.t1q8_7","5308","10:5308",0.703125,0.660714285714286,0.245267710879357,0.232195682916016,16,14,14,0.678571428571429,0.660714285714286,0.248622579049423,0.232195682916016,-0.0424107142857143,0.013072027963341,FALSE,TRUE,-0.0424107142857143,-0.0178571428571429,0.0164268961334072,FALSE,TRUE,-0.0178571428571429,-0.0603174603174603,0.0532969787032869
10,10,"Bulgarian National","bulgaria.bulgaria.t1q8_7","10:5309::bulgaria.bulgaria.t1q8_7","5309","10:5309",0.720588235294118,0.578125,0.291579118513211,0.269548233160598,17,16,16,0.734375,0.578125,0.295363476640788,0.269548233160598,-0.142463235294118,0.0220308853526132,FALSE,TRUE,-0.142463235294118,-0.15625,0.0258152434801902,FALSE,TRUE,-0.15625,-0.197704081632653,0.0755571436835075
10,10,"Bulgarian National","bulgaria.bulgaria.t1q8_7","10:5310::bulgaria.bulgaria.t1q8_7","5310","10:5310",0.75,0.660714285714286,0.288675134594813,0.303934818055407,16,14,13,0.75,0.634615384615385,0.270030862433661,0.299572344757639,-0.0892857142857143,-0.0152596834605946,FALSE,FALSE,-0.0892857142857143,-0.115384615384615,-0.0295414823239782,FALSE,FALSE,-0.115384615384615,-0.119047619047619,-0.072209597442952
10,10,"Bulgarian National","bulgaria.bulgaria.t1q8_7","10:5311::bulgaria.bulgaria.t1q8_7","5311","10:5311",0.647058823529412,0.766666666666667,0.354202708662045,0.199702159179495,17,15,15,0.616666666666667,0.766666666666667,0.364332396635401,0.199702159179495,0.119607843137255,0.15450054948255,TRUE,TRUE,0.119607843137255,0.15,0.164630237455906,TRUE,TRUE,0.15,0.338888888888889,0.436192456195933
10,10,"Bulgarian National","bulgaria.bulgaria.t1q8_7","10:5312::bulgaria.bulgaria.t1q8_7","5312","10:5312",0.683333333333333,0.642857142857143,0.346753652090494,0.272352389700961,15,14,14,0.660714285714286,0.642857142857143,0.348170256444354,0.272352389700961,-0.0404761904761904,0.0744012623895327,FALSE,TRUE,-0.0404761904761904,-0.0178571428571428,0.0758178667433932,FALSE,TRUE,-0.0178571428571428,-0.0592334494773519,0.214565187535836
10,10,"Bulgarian National","bulgaria.bulgaria.t1q8_7","10:5313::bulgaria.bulgaria.t1q8_7","5313","10:5313",0.647058823529412,0.573529411764706,0.354202708662045,0.35094410481711,17,17,16,0.640625,0.546875,0.364791607176846,0.344223159205381,-0.073529411764706,0.00325860384493537,FALSE,TRUE,-0.073529411764706,-0.09375,0.0205684479714651,FALSE,TRUE,-0.09375,-0.113636363636364,0.00919982757117902
10,10,"Bulgarian National","bulgaria.bulgaria.t1q8_7","10:5314::bulgaria.bulgaria.t1q8_7","5314","10:5314",0.807692307692308,0.734375,0.291437639017162,0.232177195262584,13,16,13,0.807692307692308,0.75,0.291437639017162,0.25,-0.0733173076923077,0.0592604437545778,FALSE,TRUE,-0.0733173076923077,-0.0576923076923077,0.0414376390171617,FALSE,TRUE,-0.0576923076923077,-0.0907738095238095,0.203338333217448
10,10,"Bulgarian National","bulgaria.bulgaria.t1q8_7","10:5315::bulgaria.bulgaria.t1q8_7","5315","10:5315",0.733333333333333,0.772727272727273,0.305699821642704,0.235969951862135,15,11,11,0.727272727272727,0.772727272727273,0.305256970734197,0.235969951862135,0.0393939393939394,0.0697298697805691,TRUE,TRUE,0.0393939393939394,0.0454545454545454,0.0692870188720619,TRUE,TRUE,0.0454545454545454,0.147727272727273,0.228099151009869
10,10,"Bulgarian National","bulgaria.bulgaria.t1q8_7","10:5316::bulgaria.bulgaria.t1q8_7","5316","10:5316",0.583333333333333,0.484375,0.243975018237133,0.309148696692492,15,16,15,0.583333333333333,0.466666666666667,0.243975018237133,0.311486451589486,-0.0989583333333334,-0.0651736784553591,FALSE,FALSE,-0.0677083333333334,-0.116666666666667,-0.0675114333523532,FALSE,FALSE,-0.05,-0.169642857142857,-0.254559840241386
10,10,"Bulgarian National","bulgaria.bulgaria.t1q8_7","10:5317::bulgaria.bulgaria.t1q8_7","5317","10:5317",0.766666666666667,0.535714285714286,0.240287526180814,0.351605423203872,15,14,13,0.75,0.557692307692308,0.25,0.355812540676357,-0.230952380952381,-0.111317897023058,FALSE,FALSE,-0.230952380952381,-0.192307692307692,-0.105812540676357,FALSE,FALSE,-0.192307692307692,-0.301242236024845,-0.428619755478353
10,10,"Bulgarian National","bulgaria.bulgaria.t1q8_1","10:5301::bulgaria.bulgaria.t1q8_1","5301","10:5301",0.897058823529412,0.95,0.217565068022257,0.103509833901353,17,15,15,0.883333333333333,0.95,0.228868854108532,0.103509833901353,0.0529411764705882,0.114055234120904,TRUE,TRUE,0.0529411764705882,0.0666666666666667,0.125359020207179,TRUE,TRUE,0.0666666666666667,0.514285714285714,0.524235049117518
10,10,"Bulgarian National","bulgaria.bulgaria.t1q8_1","10:5302::bulgaria.bulgaria.t1q8_1","5302","10:5302",0.96875,0.86764705882353,0.0853912563829966,0.251831526316819,16,17,16,0.96875,0.875,0.0853912563829966,0.258198889747161,-0.101102941176471,-0.166440269933823,FALSE,FALSE,-0.101102941176471,-0.09375,-0.172807633364164,FALSE,FALSE,-0.09375,-0.104364326375712,-0.401439363004781
10,10,"Bulgarian National","bulgaria.bulgaria.t1q8_1","10:5303::bulgaria.bulgaria.t1q8_1","5303","10:5303",0.875,0.884615384615385,0.162610908896998,0.165056322943381,14,13,13,0.865384615384615,0.884615384615385,0.165056322943381,0.165056322943381,0.00961538461538458,-0.00244541404638346,TRUE,FALSE,0.00961538461538458,0.0192307692307692,0,TRUE,FALSE,0.0192307692307692,0.0769230769230766,-0.00724805309617107
10,10,"Bulgarian National","bulgaria.bulgaria.t1q8_1","10:5304::bulgaria.bulgaria.t1q8_1","5304","10:5304",0.9,0.875,0.158113883008419,0.204124145231932,15,16,15,0.9,0.883333333333333,0.158113883008419,0.208452346958198,-0.025,-0.0460102622235125,FALSE,FALSE,-0.025,-0.0166666666666667,-0.050338463949779,FALSE,FALSE,-0.0166666666666667,-0.0277777777777778,-0.134577743689562
10,10,"Bulgarian National","bulgaria.bulgaria.t1q8_1","10:5305::bulgaria.bulgaria.t1q8_1","5305","10:5305",0.890625,0.910714285714286,0.257694101601104,0.124311289524712,16,14,14,0.875,0.910714285714286,0.272982107049584,0.124311289524712,0.0200892857142857,0.133382812076392,TRUE,TRUE,0.0200892857142857,0.0357142857142857,0.148670817524873,TRUE,TRUE,0.0357142857142857,0.183673469387755,0.517601339136824
10,10,"Bulgarian National","bulgaria.bulgaria.t1q8_1","10:5306::bulgaria.bulgaria.t1q8_1","5306","10:5306",0.911764705882353,0.911764705882353,0.175472052408555,0.196476311998344,17,17,17,0.911764705882353,0.911764705882353,0.175472052408555,0.196476311998344,0,-0.0210042595897891,FALSE,FALSE,0,0,-0.0210042595897891,FALSE,FALSE,0,0,-0.0647224984648526
10,10,"Bulgarian National","bulgaria.bulgaria.t1q8_1","10:5307::bulgaria.bulgaria.t1q8_1","5307","10:5307",1,0.916666666666667,0,0.261634059236142,14,15,14,1,0.910714285714286,0,0.270454440517445,-0.0833333333333334,-0.261634059236142,FALSE,FALSE,-0.0833333333333334,-0.0892857142857143,-0.270454440517445,FALSE,FALSE,-0.0892857142857143,-0.0833333333333334,-0.523268118472284
10,10,"Bulgarian National","bulgaria.bulgaria.t1q8_1","10:5308::bulgaria.bulgaria.t1q8_1","5308","10:5308",0.926470588235294,0.941176470588235,0.246296091535945,0.188111747139206,17,17,17,0.926470588235294,0.941176470588235,0.246296091535945,0.188111747139206,0.0147058823529411,0.0581843443967381,TRUE,TRUE,0.0147058823529411,0.0147058823529411,0.0581843443967381,TRUE,TRUE,0.0147058823529411,0.199999999999999,0.236237384174026
10,10,"Bulgarian National","bulgaria.bulgaria.t1q8_1","10:5309::bulgaria.bulgaria.t1q8_1","5309","10:5309",0.921875,0.88235294117647,0.119678388469542,0.156066068211699,16,17,16,0.921875,0.890625,0.119678388469542,0.157288217401474,-0.0395220588235294,-0.0363876797421571,FALSE,FALSE,-0.0395220588235294,-0.03125,-0.0376098289319317,FALSE,FALSE,-0.03125,-0.0428713858424726,-0.0956760768753818
10,10,"Bulgarian National","bulgaria.bulgaria.t1q8_1","10:5310::bulgaria.bulgaria.t1q8_1","5310","10:5310",0.823529411764706,0.875,0.27620058780872,0.223606797749979,17,16,16,0.828125,0.875,0.28458668860882,0.223606797749979,0.0514705882352942,0.0525937900587408,TRUE,TRUE,0.0514705882352942,0.046875,0.0609798908588408,TRUE,TRUE,0.046875,0.291666666666667,0.190418820162556
10,10,"Bulgarian National","bulgaria.bulgaria.t1q8_1","10:5311::bulgaria.bulgaria.t1q8_1","5311","10:5311",0.897058823529412,0.984375,0.234834109156931,0.0625,17,16,16,0.890625,0.984375,0.240983229015354,0.0625,0.0873161764705882,0.172334109156931,TRUE,TRUE,0.0873161764705882,0.09375,0.178483229015354,TRUE,TRUE,0.09375,0.848214285714286,0.733854676288811
10,10,"Bulgarian National","bulgaria.bulgaria.t1q8_1","10:5312::bulgaria.bulgaria.t1q8_1","5312","10:5312",0.916666666666667,0.85,0.121987509118567,0.351018925008732,15,15,15,0.916666666666667,0.85,0.121987509118567,0.351018925008732,-0.0666666666666667,-0.229031415890165,FALSE,FALSE,-0.0666666666666667,-0.0666666666666667,-0.229031415890165,FALSE,FALSE,-0.0666666666666667,-0.0727272727272727,-0.60588319543653
10,10,"Bulgarian National","bulgaria.bulgaria.t1q8_1","10:5313::bulgaria.bulgaria.t1q8_1","5313","10:5313",0.875,0.888888888888889,0.214373231428136,0.260404411476342,18,18,18,0.875,0.888888888888889,0.214373231428136,0.260404411476342,0.0138888888888888,-0.0460311800482057,TRUE,FALSE,0.0138888888888888,0.0138888888888888,-0.0460311800482057,TRUE,FALSE,0.0138888888888888,0.111111111111111,-0.161158494626964
10,10,"Bulgarian National","bulgaria.bulgaria.t1q8_1","10:5314::bulgaria.bulgaria.t1q8_1","5314","10:5314",0.921875,0.921875,0.150519932234904,0.150519932234904,16,16,16,0.921875,0.921875,0.150519932234904,0.150519932234904,0,0,FALSE,FALSE,0,0,0,FALSE,FALSE,0,0,0
10,10,"Bulgarian National","bulgaria.bulgaria.t1q8_1","10:5315::bulgaria.bulgaria.t1q8_1","5315","10:5315",0.966666666666667,0.964285714285714,0.0879664438186246,0.0907841299003204,15,14,14,0.982142857142857,0.964285714285714,0.0668153104781061,0.0907841299003204,-0.00238095238095237,-0.00281768608169579,FALSE,FALSE,-0.00238095238095237,-0.0178571428571428,-0.0239688194222143,FALSE,FALSE,-0.0178571428571428,-0.00246305418719211,-0.00683848691307913
10,10,"Bulgarian National","bulgaria.bulgaria.t1q8_1","10:5316::bulgaria.bulgaria.t1q8_1","5316","10:5316",0.890625,0.866666666666667,0.223023728184544,0.281365716935569,16,15,15,0.883333333333333,0.866666666666667,0.228868854108532,0.281365716935569,-0.0239583333333333,-0.0583419887510249,FALSE,FALSE,-0.0239583333333333,-0.0166666666666666,-0.0524968628270371,FALSE,FALSE,-0.0166666666666666,-0.0269005847953216,-0.21063894162709
10,10,"Bulgarian National","bulgaria.bulgaria.t1q8_1","10:5317::bulgaria.bulgaria.t1q8_1","5317","10:5317",0.984375,0.9375,0.0625,0.111803398874989,16,16,16,0.984375,0.9375,0.0625,0.111803398874989,-0.046875,-0.0493033988749895,FALSE,FALSE,-0.046875,-0.046875,-0.0493033988749895,FALSE,FALSE,-0.046875,-0.0476190476190476,-0.112693483142833
10,10,"Bulgarian National","bulgaria.bulgaria.t1q8_8","10:5301::bulgaria.bulgaria.t1q8_8","5301","10:5301",0.633333333333333,0.640625,0.296808419852332,0.341183601598905,15,16,14,0.625,0.625,0.306186217847897,0.350137335692945,0.0072916666666667,-0.0443751817465728,TRUE,FALSE,0.0072916666666667,0,-0.0439511178450475,FALSE,FALSE,0,0.0198863636363637,-0.218390849238553
10,10,"Bulgarian National","bulgaria.bulgaria.t1q8_8","10:5302::bulgaria.bulgaria.t1q8_8","5302","10:5302",0.807692307692308,0.769230769230769,0.181252763020496,0.160128153805087,13,13,11,0.795454545454545,0.727272727272727,0.187689298382387,0.134839972492648,-0.0384615384615384,0.0211246092154089,FALSE,TRUE,-0.0384615384615384,-0.0681818181818181,0.0528493258897386,FALSE,TRUE,-0.0681818181818181,-0.0476190476190476,0.116547791401227
10,10,"Bulgarian National","bulgaria.bulgaria.t1q8_8","10:5303::bulgaria.bulgaria.t1q8_8","5303","10:5303",0.681818181818182,0.772727272727273,0.372339043932225,0.305256970734197,11,11,9,0.694444444444444,0.75,0.410369075074838,0.330718913883074,0.0909090909090909,0.0670820731980287,TRUE,TRUE,0.0909090909090909,0.0555555555555556,0.0796501611917638,TRUE,TRUE,0.0555555555555556,0.285714285714286,0.180163950816394
10,10,"Bulgarian National","bulgaria.bulgaria.t1q8_8","10:5304::bulgaria.bulgaria.t1q8_8","5304","10:5304",0.65,0.625,0.310529501704059,0.328564370336385,15,12,12,0.729166666666667,0.625,0.270906167362708,0.328564370336385,-0.025,-0.0180348686323261,FALSE,FALSE,-0.025,-0.104166666666667,-0.0576582029736776,FALSE,FALSE,-0.104166666666667,-0.0384615384615385,-0.0951856293962808
10,10,"Bulgarian National","bulgaria.bulgaria.t1q8_8","10:5305::bulgaria.bulgaria.t1q8_8","5305","10:5305",0.596153846153846,0.704545454545455,0.240192230707631,0.245412454303511,13,11,10,0.55,0.675,0.258198889747161,0.237170824512628,0.108391608391608,-0.00522022359588001,TRUE,FALSE,0.108391608391608,0.125,0.0210280652345327,TRUE,TRUE,0.125,0.268398268398269,-0.0200926385307806
10,10,"Bulgarian National","bulgaria.bulgaria.t1q8_8","10:5306::bulgaria.bulgaria.t1q8_8","5306","10:5306",0.9375,0.816666666666667,0.144337567297406,0.199702159179495,16,15,14,0.928571428571429,0.839285714285714,0.152812461375532,0.186236585917123,-0.120833333333333,-0.0553645918820886,FALSE,FALSE,-0.120833333333333,-0.0892857142857143,-0.0334241245415914,FALSE,FALSE,-0.0892857142857143,-0.128888888888889,-0.155666122680954
10,10,"Bulgarian National","bulgaria.bulgaria.t1q8_8","10:5307::bulgaria.bulgaria.t1q8_8","5307","10:5307",0.857142857142857,0.875,0.28946711176092,0.23513498578149,14,14,13,0.846153846153846,0.923076923076923,0.298231969601362,0.157606292989029,0.0178571428571429,0.0543321259794297,TRUE,TRUE,0.0178571428571429,0.076923076923077,0.140625676612333,TRUE,TRUE,0.076923076923077,0.125,0.187697060467112
10,10,"Bulgarian National","bulgaria.bulgaria.t1q8_8","10:5308::bulgaria.bulgaria.t1q8_8","5308","10:5308",0.785714285714286,0.833333333333333,0.216109455376892,0.243975018237133,14,15,12,0.791666666666667,0.8125,0.20871177748418,0.263822426505543,0.0476190476190477,-0.0278655628602417,TRUE,FALSE,0.0476190476190477,0.0208333333333334,-0.0551106490213627,TRUE,FALSE,0.0208333333333334,0.222222222222222,-0.0981560090253655
10,10,"Bulgarian National","bulgaria.bulgaria.t1q8_8","10:5309::bulgaria.bulgaria.t1q8_8","5309","10:5309",0.8,0.785714285714286,0.193649167310371,0.274862603039138,15,14,13,0.826923076923077,0.846153846153846,0.187766904049703,0.162610908896998,-0.0142857142857143,-0.0812134357287667,FALSE,FALSE,-0.0142857142857143,0.0192307692307693,0.0251559951527049,TRUE,TRUE,0.0192307692307693,-0.0178571428571429,-0.265099445024345
10,10,"Bulgarian National","bulgaria.bulgaria.t1q8_8","10:5310::bulgaria.bulgaria.t1q8_8","5310","10:5310",0.875,0.733333333333333,0.189888631328187,0.29072978781647,14,15,12,0.916666666666667,0.75,0.162834736819732,0.301511344577764,-0.141666666666667,-0.100841156488282,FALSE,FALSE,-0.141666666666667,-0.166666666666667,-0.138676607758031,FALSE,FALSE,-0.166666666666667,-0.161904761904762,-0.325177232038214
10,10,"Bulgarian National","bulgaria.bulgaria.t1q8_8","10:5311::bulgaria.bulgaria.t1q8_8","5311","10:5311",0.828125,0.866666666666667,0.176038584785647,0.185805838239302,16,15,14,0.821428571428571,0.875,0.181568259800641,0.189888631328187,0.0385416666666667,-0.00976725345365492,TRUE,FALSE,0.0385416666666667,0.0535714285714286,-0.00832037152754672,TRUE,FALSE,0.0535714285714286,0.224242424242424,-0.0301494344540762
10,10,"Bulgarian National","bulgaria.bulgaria.t1q8_8","10:5312::bulgaria.bulgaria.t1q8_8","5312","10:5312",0.892857142857143,0.678571428571429,0.161551543164716,0.359333938170164,14,14,13,0.884615384615385,0.653846153846154,0.165056322943381,0.361398636354614,-0.214285714285714,-0.197782395005448,FALSE,FALSE,-0.214285714285714,-0.230769230769231,-0.196342313411233,FALSE,FALSE,-0.230769230769231,-0.24,-0.584379662577999
10,10,"Bulgarian National","bulgaria.bulgaria.t1q8_8","10:5313::bulgaria.bulgaria.t1q8_8","5313","10:5313",0.703125,0.71875,0.319097033309097,0.286865241300975,16,16,15,0.683333333333333,0.7,0.319970236711092,0.286605752110555,0.015625,0.0322317920081215,TRUE,TRUE,0.015625,0.0166666666666666,0.0333644846005368,TRUE,TRUE,0.0166666666666666,0.0526315789473684,0.101009375342264
10,10,"Bulgarian National","bulgaria.bulgaria.t1q8_8","10:5314::bulgaria.bulgaria.t1q8_8","5314","10:5314",0.826923076923077,0.716666666666667,0.236832733357835,0.228868854108532,13,15,13,0.826923076923077,0.75,0.236832733357835,0.228217732293819,-0.11025641025641,0.00796387924930375,FALSE,TRUE,-0.11025641025641,-0.0769230769230769,0.00861500106401625,FALSE,TRUE,-0.0769230769230769,-0.133333333333333,0.0336265985549851
10,10,"Bulgarian National","bulgaria.bulgaria.t1q8_8","10:5315::bulgaria.bulgaria.t1q8_8","5315","10:5315",0.8,0.85,0.316227766016838,0.2275647474582,15,15,15,0.8,0.85,0.316227766016838,0.2275647474582,0.0499999999999999,0.0886630185586381,TRUE,TRUE,0.0499999999999999,0.0499999999999999,0.0886630185586381,TRUE,TRUE,0.0499999999999999,0.25,0.280377082871076
10,10,"Bulgarian National","bulgaria.bulgaria.t1q8_8","10:5316::bulgaria.bulgaria.t1q8_8","5316","10:5316",0.653846153846154,0.671875,0.375533808099405,0.298869397340488,13,16,12,0.6875,0.604166666666667,0.371192794796843,0.310028102343036,0.0180288461538461,0.0766644107589171,TRUE,TRUE,0.0180288461538461,-0.0833333333333334,0.0611646924538062,FALSE,TRUE,-0.0833333333333334,0.0520833333333333,0.204147826654861
10,10,"Bulgarian National","bulgaria.bulgaria.t1q8_8","10:5317::bulgaria.bulgaria.t1q8_8","5317","10:5317",0.703125,0.8125,0.344223159205381,0.193649167310371,16,16,16,0.703125,0.8125,0.344223159205381,0.193649167310371,0.109375,0.150573991895011,TRUE,TRUE,0.109375,0.109375,0.150573991895011,TRUE,TRUE,0.109375,0.368421052631579,0.437431322873805
10,10,"Bulgarian National","bulgaria.bulgaria.t1q8_11","10:5301::bulgaria.bulgaria.t1q8_11","5301","10:5301",0.625,0.903846153846154,0.365148371670111,0.280224269158902,16,13,12,0.604166666666667,0.895833333333333,0.391069822487757,0.291125038220329,0.278846153846154,0.0849241025112082,TRUE,TRUE,0.278846153846154,0.291666666666667,0.0999447842674286,TRUE,TRUE,0.291666666666667,0.743589743589744,0.232574233106349
10,10,"Bulgarian National","bulgaria.bulgaria.t1q8_11","10:5302::bulgaria.bulgaria.t1q8_11","5302","10:5302",0.75,0.714285714285714,0.25,0.307863963107441,15,14,13,0.75,0.692307692307692,0.25,0.308792104987424,-0.0357142857142857,-0.057863963107441,FALSE,FALSE,-0.0357142857142857,-0.0576923076923077,-0.0587921049874237,FALSE,FALSE,-0.0576923076923077,-0.0476190476190476,-0.231455852429764
10,10,"Bulgarian National","bulgaria.bulgaria.t1q8_11","10:5303::bulgaria.bulgaria.t1q8_11","5303","10:5303",0.839285714285714,0.75,0.232195682916016,0.301511344577764,14,12,12,0.8125,0.75,0.241326824790856,0.301511344577764,-0.0892857142857143,-0.0693156616617474,FALSE,FALSE,-0.0892857142857143,-0.0625,-0.060184519786908,FALSE,FALSE,-0.0625,-0.106382978723404,-0.258829515582491
10,10,"Bulgarian National","bulgaria.bulgaria.t1q8_11","10:5304::bulgaria.bulgaria.t1q8_11","5304","10:5304",0.8,0.541666666666667,0.286605752110555,0.334278961710761,15,12,12,0.854166666666667,0.541666666666667,0.249051229973905,0.334278961710761,-0.258333333333333,-0.0476732096002053,FALSE,FALSE,-0.258333333333333,-0.3125,-0.0852277317368553,FALSE,FALSE,-0.3125,-0.322916666666667,-0.223404379788643
10,10,"Bulgarian National","bulgaria.bulgaria.t1q8_11","10:5305::bulgaria.bulgaria.t1q8_11","5305","10:5305",0.65,0.714285714285714,0.310529501704059,0.390477307244003,15,14,12,0.645833333333333,0.666666666666667,0.327843042637877,0.403582442480824,0.0642857142857143,-0.0799478055399436,TRUE,FALSE,0.0642857142857143,0.0208333333333333,-0.0757393998429476,TRUE,FALSE,0.0208333333333333,0.183673469387755,-0.421953846424525
10,10,"Bulgarian National","bulgaria.bulgaria.t1q8_11","10:5306::bulgaria.bulgaria.t1q8_11","5306","10:5306",0.691176470588235,0.40625,0.272852578165875,0.301039864469807,17,16,16,0.71875,0.40625,0.25617376914899,0.301039864469807,-0.284926470588235,-0.0281872863039327,FALSE,FALSE,-0.0974264705882353,-0.3125,-0.0448660953208174,FALSE,FALSE,-0.125,-0.412234042553191,-0.124092477371443
10,10,"Bulgarian National","bulgaria.bulgaria.t1q8_11","10:5307::bulgaria.bulgaria.t1q8_11","5307","10:5307",0.857142857142857,0.589285714285714,0.320970369383185,0.38738699167458,14,14,13,0.846153846153846,0.557692307692308,0.331324072511553,0.383973823894152,-0.267857142857143,-0.0664166222913956,FALSE,FALSE,-0.267857142857143,-0.288461538461538,-0.052649751382599,FALSE,FALSE,-0.288461538461538,-0.3125,-0.370981172572209
10,10,"Bulgarian National","bulgaria.bulgaria.t1q8_11","10:5308::bulgaria.bulgaria.t1q8_11","5308","10:5308",0.767857142857143,0.823529411764706,0.332014331744153,0.246296091535945,14,17,14,0.767857142857143,0.803571428571429,0.332014331744153,0.262725570271957,0.0556722689075629,0.0857182402082085,TRUE,TRUE,0.0556722689075629,0.0357142857142857,0.0692887614721955,TRUE,TRUE,0.0357142857142857,0.239819004524887,0.258176325575795
10,10,"Bulgarian National","bulgaria.bulgaria.t1q8_11","10:5309::bulgaria.bulgaria.t1q8_11","5309","10:5309",0.875,0.65,0.223606797749979,0.263899331455874,16,15,14,0.857142857142857,0.660714285714286,0.234403615469248,0.270454440517445,-0.225,-0.0402925337058948,FALSE,FALSE,-0.225,-0.196428571428571,-0.0360508250481977,FALSE,FALSE,-0.196428571428571,-0.257142857142857,-0.145779756440778
10,10,"Bulgarian National","bulgaria.bulgaria.t1q8_11","10:5310::bulgaria.bulgaria.t1q8_11","5310","10:5310",0.678571428571429,0.671875,0.409368315313261,0.384260653723485,14,16,13,0.653846153846154,0.673076923076923,0.415061008799479,0.359174623625348,-0.0066964285714286,0.0251076615897762,FALSE,TRUE,-0.0066964285714286,0.0192307692307693,0.0558863851741309,TRUE,TRUE,0.0192307692307693,-0.00986842105263163,0.0613326939349545
10,10,"Bulgarian National","bulgaria.bulgaria.t1q8_11","10:5311::bulgaria.bulgaria.t1q8_11","5311","10:5311",0.588235294117647,0.5625,0.352902877824013,0.381881307912987,17,16,16,0.5625,0.5625,0.347610893576904,0.381881307912987,-0.0257352941176471,-0.0289784300889732,FALSE,FALSE,-0.0257352941176471,0,-0.0342704143360832,FALSE,FALSE,0,-0.04375,-0.197002019212201
10,10,"Bulgarian National","bulgaria.bulgaria.t1q8_11","10:5312::bulgaria.bulgaria.t1q8_11","5312","10:5312",0.866666666666667,0.767857142857143,0.185805838239302,0.267902926490134,15,14,14,0.857142857142857,0.767857142857143,0.188982236504614,0.267902926490134,-0.0988095238095238,-0.0820970882508321,FALSE,FALSE,-0.0988095238095238,-0.0892857142857142,-0.0789206899855201,FALSE,FALSE,-0.0892857142857142,-0.114010989010989,-0.261294123960713
10,10,"Bulgarian National","bulgaria.bulgaria.t1q8_11","10:5313::bulgaria.bulgaria.t1q8_11","5313","10:5313",0.808823529411765,0.671875,0.207842559192685,0.3125,17,16,15,0.8,0.65,0.215472901842834,0.310529501704059,-0.136948529411765,-0.104657440807315,FALSE,FALSE,-0.136948529411765,-0.15,-0.0950565998612257,FALSE,FALSE,-0.15,-0.169318181818182,-0.358222746331966
10,10,"Bulgarian National","bulgaria.bulgaria.t1q8_11","10:5314::bulgaria.bulgaria.t1q8_11","5314","10:5314",0.785714285714286,0.783333333333333,0.323103086329432,0.281365716935569,14,15,13,0.769230769230769,0.769230769230769,0.330112645886762,0.296885542997677,-0.00238095238095237,0.0417373693938631,FALSE,TRUE,-0.00238095238095237,0,0.0332271028890852,FALSE,TRUE,0,-0.00303030303030302,0.129176634825791
10,10,"Bulgarian National","bulgaria.bulgaria.t1q8_11","10:5315::bulgaria.bulgaria.t1q8_11","5315","10:5315",0.85,0.711538461538462,0.295803989154981,0.393252381934854,15,13,13,0.826923076923077,0.711538461538462,0.312660215339928,0.393252381934854,-0.138461538461538,-0.0974483927798727,FALSE,FALSE,-0.138461538461538,-0.115384615384615,-0.0805921665949253,FALSE,FALSE,-0.115384615384615,-0.16289592760181,-0.477229659759779
10,10,"Bulgarian National","bulgaria.bulgaria.t1q8_11","10:5316::bulgaria.bulgaria.t1q8_11","5316","10:5316",0.666666666666667,0.590909090909091,0.349319065502886,0.422385003177304,15,11,9,0.611111111111111,0.666666666666667,0.397474667257061,0.414578098794425,-0.0757575757575757,-0.0730659376744178,FALSE,FALSE,-0.0757575757575757,0.0555555555555555,-0.0171034315373643,TRUE,FALSE,0.0555555555555555,-0.113636363636364,-0.484904994240112
10,10,"Bulgarian National","bulgaria.bulgaria.t1q8_11","10:5317::bulgaria.bulgaria.t1q8_11","5317","10:5317",0.85,0.733333333333333,0.246402690152291,0.240287526180814,15,15,15,0.85,0.733333333333333,0.246402690152291,0.240287526180814,-0.116666666666667,0.0061151639714768,FALSE,TRUE,-0.116666666666667,-0.116666666666667,0.0061151639714768,FALSE,TRUE,-0.116666666666667,-0.137254901960784,0.0248177646424935
10,10,"Bulgarian National","bulgaria.bulgaria.t1q10_3","10:5301::bulgaria.bulgaria.t1q10_3","5301","10:5301",0.897058823529412,0.75,0.266030184045964,0.379777262656375,17,14,14,0.964285714285714,0.75,0.133630620956212,0.379777262656375,-0.147058823529412,-0.113747078610411,FALSE,FALSE,-0.147058823529412,-0.214285714285714,-0.246146641700163,FALSE,FALSE,-0.214285714285714,-0.163934426229508,-0.486161337292999
10,10,"Bulgarian National","bulgaria.bulgaria.t1q10_3","10:5302::bulgaria.bulgaria.t1q10_3","5302","10:5302",0.65625,0.616666666666667,0.39660013447636,0.37638632635454,16,15,14,0.678571428571429,0.607142857142857,0.372473171834246,0.388714421007121,-0.0395833333333333,0.0202138081218193,FALSE,TRUE,-0.0395833333333333,-0.0714285714285715,-0.0162412491728747,FALSE,FALSE,-0.0714285714285715,-0.0603174603174603,0.0509677288650143
10,10,"Bulgarian National","bulgaria.bulgaria.t1q10_3","10:5303::bulgaria.bulgaria.t1q10_3","5303","10:5303",0.788461538461538,0.625,0.336126121018241,0.470734435845636,13,12,11,0.840909090909091,0.590909090909091,0.256727659026235,0.477921636786922,-0.163461538461538,-0.134608314827395,FALSE,FALSE,-0.163461538461538,-0.25,-0.221193977760687,FALSE,FALSE,-0.25,-0.207317073170732,-0.821414100061538
10,10,"Bulgarian National","bulgaria.bulgaria.t1q10_3","10:5304::bulgaria.bulgaria.t1q10_3","5304","10:5304",0.75,0.566666666666667,0.341565025531987,0.437797517885457,16,15,15,0.733333333333333,0.566666666666667,0.346753652090494,0.437797517885457,-0.183333333333333,-0.09623249235347,FALSE,FALSE,-0.183333333333333,-0.166666666666667,-0.0910438657949628,FALSE,FALSE,-0.166666666666667,-0.244444444444444,-0.60739424913341
10,10,"Bulgarian National","bulgaria.bulgaria.t1q10_3","10:5305::bulgaria.bulgaria.t1q10_3","5305","10:5305",0.794117647058823,0.678571428571429,0.29626970026332,0.409368315313261,17,14,14,0.75,0.678571428571429,0.310086836473021,0.409368315313261,-0.115546218487395,-0.113098615049941,FALSE,FALSE,-0.115546218487395,-0.0714285714285714,-0.09928147884024,FALSE,FALSE,-0.0714285714285714,-0.145502645502645,-0.555138902736216
10,10,"Bulgarian National","bulgaria.bulgaria.t1q10_3","10:5306::bulgaria.bulgaria.t1q10_3","5306","10:5306",0.691176470588235,0.421875,0.390606617214513,0.425428705347128,17,16,16,0.6875,0.421875,0.403112887414928,0.425428705347128,-0.269301470588235,-0.0348220881326153,FALSE,FALSE,-0.113051470588235,-0.265625,-0.0223158179322003,FALSE,FALSE,-0.109375,-0.389627659574468,-0.31831987681466
10,10,"Bulgarian National","bulgaria.bulgaria.t1q10_3","10:5307::bulgaria.bulgaria.t1q10_3","5307","10:5307",0.983333333333333,0.666666666666667,0.0645497224367903,0.325669473639465,15,12,12,0.979166666666667,0.666666666666667,0.0721687836487032,0.325669473639465,-0.316666666666667,-0.261119751202674,FALSE,FALSE,-0.316666666666667,-0.3125,-0.253500689990762,FALSE,FALSE,-0.3125,-0.322033898305085,-0.599654575176544
10,10,"Bulgarian National","bulgaria.bulgaria.t1q10_3","10:5308::bulgaria.bulgaria.t1q10_3","5308","10:5308",0.71875,0.705882352941177,0.375,0.407309139713458,16,17,16,0.71875,0.75,0.375,0.37638632635454,-0.0128676470588235,-0.0323091397134584,FALSE,FALSE,-0.0128676470588235,0.03125,-0.0013863263545405,TRUE,FALSE,0.03125,-0.0179028132992327,-0.258473117707668
10,10,"Bulgarian National","bulgaria.bulgaria.t1q10_3","10:5309::bulgaria.bulgaria.t1q10_3","5309","10:5309",0.9375,0.535714285714286,0.144337567297406,0.42581531362632,16,14,13,0.923076923076923,0.5,0.157606292989029,0.420812705765087,-0.401785714285714,-0.281477746328914,FALSE,FALSE,-0.401785714285714,-0.423076923076923,-0.263206412776058,FALSE,FALSE,-0.423076923076923,-0.428571428571429,-0.791418267569143
10,10,"Bulgarian National","bulgaria.bulgaria.t1q10_3","10:5310::bulgaria.bulgaria.t1q10_3","5310","10:5310",0.794117647058823,0.705882352941177,0.387654143914544,0.387654143914544,17,17,17,0.794117647058823,0.705882352941177,0.387654143914544,0.387654143914544,-0.088235294117647,5.55111512312578e-17,FALSE,FALSE,-0.088235294117647,-0.088235294117647,5.55111512312578e-17,FALSE,FALSE,-0.088235294117647,-0.111111111111111,1.43197621133891e-16
10,10,"Bulgarian National","bulgaria.bulgaria.t1q10_3","10:5311::bulgaria.bulgaria.t1q10_3","5311","10:5311",0.720588235294118,0.485294117647059,0.329326407008216,0.399908077673151,17,17,17,0.720588235294118,0.485294117647059,0.329326407008216,0.399908077673151,-0.235294117647059,-0.0705816706649354,FALSE,FALSE,-0.205882352941176,-0.235294117647059,-0.0705816706649354,FALSE,FALSE,-0.205882352941176,-0.326530612244898,-0.413547693159147
10,10,"Bulgarian National","bulgaria.bulgaria.t1q10_3","10:5312::bulgaria.bulgaria.t1q10_3","5312","10:5312",0.783333333333333,0.732142857142857,0.364332396635401,0.359811458564462,15,14,14,0.767857142857143,0.732142857142857,0.372933868574135,0.359811458564462,-0.0511904761904762,0.0045209380709389,FALSE,TRUE,-0.0511904761904762,-0.0357142857142858,0.013122410009673,FALSE,TRUE,-0.0357142857142858,-0.0653495440729484,0.0124088280720837
10,10,"Bulgarian National","bulgaria.bulgaria.t1q10_3","10:5313::bulgaria.bulgaria.t1q10_3","5313","10:5313",0.625,0.485294117647059,0.428174419288838,0.446081798091152,16,17,15,0.633333333333333,0.466666666666667,0.441857550844268,0.451848057057532,-0.139705882352941,-0.0179073788023144,FALSE,FALSE,-0.110294117647059,-0.166666666666667,-0.00999050621326358,FALSE,FALSE,-0.1,-0.223529411764706,-0.24931756381235
10,10,"Bulgarian National","bulgaria.bulgaria.t1q10_3","10:5314::bulgaria.bulgaria.t1q10_3","5314","10:5314",0.78125,0.796875,0.340036762718386,0.277169472826043,16,16,16,0.78125,0.796875,0.340036762718386,0.277169472826043,0.015625,0.0628672898923429,TRUE,TRUE,0.015625,0.015625,0.0628672898923429,TRUE,TRUE,0.015625,0.0714285714285714,0.184883803121043
10,10,"Bulgarian National","bulgaria.bulgaria.t1q10_3","10:5315::bulgaria.bulgaria.t1q10_3","5315","10:5315",0.666666666666667,0.607142857142857,0.429562346492112,0.456936766731688,15,14,14,0.642857142857143,0.607142857142857,0.435385391992473,0.456936766731688,-0.0595238095238095,-0.0273744202395754,FALSE,FALSE,-0.0595238095238095,-0.0357142857142858,-0.0215513747392145,FALSE,FALSE,-0.0357142857142858,-0.0892857142857143,-0.38863333567053
10,10,"Bulgarian National","bulgaria.bulgaria.t1q10_3","10:5316::bulgaria.bulgaria.t1q10_3","5316","10:5316",0.764705882352941,0.455882352941177,0.369444137303917,0.48601773146061,17,17,17,0.764705882352941,0.455882352941177,0.369444137303917,0.48601773146061,-0.308823529411765,-0.116573594156693,FALSE,FALSE,-0.220588235294118,-0.308823529411765,-0.116573594156693,FALSE,FALSE,-0.220588235294118,-0.403846153846154,-0.892902024844807
10,10,"Bulgarian National","bulgaria.bulgaria.t1q10_3","10:5317::bulgaria.bulgaria.t1q10_3","5317","10:5317",0.916666666666667,0.625,0.154303349962092,0.387298334620742,15,16,15,0.916666666666667,0.633333333333333,0.154303349962092,0.39940431835899,-0.291666666666667,-0.23299498465865,FALSE,FALSE,-0.291666666666667,-0.283333333333333,-0.245100968396898,FALSE,FALSE,-0.283333333333333,-0.318181818181818,-0.673986816571987
10,10,"Bulgarian National","bulgaria.bulgaria.t1q16","10:5301::bulgaria.bulgaria.t1q16","5301","10:5301",0.514705882352941,0.34375,0.437237316097603,0.38595120589698,17,16,16,0.5,0.34375,0.447213595499958,0.38595120589698,-0.170955882352941,0.0512861102006227,FALSE,TRUE,0.141544117647059,NA,0.0612623896029776,NA,TRUE,0.15625,-0.332142857142857,0.117295821542309
10,10,"Bulgarian National","bulgaria.bulgaria.t1q16","10:5302::bulgaria.bulgaria.t1q16","5302","10:5302",0.633333333333333,0.578125,0.338940927568437,0.361924831053816,15,16,15,0.633333333333333,0.566666666666667,0.338940927568437,0.371611676478603,-0.0552083333333333,-0.0229839034853793,FALSE,FALSE,-0.0552083333333333,-0.0666666666666667,-0.0326707489101664,FALSE,FALSE,-0.0666666666666667,-0.0871710526315789,-0.142704804755072
10,10,"Bulgarian National","bulgaria.bulgaria.t1q16","10:5303::bulgaria.bulgaria.t1q16","5303","10:5303",0.5,0.307692307692308,0.480384461415261,0.325221817793995,14,13,13,0.538461538461538,0.307692307692308,0.477036793721514,0.325221817793995,NA,0.155162643621266,NA,TRUE,0.192307692307692,-0.230769230769231,0.151814975927519,FALSE,TRUE,0.153846153846154,NA,0.32299679961367
10,10,"Bulgarian National","bulgaria.bulgaria.t1q16","10:5304::bulgaria.bulgaria.t1q16","5304","10:5304",0.483333333333333,0.634615384615385,0.437797517885457,0.332531085880588,15,13,12,0.541666666666667,0.604166666666667,0.437364697692759,0.327843042637877,-0.151282051282051,0.105266432004869,FALSE,TRUE,0.117948717948718,0.0625,0.109521655054883,TRUE,TRUE,0.0625,-0.292803970223325,0.24044547468725
10,10,"Bulgarian National","bulgaria.bulgaria.t1q16","10:5305::bulgaria.bulgaria.t1q16","5305","10:5305",0.46875,0.426470588235294,0.375,0.339631071467088,16,17,16,0.46875,0.4375,0.375,0.347610893576904,0.0422794117647059,0.0353689285329119,TRUE,TRUE,0.0422794117647059,0.03125,0.0273891064230965,TRUE,TRUE,0.03125,0.0901960784313726,0.0943171427544317
10,10,"Bulgarian National","bulgaria.bulgaria.t1q16","10:5306::bulgaria.bulgaria.t1q16","5306","10:5306",0.676470588235294,0.53125,0.430884862470106,0.426956281914983,17,16,16,0.65625,0.53125,0.436606229914325,0.426956281914983,-0.145220588235294,0.00392858055512296,FALSE,TRUE,-0.145220588235294,-0.125,0.00964994799934127,FALSE,TRUE,-0.125,-0.214673913043478,0.0091174717361892
10,10,"Bulgarian National","bulgaria.bulgaria.t1q16","10:5307::bulgaria.bulgaria.t1q16","5307","10:5307",0.696428571428571,0.607142857142857,0.34220118110791,0.424199310401437,14,14,13,0.75,0.596153846153846,0.288675134594813,0.439441662065597,-0.0892857142857143,-0.0819981292935277,FALSE,FALSE,-0.0892857142857143,-0.153846153846154,-0.150766527470784,FALSE,FALSE,-0.153846153846154,-0.128205128205128,-0.519637154886448
10,10,"Bulgarian National","bulgaria.bulgaria.t1q16","10:5308::bulgaria.bulgaria.t1q16","5308","10:5308",0.483333333333333,0.573529411764706,0.371611676478603,0.35094410481711,15,17,15,0.483333333333333,0.55,0.371611676478603,0.368394198806504,-0.0901960784313725,0.0206675716614938,FALSE,TRUE,0.0568627450980392,-0.0666666666666667,0.00321747767209968,FALSE,TRUE,0.0333333333333334,-0.174573055028463,0.0556160448383645
10,10,"Bulgarian National","bulgaria.bulgaria.t1q16","10:5309::bulgaria.bulgaria.t1q16","5309","10:5309",0.45,0.484375,0.424684757034136,0.39230887066188,15,16,14,0.410714285714286,0.5,0.411460144545557,0.392232270276368,-0.034375,0.0323758863722553,FALSE,TRUE,-0.034375,-0.0892857142857143,0.0192278742691888,FALSE,TRUE,-0.0892857142857143,-0.0625,0.0762351034173166
10,10,"Bulgarian National","bulgaria.bulgaria.t1q16","10:5310::bulgaria.bulgaria.t1q16","5310","10:5310",0.671875,0.767857142857143,0.350223143153047,0.359811458564462,16,14,14,0.732142857142857,0.767857142857143,0.317203612634112,0.359811458564462,0.0959821428571429,-0.00958831541141475,TRUE,FALSE,0.0959821428571429,0.0357142857142858,-0.0426078459303501,TRUE,FALSE,0.0357142857142858,0.292517006802721,-0.0640173362778766
10,10,"Bulgarian National","bulgaria.bulgaria.t1q16","10:5311::bulgaria.bulgaria.t1q16","5311","10:5311",0.625,0.63235294117647,0.435779584370179,0.386466839000526,14,17,14,0.625,0.696428571428571,0.435779584370179,0.369232200088803,0.00735294117647056,0.0493127453696527,TRUE,TRUE,0.00735294117647056,0.0714285714285714,0.0665473842813766,TRUE,TRUE,0.0714285714285714,0.0196078431372548,0.113159833866295
10,10,"Bulgarian National","bulgaria.bulgaria.t1q16","10:5312::bulgaria.bulgaria.t1q16","5312","10:5312",0.55,0.75,0.445212629778498,0.288675134594813,15,13,13,0.576923076923077,0.75,0.449358517136459,0.288675134594813,0.2,0.156537495183685,TRUE,TRUE,0.2,0.173076923076923,0.160683382541646,TRUE,TRUE,0.173076923076923,0.444444444444444,0.351601649893817
10,10,"Bulgarian National","bulgaria.bulgaria.t1q16","10:5313::bulgaria.bulgaria.t1q16","5313","10:5313",0.5,0.514705882352941,0.405046293650491,0.40955948357746,17,17,16,0.515625,0.5,0.413004741699979,0.418330013267038,NA,-0.0045131899269682,NA,FALSE,0.0147058823529411,-0.015625,-0.00532527156705842,FALSE,FALSE,-0.015625,NA,-0.0475304240400675
10,10,"Bulgarian National","bulgaria.bulgaria.t1q16","10:5314::bulgaria.bulgaria.t1q16","5314","10:5314",0.4375,0.466666666666667,0.381881307912987,0.388066022855954,16,15,15,0.466666666666667,0.466666666666667,0.37638632635454,0.388066022855954,-0.0291666666666666,-0.00618471494296763,FALSE,FALSE,-0.0291666666666666,0,-0.0116796965014138,FALSE,FALSE,5.55111512312578e-17,-0.0518518518518518,-0.0523601712285435
10,10,"Bulgarian National","bulgaria.bulgaria.t1q16","10:5315::bulgaria.bulgaria.t1q16","5315","10:5315",0.589285714285714,0.711538461538462,0.44513548993043,0.267047004409528,14,13,12,0.625,0.770833333333333,0.445941292507922,0.16713948085538,0.122252747252747,0.178088485520902,TRUE,TRUE,0.122252747252747,0.145833333333333,0.278801811652542,TRUE,TRUE,0.145833333333333,0.297658862876254,0.400077031711705
10,10,"Bulgarian National","bulgaria.bulgaria.t1q16","10:5316::bulgaria.bulgaria.t1q16","5316","10:5316",0.416666666666667,0.583333333333333,0.397162555181245,0.429562346492112,15,15,13,0.423076923076923,0.538461538461538,0.425546405918019,0.443073473099104,-0.166666666666667,-0.0323997913108676,FALSE,FALSE,0,-0.115384615384615,-0.0175270671810849,FALSE,FALSE,-0.0384615384615385,-0.285714285714286,-0.315058307486832
10,10,"Bulgarian National","bulgaria.bulgaria.t1q16","10:5317::bulgaria.bulgaria.t1q16","5317","10:5317",0.59375,0.642857142857143,0.406970514902493,0.400891862868637,16,14,14,0.571428571428571,0.642857142857143,0.420948693070548,0.400891862868637,0.0491071428571429,0.0060786520338561,TRUE,TRUE,0.0491071428571429,0.0714285714285715,0.0200568302019112,TRUE,TRUE,0.0714285714285715,0.120879120879121,0.0149363450453223
10,10,"Bulgarian National","bulgaria.bulgaria.t1q21","10:5301::bulgaria.bulgaria.t1q21","5301","10:5301",0.6,0.666666666666667,0.50709255283711,0.492365963917331,15,12,11,0.727272727272727,0.727272727272727,0.467099366496914,0.467099366496914,0.0666666666666667,0.0147265889197791,TRUE,TRUE,0.0666666666666667,0,0,FALSE,FALSE,0,0.166666666666667,0.0290412249941079
10,10,"Bulgarian National","bulgaria.bulgaria.t1q21","10:5302::bulgaria.bulgaria.t1q21","5302","10:5302",0.571428571428571,0.615384615384615,0.513552591013095,0.506369683541833,14,13,11,0.636363636363636,0.636363636363636,0.504524979109513,0.504524979109513,0.043956043956044,0.00718290747126216,TRUE,TRUE,0.043956043956044,0,0,FALSE,FALSE,0,0.102564102564103,0.0139867028167306
10,10,"Bulgarian National","bulgaria.bulgaria.t1q21","10:5303::bulgaria.bulgaria.t1q21","5303","10:5303",0.5,0.75,0.522232967867094,0.452267016866645,12,12,11,0.454545454545455,0.727272727272727,0.522232967867094,0.467099366496914,NA,0.0699659510004481,NA,TRUE,0.25,-0.272727272727273,0.0551336013701798,FALSE,TRUE,0.181818181818182,NA,0.133974596215561
10,10,"Bulgarian National","bulgaria.bulgaria.t1q21","10:5304::bulgaria.bulgaria.t1q21","5304","10:5304",0.428571428571429,0.75,0.513552591013095,0.452267016866645,14,12,10,0.5,0.7,0.52704627669473,0.483045891539648,-0.321428571428571,0.06128557414645,FALSE,TRUE,0.178571428571429,NA,0.044000385155082,NA,TRUE,0.2,-0.5625,0.119336510454656
10,10,"Bulgarian National","bulgaria.bulgaria.t1q21","10:5305::bulgaria.bulgaria.t1q21","5305","10:5305",0.454545454545455,0.733333333333333,0.522232967867094,0.457737708217063,11,15,9,0.444444444444444,0.555555555555556,0.52704627669473,0.52704627669473,-0.278787878787879,0.0644952596500301,FALSE,TRUE,0.187878787878788,-0.111111111111111,0,FALSE,FALSE,0,-0.511111111111111,0.123499019821445
10,10,"Bulgarian National","bulgaria.bulgaria.t1q21","10:5306::bulgaria.bulgaria.t1q21","5306","10:5306",0.6,0.866666666666667,0.50709255283711,0.351865775274498,15,15,13,0.538461538461538,0.846153846153846,0.518874521662771,0.375533808099405,0.266666666666667,0.155226777562612,TRUE,TRUE,0.266666666666667,0.307692307692308,0.143340713563365,TRUE,TRUE,0.307692307692308,0.666666666666667,0.306111333511289
10,10,"Bulgarian National","bulgaria.bulgaria.t1q21","10:5307::bulgaria.bulgaria.t1q21","5307","10:5307",0.642857142857143,0.8,0.497245158098847,0.414039335605413,14,15,14,0.642857142857143,0.785714285714286,0.497245158098847,0.42581531362632,0.157142857142857,0.0832058224934343,TRUE,TRUE,0.157142857142857,0.142857142857143,0.0714298444725268,TRUE,TRUE,0.142857142857143,0.44,0.167333600213547
10,10,"Bulgarian National","bulgaria.bulgaria.t1q21","10:5308::bulgaria.bulgaria.t1q21","5308","10:5308",0.727272727272727,0.833333333333333,0.467099366496914,0.389249472080761,11,12,8,0.625,0.75,0.517549169506766,0.462910049886276,0.106060606060606,0.0778498944161523,TRUE,TRUE,0.106060606060606,0.125,0.05463911962049,TRUE,TRUE,0.125,0.388888888888889,0.166666666666667
10,10,"Bulgarian National","bulgaria.bulgaria.t1q21","10:5309::bulgaria.bulgaria.t1q21","5309","10:5309",0.692307692307692,0.9375,0.480384461415261,0.25,13,16,12,0.666666666666667,1,0.492365963917331,0,0.245192307692308,0.230384461415261,TRUE,TRUE,0.245192307692308,0.333333333333333,0.492365963917331,TRUE,TRUE,0.333333333333333,0.796875,0.479583500133467
10,10,"Bulgarian National","bulgaria.bulgaria.t1q21","10:5310::bulgaria.bulgaria.t1q21","5310","10:5310",0.533333333333333,0.666666666666667,0.516397779494322,0.487950036474267,15,15,13,0.538461538461538,0.615384615384615,0.518874521662771,0.506369683541833,0.133333333333333,0.0284477430200556,TRUE,TRUE,0.133333333333333,0.076923076923077,0.0125048381209375,TRUE,TRUE,0.076923076923077,0.285714285714286,0.0550888174769318
10,10,"Bulgarian National","bulgaria.bulgaria.t1q21","10:5311::bulgaria.bulgaria.t1q21","5311","10:5311",0.6,1,0.50709255283711,0,15,15,13,0.615384615384615,1,0.506369683541833,0,0.4,0.50709255283711,TRUE,TRUE,0.4,0.384615384615385,0.506369683541833,TRUE,TRUE,0.384615384615385,1,1
10,10,"Bulgarian National","bulgaria.bulgaria.t1q21","10:5312::bulgaria.bulgaria.t1q21","5312","10:5312",0.6,0.75,0.516397779494322,0.452267016866645,10,12,9,0.666666666666667,0.777777777777778,0.5,0.440958551844098,0.15,0.0641307626276768,TRUE,TRUE,0.15,0.111111111111111,0.0590414481559016,TRUE,TRUE,0.111111111111111,0.375,0.124188687818287
10,10,"Bulgarian National","bulgaria.bulgaria.t1q21","10:5313::bulgaria.bulgaria.t1q21","5313","10:5313",0.5625,0.75,0.51234753829798,0.447213595499958,16,16,15,0.6,0.733333333333333,0.50709255283711,0.457737708217063,0.1875,0.065133942798022,TRUE,TRUE,0.1875,0.133333333333333,0.0493548446200465,TRUE,TRUE,0.133333333333333,0.428571428571429,0.127128439056031
10,10,"Bulgarian National","bulgaria.bulgaria.t1q21","10:5314::bulgaria.bulgaria.t1q21","5314","10:5314",0.727272727272727,0.857142857142857,0.467099366496914,0.363136519601281,11,14,10,0.7,0.8,0.483045891539648,0.421637021355784,0.12987012987013,0.103962846895632,TRUE,TRUE,0.12987012987013,0.1,0.061408870183864,TRUE,TRUE,0.1,0.476190476190476,0.222571157985758
10,10,"Bulgarian National","bulgaria.bulgaria.t1q21","10:5315::bulgaria.bulgaria.t1q21","5315","10:5315",0.727272727272727,0.928571428571429,0.467099366496914,0.267261241912424,11,14,11,0.727272727272727,0.909090909090909,0.467099366496914,0.301511344577764,0.201298701298701,0.199838124584489,TRUE,TRUE,0.201298701298701,0.181818181818182,0.16558802191915,TRUE,TRUE,0.181818181818182,0.738095238095238,0.427827864728671
10,10,"Bulgarian National","bulgaria.bulgaria.t1q21","10:5316::bulgaria.bulgaria.t1q21","5316","10:5316",0.769230769230769,0.705882352941177,0.438529009653515,0.469668218313862,13,17,13,0.769230769230769,0.692307692307692,0.438529009653515,0.480384461415261,-0.0633484162895928,-0.0311392086603475,FALSE,FALSE,-0.0633484162895928,-0.076923076923077,-0.0418554517617468,FALSE,FALSE,-0.076923076923077,-0.0823529411764706,-0.506567544866761
10,10,"Bulgarian National","bulgaria.bulgaria.t1q21","10:5317::bulgaria.bulgaria.t1q21","5317","10:5317",0.428571428571429,0.9375,0.513552591013095,0.25,14,16,14,0.428571428571429,0.928571428571429,0.513552591013095,0.267261241912424,-0.508928571428571,0.263552591013095,FALSE,TRUE,0.366071428571429,-0.5,0.246291349100671,FALSE,TRUE,0.357142857142857,-0.890625,0.513194939768837
10,10,"Bulgarian National","bulgaria.bulgaria.t1q22","10:5301::bulgaria.bulgaria.t1q22","5301","10:5301",0.454545454545455,0.0909090909090909,0.522232967867094,0.301511344577764,11,11,8,0.5,0.125,0.534522483824849,0.353553390593274,0.363636363636364,0.22072162328933,TRUE,TRUE,0.363636363636364,NA,0.180969093231575,NA,TRUE,0.375,0.8,0.422649730810374
10,10,"Bulgarian National","bulgaria.bulgaria.t1q22","10:5302::bulgaria.bulgaria.t1q22","5302","10:5302",0.538461538461538,0.214285714285714,0.518874521662771,0.42581531362632,13,14,11,0.545454545454545,0.181818181818182,0.522232967867094,0.404519917477945,-0.324175824175824,0.0930592080364508,FALSE,TRUE,0.247252747252747,-0.363636363636364,0.117713050389148,FALSE,TRUE,0.272727272727273,-0.602040816326531,0.17934819335171
10,10,"Bulgarian National","bulgaria.bulgaria.t1q22","10:5303::bulgaria.bulgaria.t1q22","5303","10:5303",0.416666666666667,0.153846153846154,0.514928650544437,0.375533808099405,12,13,11,0.363636363636364,0.181818181818182,0.504524979109513,0.404519917477945,0.262820512820513,0.139394842445032,TRUE,TRUE,0.262820512820513,0.181818181818182,0.100005061631568,TRUE,TRUE,0.181818181818182,0.630769230769231,0.270707101455025
10,10,"Bulgarian National","bulgaria.bulgaria.t1q22","10:5304::bulgaria.bulgaria.t1q22","5304","10:5304",0.285714285714286,0,0.468807230938495,0,14,15,14,0.285714285714286,0,0.468807230938495,0,0.285714285714286,0.468807230938495,TRUE,TRUE,0.285714285714286,0.285714285714286,0.468807230938495,TRUE,TRUE,0.285714285714286,1,1
10,10,"Bulgarian National","bulgaria.bulgaria.t1q22","10:5305::bulgaria.bulgaria.t1q22","5305","10:5305",0.545454545454545,0.153846153846154,0.522232967867094,0.375533808099405,11,13,9,0.666666666666667,0.111111111111111,0.5,0.333333333333333,-0.391608391608392,0.146699159767688,FALSE,TRUE,0.300699300699301,-0.555555555555556,0.166666666666667,FALSE,TRUE,0.222222222222222,-0.717948717948718,0.280907504493325
10,10,"Bulgarian National","bulgaria.bulgaria.t1q22","10:5306::bulgaria.bulgaria.t1q22","5306","10:5306",0.533333333333333,0.142857142857143,0.516397779494322,0.363136519601281,15,14,12,0.5,0.166666666666667,0.522232967867094,0.389249472080761,-0.39047619047619,0.153261259893041,FALSE,TRUE,0.323809523809524,NA,0.132983495786332,NA,TRUE,0.333333333333333,-0.732142857142857,0.296789153592257
10,10,"Bulgarian National","bulgaria.bulgaria.t1q22","10:5307::bulgaria.bulgaria.t1q22","5307","10:5307",0.266666666666667,0.133333333333333,0.457737708217063,0.351865775274498,15,15,15,0.266666666666667,0.133333333333333,0.457737708217063,0.351865775274498,0.133333333333333,0.105871932942565,TRUE,TRUE,0.133333333333333,0.133333333333333,0.105871932942565,TRUE,TRUE,0.133333333333333,0.5,0.231293885214193
10,10,"Bulgarian National","bulgaria.bulgaria.t1q22","10:5308::bulgaria.bulgaria.t1q22","5308","10:5308",0.363636363636364,0.153846153846154,0.504524979109513,0.375533808099405,11,13,10,0.3,0.2,0.483045891539648,0.421637021355784,0.20979020979021,0.128991171010108,TRUE,TRUE,0.20979020979021,0.1,0.0614088701838639,TRUE,TRUE,0.1,0.576923076923077,0.255668552303946
10,10,"Bulgarian National","bulgaria.bulgaria.t1q22","10:5309::bulgaria.bulgaria.t1q22","5309","10:5309",0.5,0.0588235294117647,0.522232967867094,0.242535625036333,12,17,12,0.5,0.0833333333333333,0.522232967867094,0.288675134594813,NA,0.27969734283076,NA,TRUE,0.441176470588235,NA,0.233557833272281,NA,TRUE,0.416666666666667,NA,0.535579635987176
10,10,"Bulgarian National","bulgaria.bulgaria.t1q22","10:5310::bulgaria.bulgaria.t1q22","5310","10:5310",0.111111111111111,0.2,0.333333333333333,0.414039335605413,9,15,8,0.125,0.25,0.353553390593274,0.462910049886276,-0.0888888888888889,-0.0807060022720792,FALSE,FALSE,-0.0888888888888889,-0.125,-0.109356659293002,FALSE,FALSE,-0.125,-0.1,-0.484236013632475
10,10,"Bulgarian National","bulgaria.bulgaria.t1q22","10:5311::bulgaria.bulgaria.t1q22","5311","10:5311",0.384615384615385,0.235294117647059,0.506369683541833,0.437237316097603,13,17,13,0.384615384615385,0.307692307692308,0.506369683541833,0.480384461415261,0.149321266968326,0.0691323674442302,TRUE,TRUE,0.149321266968326,0.0769230769230769,0.025985222126572,TRUE,TRUE,0.0769230769230769,0.388235294117647,0.136525486598407
10,10,"Bulgarian National","bulgaria.bulgaria.t1q22","10:5312::bulgaria.bulgaria.t1q22","5312","10:5312",0.3,0,0.483045891539648,0,10,13,10,0.3,0,0.483045891539648,0,0.3,0.483045891539648,TRUE,TRUE,0.3,0.3,0.483045891539648,TRUE,TRUE,0.3,1,1
10,10,"Bulgarian National","bulgaria.bulgaria.t1q22","10:5313::bulgaria.bulgaria.t1q22","5313","10:5313",0.466666666666667,0.176470588235294,0.516397779494322,0.392952623996688,15,17,15,0.466666666666667,0.2,0.516397779494322,0.414039335605413,0.290196078431373,0.123445155497634,TRUE,TRUE,0.290196078431373,0.266666666666667,0.10235844388891,TRUE,TRUE,0.266666666666667,0.621848739495798,0.239050515706161
10,10,"Bulgarian National","bulgaria.bulgaria.t1q22","10:5314::bulgaria.bulgaria.t1q22","5314","10:5314",0.357142857142857,0.2,0.497245158098847,0.414039335605413,14,15,13,0.384615384615385,0.230769230769231,0.506369683541833,0.438529009653515,0.157142857142857,0.0832058224934343,TRUE,TRUE,0.157142857142857,0.153846153846154,0.0678406738883187,TRUE,TRUE,0.153846153846154,0.44,0.167333600213547
10,10,"Bulgarian National","bulgaria.bulgaria.t1q22","10:5315::bulgaria.bulgaria.t1q22","5315","10:5315",0.166666666666667,0.0666666666666667,0.389249472080761,0.258198889747161,12,15,12,0.166666666666667,0,0.389249472080761,0,0.1,0.1310505823336,TRUE,TRUE,0.1,0.166666666666667,0.389249472080761,TRUE,TRUE,0.166666666666667,0.6,0.33667504192892
10,10,"Bulgarian National","bulgaria.bulgaria.t1q22","10:5316::bulgaria.bulgaria.t1q22","5316","10:5316",0.777777777777778,0.125,0.440958551844098,0.341565025531987,9,16,9,0.777777777777778,0.222222222222222,0.440958551844098,0.440958551844098,-0.652777777777778,0.0993935263121118,FALSE,TRUE,0.0972222222222222,-0.555555555555556,0,FALSE,FALSE,0,-0.839285714285714,0.225403330758517
10,10,"Bulgarian National","bulgaria.bulgaria.t1q22","10:5317::bulgaria.bulgaria.t1q22","5317","10:5317",0.333333333333333,0.125,0.492365963917331,0.341565025531987,12,16,12,0.333333333333333,0.0833333333333333,0.492365963917331,0.288675134594813,0.208333333333333,0.150800938385344,TRUE,TRUE,0.208333333333333,0.25,0.203690829322518,TRUE,TRUE,0.25,0.625,0.30627815372442
10,10,"Bulgarian National","bulgaria.bulgaria.t1q23","10:5301::bulgaria.bulgaria.t1q23","5301","10:5301",0.545454545454545,0.846153846153846,0.522232967867094,0.375533808099405,11,13,9,0.444444444444444,0.777777777777778,0.52704627669473,0.440958551844098,0.300699300699301,0.146699159767688,TRUE,TRUE,0.300699300699301,-0.333333333333333,0.0860877248506315,FALSE,TRUE,0.222222222222222,0.661538461538462,0.280907504493325
10,10,"Bulgarian National","bulgaria.bulgaria.t1q23","10:5302::bulgaria.bulgaria.t1q23","5302","10:5302",0.444444444444444,0.307692307692308,0.52704627669473,0.480384461415261,9,13,8,0.375,0.125,0.517549169506766,0.353553390593274,0.136752136752137,0.0466618152794686,TRUE,TRUE,0.136752136752137,0.25,0.163995778913492,TRUE,TRUE,0.25,0.307692307692308,0.0885345696247002
10,10,"Bulgarian National","bulgaria.bulgaria.t1q23","10:5303::bulgaria.bulgaria.t1q23","5303","10:5303",0.333333333333333,0.5,0.492365963917331,0.522232967867094,12,12,10,0.3,0.5,0.483045891539648,0.52704627669473,-0.166666666666667,-0.0298670039497626,FALSE,FALSE,-0.166666666666667,-0.2,-0.044000385155082,FALSE,FALSE,-0.2,-0.25,-3.9123477576386
10,10,"Bulgarian National","bulgaria.bulgaria.t1q23","10:5304::bulgaria.bulgaria.t1q23","5304","10:5304",0.6,0.615384615384615,0.50709255283711,0.506369683541833,15,13,13,0.538461538461538,0.615384615384615,0.518874521662771,0.506369683541833,0.0153846153846154,0.000722869295276651,TRUE,TRUE,0.0153846153846154,0.076923076923077,0.0125048381209375,TRUE,TRUE,0.076923076923077,0.0384615384615386,0.00142551747453655
10,10,"Bulgarian National","bulgaria.bulgaria.t1q23","10:5305::bulgaria.bulgaria.t1q23","5305","10:5305",0.166666666666667,0.25,0.408248290463863,0.452267016866645,6,12,5,0.2,0.4,0.447213595499958,0.547722557505166,-0.0833333333333333,-0.0440187264027824,FALSE,FALSE,-0.0833333333333334,-0.2,-0.100508962005208,FALSE,FALSE,-0.2,-0.1,-0.479759196044684
10,10,"Bulgarian National","bulgaria.bulgaria.t1q23","10:5306::bulgaria.bulgaria.t1q23","5306","10:5306",0.529411764705882,0.466666666666667,0.514495755427527,0.516397779494322,17,15,15,0.533333333333333,0.466666666666667,0.516397779494322,0.516397779494322,-0.0627450980392157,-0.00190202406679563,FALSE,FALSE,0.00392156862745097,-0.0666666666666667,0,FALSE,FALSE,0,-0.118518518518519,NA
10,10,"Bulgarian National","bulgaria.bulgaria.t1q23","10:5307::bulgaria.bulgaria.t1q23","5307","10:5307",0.384615384615385,0.866666666666667,0.506369683541833,0.351865775274498,13,15,13,0.384615384615385,0.846153846153846,0.506369683541833,0.375533808099405,-0.482051282051282,0.154503908267335,FALSE,TRUE,0.251282051282051,-0.461538461538462,0.130835875442428,FALSE,TRUE,0.230769230769231,-0.783333333333333,0.305120771027697
10,10,"Bulgarian National","bulgaria.bulgaria.t1q23","10:5308::bulgaria.bulgaria.t1q23","5308","10:5308",0.461538461538462,0.636363636363636,0.518874521662771,0.504524979109513,13,11,9,0.444444444444444,0.555555555555556,0.52704627669473,0.52704627669473,-0.174825174825175,0.0143495425532578,FALSE,TRUE,0.0979020979020979,-0.111111111111111,0,FALSE,FALSE,0,-0.324675324675325,0.0276551303912046
10,10,"Bulgarian National","bulgaria.bulgaria.t1q23","10:5309::bulgaria.bulgaria.t1q23","5309","10:5309",0.454545454545455,0.375,0.522232967867094,0.5,11,16,10,0.4,0.3,0.516397779494322,0.483045891539648,0.0795454545454545,0.0222329678670935,TRUE,TRUE,0.0795454545454545,0.1,0.0333518879546743,TRUE,TRUE,0.1,0.175,0.0425728922436619
10,10,"Bulgarian National","bulgaria.bulgaria.t1q23","10:5310::bulgaria.bulgaria.t1q23","5310","10:5310",0.285714285714286,0.538461538461538,0.487950036474267,0.518874521662771,7,13,5,0.2,0.6,0.447213595499958,0.547722557505166,-0.252747252747253,-0.0309244851885042,FALSE,FALSE,-0.175824175824176,-0.4,-0.100508962005208,FALSE,FALSE,-0.2,-0.353846153846154,-2.56635508667418
10,10,"Bulgarian National","bulgaria.bulgaria.t1q23","10:5311::bulgaria.bulgaria.t1q23","5311","10:5311",0.384615384615385,0.4,0.506369683541833,0.50709255283711,13,15,11,0.363636363636364,0.272727272727273,0.504524979109513,0.467099366496914,-0.0153846153846154,-0.000722869295276651,FALSE,FALSE,-0.0153846153846154,0.0909090909090909,0.0374256126125992,TRUE,TRUE,0.0909090909090909,-0.025,NA
10,10,"Bulgarian National","bulgaria.bulgaria.t1q23","10:5312::bulgaria.bulgaria.t1q23","5312","10:5312",0.333333333333333,0.538461538461538,0.5,0.518874521662771,9,13,9,0.333333333333333,0.555555555555556,0.5,0.52704627669473,-0.205128205128205,-0.0188745216627708,FALSE,FALSE,-0.128205128205128,-0.222222222222222,-0.0270462766947299,FALSE,FALSE,-0.111111111111111,-0.307692307692308,NA
10,10,"Bulgarian National","bulgaria.bulgaria.t1q23","10:5313::bulgaria.bulgaria.t1q23","5313","10:5313",0.416666666666667,0.5,0.514928650544437,0.516397779494322,12,16,11,0.363636363636364,0.454545454545455,0.504524979109513,0.522232967867094,-0.0833333333333333,-0.00146912894988493,FALSE,FALSE,-0.0833333333333333,-0.0909090909090909,-0.0177079887575805,FALSE,FALSE,-0.0909090909090909,-0.142857142857143,NA
10,10,"Bulgarian National","bulgaria.bulgaria.t1q23","10:5314::bulgaria.bulgaria.t1q23","5314","10:5314",0.5,0.733333333333333,0.534522483824849,0.457737708217063,8,15,8,0.5,0.625,0.534522483824849,0.517549169506766,NA,0.0767847756077853,NA,TRUE,0.233333333333333,NA,0.0169733143180831,NA,TRUE,0.125,NA,0.143651161422325
10,10,"Bulgarian National","bulgaria.bulgaria.t1q23","10:5315::bulgaria.bulgaria.t1q23","5315","10:5315",0.5,0.75,0.534522483824849,0.452267016866645,8,12,8,0.5,0.75,0.534522483824849,0.462910049886276,NA,0.0822554669582033,NA,TRUE,0.25,NA,0.0716124339385731,NA,TRUE,0.25,NA,0.153885887773351
10,10,"Bulgarian National","bulgaria.bulgaria.t1q23","10:5316::bulgaria.bulgaria.t1q23","5316","10:5316",0.545454545454545,0.692307692307692,0.522232967867094,0.480384461415261,11,13,7,0.571428571428571,0.571428571428571,0.534522483824849,0.534522483824849,0.146853146853147,0.0418485064518321,TRUE,TRUE,0.146853146853147,0,0,FALSE,FALSE,0,0.323076923076923,0.0801337889922002
10,10,"Bulgarian National","bulgaria.bulgaria.t1q23","10:5317::bulgaria.bulgaria.t1q23","5317","10:5317",0.416666666666667,0.375,0.514928650544437,0.5,12,16,12,0.416666666666667,0.416666666666667,0.514928650544437,0.514928650544437,0.0416666666666667,0.0149286505444373,TRUE,TRUE,0.0416666666666667,0,0,FALSE,FALSE,0,0.1,0.0289916875447756
10,10,"Bulgarian National","bulgaria.bulgaria.t1q19","10:5301::bulgaria.bulgaria.t1q19","5301","10:5301",0.75,0.839285714285714,0.267261241912424,0.210474346535274,15,14,12,0.8125,0.875,0.241326824790856,0.199431008804366,0.0892857142857143,0.0567868953771505,TRUE,TRUE,0.0892857142857143,0.0625,0.0418958159864893,TRUE,TRUE,0.0625,0.357142857142857,0.212477106559874
10,10,"Bulgarian National","bulgaria.bulgaria.t1q19","10:5302::bulgaria.bulgaria.t1q19","5302","10:5302",0.71875,0.734375,0.340036762718386,0.322344923955691,16,16,16,0.71875,0.734375,0.340036762718386,0.322344923955691,0.015625,0.0176918387626954,TRUE,TRUE,0.015625,0.015625,0.0176918387626954,TRUE,TRUE,0.015625,0.0555555555555556,0.0520291942002386
10,10,"Bulgarian National","bulgaria.bulgaria.t1q19","10:5303::bulgaria.bulgaria.t1q19","5303","10:5303",0.711538461538462,0.788461538461538,0.285885937448433,0.285885937448433,13,13,13,0.711538461538462,0.788461538461538,0.285885937448433,0.285885937448433,0.0769230769230769,0,TRUE,FALSE,0.0769230769230769,0.0769230769230769,0,TRUE,FALSE,0.0769230769230769,0.266666666666666,0
10,10,"Bulgarian National","bulgaria.bulgaria.t1q19","10:5304::bulgaria.bulgaria.t1q19","5304","10:5304",0.683333333333333,0.65,0.29072978781647,0.295803989154981,15,15,14,0.714285714285714,0.678571428571429,0.274862603039138,0.284682201839096,-0.0333333333333333,-0.00507420133851105,FALSE,FALSE,-0.0333333333333333,-0.0357142857142857,-0.00981959879995881,FALSE,FALSE,-0.0357142857142857,-0.048780487804878,-0.0242471266482062
10,10,"Bulgarian National","bulgaria.bulgaria.t1q19","10:5305::bulgaria.bulgaria.t1q19","5305","10:5305",0.857142857142857,0.866666666666667,0.25408746439059,0.281365716935569,14,15,13,0.846153846153846,0.846153846153846,0.260976961356696,0.298231969601362,0.0095238095238096,-0.0272782525449783,TRUE,FALSE,0.0095238095238096,0,-0.037255008244666,FALSE,FALSE,0,0.0666666666666672,-0.110926645025958
10,10,"Bulgarian National","bulgaria.bulgaria.t1q19","10:5306::bulgaria.bulgaria.t1q19","5306","10:5306",0.683333333333333,0.367647058823529,0.371611676478603,0.218618658048802,15,17,15,0.683333333333333,0.366666666666667,0.371611676478603,0.228868854108532,-0.315686274509804,0.152993018429802,FALSE,TRUE,-0.0509803921568628,-0.316666666666667,0.142742822370071,FALSE,TRUE,-0.05,-0.461979913916786,0.411701321873321
10,10,"Bulgarian National","bulgaria.bulgaria.t1q19","10:5307::bulgaria.bulgaria.t1q19","5307","10:5307",0.826923076923077,0.517857142857143,0.236832733357836,0.332014331744153,13,14,12,0.833333333333333,0.541666666666667,0.246182981958665,0.350864732633619,-0.309065934065934,-0.0951815983863175,FALSE,FALSE,-0.309065934065934,-0.291666666666667,-0.104681750674953,FALSE,FALSE,-0.291666666666667,-0.37375415282392,-0.361677193371235
10,10,"Bulgarian National","bulgaria.bulgaria.t1q19","10:5308::bulgaria.bulgaria.t1q19","5308","10:5308",0.678571428571429,0.65,0.284682201839096,0.280305955290694,14,15,13,0.711538461538462,0.634615384615385,0.267047004409528,0.299572344757639,-0.0285714285714286,0.00437624654840241,FALSE,TRUE,-0.0285714285714286,-0.076923076923077,-0.0325253403481109,FALSE,FALSE,-0.076923076923077,-0.0421052631578947,0.0153723925139369
10,10,"Bulgarian National","bulgaria.bulgaria.t1q19","10:5309::bulgaria.bulgaria.t1q19","5309","10:5309",0.75,0.640625,0.270030862433661,0.302334665561196,13,16,12,0.729166666666667,0.666666666666667,0.270906167362708,0.325669473639465,-0.109375,-0.0323038031275347,FALSE,FALSE,-0.109375,-0.0625,-0.0547633062767569,FALSE,FALSE,-0.0625,-0.145833333333333,-0.140470166864091
10,10,"Bulgarian National","bulgaria.bulgaria.t1q19","10:5310::bulgaria.bulgaria.t1q19","5310","10:5310",0.711538461538462,0.455882352941176,0.285885937448433,0.333486484424958,13,17,13,0.711538461538462,0.461538461538462,0.285885937448433,0.336126121018241,-0.255656108597285,-0.047600546976525,FALSE,FALSE,-0.167420814479638,-0.25,-0.0502401835698082,FALSE,FALSE,-0.173076923076923,-0.359300476947536,-0.222313968588873
10,10,"Bulgarian National","bulgaria.bulgaria.t1q19","10:5311::bulgaria.bulgaria.t1q19","5311","10:5311",0.691176470588235,0.366666666666667,0.312867431049901,0.208452346958198,17,15,15,0.666666666666667,0.366666666666667,0.322748612183951,0.208452346958198,-0.324509803921569,0.104415084091703,FALSE,TRUE,-0.0578431372549019,-0.3,0.114296265225753,FALSE,TRUE,-0.0333333333333333,-0.469503546099291,0.333735869346686
10,10,"Bulgarian National","bulgaria.bulgaria.t1q19","10:5312::bulgaria.bulgaria.t1q19","5312","10:5312",0.767857142857143,0.4375,0.301666616072689,0.303857771752749,14,12,11,0.75,0.386363636363636,0.316227766016838,0.258931370338657,-0.330357142857143,-0.0021911556800594,FALSE,FALSE,-0.205357142857143,-0.363636363636364,0.0572963956781813,FALSE,TRUE,-0.136363636363636,-0.430232558139535,-0.0110478409467488
10,10,"Bulgarian National","bulgaria.bulgaria.t1q19","10:5313::bulgaria.bulgaria.t1q19","5313","10:5313",0.676470588235294,0.486111111111111,0.28999873224875,0.314738713088079,17,18,17,0.676470588235294,0.5,0.28999873224875,0.318688719599549,-0.190359477124183,-0.0247399808393283,FALSE,FALSE,-0.162581699346405,-0.176470588235294,-0.0286899873507988,FALSE,FALSE,-0.176470588235294,-0.281400966183575,-0.117808721367498
10,10,"Bulgarian National","bulgaria.bulgaria.t1q19","10:5314::bulgaria.bulgaria.t1q19","5314","10:5314",0.857142857142857,0.828125,0.188982236504614,0.236621181075011,14,16,14,0.857142857142857,0.839285714285714,0.188982236504614,0.232195682916016,-0.0290178571428571,-0.0476389445703978,FALSE,FALSE,-0.0290178571428571,-0.0178571428571428,-0.0432134464114027,FALSE,FALSE,-0.0178571428571428,-0.0338541666666666,-0.153171137349216
10,10,"Bulgarian National","bulgaria.bulgaria.t1q19","10:5315::bulgaria.bulgaria.t1q19","5315","10:5315",0.791666666666667,0.625,0.257464325272219,0.361499402740611,12,12,11,0.772727272727273,0.590909090909091,0.261116483933547,0.358342142245495,-0.166666666666667,-0.104035077468392,FALSE,FALSE,-0.166666666666667,-0.181818181818182,-0.0972256583119487,FALSE,FALSE,-0.181818181818182,-0.210526315789474,-0.428947525287401
10,10,"Bulgarian National","bulgaria.bulgaria.t1q19","10:5316::bulgaria.bulgaria.t1q19","5316","10:5316",0.767857142857143,0.678571428571429,0.317203612634112,0.316661846888325,14,14,11,0.727272727272727,0.727272727272727,0.343775825476164,0.32508740083525,-0.0892857142857143,0.000541765745786682,FALSE,TRUE,-0.0892857142857143,0,0.0186884246409148,FALSE,TRUE,0,-0.116279069767442,0.00170794317658544
10,10,"Bulgarian National","bulgaria.bulgaria.t1q19","10:5317::bulgaria.bulgaria.t1q19","5317","10:5317",0.660714285714286,0.625,0.33407655239053,0.258198889747161,14,16,14,0.660714285714286,0.607142857142857,0.33407655239053,0.272352389700961,-0.0357142857142857,0.0758776626433694,FALSE,TRUE,-0.0357142857142857,-0.0535714285714286,0.0617241626895694,FALSE,TRUE,-0.0535714285714286,-0.054054054054054,0.227126573536563
9,9,"Zeguo Township","chi.t1att1","9:5201::chi.t1att1","5201","9:5201",0.614583333954215,0.422916673123837,0.295138070963992,0.202473129019993,16,16,16,0.614583333954215,0.422916673123837,0.295138070963992,0.202473129019993,-0.191666660830378,0.0926649419439983,FALSE,TRUE,-0.0375000070780516,-0.191666660830378,0.0926649419439983,FALSE,TRUE,-0.0375000070780516,-0.311864396968267,0.313971496938136
9,9,"Zeguo Township","chi.t1att1","9:5202::chi.t1att1","5202","9:5202",0.624444444974264,0.59666666785876,0.295862113717638,0.286758011152253,15,15,15,0.624444444974264,0.59666666785876,0.295862113717638,0.286758011152253,-0.0277777771155041,0.00910410256538502,FALSE,TRUE,-0.0277777771155041,-0.0277777771155041,0.00910410256538502,FALSE,TRUE,-0.0277777771155041,-0.0444839846668008,0.0307714375828252
9,9,"Zeguo Township","chi.t1att1","9:5203::chi.t1att1","5203","9:5203",0.650000004097819,0.633333334699273,0.284670044434061,0.235702256742789,16,16,16,0.650000004097819,0.633333334699273,0.284670044434061,0.235702256742789,-0.0166666693985462,0.0489677876912711,FALSE,TRUE,-0.0166666693985462,-0.0166666693985462,0.0489677876912711,FALSE,TRUE,-0.0166666693985462,-0.0256410296822676,0.172015948459283
9,9,"Zeguo Township","chi.t1att1","9:5204::chi.t1att1","5204","9:5204",0.519047624298504,0.59642857419593,0.26008357540452,0.309961298795911,14,14,14,0.519047624298504,0.59642857419593,0.26008357540452,0.309961298795911,0.0773809498974254,-0.0498777233913915,TRUE,FALSE,0.0773809498974254,0.0773809498974254,-0.0498777233913915,TRUE,FALSE,0.0773809498974254,0.1608910857017,-0.207896243350115
9,9,"Zeguo Township","chi.t1att1","9:5205::chi.t1att1","5205","9:5205",0.438888891537984,0.530000003178914,0.278293174256944,0.213083929718683,15,15,15,0.438888891537984,0.530000003178914,0.278293174256944,0.213083929718683,-0.0911111116409302,0.0652092445382611,FALSE,TRUE,-0.0311111052831015,-0.0911111116409302,0.0652092445382611,FALSE,TRUE,-0.0311111052831015,-0.162376239334599,0.234318519354177
9,9,"Zeguo Township","chi.t1att1","9:5206::chi.t1att1","5206","9:5206",0.657291669398546,0.613541669677943,0.305078540890723,0.29759646342724,16,16,16,0.657291669398546,0.613541669677943,0.305078540890723,0.29759646342724,-0.0437499997206032,0.00748207746348256,FALSE,TRUE,-0.0437499997206032,-0.0437499997206032,0.00748207746348256,FALSE,TRUE,-0.0437499997206032,-0.0665610135613564,0.0245250860373119
9,9,"Zeguo Township","chi.t1att1","9:5207::chi.t1att1","5207","9:5207",0.565625002607703,0.584374998230487,0.290368138429331,0.258948634219456,16,16,16,0.565625002607703,0.584374998230487,0.290368138429331,0.258948634219456,0.0187499956227838,0.0314195042098744,TRUE,TRUE,0.0187499956227838,0.0187499956227838,0.0314195042098744,TRUE,TRUE,0.0187499956227838,0.0431654578079919,0.108205756939552
9,9,"Zeguo Township","chi.t1att1","9:5208::chi.t1att1","5208","9:5208",0.612222222487132,0.605555555224419,0.223381893807392,0.217093594074365,15,15,15,0.612222222487132,0.605555555224419,0.223381893807392,0.217093594074365,-0.00666666726271326,0.00628829973302694,FALSE,TRUE,-0.00666666726271326,-0.00666666726271326,0.00628829973302694,FALSE,TRUE,-0.00666666726271326,-0.0108892931648743,0.0281504450779208
9,9,"Zeguo Township","chi.t1att1","9:5209::chi.t1att1","5209","9:5209",0.575000000851495,0.551190479525498,0.223869427246378,0.391439611555138,14,14,14,0.575000000851495,0.551190479525498,0.223869427246378,0.391439611555138,-0.0238095213259971,-0.16757018430876,FALSE,FALSE,-0.0238095213259971,-0.0238095213259971,-0.16757018430876,FALSE,FALSE,-0.0238095213259971,-0.0414078631143279,-0.60685125387501
9,9,"Zeguo Township","chi.t1att1","9:5210::chi.t1att1","5210","9:5210",0.659090914509513,0.772727270017971,0.296025865619306,0.255959275038808,11,11,11,0.659090914509513,0.772727270017971,0.296025865619306,0.255959275038808,0.113636355508457,0.0400665905804984,TRUE,TRUE,0.113636355508457,0.113636355508457,0.0400665905804984,TRUE,TRUE,0.113636355508457,0.333333314789665,0.135348276059176
9,9,"Zeguo Township","chi.t1att1","9:5211::chi.t1att1","5211","9:5211",0.583333334502052,0.538235298850957,0.210158665074744,0.194254691841822,17,17,17,0.583333334502052,0.538235298850957,0.210158665074744,0.194254691841822,-0.0450980356510948,0.015903973232922,FALSE,TRUE,-0.0450980356510948,-0.0450980356510948,0.015903973232922,FALSE,TRUE,-0.0450980356510948,-0.0773109181041259,0.0756760290005919
9,9,"Zeguo Township","chi.t1att1","9:5212::chi.t1att1","5212","9:5212",0.587500002545615,0.787499999006589,0.285696471920953,0.231717892452691,12,12,12,0.587500002545615,0.787499999006589,0.285696471920953,0.231717892452691,0.199999996460974,0.0539785794682619,TRUE,TRUE,0.199999996460974,0.199999996460974,0.0539785794682619,TRUE,TRUE,0.199999996460974,0.48484847926112,0.188936808023296
9,9,"Zeguo Township","chi.t1att1","9:5213::chi.t1att1","5213","9:5213",0.685555557409922,0.573333333432674,0.3043902734132,0.308143442006512,15,15,15,0.685555557409922,0.573333333432674,0.3043902734132,0.308143442006512,-0.112222223977248,-0.00375316859331248,FALSE,FALSE,-0.112222223977248,-0.112222223977248,-0.00375316859331248,FALSE,FALSE,-0.112222223977248,-0.163695301955149,-0.0191870243816687
9,9,"Zeguo Township","chi.t1att1","9:5214::chi.t1att1","5214","9:5214",0.518750004470348,0.593749999068677,0.248839900822008,0.287767585831467,16,16,16,0.518750004470348,0.593749999068677,0.248839900822008,0.287767585831467,0.0749999945983291,-0.038927685009459,TRUE,FALSE,0.0749999945983291,0.0749999945983291,-0.038927685009459,TRUE,FALSE,0.0749999945983291,0.155844146067546,-0.154991517907754
9,9,"Zeguo Township","chi.t1att1","9:5215::chi.t1att1","5215","9:5215",0.564444452524185,0.621111112833023,0.152994796630283,0.174058310249484,15,15,15,0.564444452524185,0.621111112833023,0.152994796630283,0.174058310249484,0.0566666603088379,-0.0210635136192015,TRUE,FALSE,0.0566666603088379,0.0566666603088379,-0.0210635136192015,TRUE,FALSE,0.0566666603088379,0.130102028632719,-0.0607008581273617
9,9,"Zeguo Township","chi.t1att1","9:5216::chi.t1att1","5216","9:5216",0.580000001192093,0.603333334624767,0.327429192267023,0.268144053948516,10,10,10,0.580000001192093,0.603333334624767,0.327429192267023,0.268144053948516,0.0233333334326744,0.0592851383185069,TRUE,TRUE,0.0233333334326744,0.0233333334326744,0.0592851383185069,TRUE,TRUE,0.0233333334326744,0.0555555559497662,0.181062470050499
9,9,"Zeguo Township","chi.t1att2","9:5201::chi.t1att2","5201","9:5201",0.569791667163372,0.503125004470348,0.274753675289244,0.229993451677639,16,16,16,0.569791667163372,0.503125004470348,0.274753675289244,0.229993451677639,-0.0666666626930237,0.0447602236116048,FALSE,TRUE,-0.0666666626930237,-0.0666666626930237,0.0447602236116048,FALSE,TRUE,-0.0666666626930237,-0.117001821077718,0.162910372589134
9,9,"Zeguo Township","chi.t1att2","9:5202::chi.t1att2","5202","9:5202",0.586666667461395,0.540000001589457,0.254810853429619,0.274931447366329,15,15,15,0.586666667461395,0.540000001589457,0.254810853429619,0.274931447366329,-0.0466666658719381,-0.02012059393671,FALSE,FALSE,-0.0466666658719381,-0.0466666658719381,-0.02012059393671,FALSE,FALSE,-0.0466666658719381,-0.0795454530830473,-0.0820615195172775
9,9,"Zeguo Township","chi.t1att2","9:5203::chi.t1att2","5203","9:5203",0.637500003911555,0.708333343267441,0.275647383682477,0.220856909063249,16,16,16,0.637500003911555,0.708333343267441,0.275647383682477,0.220856909063249,0.0708333393558861,0.0547904746192285,TRUE,TRUE,0.0708333393558861,0.0708333393558861,0.0547904746192285,TRUE,TRUE,0.0708333393558861,0.195402317573001,0.198770160221592
9,9,"Zeguo Township","chi.t1att2","9:5204::chi.t1att2","5204","9:5204",0.52738095926387,0.492857146475996,0.183345819480313,0.291453350452167,14,14,14,0.52738095926387,0.492857146475996,0.183345819480313,0.291453350452167,-0.0345238127878735,-0.108107530971854,FALSE,FALSE,-0.020238105739866,-0.0345238127878735,-0.108107530971854,FALSE,FALSE,-0.020238105739866,-0.0654627592851714,-0.341405664673145
9,9,"Zeguo Township","chi.t1att2","9:5205::chi.t1att2","5205","9:5205",0.456666669249535,0.604444449146588,0.220910813245912,0.259690489767408,15,15,15,0.456666669249535,0.604444449146588,0.220910813245912,0.259690489767408,-0.147777779897054,-0.0387796765214952,FALSE,FALSE,0.061111118396123,-0.147777779897054,-0.0387796765214952,FALSE,FALSE,0.061111118396123,-0.271983645275249,-0.138950838520537
9,9,"Zeguo Township","chi.t1att2","9:5206::chi.t1att2","5206","9:5206",0.58645833702758,0.618750002235174,0.282791553544129,0.345761370517328,16,16,16,0.58645833702758,0.618750002235174,0.282791553544129,0.345761370517328,0.0322916652075947,-0.0629698169731989,TRUE,FALSE,0.0322916652075947,0.0322916652075947,-0.0629698169731989,TRUE,FALSE,0.0322916652075947,0.0780856394866998,-0.289905010604605
9,9,"Zeguo Township","chi.t1att2","9:5207::chi.t1att2","5207","9:5207",0.660000002384186,0.516666671261191,0.26403462832291,0.253567140205597,15,16,15,0.660000002384186,0.542222226659457,0.26403462832291,0.240193921665296,-0.143333331122994,0.0104674881173123,FALSE,TRUE,-0.143333331122994,-0.117777775724729,0.0238407066576138,FALSE,TRUE,-0.117777775724729,-0.217171713038207,0.0396443761327804
9,9,"Zeguo Township","chi.t1att2","9:5208::chi.t1att2","5208","9:5208",0.59777777493,0.678888889153798,0.233236938621887,0.243768904281146,15,15,15,0.59777777493,0.678888889153798,0.233236938621887,0.243768904281146,0.0811111142237982,-0.0105319656592587,TRUE,FALSE,0.0811111142237982,0.0811111142237982,-0.0105319656592587,TRUE,FALSE,0.0811111142237982,0.201657464874504,-0.0394805997683861
9,9,"Zeguo Township","chi.t1att2","9:5209::chi.t1att2","5209","9:5209",0.619047624724252,0.373809527073588,0.289993895186869,0.287392810352874,14,14,14,0.619047624724252,0.373809527073588,0.289993895186869,0.287392810352874,-0.245238097650664,0.00260108483399496,FALSE,TRUE,0.00714284820216049,-0.245238097650664,0.00260108483399496,FALSE,TRUE,0.00714284820216049,-0.396153846418364,0.00896944686479985
9,9,"Zeguo Township","chi.t1att2","9:5210::chi.t1att2","5210","9:5210",0.748484852639112,0.560606062412262,0.225271999211695,0.269904584216658,11,11,11,0.748484852639112,0.560606062412262,0.225271999211695,0.269904584216658,-0.18787879022685,-0.0446325850049627,FALSE,FALSE,-0.18787879022685,-0.18787879022685,-0.0446325850049627,FALSE,FALSE,-0.18787879022685,-0.251012147492899,-0.162460997338801
9,9,"Zeguo Township","chi.t1att2","9:5211::chi.t1att2","5211","9:5211",0.505882356973255,0.49509804389056,0.226226685674434,0.287697074189015,17,17,17,0.505882356973255,0.49509804389056,0.226226685674434,0.287697074189015,-0.010784313082695,-0.0614703885145808,FALSE,FALSE,-0.000980400863815734,-0.010784313082695,-0.0614703885145808,FALSE,FALSE,-0.000980400863815734,-0.0213178280168112,-0.224530241985095
9,9,"Zeguo Township","chi.t1att2","9:5212::chi.t1att2","5212","9:5212",0.609722223132849,0.613888887378077,0.256477529749252,0.352898054172582,12,12,12,0.609722223132849,0.613888887378077,0.256477529749252,0.352898054172582,0.00416666424522805,-0.0964205244233299,TRUE,FALSE,0.00416666424522805,0.00416666424522805,-0.0964205244233299,TRUE,FALSE,0.00416666424522805,0.0106761504041424,-0.395940975483899
9,9,"Zeguo Township","chi.t1att2","9:5213::chi.t1att2","5213","9:5213",0.586666664481163,0.65555555621783,0.355858003136694,0.317896524990313,15,15,15,0.586666664481163,0.65555555621783,0.355858003136694,0.317896524990313,0.0688888917366666,0.0379614781463808,TRUE,TRUE,0.0688888917366666,0.0688888917366666,0.0379614781463808,TRUE,TRUE,0.0688888917366666,0.1666666726752,0.106675915145286
9,9,"Zeguo Township","chi.t1att2","9:5214::chi.t1att2","5214","9:5214",0.52083333581686,0.507291671354324,0.227669346698199,0.189049154633035,16,16,16,0.52083333581686,0.507291671354324,0.227669346698199,0.189049154633035,-0.0135416644625366,0.0386201920651642,FALSE,TRUE,-0.0135416644625366,-0.0135416644625366,0.0386201920651642,FALSE,TRUE,-0.0135416644625366,-0.0259999956440926,0.169632814541167
9,9,"Zeguo Township","chi.t1att2","9:5215::chi.t1att2","5215","9:5215",0.571111110846202,0.448888898889224,0.303711607321136,0.23089428508568,15,15,15,0.571111110846202,0.448888898889224,0.303711607321136,0.23089428508568,-0.122222211956978,0.0728173222354556,FALSE,TRUE,-0.0200000097354253,-0.122222211956978,0.0728173222354556,FALSE,TRUE,-0.0200000097354253,-0.214007764226271,0.239758114211488
9,9,"Zeguo Township","chi.t1att2","9:5216::chi.t1att2","5216","9:5216",0.566666668653488,0.16000000089407,0.285449613632594,0.230833166402651,10,10,10,0.566666668653488,0.16000000089407,0.285449613632594,0.230833166402651,-0.406666667759419,0.0546164472299433,FALSE,TRUE,0.273333330452442,-0.406666667759419,0.0546164472299433,FALSE,TRUE,0.273333330452442,-0.717647058235733,0.191334808742256
9,9,"Zeguo Township","chi.t1att3","9:5201::chi.t1att3","5201","9:5201",0.644375002011657,0.644375002011657,0.255916559995172,0.255916559995172,16,16,16,0.644375002011657,0.644375002011657,0.255916559995172,0.255916559995172,0,0,FALSE,FALSE,0,0,0,FALSE,FALSE,0,0,0
9,9,"Zeguo Township","chi.t1att3","9:5202::chi.t1att3","5202","9:5202",0.62555555899938,0.62555555899938,0.190744852622427,0.190744852622427,15,15,15,0.62555555899938,0.62555555899938,0.190744852622427,0.190744852622427,0,0,FALSE,FALSE,0,0,0,FALSE,FALSE,0,0,0
9,9,"Zeguo Township","chi.t1att3","9:5203::chi.t1att3","5203","9:5203",0.617916669696569,0.617916669696569,0.2957648593704,0.2957648593704,16,16,16,0.617916669696569,0.617916669696569,0.2957648593704,0.2957648593704,0,0,FALSE,FALSE,0,0,0,FALSE,FALSE,0,0,0
9,9,"Zeguo Township","chi.t1att3","9:5204::chi.t1att3","5204","9:5204",0.521190478333405,0.521190478333405,0.204707870398354,0.204707870398354,14,14,14,0.521190478333405,0.521190478333405,0.204707870398354,0.204707870398354,0,0,FALSE,FALSE,0,0,0,FALSE,FALSE,0,0,0
9,9,"Zeguo Township","chi.t1att3","9:5205::chi.t1att3","5205","9:5205",0.55411110719045,0.55411110719045,0.21734222755826,0.21734222755826,15,15,15,0.55411110719045,0.55411110719045,0.21734222755826,0.21734222755826,0,0,FALSE,FALSE,0,0,0,FALSE,FALSE,0,0,0
9,9,"Zeguo Township","chi.t1att3","9:5206::chi.t1att3","5206","9:5206",0.68750000372529,0.68750000372529,0.229855025319084,0.229855025319084,16,16,16,0.68750000372529,0.68750000372529,0.229855025319084,0.229855025319084,0,0,FALSE,FALSE,0,0,0,FALSE,FALSE,0,0,0
9,9,"Zeguo Township","chi.t1att3","9:5207::chi.t1att3","5207","9:5207",0.66145833581686,0.66145833581686,0.236855850294216,0.236855850294216,16,16,16,0.66145833581686,0.66145833581686,0.236855850294216,0.236855850294216,0,0,FALSE,FALSE,0,0,0,FALSE,FALSE,0,0,0
9,9,"Zeguo Township","chi.t1att3","9:5208::chi.t1att3","5208","9:5208",0.57277777393659,0.57277777393659,0.21704332072674,0.21704332072674,15,15,15,0.57277777393659,0.57277777393659,0.21704332072674,0.21704332072674,0,0,FALSE,FALSE,0,0,0,FALSE,FALSE,0,0,0
9,9,"Zeguo Township","chi.t1att3","9:5209::chi.t1att3","5209","9:5209",0.519047618976661,0.519047618976661,0.19772824295004,0.19772824295004,14,14,14,0.519047618976661,0.519047618976661,0.19772824295004,0.19772824295004,0,0,FALSE,FALSE,0,0,0,FALSE,FALSE,0,0,0
9,9,"Zeguo Township","chi.t1att3","9:5210::chi.t1att3","5210","9:5210",0.572727271101691,0.572727271101691,0.253121917774584,0.253121917774584,11,11,11,0.572727271101691,0.572727271101691,0.253121917774584,0.253121917774584,0,0,FALSE,FALSE,0,0,0,FALSE,FALSE,0,0,0
9,9,"Zeguo Township","chi.t1att3","9:5211::chi.t1att3","5211","9:5211",0.605882355395485,0.605882355395485,0.245819288622894,0.245819288622894,17,17,17,0.605882355395485,0.605882355395485,0.245819288622894,0.245819288622894,0,0,FALSE,FALSE,0,0,0,FALSE,FALSE,0,0,0
9,9,"Zeguo Township","chi.t1att3","9:5212::chi.t1att3","5212","9:5212",0.669027787943681,0.669027787943681,0.223880442377151,0.223880442377151,12,12,12,0.669027787943681,0.669027787943681,0.223880442377151,0.223880442377151,0,0,FALSE,FALSE,0,0,0,FALSE,FALSE,0,0,0
9,9,"Zeguo Township","chi.t1att3","9:5213::chi.t1att3","5213","9:5213",0.580555558701356,0.580555558701356,0.22998590887917,0.22998590887917,15,15,15,0.580555558701356,0.580555558701356,0.22998590887917,0.22998590887917,0,0,FALSE,FALSE,0,0,0,FALSE,FALSE,0,0,0
9,9,"Zeguo Township","chi.t1att3","9:5214::chi.t1att3","5214","9:5214",0.589999999850988,0.589999999850988,0.25411575009618,0.25411575009618,16,16,16,0.589999999850988,0.589999999850988,0.25411575009618,0.25411575009618,0,0,FALSE,FALSE,0,0,0,FALSE,FALSE,0,0,0
9,9,"Zeguo Township","chi.t1att3","9:5215::chi.t1att3","5215","9:5215",0.634444445371628,0.634444445371628,0.264685098518352,0.264685098518352,15,15,15,0.634444445371628,0.634444445371628,0.264685098518352,0.264685098518352,0,0,FALSE,FALSE,0,0,0,FALSE,FALSE,0,0,0
9,9,"Zeguo Township","chi.t1att3","9:5216::chi.t1att3","5216","9:5216",0.64466667175293,0.64466667175293,0.273794551347659,0.273794551347659,10,10,10,0.64466667175293,0.64466667175293,0.273794551347659,0.273794551347659,0,0,FALSE,FALSE,0,0,0,FALSE,FALSE,0,0,0
9,9,"Zeguo Township","chi.t1att4","9:5201::chi.t1att4","5201","9:5201",0.553124997764826,0.4500000057742,0.173655545792208,0.174164676057888,16,16,16,0.553124997764826,0.4500000057742,0.173655545792208,0.174164676057888,-0.103124991990626,-0.000509130265679253,FALSE,FALSE,-0.00312500353902567,-0.103124991990626,-0.000509130265679253,FALSE,FALSE,-0.00312500353902567,-0.186440664239283,-0.0015601008661697
9,9,"Zeguo Township","chi.t1att4","9:5202::chi.t1att4","5202","9:5202",0.626666669050852,0.633333335320155,0.259715961476847,0.310912635627877,15,15,15,0.626666669050852,0.633333335320155,0.259715961476847,0.310912635627877,0.00666666626930246,-0.0511966741510305,TRUE,FALSE,0.00666666626930246,0.00666666626930246,-0.0511966741510305,TRUE,FALSE,0.00666666626930246,0.0178571419068139,-0.213067311776921
9,9,"Zeguo Township","chi.t1att4","9:5203::chi.t1att4","5203","9:5203",0.528125003911555,0.584375004284084,0.18254565846764,0.272469413058079,16,16,16,0.528125003911555,0.584375004284084,0.18254565846764,0.272469413058079,0.056250000372529,-0.089923754590439,TRUE,FALSE,0.056250000372529,0.056250000372529,-0.089923754590439,TRUE,FALSE,0.056250000372529,0.119205299790849,-0.283265159192263
9,9,"Zeguo Township","chi.t1att4","9:5204::chi.t1att4","5204","9:5204",0.60357143091304,0.510714286140033,0.303482534726189,0.276084277592635,14,14,14,0.60357143091304,0.510714286140033,0.303482534726189,0.276084277592635,-0.0928571447730063,0.0273982571335539,FALSE,TRUE,-0.0928571447730063,-0.0928571447730063,0.0273982571335539,FALSE,TRUE,-0.0928571447730063,-0.153846156423505,0.0902795185834118
9,9,"Zeguo Township","chi.t1att4","9:5205::chi.t1att4","5205","9:5205",0.5,0.599999998013178,0.25,0.345894284849233,15,15,15,0.5,0.599999998013178,0.25,0.345894284849233,NA,-0.095894284849233,NA,FALSE,0.0999999980131784,NA,-0.095894284849233,NA,FALSE,0.0999999980131784,NA,-0.383577139396932
9,9,"Zeguo Township","chi.t1att4","9:5206::chi.t1att4","5206","9:5206",0.618750000372529,0.496875003445893,0.211246302083716,0.288945641657982,16,16,16,0.618750000372529,0.496875003445893,0.211246302083716,0.288945641657982,-0.121874996926636,-0.0776993395742664,FALSE,FALSE,-0.115625003818423,-0.121874996926636,-0.0776993395742664,FALSE,FALSE,-0.115625003818423,-0.196969691884054,-0.269085175826192
9,9,"Zeguo Township","chi.t1att4","9:5207::chi.t1att4","5207","9:5207",0.62500000372529,0.571875002235174,0.26583202589445,0.218303110349678,16,16,16,0.62500000372529,0.571875002235174,0.26583202589445,0.218303110349678,-0.0531250014901161,0.0475289155447722,FALSE,TRUE,-0.0531250014901161,-0.0531250014901161,0.0475289155447722,FALSE,TRUE,-0.0531250014901161,-0.0850000018775463,0.178793038140724
9,9,"Zeguo Township","chi.t1att4","9:5208::chi.t1att4","5208","9:5208",0.646666665871938,0.653333334128062,0.236391521683374,0.218326971904504,15,15,15,0.646666665871938,0.653333334128062,0.236391521683374,0.218326971904504,0.00666666825612383,0.0180645497788692,TRUE,TRUE,0.00666666825612383,0.00666666825612383,0.0180645497788692,TRUE,TRUE,0.00666666825612383,0.0188679289843272,0.0764179258639619
9,9,"Zeguo Township","chi.t1att4","9:5209::chi.t1att4","5209","9:5209",0.607142858207226,0.439285713647093,0.291453348860297,0.307707759049734,14,14,14,0.607142858207226,0.439285713647093,0.291453348860297,0.307707759049734,-0.167857144560133,-0.0162544101894366,FALSE,FALSE,-0.0464285718543189,-0.167857144560133,-0.0162544101894366,FALSE,FALSE,-0.0464285718543189,-0.276470590555544,-0.0779413627627519
9,9,"Zeguo Township","chi.t1att4","9:5210::chi.t1att4","5210","9:5210",0.61818182062019,0.536363636905497,0.330357932639793,0.273030134569238,11,11,11,0.61818182062019,0.536363636905497,0.330357932639793,0.273030134569238,-0.0818181837146933,0.0573277980705548,FALSE,TRUE,-0.0818181837146933,-0.0818181837146933,0.0573277980705548,FALSE,TRUE,-0.0818181837146933,-0.132352943722301,0.173532379296798
9,9,"Zeguo Township","chi.t1att4","9:5211::chi.t1att4","5211","9:5211",0.526470591040219,0.605882358901641,0.130045239817126,0.233774968086619,17,17,17,0.526470591040219,0.605882358901641,0.130045239817126,0.233774968086619,0.0794117678614225,-0.103729728269493,TRUE,FALSE,0.0794117678614225,0.0794117678614225,-0.103729728269493,TRUE,FALSE,0.0794117678614225,0.167701871011283,-0.280384899543442
9,9,"Zeguo Township","chi.t1att4","9:5212::chi.t1att4","5212","9:5212",0.624999995032946,0.666666666666667,0.213733051906811,0.325669473639465,12,12,12,0.624999995032946,0.666666666666667,0.213733051906811,0.325669473639465,0.0416666716337204,-0.111936421732653,TRUE,FALSE,0.0416666716337204,0.0416666716337204,-0.111936421732653,TRUE,FALSE,0.0416666716337204,0.111111122884868,-0.391021116752237
9,9,"Zeguo Township","chi.t1att4","9:5213::chi.t1att4","5213","9:5213",0.626666669050852,0.533333333333333,0.249904741355127,0.228868854108532,15,15,15,0.626666669050852,0.533333333333333,0.249904741355127,0.228868854108532,-0.0933333357175191,0.0210358872465958,FALSE,TRUE,-0.0933333357175191,-0.0933333357175191,0.0210358872465958,FALSE,TRUE,-0.0933333357175191,-0.148936173450682,0.0841756228094237
9,9,"Zeguo Township","chi.t1att4","9:5214::chi.t1att4","5214","9:5214",0.634374998509884,0.496874999254942,0.249478622102774,0.257855738847908,16,16,16,0.634374998509884,0.496874999254942,0.249478622102774,0.257855738847908,-0.137499999254942,-0.00837711674513439,FALSE,FALSE,-0.131249997764826,-0.137499999254942,-0.00837711674513439,FALSE,FALSE,-0.131249997764826,-0.216748767807563,-0.0334387301213512
9,9,"Zeguo Township","chi.t1att4","9:5215::chi.t1att4","5215","9:5215",0.590000001589457,0.639999999602636,0.270713342659771,0.197484165241514,15,15,15,0.590000001589457,0.639999999602636,0.270713342659771,0.197484165241514,0.0499999980131784,0.0732291774182573,TRUE,TRUE,0.0499999980131784,0.0499999980131784,0.0732291774182573,TRUE,TRUE,0.0499999980131784,0.12195121513906,0.270504500069251
9,9,"Zeguo Township","chi.t1att4","9:5216::chi.t1att4","5216","9:5216",0.589999997615814,0.689999997615814,0.384274205515056,0.301662063041005,10,10,10,0.589999997615814,0.689999997615814,0.384274205515056,0.301662063041005,0.1,0.0826121424740515,TRUE,TRUE,0.1,0.1,0.0826121424740515,TRUE,TRUE,0.1,0.243902437606076,0.214982273825337
9,9,"Zeguo Township","chi.t1att5","9:5201::chi.t1att5","5201","9:5201",0.644375003874302,0.528020833432674,0.255916564852243,0.191992685164292,16,16,16,0.644375003874302,0.528020833432674,0.255916564852243,0.191992685164292,-0.116354170441627,0.0639238796879513,FALSE,TRUE,-0.116354170441627,-0.116354170441627,0.0639238796879513,FALSE,TRUE,-0.116354170441627,-0.180569031607447,0.249784064290088
9,9,"Zeguo Township","chi.t1att5","9:5202::chi.t1att5","5202","9:5202",0.625555553436279,0.668888884385427,0.190744848882542,0.298000388900689,15,15,15,0.625555553436279,0.668888884385427,0.190744848882542,0.298000388900689,0.0433333309491475,-0.107255540018147,TRUE,FALSE,0.0433333309491475,0.0433333309491475,-0.107255540018147,TRUE,FALSE,0.0433333309491475,0.115726995945107,-0.346818928094136
9,9,"Zeguo Township","chi.t1att5","9:5203::chi.t1att5","5203","9:5203",0.617916671931744,0.656562501192093,0.295764858652739,0.237493447494651,16,16,16,0.617916671931744,0.656562501192093,0.295764858652739,0.237493447494651,0.0386458292603493,0.0582714111580882,TRUE,TRUE,0.0386458292603493,0.0386458292603493,0.0582714111580882,TRUE,TRUE,0.0386458292603493,0.101145028901773,0.197019387034432
9,9,"Zeguo Township","chi.t1att5","9:5204::chi.t1att5","5204","9:5204",0.521190475566047,0.466666664396014,0.204707868795589,0.292279575238004,14,14,14,0.521190475566047,0.466666664396014,0.204707868795589,0.292279575238004,-0.054523811170033,-0.0875717064424144,FALSE,FALSE,0.0121428600379398,-0.054523811170033,-0.0875717064424144,FALSE,FALSE,0.0121428600379398,-0.104613982269758,-0.296559566573058
9,9,"Zeguo Township","chi.t1att5","9:5205::chi.t1att5","5205","9:5205",0.554111111958822,0.642666665712992,0.217342231653626,0.217300172367008,15,15,15,0.554111111958822,0.642666665712992,0.217342231653626,0.217300172367008,0.0885555537541708,4.20592866180458e-05,TRUE,TRUE,0.0885555537541708,0.0885555537541708,4.20592866180458e-05,TRUE,TRUE,0.0885555537541708,0.198604531597999,0.000193516401750558
9,9,"Zeguo Township","chi.t1att5","9:5206::chi.t1att5","5206","9:5206",0.687500002980232,0.591250000149012,0.229855030404522,0.247873549884042,16,16,16,0.687500002980232,0.591250000149012,0.229855030404522,0.247873549884042,-0.0962500028312206,-0.0180185194795205,FALSE,FALSE,-0.0962500028312206,-0.0962500028312206,-0.0180185194795205,FALSE,FALSE,-0.0962500028312206,-0.140000003511255,-0.0666994447703464
9,9,"Zeguo Township","chi.t1att5","9:5207::chi.t1att5","5207","9:5207",0.661458334326744,0.636875005066395,0.236855851265862,0.210450903173532,16,16,16,0.661458334326744,0.636875005066395,0.236855851265862,0.210450903173532,-0.0245833292603493,0.0264049480923298,FALSE,TRUE,-0.0245833292603493,-0.0245833292603493,0.0264049480923298,FALSE,TRUE,-0.0245833292603493,-0.0371653481173098,0.111481088397057
9,9,"Zeguo Township","chi.t1att5","9:5208::chi.t1att5","5208","9:5208",0.57277777671814,0.635555555025736,0.217043322735178,0.193122490548319,15,15,15,0.57277777671814,0.635555555025736,0.217043322735178,0.193122490548319,0.0627777783075968,0.0239208321868588,TRUE,TRUE,0.0627777783075968,0.0627777783075968,0.0239208321868588,TRUE,TRUE,0.0627777783075968,0.146944084100651,0.110212246501798
9,9,"Zeguo Township","chi.t1att5","9:5209::chi.t1att5","5209","9:5209",0.519047615357808,0.477380950110299,0.197728246571824,0.347740394813468,14,14,14,0.519047615357808,0.477380950110299,0.197728246571824,0.347740394813468,-0.0416666652475086,-0.150012148241644,FALSE,FALSE,0.00357143453189307,-0.0416666652475086,-0.150012148241644,FALSE,FALSE,0.00357143453189307,-0.0802752271943017,-0.496282390068873
9,9,"Zeguo Township","chi.t1att5","9:5210::chi.t1att5","5210","9:5210",0.572727270559831,0.887878786433827,0.253121920889315,0.165511144433092,11,11,11,0.572727270559831,0.887878786433827,0.253121920889315,0.165511144433092,0.315151515873996,0.0876107764562229,TRUE,TRUE,0.315151515873996,0.315151515873996,0.0876107764562229,TRUE,TRUE,0.315151515873996,0.737588650431589,0.346120858076662
9,9,"Zeguo Township","chi.t1att5","9:5211::chi.t1att5","5211","9:5211",0.605882352941176,0.517843134262983,0.245819292650746,0.215471676452308,17,17,17,0.605882352941176,0.517843134262983,0.245819292650746,0.215471676452308,-0.0880392186781939,0.0303476161984384,FALSE,TRUE,-0.0880392186781939,-0.0880392186781939,0.0303476161984384,FALSE,TRUE,-0.0880392186781939,-0.145307448303815,0.123454981385678
9,9,"Zeguo Township","chi.t1att5","9:5212::chi.t1att5","5212","9:5212",0.669027775526047,0.783333333333333,0.223880445714828,0.240580106988894,12,12,12,0.669027775526047,0.783333333333333,0.223880445714828,0.240580106988894,0.114305557807287,-0.0166996612740665,TRUE,FALSE,0.114305557807287,0.114305557807287,-0.0166996612740665,TRUE,FALSE,0.114305557807287,0.345362992284213,-0.0604798212038954
9,9,"Zeguo Township","chi.t1att5","9:5213::chi.t1att5","5213","9:5213",0.580555553436279,0.564444446563721,0.229985909034721,0.234847696445852,15,15,15,0.580555553436279,0.564444446563721,0.229985909034721,0.234847696445852,-0.0161111068725586,-0.00486178741113077,FALSE,FALSE,-0.0161111068725586,-0.0161111068725586,-0.00486178741113077,FALSE,FALSE,-0.0161111068725586,-0.0277511889726965,-0.0180056803470895
9,9,"Zeguo Township","chi.t1att5","9:5214::chi.t1att5","5214","9:5214",0.589999997615814,0.658958330750465,0.254115750872824,0.158075082370615,16,16,16,0.589999997615814,0.658958330750465,0.254115750872824,0.158075082370615,0.0689583331346512,0.0960406685022091,TRUE,TRUE,0.0689583331346512,0.0689583331346512,0.0960406685022091,TRUE,TRUE,0.0689583331346512,0.168191055447933,0.377940635998884
9,9,"Zeguo Township","chi.t1att5","9:5215::chi.t1att5","5215","9:5215",0.634444441795349,0.615444445610047,0.264685096068061,0.138584786551932,15,15,15,0.634444441795349,0.615444445610047,0.264685096068061,0.138584786551932,-0.0189999961853026,0.12610030951613,FALSE,TRUE,-0.0189999961853026,-0.0189999961853026,0.12610030951613,FALSE,TRUE,-0.0189999961853026,-0.0299474547078329,0.476416358115246
9,9,"Zeguo Township","chi.t1att5","9:5216::chi.t1att5","5216","9:5216",0.644666666984558,0.546333330869675,0.273794555211403,0.244239561152436,10,10,10,0.644666666984558,0.546333330869675,0.273794555211403,0.244239561152436,-0.0983333361148833,0.0295549940589667,FALSE,TRUE,-0.0983333361148833,-0.0983333361148833,0.0295549940589667,FALSE,TRUE,-0.0983333361148833,-0.152533613339805,0.107945879479403
9,9,"Zeguo Township","chi.t1att6","9:5201::chi.t1att6","5201","9:5201",0.648958334326744,0.591666663438082,0.213217740553311,0.218242132964508,16,16,16,0.648958334326744,0.591666663438082,0.213217740553311,0.218242132964508,-0.0572916708886624,-0.00502439241119615,FALSE,FALSE,-0.0572916708886624,-0.0572916708886624,-0.00502439241119615,FALSE,FALSE,-0.0572916708886624,-0.0882825103835042,-0.0175198857170946
9,9,"Zeguo Township","chi.t1att6","9:5202::chi.t1att6","5202","9:5202",0.772222221692403,0.701111106872559,0.225521147959287,0.243850287565936,15,15,15,0.772222221692403,0.701111106872559,0.225521147959287,0.243850287565936,-0.0711111148198446,-0.0183291396066485,FALSE,FALSE,-0.0711111148198446,-0.0711111148198446,-0.0183291396066485,FALSE,FALSE,-0.0711111148198446,-0.0920863358011083,-0.0667779665732856
9,9,"Zeguo Township","chi.t1att6","9:5203::chi.t1att6","5203","9:5203",0.714583331346512,0.73437499627471,0.218485952535841,0.240097876479245,16,16,16,0.714583331346512,0.73437499627471,0.218485952535841,0.240097876479245,0.0197916649281978,-0.0216119239434044,TRUE,FALSE,0.0197916649281978,0.0197916649281978,-0.0216119239434044,TRUE,FALSE,0.0197916649281978,0.0693430591197392,-0.0767703215455202
9,9,"Zeguo Township","chi.t1att6","9:5204::chi.t1att6","5204","9:5204",0.655952383790697,0.654761901923588,0.203348798592202,0.229308562014207,14,14,14,0.655952383790697,0.654761901923588,0.203348798592202,0.229308562014207,-0.00119048186710902,-0.0259597634220058,FALSE,FALSE,-0.00119048186710902,-0.00119048186710902,-0.0259597634220058,FALSE,FALSE,-0.00119048186710902,-0.00181489067884671,-0.0875093823952515
9,9,"Zeguo Township","chi.t1att6","9:5205::chi.t1att6","5205","9:5205",0.633333331743876,0.569999998410543,0.348010217018057,0.245935209092088,15,15,15,0.633333331743876,0.569999998410543,0.348010217018057,0.245935209092088,-0.0633333333333334,0.10207500792597,FALSE,TRUE,-0.0633333333333334,-0.0633333333333334,0.10207500792597,FALSE,TRUE,-0.0633333333333334,-0.100000000250967,0.293310376921128
9,9,"Zeguo Township","chi.t1att6","9:5206::chi.t1att6","5206","9:5206",0.62083333209157,0.714583329856396,0.25213899812705,0.235692440167242,16,16,16,0.62083333209157,0.714583329856396,0.25213899812705,0.235692440167242,0.0937499977648258,0.0164465579598085,TRUE,TRUE,0.0937499977648258,0.0937499977648258,0.0164465579598085,TRUE,TRUE,0.0937499977648258,0.247252740548035,0.0652281403589985
9,9,"Zeguo Township","chi.t1att6","9:5207::chi.t1att6","5207","9:5207",0.704166662693024,0.758333332836628,0.28050879503186,0.27795549900485,16,16,16,0.704166662693024,0.758333332836628,0.28050879503186,0.27795549900485,0.0541666701436043,0.00255329602700943,TRUE,TRUE,0.0541666701436043,0.0541666701436043,0.00255329602700943,TRUE,TRUE,0.0541666701436043,0.183098600842938,0.00910237422936929
9,9,"Zeguo Township","chi.t1att6","9:5208::chi.t1att6","5208","9:5208",0.661111106872559,0.578888889948527,0.233729820139165,0.263934414398358,15,15,15,0.661111106872559,0.578888889948527,0.233729820139165,0.263934414398358,-0.0822222169240316,-0.0302045942591933,FALSE,FALSE,-0.0822222169240316,-0.0822222169240316,-0.0302045942591933,FALSE,FALSE,-0.0822222169240316,-0.124369740682456,-0.113435887845119
9,9,"Zeguo Township","chi.t1att6","9:5209::chi.t1att6","5209","9:5209",0.696428568022592,0.684523805550166,0.309409316347177,0.287076649760493,14,14,14,0.696428568022592,0.684523805550166,0.309409316347177,0.287076649760493,-0.0119047624724252,0.0223326665866844,FALSE,TRUE,-0.0119047624724252,-0.0119047624724252,0.0223326665866844,FALSE,TRUE,-0.0119047624724252,-0.017094017992724,0.0721783909105881
9,9,"Zeguo Township","chi.t1att6","9:5210::chi.t1att6","5210","9:5210",0.707575756853277,0.819696972586892,0.294331978769137,0.314184851103671,11,11,11,0.707575756853277,0.819696972586892,0.294331978769137,0.314184851103671,0.112121215733615,-0.0198528723345346,TRUE,FALSE,0.112121215733615,0.112121215733615,-0.0198528723345346,TRUE,FALSE,0.112121215733615,0.383419700525166,-0.0965287272942141
9,9,"Zeguo Township","chi.t1att6","9:5211::chi.t1att6","5211","9:5211",0.656862744163064,0.662745097104241,0.269390955875115,0.197513133489157,17,17,17,0.656862744163064,0.662745097104241,0.269390955875115,0.197513133489157,0.00588235294117645,0.071877822385958,TRUE,TRUE,0.00588235294117645,0.00588235294117645,0.071877822385958,TRUE,TRUE,0.00588235294117645,0.0171428570961465,0.26681601894341
9,9,"Zeguo Township","chi.t1att6","9:5212::chi.t1att6","5212","9:5212",0.656944441795349,0.780555554231008,0.311274532642248,0.240562612245769,12,12,12,0.656944441795349,0.780555554231008,0.311274532642248,0.240562612245769,0.123611112435659,0.070711920396479,TRUE,TRUE,0.123611112435659,0.123611112435659,0.070711920396479,TRUE,TRUE,0.123611112435659,0.360323887718263,0.2271689874409
9,9,"Zeguo Township","chi.t1att6","9:5213::chi.t1att6","5213","9:5213",0.652222216924032,0.753333333333333,0.26895348610501,0.304672606213249,15,15,15,0.652222216924032,0.753333333333333,0.26895348610501,0.304672606213249,0.101111116409302,-0.0357191201082398,TRUE,FALSE,0.101111116409302,0.101111116409302,-0.0357191201082398,TRUE,FALSE,0.101111116409302,0.290734835086389,-0.154597096082887
9,9,"Zeguo Township","chi.t1att6","9:5214::chi.t1att6","5214","9:5214",0.594791661202907,0.464583329856396,0.255003172902585,0.177417169840718,16,16,16,0.594791661202907,0.464583329856396,0.255003172902585,0.177417169840718,-0.130208331346512,0.077586003061867,FALSE,TRUE,-0.0593749910593031,-0.130208331346512,0.077586003061867,FALSE,TRUE,-0.0593749910593031,-0.218914184309811,0.304255049765619
9,9,"Zeguo Township","chi.t1att6","9:5215::chi.t1att6","5215","9:5215",0.668888883590698,0.636666661898295,0.250860950532991,0.24431634178283,15,15,15,0.668888883590698,0.636666661898295,0.250860950532991,0.24431634178283,-0.0322222216924031,0.00654460875016177,FALSE,TRUE,-0.0322222216924031,-0.0322222216924031,0.00654460875016177,FALSE,TRUE,-0.0322222216924031,-0.0481727570645654,0.0260885910551514
9,9,"Zeguo Township","chi.t1att6","9:5216::chi.t1att6","5216","9:5216",0.673333332538605,0.561666662693024,0.34598223119716,0.296278354274285,10,10,10,0.673333332538605,0.561666662693024,0.34598223119716,0.296278354274285,-0.111666669845581,0.0497038769228753,FALSE,TRUE,-0.111666669845581,-0.111666669845581,0.0497038769228753,FALSE,TRUE,-0.111666669845581,-0.165841589075317,0.14366020113487
9,9,"Zeguo Township","chi.t1att7","9:5201::chi.t1att7","5201","9:5201",0.675,0.565625,0.200831604418561,0.211122989431911,16,16,16,0.675,0.565625,0.200831604418561,0.211122989431911,-0.109375,-0.0102913850133498,FALSE,FALSE,-0.109375,-0.109375,-0.0102913850133498,FALSE,FALSE,-0.109375,-0.162037037037037,-0.0343999739456044
9,9,"Zeguo Township","chi.t1att7","9:5202::chi.t1att7","5202","9:5202",0.636666666666667,0.46,0.37581657126595,0.230836986390211,15,15,15,0.636666666666667,0.46,0.37581657126595,0.230836986390211,-0.176666666666667,0.14497958487574,FALSE,TRUE,-0.0966666666666667,-0.176666666666667,0.14497958487574,FALSE,TRUE,-0.0966666666666667,-0.277486910994764,0.385772198355627
9,9,"Zeguo Township","chi.t1att7","9:5203::chi.t1att7","5203","9:5203",0.571875,0.625,0.252301902489854,0.204124145231932,16,16,16,0.571875,0.625,0.252301902489854,0.204124145231932,0.053125,0.0481777572579228,TRUE,TRUE,0.053125,0.053125,0.0481777572579228,TRUE,TRUE,0.053125,0.124087591240876,0.190952810036223
9,9,"Zeguo Township","chi.t1att7","9:5204::chi.t1att7","5204","9:5204",0.578571428571429,0.571428571428571,0.292676170296354,0.250932327465062,14,14,14,0.578571428571429,0.571428571428571,0.292676170296354,0.250932327465062,-0.00714285714285723,0.0417438428312927,FALSE,TRUE,-0.00714285714285723,-0.00714285714285723,0.0417438428312927,FALSE,TRUE,-0.00714285714285723,-0.0123456790123458,0.142628088884122
9,9,"Zeguo Township","chi.t1att7","9:5205::chi.t1att7","5205","9:5205",0.53,0.446666666666667,0.301662062579967,0.251045433186524,15,15,15,0.53,0.446666666666667,0.301662062579967,0.251045433186524,-0.0833333333333334,0.0506166293934431,FALSE,TRUE,0.0233333333333333,-0.0833333333333334,0.0506166293934431,FALSE,TRUE,0.0233333333333333,-0.157232704402516,0.167792492567822
9,9,"Zeguo Township","chi.t1att7","9:5206::chi.t1att7","5206","9:5206",0.5375,0.56875,0.286647286166583,0.292617497767991,16,16,16,0.5375,0.56875,0.286647286166583,0.292617497767991,0.03125,-0.00597021160140804,TRUE,FALSE,0.03125,0.03125,-0.00597021160140804,TRUE,FALSE,0.03125,0.0675675675675676,-0.0279828247512684
9,9,"Zeguo Township","chi.t1att7","9:5207::chi.t1att7","5207","9:5207",0.621875,0.546875,0.2875,0.289521875972554,16,16,16,0.621875,0.546875,0.2875,0.289521875972554,-0.075,-0.00202187597255349,FALSE,FALSE,-0.075,-0.075,-0.00202187597255349,FALSE,FALSE,-0.075,-0.120603015075377,-0.00951471045907524
9,9,"Zeguo Township","chi.t1att7","9:5208::chi.t1att7","5208","9:5208",0.55,0.663333333333333,0.281577190634672,0.212524508390601,15,15,15,0.55,0.663333333333333,0.281577190634672,0.212524508390601,0.113333333333333,0.0690526822440707,TRUE,TRUE,0.113333333333333,0.113333333333333,0.0690526822440707,TRUE,TRUE,0.113333333333333,0.251851851851852,0.245235354782917
9,9,"Zeguo Township","chi.t1att7","9:5209::chi.t1att7","5209","9:5209",0.667857142857143,0.446428571428571,0.298462175710207,0.388024724486967,14,14,14,0.667857142857143,0.446428571428571,0.298462175710207,0.388024724486967,-0.221428571428571,-0.0895625487767605,FALSE,FALSE,-0.114285714285714,-0.221428571428571,-0.0895625487767605,FALSE,FALSE,-0.114285714285714,-0.331550802139037,-0.444395731135698
9,9,"Zeguo Township","chi.t1att7","9:5210::chi.t1att7","5210","9:5210",0.527272727272727,0.554545454545455,0.290141031537799,0.283244192751189,11,11,11,0.527272727272727,0.554545454545455,0.290141031537799,0.283244192751189,0.0272727272727273,0.00689683878661013,TRUE,TRUE,0.0272727272727273,0.0272727272727273,0.00689683878661013,TRUE,TRUE,0.0272727272727273,0.0576923076923078,0.0237706426769618
9,9,"Zeguo Township","chi.t1att7","9:5211::chi.t1att7","5211","9:5211",0.641176470588235,0.582352941176471,0.223771154110097,0.219332208412396,17,17,17,0.641176470588235,0.582352941176471,0.223771154110097,0.219332208412396,-0.0588235294117647,0.00443894569770062,FALSE,TRUE,-0.0588235294117647,-0.0588235294117647,0.00443894569770062,FALSE,TRUE,-0.0588235294117647,-0.0917431192660551,0.0198369879949613
9,9,"Zeguo Township","chi.t1att7","9:5212::chi.t1att7","5212","9:5212",0.633333333333333,0.654166666666667,0.259661784682002,0.231063089902199,12,12,12,0.633333333333333,0.654166666666667,0.259661784682002,0.231063089902199,0.0208333333333334,0.0285986947798035,TRUE,TRUE,0.0208333333333334,0.0208333333333334,0.0285986947798035,TRUE,TRUE,0.0208333333333334,0.0568181818181819,0.110138250859006
9,9,"Zeguo Township","chi.t1att7","9:5213::chi.t1att7","5213","9:5213",0.576666666666667,0.616666666666667,0.282126280405137,0.204997096378972,15,15,15,0.576666666666667,0.616666666666667,0.282126280405137,0.204997096378972,0.04,0.0771291840261652,TRUE,TRUE,0.04,0.04,0.0771291840261652,TRUE,TRUE,0.04,0.094488188976378,0.273385322045882
9,9,"Zeguo Township","chi.t1att7","9:5214::chi.t1att7","5214","9:5214",0.534375,0.471875,0.239943569754779,0.26265868219675,16,16,16,0.534375,0.471875,0.239943569754779,0.26265868219675,-0.0625,-0.0227151124419706,FALSE,FALSE,-0.00625000000000003,-0.0625,-0.0227151124419706,FALSE,FALSE,-0.00625000000000003,-0.116959064327485,-0.0873468593741418
9,9,"Zeguo Township","chi.t1att7","9:5215::chi.t1att7","5215","9:5215",0.58,0.463333333333333,0.310989205141088,0.2302689938394,15,15,15,0.58,0.463333333333333,0.310989205141088,0.2302689938394,-0.116666666666667,0.0807202113016882,FALSE,TRUE,-0.0433333333333333,-0.116666666666667,0.0807202113016882,FALSE,TRUE,-0.0433333333333333,-0.201149425287356,0.259559528006985
9,9,"Zeguo Township","chi.t1att7","9:5216::chi.t1att7","5216","9:5216",0.495,0.57,0.335368785402312,0.272029410174709,10,10,10,0.495,0.57,0.335368785402312,0.272029410174709,-0.075,0.0633393752276034,FALSE,TRUE,0.065,-0.075,0.0633393752276034,FALSE,TRUE,0.065,-0.148514851485148,0.188864849635963
9,9,"Zeguo Township","chi.t1att8","9:5201::chi.t1att8","5201","9:5201",0.618749998509884,0.56250000372529,0.246897414714975,0.261725045009841,16,16,16,0.618749998509884,0.56250000372529,0.246897414714975,0.261725045009841,-0.0562499947845937,-0.0148276302948662,FALSE,FALSE,-0.0562499947845937,-0.0562499947845937,-0.0148276302948662,FALSE,FALSE,-0.0562499947845937,-0.0909090826990849,-0.0585834802049472
9,9,"Zeguo Township","chi.t1att8","9:5202::chi.t1att8","5202","9:5202",0.590000000844399,0.460000002384186,0.382286355292743,0.301898753470789,15,15,15,0.590000000844399,0.460000002384186,0.382286355292743,0.301898753470789,-0.129999998460213,0.080387601821954,FALSE,TRUE,-0.050000003228585,-0.129999998460213,0.080387601821954,FALSE,TRUE,-0.050000003228585,-0.220338980125694,0.210281117044828
9,9,"Zeguo Township","chi.t1att8","9:5203::chi.t1att8","5203","9:5203",0.584374994970858,0.581250008195639,0.28326591856869,0.200727844483028,16,16,16,0.584374994970858,0.581250008195639,0.28326591856869,0.200727844483028,-0.00312498677521944,0.0825380740856626,FALSE,TRUE,-0.00312498677521944,-0.00312498677521944,0.0825380740856626,FALSE,TRUE,-0.00312498677521944,-0.00534757099826846,0.291380179100676
9,9,"Zeguo Township","chi.t1att8","9:5204::chi.t1att8","5204","9:5204",0.617857136896678,0.389285715562957,0.283255210593873,0.368039802381108,14,14,14,0.617857136896678,0.389285715562957,0.283255210593873,0.368039802381108,-0.228571421333722,-0.0847845917872346,FALSE,FALSE,-0.00714285245963509,-0.228571421333722,-0.0847845917872346,FALSE,FALSE,-0.00714285245963509,-0.369942188386414,-0.391172456876779
9,9,"Zeguo Township","chi.t1att8","9:5205::chi.t1att8","5205","9:5205",0.533333331346512,0.446666669845581,0.356403997287562,0.259440788640562,15,15,15,0.533333331346512,0.446666669845581,0.356403997287562,0.259440788640562,-0.0866666615009308,0.0969632086470004,FALSE,TRUE,0.0199999988079071,-0.0866666615009308,0.0969632086470004,FALSE,TRUE,0.0199999988079071,-0.162499990919605,0.272059823640997
9,9,"Zeguo Township","chi.t1att8","9:5206::chi.t1att8","5206","9:5206",0.506250001490116,0.550000004470348,0.271339270548355,0.278088714004176,16,16,16,0.506250001490116,0.550000004470348,0.271339270548355,0.278088714004176,0.0437500029802322,-0.00674944345582112,TRUE,FALSE,0.0437500029802322,0.0437500029802322,-0.00674944345582112,TRUE,FALSE,0.0437500029802322,0.0886076012400362,-0.0295172829720567
9,9,"Zeguo Township","chi.t1att8","9:5207::chi.t1att8","5207","9:5207",0.659375000745058,0.446875002235174,0.326199708501024,0.245267710423697,16,16,16,0.659375000745058,0.446875002235174,0.326199708501024,0.245267710423697,-0.212499998509884,0.0809319980773269,FALSE,TRUE,-0.106250002980232,-0.212499998509884,0.0809319980773269,FALSE,TRUE,-0.106250002980232,-0.322274878892543,0.248105672593122
9,9,"Zeguo Township","chi.t1att8","9:5208::chi.t1att8","5208","9:5208",0.590000001589457,0.640000001589457,0.224563068274661,0.222967001667247,15,15,15,0.590000001589457,0.640000001589457,0.224563068274661,0.222967001667247,0.0499999999999999,0.00159606660741463,TRUE,TRUE,0.0499999999999999,0.0499999999999999,0.00159606660741463,TRUE,TRUE,0.0499999999999999,0.121951219984966,0.00710743142083581
9,9,"Zeguo Township","chi.t1att8","9:5209::chi.t1att8","5209","9:5209",0.596428575260299,0.450000003512417,0.275586289500898,0.356802037764842,14,14,14,0.596428575260299,0.450000003512417,0.275586289500898,0.356802037764842,-0.146428571747882,-0.0812157482639441,FALSE,FALSE,-0.0464285787727152,-0.146428571747882,-0.0812157482639441,FALSE,FALSE,-0.0464285787727152,-0.245508980994038,-0.36190190021509
9,9,"Zeguo Township","chi.t1att8","9:5210::chi.t1att8","5210","9:5210",0.540909095243974,0.563636359843341,0.365252094348958,0.275763401354779,11,11,11,0.540909095243974,0.563636359843341,0.365252094348958,0.275763401354779,0.0227272645993665,0.0894886929941789,TRUE,TRUE,0.0227272645993665,0.0227272645993665,0.0894886929941789,TRUE,TRUE,0.0227272645993665,0.0495049332581407,0.245005283689578
9,9,"Zeguo Township","chi.t1att8","9:5211::chi.t1att8","5211","9:5211",0.576470588936525,0.61470588165171,0.252560416673698,0.22414051416156,17,17,17,0.576470588936525,0.61470588165171,0.252560416673698,0.22414051416156,0.0382352927151848,0.028419902512138,TRUE,TRUE,0.0382352927151848,0.0382352927151848,0.028419902512138,TRUE,TRUE,0.0382352927151848,0.09027777461588,0.112527144540056
9,9,"Zeguo Township","chi.t1att8","9:5212::chi.t1att8","5212","9:5212",0.55833333482345,0.695833335320155,0.270381325191767,0.245373865767379,12,12,12,0.55833333482345,0.695833335320155,0.270381325191767,0.245373865767379,0.137500000496705,0.0250074594243875,TRUE,TRUE,0.137500000496705,0.137500000496705,0.0250074594243875,TRUE,TRUE,0.137500000496705,0.311320756891946,0.0924895955985535
9,9,"Zeguo Township","chi.t1att8","9:5213::chi.t1att8","5213","9:5213",0.576666667064031,0.590000000099341,0.248471518001487,0.280433337958505,15,15,15,0.576666667064031,0.590000000099341,0.248471518001487,0.280433337958505,0.0133333330353101,-0.0319618199570175,TRUE,FALSE,0.0133333330353101,0.0133333330353101,-0.0319618199570175,TRUE,FALSE,0.0133333330353101,0.0314960623176982,-0.127070380670474
9,9,"Zeguo Township","chi.t1att8","9:5214::chi.t1att8","5214","9:5214",0.537500005215406,0.403125000419095,0.194507927319948,0.294657286537927,16,16,16,0.537500005215406,0.403125000419095,0.194507927319948,0.294657286537927,-0.134375004796311,-0.100149359217979,FALSE,FALSE,0.0593749943654984,-0.134375004796311,-0.100149359217979,FALSE,FALSE,0.0593749943654984,-0.250000006497599,-0.327829649847796
9,9,"Zeguo Township","chi.t1att8","9:5215::chi.t1att8","5215","9:5215",0.500000001986822,0.406666668504477,0.303550420633258,0.241916944539517,15,15,15,0.500000001986822,0.406666668504477,0.303550420633258,0.241916944539517,-0.0933333334823451,0.0616334760937412,FALSE,TRUE,0.0933333295087019,-0.0933333334823451,0.0616334760937412,FALSE,TRUE,0.0933333295087019,-0.186666666222943,0.203041972286394
9,9,"Zeguo Township","chi.t1att8","9:5216::chi.t1att8","5216","9:5216",0.645000001788139,0.465000002086163,0.341930791375226,0.260395000427489,10,10,10,0.645000001788139,0.465000002086163,0.341930791375226,0.260395000427489,-0.179999999701977,0.0815357909477377,FALSE,TRUE,-0.110000003874302,-0.179999999701977,0.0815357909477377,FALSE,TRUE,-0.110000003874302,-0.279069766206141,0.238457000669069
9,9,"Zeguo Township","chi.t1att9","9:5201::chi.t1att9","5201","9:5201",0.7578125,0.84375,0.236593664544585,0.151794812942193,16,16,16,0.7578125,0.84375,0.236593664544585,0.151794812942193,0.0859375,0.084798851602392,TRUE,TRUE,0.0859375,0.0859375,0.084798851602392,TRUE,TRUE,0.0859375,0.354838709677419,0.35841556351739
9,9,"Zeguo Township","chi.t1att9","9:5202::chi.t1att9","5202","9:5202",0.821111114819845,0.963333336512248,0.198827582424884,0.0660537253784542,15,15,15,0.821111114819845,0.963333336512248,0.198827582424884,0.0660537253784542,0.142222221692403,0.13277385704643,TRUE,TRUE,0.142222221692403,0.142222221692403,0.13277385704643,TRUE,TRUE,0.142222221692403,0.795031069421524,0.667783893095371
9,9,"Zeguo Township","chi.t1att9","9:5203::chi.t1att9","5203","9:5203",0.859895832836628,0.883854161947966,0.180000483839134,0.167842208591906,16,16,16,0.859895832836628,0.883854161947966,0.180000483839134,0.167842208591906,0.0239583291113377,0.0121582752472281,TRUE,TRUE,0.0239583291113377,0.0239583291113377,0.0121582752472281,TRUE,TRUE,0.0239583291113377,0.171003686731177,0.0675457920329478
9,9,"Zeguo Township","chi.t1att9","9:5204::chi.t1att9","5204","9:5204",0.84880952324186,0.966071426868439,0.182013230160345,0.0676580365012897,14,14,14,0.84880952324186,0.966071426868439,0.182013230160345,0.0676580365012897,0.117261903626578,0.114355193659055,TRUE,TRUE,0.117261903626578,0.117261903626578,0.114355193659055,TRUE,TRUE,0.117261903626578,0.775590540759805,0.628279568239702
9,9,"Zeguo Township","chi.t1att9","9:5205::chi.t1att9","5205","9:5205",0.703333334128062,0.827777779102325,0.238459840319691,0.179025875008842,15,15,15,0.703333334128062,0.827777779102325,0.238459840319691,0.179025875008842,0.124444444974263,0.0594339653108493,TRUE,TRUE,0.124444444974263,0.124444444974263,0.0594339653108493,TRUE,TRUE,0.124444444974263,0.419475658340335,0.249240984272946
9,9,"Zeguo Township","chi.t1att9","9:5206::chi.t1att9","5206","9:5206",0.818749999627471,0.910416668280959,0.2537222900572,0.150508397197999,16,16,16,0.818749999627471,0.910416668280959,0.2537222900572,0.150508397197999,0.0916666686534882,0.103213892859202,TRUE,TRUE,0.0916666686534882,0.0916666686534882,0.103213892859202,TRUE,TRUE,0.0916666686534882,0.505747136359077,0.406798680699014
9,9,"Zeguo Township","chi.t1att9","9:5207::chi.t1att9","5207","9:5207",0.826041668653488,0.918749999254942,0.281741850156197,0.152342811875023,16,16,16,0.826041668653488,0.918749999254942,0.281741850156197,0.152342811875023,0.0927083306014538,0.129399038281175,TRUE,TRUE,0.0927083306014538,0.0927083306014538,0.129399038281175,TRUE,TRUE,0.0927083306014538,0.532934122119083,0.459282276344235
9,9,"Zeguo Township","chi.t1att9","9:5208::chi.t1att9","5208","9:5208",0.729444444179535,0.761111110448837,0.245654020830502,0.21221775413706,15,15,15,0.729444444179535,0.761111110448837,0.245654020830502,0.21221775413706,0.0316666662693024,0.0334362666934417,TRUE,TRUE,0.0316666662693024,0.0316666662693024,0.0334362666934417,TRUE,TRUE,0.0316666662693024,0.117043119566599,0.136111212755244
9,9,"Zeguo Township","chi.t1att9","9:5209::chi.t1att9","5209","9:5209",0.814285716840199,0.894047617912292,0.160142449648604,0.147247849933428,14,14,14,0.814285716840199,0.894047617912292,0.160142449648604,0.147247849933428,0.0797619010720934,0.0128945997151762,TRUE,TRUE,0.0797619010720934,0.0797619010720934,0.0128945997151762,TRUE,TRUE,0.0797619010720934,0.429487165526525,0.0805195608251928
9,9,"Zeguo Township","chi.t1att9","9:5210::chi.t1att9","5210","9:5210",0.728787882761522,0.906818178567019,0.30759740050095,0.171788721277081,11,11,11,0.728787882761522,0.906818178567019,0.30759740050095,0.171788721277081,0.178030295805498,0.135808679223869,TRUE,TRUE,0.178030295805498,0.178030295805498,0.135808679223869,TRUE,TRUE,0.178030295805498,0.656424563984192,0.441514391872923
9,9,"Zeguo Township","chi.t1att9","9:5211::chi.t1att9","5211","9:5211",0.803921573302325,0.87647058858591,0.192730686757322,0.160328310530725,17,17,17,0.803921573302325,0.87647058858591,0.192730686757322,0.160328310530725,0.0725490152835845,0.0324023762265971,TRUE,TRUE,0.0725490152835845,0.0725490152835845,0.0324023762265971,TRUE,TRUE,0.0725490152835845,0.369999986767768,0.168122558850199
9,9,"Zeguo Township","chi.t1att9","9:5212::chi.t1att9","5212","9:5212",0.685416663686434,0.974999999006589,0.27229210736518,0.0621581556149343,12,12,12,0.685416663686434,0.974999999006589,0.27229210736518,0.0621581556149343,0.289583335320155,0.210133951750245,TRUE,TRUE,0.289583335320155,0.289583335320155,0.210133951750245,TRUE,TRUE,0.289583335320155,0.920529798919509,0.77172252175649
9,9,"Zeguo Township","chi.t1att9","9:5213::chi.t1att9","5213","9:5213",0.767222223927577,0.813333331048489,0.295476254597376,0.268904303437096,15,15,15,0.767222223927577,0.813333331048489,0.295476254597376,0.268904303437096,0.0461111071209113,0.0265719511602798,TRUE,TRUE,0.0461111071209113,0.0461111071209113,0.0265719511602798,TRUE,TRUE,0.0461111071209113,0.198090676433669,0.0899292269576367
9,9,"Zeguo Township","chi.t1att9","9:5214::chi.t1att9","5214","9:5214",0.704166665673256,0.96614583209157,0.225995738338917,0.0612726744120965,16,16,16,0.704166665673256,0.96614583209157,0.225995738338917,0.0612726744120965,0.261979166418314,0.164723063926821,TRUE,TRUE,0.261979166418314,0.261979166418314,0.164723063926821,TRUE,TRUE,0.261979166418314,0.885563376468459,0.728876859083917
9,9,"Zeguo Township","chi.t1att9","9:5215::chi.t1att9","5215","9:5215",0.745000000794729,0.95,0.243706497792371,0.0876274645046576,15,15,15,0.745000000794729,0.95,0.243706497792371,0.0876274645046576,0.204999999205271,0.156079033287713,TRUE,TRUE,0.204999999205271,0.204999999205271,0.156079033287713,TRUE,TRUE,0.204999999205271,0.803921568016356,0.640438538576378
9,9,"Zeguo Township","chi.t1att9","9:5216::chi.t1att9","5216","9:5216",0.775,0.967500001192093,0.299304749934466,0.0799739533895055,10,10,10,0.775,0.967500001192093,0.299304749934466,0.0799739533895055,0.192500001192093,0.219330796544961,TRUE,TRUE,0.192500001192093,0.192500001192093,0.219330796544961,TRUE,TRUE,0.192500001192093,0.855555560853746,0.732800921445396
16,16,"By the People 2004 US Presidential Primaries","btp04pr.t1trade","16:9501::btp04pr.t1trade","9501","16:9501",0.486083333690961,0.738071428877967,0.31353452941437,0.24209866519256,12,14,12,0.486083333690961,0.75,0.31353452941437,0.251279633902885,-0.251988095187006,0.0714358642218102,FALSE,TRUE,0.224154762568928,-0.263916666309039,0.0622548955114859,FALSE,TRUE,0.236083333690961,-0.490328708342521,0.227840500870001
16,16,"By the People 2004 US Presidential Primaries","btp04pr.t1trade","16:9502::btp04pr.t1trade","9502","16:9502",0.714285714285714,0.722266666094462,0.280586865943127,0.224168134556382,14,15,13,0.769230769230769,0.743615384285267,0.198751585311639,0.231865097094097,0.0079809518087478,0.0564187313867449,TRUE,TRUE,0.0079809518087478,-0.0256153849455026,-0.0331135117824583,FALSE,FALSE,-0.0256153849455026,0.0279333313306173,0.201074028169873
16,16,"By the People 2004 US Presidential Primaries","btp04pr.t1trade","16:9503::btp04pr.t1trade","9503","16:9503",0.622200000286102,0.708499997854233,0.255620589427572,0.231676787169706,15,16,15,0.622200000286102,0.689066664377849,0.255620589427572,0.225906892593594,0.0862999975681308,0.023943802257866,TRUE,TRUE,0.0862999975681308,0.0668666640917464,0.029713696833978,TRUE,TRUE,0.0668666640917464,0.228427733280795,0.093669302271327
16,16,"By the People 2004 US Presidential Primaries","btp04pr.t1trade","16:9504::btp04pr.t1trade","9504","16:9504",0.576999999009646,0.555533333619436,0.29356231600408,0.325243177153563,13,15,13,0.576999999009646,0.551230769891005,0.29356231600408,0.349429811189932,-0.0214666653902105,-0.0316808611494833,FALSE,FALSE,-0.0214666653902105,-0.0257692291186408,-0.0558674951858518,FALSE,FALSE,-0.0257692291186408,-0.037203926216734,-0.153464525159609
16,16,"By the People 2004 US Presidential Primaries","btp04pr.t1trade","16:9505::btp04pr.t1trade","9505","16:9505",0.681727273897691,0.756307693628164,0.273303894696529,0.221648891241642,11,13,11,0.681727273897691,0.712000001560558,0.273303894696529,0.21193678400745,0.0745804197304732,0.0516550034548868,TRUE,TRUE,0.0745804197304732,0.0302727276628667,0.0613671106890788,TRUE,TRUE,0.0302727276628667,0.234328654684974,0.189002075920812
16,16,"By the People 2004 US Presidential Primaries","btp04pr.t1trade","16:9506::btp04pr.t1trade","9506","16:9506",0.588866666952769,0.711133333047231,0.273627449093262,0.324013419128332,15,15,15,0.588866666952769,0.711133333047231,0.273627449093262,0.324013419128332,0.122266666094462,-0.0503859700350693,TRUE,FALSE,0.122266666094462,0.122266666094462,-0.0503859700350693,TRUE,FALSE,0.122266666094462,0.297389329121646,-0.222579857112745
16,16,"By the People 2004 US Presidential Primaries","btp04pr.t1trade","16:9507::btp04pr.t1trade","9507","16:9507",0.729125000536442,0.733399999141693,0.250780747853427,0.238130778659714,8,10,8,0.729125000536442,0.75,0.250780747853427,0.267083188903998,0.00427499860525138,0.0126499691937132,TRUE,TRUE,0.00427499860525138,0.0208749994635582,-0.0163024410505715,TRUE,FALSE,0.0208749994635582,0.0157821822379976,0.0504423457621502
16,16,"By the People 2004 US Presidential Primaries","btp04pr.t1trade","16:9508::btp04pr.t1trade","9508","16:9508",0.520874999463558,0.666666666666667,0.287645834752604,0.322555036555282,8,9,8,0.520874999463558,0.645874999463558,0.287645834752604,0.338317029310702,0.145791667203108,-0.0349092018026783,TRUE,FALSE,0.145791667203108,0.125,-0.0506711945580982,TRUE,FALSE,0.125,0.304287330111925,-0.1643914154545
16,16,"By the People 2004 US Presidential Primaries","btp04pr.t1trade","16:9509::btp04pr.t1trade","9509","16:9509",0.555555555555556,0.614105262254414,0.318298273265569,0.314511066042027,18,19,18,0.555555555555556,0.629722221030129,0.318298273265569,0.315957891521717,0.0585497066988583,0.00378720722354198,TRUE,TRUE,0.0585497066988583,0.0741666654745738,0.00234038174385148,TRUE,TRUE,0.0741666654745738,0.131736840072431,0.011898296477349
16,16,"By the People 2004 US Presidential Primaries","btp04pr.t1trade","16:9510::btp04pr.t1trade","9510","16:9510",0.611222220791711,0.729125000536442,0.220416525694448,0.280931834680351,9,8,7,0.595285713672638,0.690428572041648,0.251882059778735,0.279464878465949,0.117902779744731,-0.0605153089859031,TRUE,FALSE,0.117902779744731,0.0951428583690097,-0.0275828186872143,TRUE,FALSE,0.0951428583690097,0.303265222577353,-0.216448089917385
16,16,"By the People 2004 US Presidential Primaries","btp04pr.t1trade","16:9511::btp04pr.t1trade","9511","16:9511",0.651545454155315,0.576923076923077,0.174016875615458,0.221624857087995,11,13,11,0.651545454155315,0.575727273117412,0.174016875615458,0.239867502358271,-0.0746223772322382,-0.0476079814725369,FALSE,FALSE,-0.0746223772322382,-0.0758181810379028,-0.0658506267428124,FALSE,FALSE,-0.0758181810379028,-0.114531345060156,-0.146044313068111
16,16,"By the People 2004 US Presidential Primaries","btp04pr.t1trade","16:9512::btp04pr.t1trade","9512","16:9512",0.555555555555556,0.5625,0.300532073561526,0.307827873646956,9,8,8,0.520874999463558,0.5625,0.301415438985632,0.307827873646956,0.00694444444444442,-0.00729580008543046,TRUE,FALSE,0.00694444444444442,0.0416250005364418,-0.00641243466132385,TRUE,FALSE,0.0416250005364418,0.0156249999999999,-0.0365763068564351
16,16,"By the People 2004 US Presidential Primaries","btp04pr.t1trade","16:9513::btp04pr.t1trade","9513","16:9513",0.627529410754933,0.666611111826367,0.266948524958249,0.297077359053944,17,18,14,0.583428570202419,0.690428572041648,0.267530793335674,0.298541509750947,0.0390817010714336,-0.0301288340956952,TRUE,FALSE,0.0390817010714336,0.107000001839229,-0.0310107164152727,TRUE,FALSE,0.107000001839229,0.104925602718447,-0.129279739981468
16,16,"By the People 2004 US Presidential Primaries","btp04pr.t1trade","16:9514::btp04pr.t1trade","9514","16:9514",0.499875001609325,0.458374999463558,0.321257545131604,0.231326571986899,8,8,7,0.4284285732678,0.476285713059562,0.269749177710608,0.243796170090733,0.041500002145767,0.0899309731447047,TRUE,TRUE,0.041500002145767,-0.0478571397917614,0.0259530076198743,FALSE,TRUE,-0.0478571397917614,0.0830207592141227,0.279934197678888
16,16,"By the People 2004 US Presidential Primaries","btp04pr.t1trade","16:9515::btp04pr.t1trade","9515","16:9515",0.564230767580179,0.513999998569489,0.284983962225175,0.358530080487109,13,12,12,0.555666665236155,0.513999998569489,0.295903648978873,0.358530080487109,-0.0502307690106906,-0.0735461182619337,FALSE,FALSE,-0.0502307690106906,-0.0416666666666667,-0.0626264315082363,FALSE,FALSE,-0.0416666666666667,-0.0890252214109409,-0.342049453720074
16,16,"By the People 2004 US Presidential Primaries","btp04pr.t1trade","16:9516::btp04pr.t1trade","9516","16:9516",0.703666667143504,0.520874999463558,0.182045325386171,0.139365330804795,9,8,8,0.666625000536442,0.520874999463558,0.154149222359183,0.139365330804795,-0.182791667679946,0.042679994581376,FALSE,TRUE,-0.182791667679946,-0.145750001072884,0.0147838915543882,FALSE,TRUE,-0.145750001072884,-0.259770252329812,0.234447077895789
16,16,"By the People 2004 US Presidential Primaries","btp04pr.t1mindex","16:9501::btp04pr.t1mindex","9501","16:9501",0.708285713834422,0.792666663016592,0.239143692784393,0.217938406162992,14,14,14,0.708285713834422,0.792666663016592,0.239143692784393,0.217938406162992,0.0843809491821699,0.0212052866214018,TRUE,TRUE,0.0843809491821699,0.0843809491821699,0.0212052866214018,TRUE,TRUE,0.0843809491821699,0.289258885093735,0.0886717369565755
16,16,"By the People 2004 US Presidential Primaries","btp04pr.t1mindex","16:9502::btp04pr.t1mindex","9502","16:9502",0.695322913117707,0.727416671812534,0.263591268494024,0.227093894065541,16,16,16,0.695322913117707,0.727416671812534,0.263591268494024,0.227093894065541,0.0320937586948273,0.0364973744284824,TRUE,TRUE,0.0320937586948273,0.0320937586948273,0.0364973744284824,TRUE,TRUE,0.0320937586948273,0.105336961906906,0.138462000797685
16,16,"By the People 2004 US Presidential Primaries","btp04pr.t1mindex","16:9503::btp04pr.t1mindex","9503","16:9503",0.571187506429851,0.656177085358649,0.291420633974138,0.272511044723492,16,16,16,0.571187506429851,0.656177085358649,0.291420633974138,0.272511044723492,0.0849895789287982,0.0189095892506468,TRUE,TRUE,0.0849895789287982,0.0849895789287982,0.0189095892506468,TRUE,TRUE,0.0849895789287982,0.198197534361006,0.0648876127704975
16,16,"By the People 2004 US Presidential Primaries","btp04pr.t1mindex","16:9504::btp04pr.t1mindex","9504","16:9504",0.569455558558305,0.618533333390951,0.316238937976873,0.326350912611059,15,15,15,0.569455558558305,0.618533333390951,0.316238937976873,0.326350912611059,0.0490777748326461,-0.0101119746341862,TRUE,FALSE,0.0490777748326461,0.0490777748326461,-0.0101119746341862,TRUE,FALSE,0.0490777748326461,0.113990032407124,-0.0550278417138967
16,16,"By the People 2004 US Presidential Primaries","btp04pr.t1mindex","16:9505::btp04pr.t1mindex","9505","16:9505",0.680538458319811,0.747871802403377,0.266274798158647,0.201071551560706,13,13,13,0.680538458319811,0.747871802403377,0.266274798158647,0.201071551560706,0.0673333440835661,0.0652032465979407,TRUE,TRUE,0.0673333440835661,0.0673333440835661,0.0652032465979407,TRUE,TRUE,0.0673333440835661,0.210771361489807,0.244872015860444
16,16,"By the People 2004 US Presidential Primaries","btp04pr.t1mindex","16:9506::btp04pr.t1mindex","9506","16:9506",0.545333328843117,0.640711107850075,0.24778680193298,0.273635744974973,15,15,15,0.545333328843117,0.640711107850075,0.24778680193298,0.273635744974973,0.095377779006958,-0.0258489430419929,TRUE,FALSE,0.095377779006958,0.095377779006958,-0.0258489430419929,TRUE,FALSE,0.095377779006958,0.209775171697263,-0.102488463094323
16,16,"By the People 2004 US Presidential Primaries","btp04pr.t1mindex","16:9507::btp04pr.t1mindex","9507","16:9507",0.628787879239429,0.641393939202482,0.307128466135637,0.268563662173121,11,11,11,0.628787879239429,0.641393939202482,0.307128466135637,0.268563662173121,0.0126060599630531,0.0385648039625159,TRUE,TRUE,0.0126060599630531,0.0126060599630531,0.0385648039625159,TRUE,TRUE,0.0126060599630531,0.0339591819825945,0.125565710166001
16,16,"By the People 2004 US Presidential Primaries","btp04pr.t1mindex","16:9508::btp04pr.t1mindex","9508","16:9508",0.529166670143604,0.577799998223781,0.264479377846474,0.161859501190462,10,10,10,0.529166670143604,0.577799998223781,0.264479377846474,0.161859501190462,0.0486333280801772,0.102619876656012,TRUE,TRUE,0.0486333280801772,0.0486333280801772,0.102619876656012,TRUE,TRUE,0.0486333280801772,0.103292025003859,0.388007100937682
16,16,"By the People 2004 US Presidential Primaries","btp04pr.t1mindex","16:9509::btp04pr.t1mindex","9509","16:9509",0.622824566144692,0.565771929527584,0.251754273819117,0.24606139555701,19,19,19,0.622824566144692,0.565771929527584,0.251754273819117,0.24606139555701,-0.0570526366171084,0.00569287826210738,FALSE,TRUE,-0.0570526366171084,-0.0570526366171084,0.00569287826210738,FALSE,TRUE,-0.0570526366171084,-0.09160306082701,0.0226128366194
16,16,"By the People 2004 US Presidential Primaries","btp04pr.t1mindex","16:9510::btp04pr.t1mindex","9510","16:9510",0.672166664898395,0.652699994295835,0.20731976961326,0.286661641637292,10,10,10,0.672166664898395,0.652699994295835,0.20731976961326,0.286661641637292,-0.0194666706025601,-0.0793418720240318,FALSE,FALSE,-0.0194666706025601,-0.0194666706025601,-0.0793418720240318,FALSE,FALSE,-0.0194666706025601,-0.0289610770946261,-0.271087226900127
16,16,"By the People 2004 US Presidential Primaries","btp04pr.t1mindex","16:9511::btp04pr.t1mindex","9511","16:9511",0.763880951063973,0.698380953499249,0.159262920891391,0.18643437192615,14,14,14,0.763880951063973,0.698380953499249,0.159262920891391,0.18643437192615,-0.0654999975647246,-0.0271714510347589,FALSE,FALSE,-0.0654999975647246,-0.0654999975647246,-0.0271714510347589,FALSE,FALSE,-0.0654999975647246,-0.0857463423763778,-0.079743158877341
16,16,"By the People 2004 US Presidential Primaries","btp04pr.t1mindex","16:9512::btp04pr.t1mindex","9512","16:9512",0.6296666773657,0.574074081248707,0.326265361127841,0.300760371256207,9,9,9,0.6296666773657,0.574074081248707,0.326265361127841,0.300760371256207,-0.0555925961169933,0.0255049898716341,FALSE,TRUE,-0.0555925961169933,-0.0555925961169933,0.0255049898716341,FALSE,TRUE,-0.0555925961169933,-0.0882889282780102,0.0781725334968687
16,16,"By the People 2004 US Presidential Primaries","btp04pr.t1mindex","16:9513::btp04pr.t1mindex","9513","16:9513",0.641523807886101,0.656079361836115,0.26186734477738,0.285497010822396,21,21,21,0.641523807886101,0.656079361836115,0.26186734477738,0.285497010822396,0.0145555539500146,-0.0236296660450155,TRUE,FALSE,0.0145555539500146,0.0145555539500146,-0.0236296660450155,TRUE,FALSE,0.0145555539500146,0.040603962746262,-0.0992290033591787
16,16,"By the People 2004 US Presidential Primaries","btp04pr.t1mindex","16:9514::btp04pr.t1mindex","9514","16:9514",0.543000003695488,0.568000000715256,0.23154500097308,0.233714237126186,10,10,10,0.543000003695488,0.568000000715256,0.23154500097308,0.233714237126186,0.0249999970197677,-0.00216923615310524,TRUE,FALSE,0.0249999970197677,0.0249999970197677,-0.00216923615310524,TRUE,FALSE,0.0249999970197677,0.0547045891070632,-0.00808044611189274
16,16,"By the People 2004 US Presidential Primaries","btp04pr.t1mindex","16:9515::btp04pr.t1mindex","9515","16:9515",0.658128208265855,0.64102564408229,0.26748473351957,0.275331266347887,13,13,13,0.658128208265855,0.64102564408229,0.26748473351957,0.275331266347887,-0.0171025641835653,-0.00784653282831765,FALSE,FALSE,-0.0171025641835653,-0.0171025641835653,-0.00784653282831765,FALSE,FALSE,-0.0171025641835653,-0.0259866754969065,-0.0337463124339754
16,16,"By the People 2004 US Presidential Primaries","btp04pr.t1mindex","16:9516::btp04pr.t1mindex","9516","16:9516",0.693181820213795,0.732333331622861,0.280570861943709,0.269397850374621,11,11,11,0.693181820213795,0.732333331622861,0.280570861943709,0.269397850374621,0.0391515114090659,0.0111730115690877,TRUE,TRUE,0.0391515114090659,0.0391515114090659,0.0111730115690877,TRUE,TRUE,0.0391515114090659,0.127604926919087,0.0398224230830118
16,16,"By the People 2004 US Presidential Primaries","btp04pr.t1services","16:9501::btp04pr.t1services","9501","16:9501",0.583357142550605,0.58328571489879,0.28300138905733,0.242388572107105,14,14,14,0.583357142550605,0.58328571489879,0.28300138905733,0.242388572107105,-7.14276518141155e-05,0.0406128169502247,FALSE,TRUE,-7.14276518141155e-05,-7.14276518141155e-05,0.0406128169502247,FALSE,TRUE,-7.14276518141155e-05,-0.00012244240552505,0.143507482721215
16,16,"By the People 2004 US Presidential Primaries","btp04pr.t1services","16:9502::btp04pr.t1services","9502","16:9502",0.5,0.466666666666667,0.304205195001739,0.322318093505641,16,15,15,0.488866666952769,0.466666666666667,0.311489938481504,0.322318093505641,NA,-0.0181128985039022,NA,FALSE,0.0333333333333333,0.0222000002861023,-0.0108281550241374,TRUE,FALSE,0.0222000002861023,NA,-0.0925095969939709
16,16,"By the People 2004 US Presidential Primaries","btp04pr.t1services","16:9503::btp04pr.t1services","9503","16:9503",0.541625000536442,0.566666666666667,0.268721386336341,0.273106904260394,16,15,15,0.544400000572205,0.566666666666667,0.277915660648313,0.273106904260394,0.0250416661302248,-0.00438551792405367,TRUE,FALSE,0.0250416661302248,0.0222666660944622,0.00480875638791883,TRUE,TRUE,0.0222666660944622,0.0546313960393377,-0.0189620555683172
16,16,"By the People 2004 US Presidential Primaries","btp04pr.t1services","16:9504::btp04pr.t1services","9504","16:9504",0.50006666580836,0.522266666094462,0.274483793864197,0.280745555434604,15,15,15,0.50006666580836,0.522266666094462,0.274483793864197,0.280745555434604,0.0222000002861023,-0.0062617615704072,TRUE,FALSE,0.0222000002861023,0.0222000002861023,-0.0062617615704072,TRUE,FALSE,0.0222000002861023,0.0444059212854814,-0.0277663484930942
16,16,"By the People 2004 US Presidential Primaries","btp04pr.t1services","16:9505::btp04pr.t1services","9505","16:9505",0.486083333690961,0.49991666773955,0.206732350881473,0.256274872636515,12,12,11,0.484818182208321,0.499909092079509,0.216773991433155,0.268783352575624,-0.0138333340485889,-0.0495425217550421,FALSE,FALSE,-0.0138333340485889,-0.0150909098711879,-0.0520093611424692,FALSE,FALSE,-0.0150909098711879,-0.0269174653313742,-0.168932788542998
16,16,"By the People 2004 US Presidential Primaries","btp04pr.t1services","16:9506::btp04pr.t1services","9506","16:9506",0.588933332761129,0.607285712446485,0.234593102440323,0.258210835321832,15,14,14,0.595285713672638,0.607285712446485,0.242106279252384,0.258210835321832,0.0183523796853566,-0.023617732881509,TRUE,FALSE,0.0183523796853566,0.0119999987738474,-0.0161045560694482,TRUE,FALSE,0.0119999987738474,0.04464575006441,-0.0889868842847182
16,16,"By the People 2004 US Presidential Primaries","btp04pr.t1services","16:9507::btp04pr.t1services","9507","16:9507",0.566699999570847,0.616799998283386,0.274460298221227,0.222838158509923,10,10,10,0.566699999570847,0.616799998283386,0.274460298221227,0.222838158509923,0.0500999987125398,0.0516221397113035,TRUE,TRUE,0.0500999987125398,0.0500999987125398,0.0516221397113035,TRUE,TRUE,0.0500999987125398,0.115624275704868,0.188086000218851
16,16,"By the People 2004 US Presidential Primaries","btp04pr.t1services","16:9508::btp04pr.t1services","9508","16:9508",0.592555556032393,0.583300000429153,0.277741837024243,0.274929910980959,9,10,9,0.592555556032393,0.574000000953674,0.277741837024243,0.289934045182268,-0.00925555560323921,0.00281192604328379,FALSE,TRUE,-0.00925555560323921,-0.0185555550787184,-0.0121922081580259,FALSE,FALSE,-0.0185555550787184,-0.0156197263007914,0.0101242436984326
16,16,"By the People 2004 US Presidential Primaries","btp04pr.t1services","16:9509::btp04pr.t1services","9509","16:9509",0.499941177227918,0.509222222699059,0.306084236161677,0.288519253197759,17,18,16,0.499937500804663,0.499937500804663,0.316122439396559,0.304278265068961,-0.00928104547114161,0.0175649829639186,FALSE,TRUE,0.00916339992697712,0,0.0118441743275979,FALSE,TRUE,0,-0.0185599074518714,0.0573861077727655
16,16,"By the People 2004 US Presidential Primaries","btp04pr.t1services","16:9510::btp04pr.t1services","9510","16:9510",0.6,0.633399999141693,0.306332426287748,0.312188761985281,10,10,10,0.6,0.633399999141693,0.306332426287748,0.312188761985281,0.0333999991416932,-0.00585633569753308,TRUE,FALSE,0.0333999991416932,0.0333999991416932,-0.00585633569753308,TRUE,FALSE,0.0333999991416932,0.0834999978542331,-0.0302391132665002
16,16,"By the People 2004 US Presidential Primaries","btp04pr.t1services","16:9511::btp04pr.t1services","9511","16:9511",0.597333331902822,0.576923076923077,0.218554479816076,0.211075207241288,12,13,12,0.597333331902822,0.583333333333333,0.218554479816076,0.219135213744884,-0.0204102549797451,0.0074792725747875,FALSE,TRUE,-0.0204102549797451,-0.0139999985694886,-0.000580733928808502,FALSE,FALSE,-0.0139999985694886,-0.0341689537309557,0.0342215477856216
16,16,"By the People 2004 US Presidential Primaries","btp04pr.t1services","16:9512::btp04pr.t1services","9512","16:9512",0.357142857142857,0.407444443967607,0.29537458179325,0.301733786400367,7,9,7,0.357142857142857,0.380999999386924,0.29537458179325,0.343102997265355,-0.0503015868247502,-0.00635920460711659,FALSE,FALSE,-0.0503015868247502,-0.0238571422440665,-0.0477284154721047,FALSE,FALSE,-0.0238571422440665,-0.0782469128385003,-0.0310772955913589
16,16,"By the People 2004 US Presidential Primaries","btp04pr.t1services","16:9513::btp04pr.t1services","9513","16:9513",0.555523809932527,0.484142856938498,0.285495116542425,0.306879338885132,21,21,21,0.555523809932527,0.484142856938498,0.285495116542425,0.306879338885132,-0.0713809529940286,-0.0213842223427069,FALSE,FALSE,-0.0396666668710254,-0.0713809529940286,-0.0213842223427069,FALSE,FALSE,-0.0396666668710254,-0.128493057755163,-0.0996910746180575
16,16,"By the People 2004 US Presidential Primaries","btp04pr.t1services","16:9514::btp04pr.t1services","9514","16:9514",0.520750001072883,0.518555555078718,0.287821745338186,0.211578655861995,8,9,8,0.520750001072883,0.520874999463558,0.287821745338186,0.226064742221159,-0.00219444599416507,0.0762430894761911,FALSE,TRUE,-0.00219444599416507,0.000124998390674702,0.061757003117027,TRUE,TRUE,0.000124998390674702,-0.00421401054180304,0.264896904806851
16,16,"By the People 2004 US Presidential Primaries","btp04pr.t1services","16:9515::btp04pr.t1services","9515","16:9515",0.576846154836508,0.555666665236155,0.33757143604107,0.371474540211278,13,12,12,0.583250001072883,0.555666665236155,0.351756146253387,0.371474540211278,-0.0211794896003524,-0.0339031041702086,FALSE,FALSE,-0.0211794896003524,-0.0275833358367281,-0.0197183939578915,FALSE,FALSE,-0.0275833358367281,-0.0367160107123453,-0.20872624459563
16,16,"By the People 2004 US Presidential Primaries","btp04pr.t1services","16:9516::btp04pr.t1services","9516","16:9516",0.69690909168937,0.727363635193218,0.266759613828899,0.300634087959707,11,11,11,0.69690909168937,0.727363635193218,0.266759613828899,0.300634087959707,0.0304545435038482,-0.0338744741308085,TRUE,FALSE,0.0304545435038482,0.0304545435038482,-0.0338744741308085,TRUE,FALSE,0.0304545435038482,0.100479897841859,-0.145234171006554
14,14,"By the People: National","btp03.olt1usseca","14:9301::btp03.olt1usseca","9301","14:9301",0.804642851863589,0.815357138003622,0.141794327263763,0.185963849786712,14,14,14,0.804642851863589,0.815357138003622,0.141794327263763,0.185963849786712,0.0107142861400332,-0.0441695225229498,TRUE,FALSE,0.0107142861400332,0.0107142861400332,-0.0441695225229498,TRUE,FALSE,0.0107142861400332,0.0548446076442096,-0.123307713653864
14,14,"By the People: National","btp03.olt1usseca","14:9302::btp03.olt1usseca","9302","14:9302",0.809500002861023,0.798374992609024,0.150507470190899,0.155652798923817,10,10,10,0.809500002861023,0.798374992609024,0.150507470190899,0.155652798923817,-0.011125010251999,-0.00514532873291795,FALSE,FALSE,-0.011125010251999,-0.011125010251999,-0.00514532873291795,FALSE,FALSE,-0.011125010251999,-0.013743063882248,-0.0147222852967084
14,14,"By the People: National","btp03.olt1usseca","14:9303::btp03.olt1usseca","9303","14:9303",0.850882358410779,0.811764703077429,0.113595161315405,0.130993093323869,17,17,17,0.850882358410779,0.811764703077429,0.113595161315405,0.130993093323869,-0.0391176553333507,-0.0173979320084641,FALSE,FALSE,-0.0391176553333507,-0.0391176553333507,-0.0173979320084641,FALSE,FALSE,-0.0391176553333507,-0.0459730477975968,-0.0450251401294309
14,14,"By the People: National","btp03.olt1usseca","14:9304::btp03.olt1usseca","9304","14:9304",0.786363631486893,0.761818178675392,0.146374360175313,0.164031597488236,11,11,11,0.786363631486893,0.761818178675392,0.146374360175313,0.164031597488236,-0.0245454528115011,-0.017657237312923,FALSE,FALSE,-0.0245454528115011,-0.0245454528115011,-0.017657237312923,FALSE,FALSE,-0.0245454528115011,-0.0312138708209196,-0.049932005274495
14,14,"By the People: National","btp03.olt1usseca","14:9305::btp03.olt1usseca","9305","14:9305",0.82000000278155,0.809166669845581,0.0724255093347905,0.0800804588276656,12,12,12,0.82000000278155,0.809166669845581,0.0724255093347905,0.0800804588276656,-0.0108333329359688,-0.00765494949287512,FALSE,FALSE,-0.0108333329359688,-0.0108333329359688,-0.00765494949287512,FALSE,FALSE,-0.0108333329359688,-0.0132113815844154,-0.0179031950221487
14,14,"By the People: National","btp03.olt1usseca","14:9306::btp03.olt1usseca","9306","14:9306",0.781960781882791,0.808529408539043,0.119462382555256,0.102114588595676,17,17,17,0.781960781882791,0.808529408539043,0.119462382555256,0.102114588595676,0.0265686266562519,0.0173477939595805,TRUE,TRUE,0.0265686266562519,0.0265686266562519,0.0173477939595805,TRUE,TRUE,0.0265686266562519,0.121852512982181,0.145215536376536
14,14,"By the People: National","btp03.olt1usseca","14:9307::btp03.olt1usseca","9307","14:9307",0.751388885908657,0.770294112317702,0.150819382125006,0.145499886619705,18,17,17,0.765882350066129,0.770294112317702,0.141953282018412,0.145499886619705,0.0189052264090457,0.00531949550530056,TRUE,TRUE,0.0189052264090457,0.00441176225157336,-0.00354660460129316,TRUE,FALSE,0.00441176225157336,0.0760433678845895,0.0352706358450104
14,14,"By the People: National","btp03.olt1usseca","14:9308::btp03.olt1usseca","9308","14:9308",0.803571432828903,0.78785713655608,0.12788860378832,0.170606540127725,14,14,14,0.803571432828903,0.78785713655608,0.12788860378832,0.170606540127725,-0.0157142962728227,-0.0427179363394045,FALSE,FALSE,-0.0157142962728227,-0.0157142962728227,-0.0427179363394045,FALSE,FALSE,-0.0157142962728227,-0.0195555685914592,-0.114798785455912
14,14,"By the People: National","btp03.olt1usseca","14:9309::btp03.olt1usseca","9309","14:9309",0.804166659712792,0.799166669448217,0.0916225789314972,0.0791096311005515,12,12,12,0.804166659712792,0.799166669448217,0.0916225789314972,0.0791096311005515,-0.00499999026457476,0.0125129478309457,FALSE,TRUE,-0.00499999026457476,-0.00499999026457476,0.0125129478309457,FALSE,TRUE,-0.00499999026457476,-0.00621760452784813,0.136570570015292
14,14,"By the People: National","btp03.olt1usseca","14:9310::btp03.olt1usseca","9310","14:9310",0.715000005231963,0.741944438881344,0.137070183943754,0.168104823814177,18,18,18,0.715000005231963,0.741944438881344,0.137070183943754,0.168104823814177,0.0269444336493811,-0.031034639870423,TRUE,FALSE,0.0269444336493811,0.0269444336493811,-0.031034639870423,TRUE,FALSE,0.0269444336493811,0.0945418741895465,-0.0855114088108244
14,14,"By the People: National","btp03.olt1usseca","14:9311::btp03.olt1usseca","9311","14:9311",0.88404761609577,0.863809520290011,0.109597208110464,0.108511572676933,21,21,21,0.88404761609577,0.863809520290011,0.109597208110464,0.108511572676933,-0.0202380958057585,0.00108563543353167,FALSE,TRUE,-0.0202380958057585,-0.0202380958057585,0.00108563543353167,FALSE,TRUE,-0.0202380958057585,-0.0228925404438465,0.00990568511961952
14,14,"By the People: National","btp03.olt1usseca","14:9312::btp03.olt1usseca","9312","14:9312",0.794782611338989,0.821956523086714,0.153596862223606,0.141491558090355,23,23,23,0.794782611338989,0.821956523086714,0.153596862223606,0.141491558090355,0.0271739117477249,0.0121053041332501,TRUE,TRUE,0.0271739117477249,0.0271739117477249,0.0121053041332501,TRUE,TRUE,0.0271739117477249,0.132415249628832,0.0788121837777342
14,14,"By the People: National","btp03.olt1usseca","14:9313::btp03.olt1usseca","9313","14:9313",0.792857143140974,0.762619044099535,0.134281149245361,0.161040518849415,21,21,21,0.792857143140974,0.762619044099535,0.134281149245361,0.161040518849415,-0.0302380990414393,-0.0267593696040541,FALSE,FALSE,-0.0302380990414393,-0.0302380990414393,-0.0267593696040541,FALSE,FALSE,-0.0302380990414393,-0.0381381429214957,-0.0731692379237159
14,14,"By the People: National","btp03.olt1usseca","14:9314::btp03.olt1usseca","9314","14:9314",0.815999999642372,0.80700000077486,0.149187264314053,0.12306823157199,20,20,20,0.815999999642372,0.80700000077486,0.149187264314053,0.12306823157199,-0.00899999886751179,0.0261190327420627,FALSE,TRUE,-0.00899999886751179,-0.00899999886751179,0.0261190327420627,FALSE,TRUE,-0.00899999886751179,-0.0110294103816865,0.175075485579519
14,14,"By the People: National","btp03.olt1usseca","14:9315::btp03.olt1usseca","9315","14:9315",0.831470587674309,0.805882350486868,0.155209178577072,0.163346211132972,17,17,17,0.831470587674309,0.805882350486868,0.155209178577072,0.163346211132972,-0.0255882371874415,-0.00813703255589937,FALSE,FALSE,-0.0255882371874415,-0.0255882371874415,-0.00813703255589937,FALSE,FALSE,-0.0255882371874415,-0.0307746750958611,-0.0235999105843897
14,14,"By the People: National","btp03.olt1humrh2","14:9301::btp03.olt1humrh2","9301","14:9301",0.628571438470057,0.657142862677574,0.205421034643563,0.220887314542568,14,14,14,0.628571438470057,0.657142862677574,0.205421034643563,0.220887314542568,0.028571424207517,-0.0154662798990054,TRUE,FALSE,0.028571424207517,0.028571424207517,-0.0154662798990054,TRUE,FALSE,0.028571424207517,0.0769230672240958,-0.052503001632487
14,14,"By the People: National","btp03.olt1humrh2","14:9302::btp03.olt1humrh2","9302","14:9302",0.590000005066395,0.622222221559948,0.213177026334995,0.148136573733694,10,9,9,0.577777784731653,0.622222221559948,0.222361069187395,0.148136573733694,0.0322222164935535,0.0650404526013006,TRUE,TRUE,0.0322222164935535,0.0444444368282954,0.0742244954537009,TRUE,TRUE,0.0444444368282954,0.0785907729066473,0.305100665486784
14,14,"By the People: National","btp03.olt1humrh2","14:9303::btp03.olt1humrh2","9303","14:9303",0.564705885070212,0.564705889014637,0.237015761072806,0.214887110694905,17,17,17,0.564705885070212,0.564705889014637,0.237015761072806,0.214887110694905,3.9444250088394e-09,0.0221286503779011,TRUE,TRUE,3.9444250088394e-09,3.9444250088394e-09,0.0221286503779011,TRUE,TRUE,3.9444250088394e-09,9.06151696876404e-09,0.093363623911507
14,14,"By the People: National","btp03.olt1humrh2","14:9304::btp03.olt1humrh2","9304","14:9304",0.609090906652537,0.627272729169239,0.207145086605362,0.200454031596482,11,11,11,0.609090906652537,0.627272729169239,0.207145086605362,0.200454031596482,0.0181818225167014,0.00669105500887979,TRUE,TRUE,0.0181818225167014,0.0181818225167014,0.00669105500887979,TRUE,TRUE,0.0181818225167014,0.0465116387060875,0.0323012972140976
14,14,"By the People: National","btp03.olt1humrh2","14:9305::btp03.olt1humrh2","9305","14:9305",0.558333339790503,0.675000006953875,0.223437337699487,0.154478587271068,12,12,12,0.558333339790503,0.675000006953875,0.223437337699487,0.154478587271068,0.116666667163372,0.0689587504284196,TRUE,TRUE,0.116666667163372,0.116666667163372,0.0689587504284196,TRUE,TRUE,0.116666667163372,0.264150948382731,0.308626799524285
14,14,"By the People: National","btp03.olt1humrh2","14:9306::btp03.olt1humrh2","9306","14:9306",0.52352941343013,0.629411762251573,0.225081680279002,0.140377632388907,17,17,17,0.52352941343013,0.629411762251573,0.225081680279002,0.140377632388907,0.105882348821444,0.0847040478900955,TRUE,TRUE,0.105882348821444,0.105882348821444,0.0847040478900955,TRUE,TRUE,0.105882348821444,0.22222221435261,0.376325819965
14,14,"By the People: National","btp03.olt1humrh2","14:9307::btp03.olt1humrh2","9307","14:9307",0.544444455040826,0.605882358025102,0.165288420172329,0.185305787237026,18,17,17,0.541176480405471,0.605882358025102,0.169774938506393,0.185305787237026,0.0614379029842763,-0.020017367064697,TRUE,FALSE,0.0614379029842763,0.0647058776196312,-0.0155308487306327,TRUE,FALSE,0.0647058776196312,0.134863692614656,-0.0598048238277357
14,14,"By the People: National","btp03.olt1humrh2","14:9308::btp03.olt1humrh2","9308","14:9308",0.628571431551661,0.692857147327491,0.223360938370425,0.26154653915838,14,14,14,0.628571431551661,0.692857147327491,0.223360938370425,0.26154653915838,0.0642857157758305,-0.0381856007879555,TRUE,FALSE,0.0642857157758305,0.0642857157758305,-0.0381856007879555,TRUE,FALSE,0.0642857157758305,0.173076928477492,-0.138034016465421
14,14,"By the People: National","btp03.olt1humrh2","14:9309::btp03.olt1humrh2","9309","14:9309",0.51666667064031,0.616666674613953,0.212488855997905,0.14034589047952,12,12,12,0.51666667064031,0.616666674613953,0.212488855997905,0.14034589047952,0.100000003973643,0.0721429655183853,TRUE,TRUE,0.100000003973643,0.100000003973643,0.0721429655183853,TRUE,TRUE,0.100000003973643,0.206896561646433,0.339514113244116
14,14,"By the People: National","btp03.olt1humrh2","14:9310::btp03.olt1humrh2","9310","14:9310",0.60555555505885,0.622222224871318,0.198441638047432,0.210197538065559,18,18,18,0.60555555505885,0.622222224871318,0.198441638047432,0.210197538065559,0.0166666698124674,-0.0117559000181275,TRUE,FALSE,0.0166666698124674,0.0166666698124674,-0.0117559000181275,TRUE,FALSE,0.0166666698124674,0.0422535290488223,-0.0389838303338991
14,14,"By the People: National","btp03.olt1humrh2","14:9311::btp03.olt1humrh2","9311","14:9311",0.657142859839258,0.714285711447398,0.252133746456307,0.198206237497019,21,21,21,0.657142859839258,0.714285711447398,0.252133746456307,0.198206237497019,0.0571428516081401,0.0539275089592886,TRUE,TRUE,0.0571428516081401,0.0571428516081401,0.0539275089592886,TRUE,TRUE,0.0571428516081401,0.166666651834492,0.213884534368087
14,14,"By the People: National","btp03.olt1humrh2","14:9312::btp03.olt1humrh2","9312","14:9312",0.600000001814054,0.595652178577755,0.27633970815749,0.205555254701335,23,23,23,0.600000001814054,0.595652178577755,0.27633970815749,0.205555254701335,-0.00434782323629967,0.0707844534561552,FALSE,TRUE,-0.00434782323629967,-0.00434782323629967,0.0707844534561552,FALSE,TRUE,-0.00434782323629967,-0.0072463720385906,0.256150134658947
14,14,"By the People: National","btp03.olt1humrh2","14:9313::btp03.olt1humrh2","9313","14:9313",0.59523809985036,0.623809522106534,0.224669066085464,0.170013999315802,21,21,21,0.59523809985036,0.623809522106534,0.224669066085464,0.170013999315802,0.0285714222561745,0.0546550667696616,TRUE,TRUE,0.0285714222561745,0.0285714222561745,0.0546550667696616,TRUE,TRUE,0.0285714222561745,0.0705882204960784,0.243269212455224
14,14,"By the People: National","btp03.olt1humrh2","14:9314::btp03.olt1humrh2","9314","14:9314",0.585000003874302,0.644999999552965,0.268082860878113,0.228208118617714,20,20,20,0.585000003874302,0.644999999552965,0.268082860878113,0.228208118617714,0.0599999956786632,0.0398747422603995,TRUE,TRUE,0.0599999956786632,0.0599999956786632,0.0398747422603995,TRUE,TRUE,0.0599999956786632,0.144578304189887,0.14874036381807
14,14,"By the People: National","btp03.olt1humrh2","14:9315::btp03.olt1humrh2","9315","14:9315",0.511764708687277,0.55882353291792,0.25952445069839,0.203281894974648,17,17,17,0.511764708687277,0.55882353291792,0.25952445069839,0.203281894974648,0.0470588242306428,0.0562425557237423,TRUE,TRUE,0.0470588242306428,0.0470588242306428,0.0562425557237423,TRUE,TRUE,0.0470588242306428,0.0963855441586685,0.216713899489591
14,14,"By the People: National","btp03.olt1envir","14:9301::btp03.olt1envir","9301","14:9301",0.669642860602055,0.717857147566974,0.327898112984401,0.330708532833085,14,14,14,0.669642860602055,0.717857147566974,0.327898112984401,0.330708532833085,0.0482142869649188,-0.00281041984868413,TRUE,FALSE,0.0482142869649188,0.0482142869649188,-0.00281041984868413,TRUE,FALSE,0.0482142869649188,0.145945951259859,-0.0163299769538808
14,14,"By the People: National","btp03.olt1envir","14:9302::btp03.olt1envir","9302","14:9302",0.730000001192093,0.687499995529652,0.249944438111252,0.264640739441569,10,10,10,0.730000001192093,0.687499995529652,0.249944438111252,0.264640739441569,-0.0425000056624413,-0.0146963013303174,FALSE,FALSE,-0.0425000056624413,-0.0425000056624413,-0.0146963013303174,FALSE,FALSE,-0.0425000056624413,-0.0582191857438885,-0.0587721433561072
14,14,"By the People: National","btp03.olt1envir","14:9303::btp03.olt1envir","9303","14:9303",0.684313726775786,0.703921567429515,0.208455845087805,0.229131013638862,17,17,17,0.684313726775786,0.703921567429515,0.208455845087805,0.229131013638862,0.0196078406537281,-0.0206751685510573,TRUE,FALSE,0.0196078406537281,0.0196078406537281,-0.0206751685510573,TRUE,FALSE,0.0196078406537281,0.0621117936281056,-0.0709160797865561
14,14,"By the People: National","btp03.olt1envir","14:9304::btp03.olt1envir","9304","14:9304",0.68030303039334,0.71136364069852,0.310270328045221,0.237792879629769,11,11,11,0.68030303039334,0.71136364069852,0.310270328045221,0.237792879629769,0.0310606103051794,0.072477448415452,TRUE,TRUE,0.0310606103051794,0.0310606103051794,0.072477448415452,TRUE,TRUE,0.0310606103051794,0.0971564114085751,0.233594520211062
14,14,"By the People: National","btp03.olt1envir","14:9305::btp03.olt1envir","9305","14:9305",0.66666667163372,0.654861109020809,0.220106722768701,0.257500077867596,12,12,12,0.66666667163372,0.654861109020809,0.220106722768701,0.257500077867596,-0.0118055626129111,-0.0373933550988957,FALSE,FALSE,-0.0118055626129111,-0.0118055626129111,-0.0373933550988957,FALSE,FALSE,-0.0118055626129111,-0.0177083437874292,-0.133598618261897
14,14,"By the People: National","btp03.olt1envir","14:9306::btp03.olt1envir","9306","14:9306",0.669607847600299,0.652941183570553,0.226325975620836,0.233332244576094,17,17,17,0.669607847600299,0.652941183570553,0.226325975620836,0.233332244576094,-0.0166666640297455,-0.00700626895525824,FALSE,FALSE,-0.0166666640297455,-0.0166666640297455,-0.00700626895525824,FALSE,FALSE,-0.0166666640297455,-0.0248901862328443,-0.0256007817006095
14,14,"By the People: National","btp03.olt1envir","14:9307::btp03.olt1envir","9307","14:9307",0.652314817739858,0.707352939116604,0.230883599400305,0.233479906947378,18,17,17,0.639215689371614,0.707352939116604,0.230992065318044,0.233479906947378,0.0550381213767466,-0.00259630754707249,TRUE,FALSE,0.0550381213767466,0.0681372497449902,-0.00248784162933391,TRUE,FALSE,0.0681372497449902,0.158298725930651,-0.00964752627965788
14,14,"By the People: National","btp03.olt1envir","14:9308::btp03.olt1envir","9308","14:9308",0.765476192746844,0.739285717053073,0.258733291524582,0.27275557577361,14,14,14,0.765476192746844,0.739285717053073,0.258733291524582,0.27275557577361,-0.0261904756937708,-0.0140222842490281,FALSE,FALSE,-0.0261904756937708,-0.0261904756937708,-0.0140222842490281,FALSE,FALSE,-0.0261904756937708,-0.0342146182231854,-0.0581194327954983
14,14,"By the People: National","btp03.olt1envir","14:9309::btp03.olt1envir","9309","14:9309",0.654166671137015,0.678472225864728,0.196513161468615,0.12428879667599,12,12,12,0.654166671137015,0.678472225864728,0.196513161468615,0.12428879667599,0.0243055547277133,0.0722243647926245,TRUE,TRUE,0.0243055547277133,0.0243055547277133,0.0722243647926245,TRUE,TRUE,0.0243055547277133,0.0702811230127068,0.367529402371147
14,14,"By the People: National","btp03.olt1envir","14:9310::btp03.olt1envir","9310","14:9310",0.739814812938372,0.819444441133075,0.233167931316752,0.20607600440462,18,18,18,0.739814812938372,0.819444441133075,0.233167931316752,0.20607600440462,0.0796296281947029,0.0270919269121317,TRUE,TRUE,0.0796296281947029,0.0796296281947029,0.0270919269121317,TRUE,TRUE,0.0796296281947029,0.30604981434182,0.116190621751188
14,14,"By the People: National","btp03.olt1envir","14:9311::btp03.olt1envir","9311","14:9311",0.710714283443633,0.76388888557752,0.177367766939815,0.204707331330348,21,21,21,0.710714283443633,0.76388888557752,0.177367766939815,0.204707331330348,0.053174602133887,-0.0273395643905333,TRUE,FALSE,0.053174602133887,0.053174602133887,-0.0273395643905333,TRUE,FALSE,0.053174602133887,0.183813438032382,-0.0847390979234031
14,14,"By the People: National","btp03.olt1envir","14:9312::btp03.olt1envir","9312","14:9312",0.640579710835996,0.69891304295996,0.180842310939154,0.204144316228427,23,23,23,0.640579710835996,0.69891304295996,0.180842310939154,0.204144316228427,0.0583333321239637,-0.0233020052892734,TRUE,FALSE,0.0583333321239637,0.0583333321239637,-0.0233020052892734,TRUE,FALSE,0.0583333321239637,0.162298384044052,-0.0730109475282952
14,14,"By the People: National","btp03.olt1envir","14:9313::btp03.olt1envir","9313","14:9313",0.689682536891529,0.709523812645958,0.208064905699728,0.218871563016444,21,21,21,0.689682536891529,0.709523812645958,0.208064905699728,0.218871563016444,0.019841275754429,-0.0108066573167159,TRUE,FALSE,0.019841275754429,0.019841275754429,-0.0108066573167159,TRUE,FALSE,0.019841275754429,0.0639386374059569,-0.0370173286038731
14,14,"By the People: National","btp03.olt1envir","14:9314::btp03.olt1envir","9314","14:9314",0.659583328664303,0.687916667759419,0.219287037919895,0.187501947034753,20,20,20,0.659583328664303,0.687916667759419,0.219287037919895,0.187501947034753,0.0283333390951157,0.031785090885142,TRUE,TRUE,0.0283333390951157,0.0283333390951157,0.031785090885142,TRUE,TRUE,0.0283333390951157,0.0832313499334325,0.144947422276519
14,14,"By the People: National","btp03.olt1envir","14:9315::btp03.olt1envir","9315","14:9315",0.697058826684952,0.744117647409439,0.189753615039797,0.226303413503253,17,17,17,0.697058826684952,0.744117647409439,0.189753615039797,0.226303413503253,0.0470588207244873,-0.0365497984634557,TRUE,FALSE,0.0470588207244873,0.0470588207244873,-0.0365497984634557,TRUE,FALSE,0.0470588207244873,0.155339798184342,-0.11780894229644
14,14,"By the People: National","btp03.olt1inter","14:9301::btp03.olt1inter","9301","14:9301",0.964285714285714,0.875,0.133630620956212,0.23513498578149,14,14,14,0.964285714285714,0.875,0.133630620956212,0.23513498578149,-0.0892857142857143,-0.101504364825278,FALSE,FALSE,-0.0892857142857143,-0.0892857142857143,-0.101504364825278,FALSE,FALSE,-0.0892857142857143,-0.0925925925925926,-0.27705471753726
14,14,"By the People: National","btp03.olt1inter","14:9302::btp03.olt1inter","9302","14:9302",0.75,0.675,0.372677996249965,0.289875452182101,10,10,10,0.75,0.675,0.372677996249965,0.289875452182101,-0.075,0.0828025440678635,FALSE,TRUE,-0.075,-0.075,0.0828025440678635,FALSE,TRUE,-0.075,-0.0999999999999999,0.222182540694798
14,14,"By the People: National","btp03.olt1inter","14:9303::btp03.olt1inter","9303","14:9303",0.691176470588235,0.529411764705882,0.286811836247678,0.304681608163245,17,17,17,0.691176470588235,0.529411764705882,0.286811836247678,0.304681608163245,-0.161764705882353,-0.0178697719155672,FALSE,FALSE,-0.161764705882353,-0.161764705882353,-0.0178697719155672,FALSE,FALSE,-0.161764705882353,-0.234042553191489,-0.083821594975263
14,14,"By the People: National","btp03.olt1inter","14:9304::btp03.olt1inter","9304","14:9304",0.613636363636364,0.704545454545455,0.258931370338657,0.291937104060571,11,11,11,0.613636363636364,0.704545454545455,0.258931370338657,0.291937104060571,0.0909090909090909,-0.0330057337219146,TRUE,FALSE,0.0909090909090909,0.0909090909090909,-0.0330057337219146,TRUE,FALSE,0.0909090909090909,0.235294117647059,-0.136914262831632
14,14,"By the People: National","btp03.olt1inter","14:9305::btp03.olt1inter","9305","14:9305",0.613636363636364,0.770833333333333,0.359924234451439,0.22508415934463,11,12,11,0.613636363636364,0.772727272727273,0.359924234451439,0.235969951862135,0.15719696969697,0.134840075106809,TRUE,TRUE,0.15719696969697,0.159090909090909,0.123954282589304,TRUE,TRUE,0.159090909090909,0.406862745098039,0.374634609732015
14,14,"By the People: National","btp03.olt1inter","14:9306::btp03.olt1inter","9306","14:9306",0.5,0.529411764705882,0.293150984988964,0.291579118513211,17,17,17,0.5,0.529411764705882,0.293150984988964,0.291579118513211,NA,0.0015718664757533,NA,TRUE,0.0294117647058824,NA,0.0015718664757533,NA,TRUE,0.0294117647058824,NA,0.00536196893833557
14,14,"By the People: National","btp03.olt1inter","14:9307::btp03.olt1inter","9307","14:9307",0.597222222222222,0.691176470588235,0.310820651058103,0.33691397924658,18,17,17,0.61764705882353,0.691176470588235,0.307683469895701,0.33691397924658,0.0939542483660131,-0.0260933281884767,TRUE,FALSE,0.0939542483660131,0.0735294117647058,-0.0292305093508786,TRUE,FALSE,0.0735294117647058,0.233265720081136,-0.137929051634969
14,14,"By the People: National","btp03.olt1inter","14:9308::btp03.olt1inter","9308","14:9308",0.767857142857143,0.803571428571429,0.285284704527534,0.262725570271957,14,14,14,0.767857142857143,0.803571428571429,0.285284704527534,0.262725570271957,0.0357142857142857,0.022559134255577,TRUE,TRUE,0.0357142857142857,0.0357142857142857,0.022559134255577,TRUE,TRUE,0.0357142857142857,0.153846153846154,0.0790758631555015
14,14,"By the People: National","btp03.olt1inter","14:9309::btp03.olt1inter","9309","14:9309",0.568181818181818,0.729166666666667,0.226133508433323,0.310028102343036,11,12,11,0.568181818181818,0.704545454545455,0.226133508433323,0.312613615709989,0.160984848484848,-0.0838945939097136,TRUE,FALSE,0.160984848484848,0.136363636363636,-0.0864801072766664,TRUE,FALSE,0.136363636363636,0.37280701754386,-0.306333912665939
14,14,"By the People: National","btp03.olt1inter","14:9310::btp03.olt1inter","9310","14:9310",0.722222222222222,0.833333333333333,0.269652402734805,0.226871303243258,18,18,18,0.722222222222222,0.833333333333333,0.269652402734805,0.226871303243258,0.111111111111111,0.0427810994915476,TRUE,TRUE,0.111111111111111,0.111111111111111,0.0427810994915476,TRUE,TRUE,0.111111111111111,0.4,0.158652765774246
14,14,"By the People: National","btp03.olt1inter","14:9311::btp03.olt1inter","9311","14:9311",0.6875,0.605263157894737,0.279508497187474,0.33660673428684,20,19,19,0.68421052631579,0.605263157894737,0.286769667338202,0.33660673428684,-0.0822368421052632,-0.0570982370993665,FALSE,FALSE,-0.0822368421052632,-0.0789473684210527,-0.0498370669486381,FALSE,FALSE,-0.0789473684210527,-0.119617224880383,-0.258958900325127
14,14,"By the People: National","btp03.olt1inter","14:9312::btp03.olt1inter","9312","14:9312",0.625,0.684782608695652,0.27548658250967,0.321726444574175,22,23,22,0.625,0.681818181818182,0.27548658250967,0.328975847479884,0.0597826086956522,-0.0462398620645055,TRUE,FALSE,0.0597826086956522,0.0568181818181818,-0.0534892649702146,TRUE,FALSE,0.0568181818181818,0.159420289855073,-0.205955896005623
14,14,"By the People: National","btp03.olt1inter","14:9313::btp03.olt1inter","9313","14:9313",0.654761904761905,0.7625,0.29021748823286,0.262515663693065,21,20,20,0.675,0.7625,0.282144046823417,0.262515663693065,0.107738095238095,0.0277018245397952,TRUE,TRUE,0.107738095238095,0.0874999999999999,0.0196283831303522,TRUE,TRUE,0.0874999999999999,0.312068965517241,0.0954519478080804
14,14,"By the People: National","btp03.olt1inter","14:9314::btp03.olt1inter","9314","14:9314",0.6875,0.625,0.31282877442023,0.2308870362957,20,18,18,0.652777777777778,0.625,0.310820651058103,0.2308870362957,-0.0625,0.0819417381245303,FALSE,TRUE,-0.0625,-0.0277777777777778,0.0799336147624032,FALSE,TRUE,-0.0277777777777778,-0.0909090909090909,0.261937982771547
14,14,"By the People: National","btp03.olt1inter","14:9315::btp03.olt1inter","9315","14:9315",0.602941176470588,0.573529411764706,0.306935756834438,0.303169531295416,17,17,17,0.602941176470588,0.573529411764706,0.306935756834438,0.303169531295416,-0.0294117647058824,0.00376622553902212,FALSE,TRUE,-0.0294117647058824,-0.0294117647058824,0.00376622553902212,FALSE,TRUE,-0.0294117647058824,-0.0487804878048781,0.0122704033504106
14,14,"By the People: National","btp03.olt1multi","14:9301::btp03.olt1multi","9301","14:9301",0.767807539020266,0.74327878015382,0.107485450378655,0.0982519118711215,14,14,14,0.767807539020266,0.74327878015382,0.107485450378655,0.0982519118711215,-0.0245287588664462,0.00923353850753372,FALSE,TRUE,-0.0245287588664462,-0.0245287588664462,0.00923353850753372,FALSE,TRUE,-0.0245287588664462,-0.0319464939062012,0.085905008305825
14,14,"By the People: National","btp03.olt1multi","14:9302::btp03.olt1multi","9302","14:9302",0.762291663885116,0.714374989271164,0.109786802646153,0.0937253013147892,10,10,10,0.762291663885116,0.714374989271164,0.109786802646153,0.0937253013147892,-0.0479166746139527,0.0160615013313637,FALSE,TRUE,-0.0479166746139527,-0.0479166746139527,0.0160615013313637,FALSE,TRUE,-0.0479166746139527,-0.0628587152189744,0.146297195512019
14,14,"By the People: National","btp03.olt1multi","14:9303::btp03.olt1multi","9303","14:9303",0.742375703418956,0.71054505425341,0.119241415072151,0.124961599087438,17,17,17,0.742375703418956,0.71054505425341,0.119241415072151,0.124961599087438,-0.0318306491655461,-0.00572018401528711,FALSE,FALSE,-0.0318306491655461,-0.0318306491655461,-0.00572018401528711,FALSE,FALSE,-0.0318306491655461,-0.0428767388519754,-0.0150231255228849
14,14,"By the People: National","btp03.olt1multi","14:9304::btp03.olt1multi","9304","14:9304",0.73593073812398,0.763162881135941,0.153575094607185,0.136029277009267,11,11,11,0.73593073812398,0.763162881135941,0.153575094607185,0.136029277009267,0.0272321430119602,0.0175458175979171,TRUE,TRUE,0.0272321430119602,0.0272321430119602,0.0175458175979171,TRUE,TRUE,0.0272321430119602,0.103125001442787,0.114249108182521
14,14,"By the People: National","btp03.olt1multi","14:9305::btp03.olt1multi","9305","14:9305",0.723193620642026,0.7213169708848,0.150450183823246,0.140422140175064,12,12,12,0.723193620642026,0.7213169708848,0.150450183823246,0.140422140175064,-0.00187664975722635,0.0100280436481821,FALSE,TRUE,-0.00187664975722635,-0.00187664975722635,0.0100280436481821,FALSE,TRUE,-0.00187664975722635,-0.00259494788623871,0.0666535818923519
14,14,"By the People: National","btp03.olt1multi","14:9306::btp03.olt1multi","9306","14:9306",0.730318632195978,0.660078209112672,0.197104184347055,0.181477236091826,17,17,17,0.730318632195978,0.660078209112672,0.197104184347055,0.181477236091826,-0.0702404230833052,0.0156269482552292,FALSE,TRUE,-0.0702404230833052,-0.0702404230833052,0.0156269482552292,FALSE,TRUE,-0.0702404230833052,-0.0961777777353167,0.0792826814255435
14,14,"By the People: National","btp03.olt1multi","14:9307::btp03.olt1multi","9307","14:9307",0.723809525370598,0.728755254955853,0.121330029217977,0.122247960442041,18,17,17,0.711790966636994,0.728755254955853,0.11348353159613,0.122247960442041,0.00494572958525508,-0.000917931224063667,TRUE,FALSE,0.00494572958525508,0.0169642883188585,-0.00876442884591107,TRUE,FALSE,0.0169642883188585,0.0179069520478262,-0.00242409299625204
14,14,"By the People: National","btp03.olt1multi","14:9308::btp03.olt1multi","9308","14:9308",0.744501141565187,0.77547122325216,0.132893110301171,0.121576809528635,14,14,14,0.744501141565187,0.77547122325216,0.132893110301171,0.121576809528635,0.0309700816869733,0.0113163007725361,TRUE,TRUE,0.0309700816869733,0.0309700816869733,0.0113163007725361,TRUE,TRUE,0.0309700816869733,0.12121416853561,0.085153404468376
14,14,"By the People: National","btp03.olt1multi","14:9309::btp03.olt1multi","9309","14:9309",0.693675597508748,0.743526784082254,0.187597205161372,0.116343147742243,12,12,12,0.693675597508748,0.743526784082254,0.187597205161372,0.116343147742243,0.0498511865735054,0.0712540574191288,TRUE,TRUE,0.0498511865735054,0.0498511865735054,0.0712540574191288,TRUE,TRUE,0.0498511865735054,0.162739847586674,0.379824727974149
14,14,"By the People: National","btp03.olt1multi","14:9310::btp03.olt1multi","9310","14:9310",0.726612110932668,0.772486779424879,0.105940955007635,0.0931974093297472,18,18,18,0.726612110932668,0.772486779424879,0.105940955007635,0.0931974093297472,0.0458746684922112,0.0127435456778875,TRUE,TRUE,0.0458746684922112,0.0458746684922112,0.0127435456778875,TRUE,TRUE,0.0458746684922112,0.167800660990191,0.120289133479768
14,14,"By the People: National","btp03.olt1multi","14:9311::btp03.olt1multi","9311","14:9311",0.758815193460101,0.785045828138079,0.126640791888017,0.117665943653927,21,21,21,0.758815193460101,0.785045828138079,0.126640791888017,0.117665943653927,0.0262306346779778,0.00897484823409002,TRUE,TRUE,0.0262306346779778,0.0262306346779778,0.00897484823409002,TRUE,TRUE,0.0262306346779778,0.1087574091183,0.0708685416467238
14,14,"By the People: National","btp03.olt1multi","14:9312::btp03.olt1multi","9312","14:9312",0.727064358151477,0.765454630488935,0.169091939413531,0.113736872721212,23,23,23,0.727064358151477,0.765454630488935,0.169091939413531,0.113736872721212,0.0383902723374575,0.0553550666923191,TRUE,TRUE,0.0383902723374575,0.0383902723374575,0.0553550666923191,TRUE,TRUE,0.0383902723374575,0.140656867228663,0.327366679241538
14,14,"By the People: National","btp03.olt1multi","14:9313::btp03.olt1multi","9313","14:9313",0.726376131886528,0.754799695242019,0.162290318037762,0.105864263253321,21,21,21,0.726376131886528,0.754799695242019,0.162290318037762,0.105864263253321,0.0284235633554912,0.0564260547844407,TRUE,TRUE,0.0284235633554912,0.0284235633554912,0.0564260547844407,TRUE,TRUE,0.0284235633554912,0.103878230914066,0.347685896895657
14,14,"By the People: National","btp03.olt1multi","14:9314::btp03.olt1multi","9314","14:9314",0.73290923088789,0.755314984917641,0.138855775412091,0.13869691935826,20,20,20,0.73290923088789,0.755314984917641,0.138855775412091,0.13869691935826,0.0224057540297506,0.000158856053830508,TRUE,TRUE,0.0224057540297506,0.0224057540297506,0.000158856053830508,TRUE,TRUE,0.0224057540297506,0.0838881632047191,0.0011440363453307
14,14,"By the People: National","btp03.olt1multi","14:9315::btp03.olt1multi","9315","14:9315",0.745427755748524,0.790870105519014,0.13365474701497,0.12219287815076,17,17,17,0.745427755748524,0.790870105519014,0.13365474701497,0.12219287815076,0.0454423497704898,0.0114618688642099,TRUE,TRUE,0.0454423497704898,0.0454423497704898,0.0114618688642099,TRUE,TRUE,0.0454423497704898,0.17850473017632,0.0857572897349173
14,14,"By the People: National","btp03.olt1demo","14:9301::btp03.olt1demo","9301","14:9301",0.542460315993854,0.605158737727574,0.164899568148461,0.138734347574877,14,14,14,0.542460315993854,0.605158737727574,0.164899568148461,0.138734347574877,0.06269842173372,0.0261652205735835,TRUE,TRUE,0.06269842173372,0.06269842173372,0.0261652205735835,TRUE,TRUE,0.06269842173372,0.137033844113241,0.158673675543084
14,14,"By the People: National","btp03.olt1demo","14:9302::btp03.olt1demo","9302","14:9302",0.50055555254221,0.504999998211861,0.165021714071537,0.136119294719182,10,10,10,0.50055555254221,0.504999998211861,0.165021714071537,0.136119294719182,0.00444444566965108,0.0289024193523548,TRUE,TRUE,0.00444444566965108,0.00444444566965108,0.0289024193523548,TRUE,TRUE,0.00444444566965108,0.00889877881769161,0.175143128981351
14,14,"By the People: National","btp03.olt1demo","14:9303::btp03.olt1demo","9303","14:9303",0.476307188763338,0.511437910444596,0.170940901635815,0.162024119810371,17,17,17,0.476307188763338,0.511437910444596,0.170940901635815,0.162024119810371,-0.0351307216812583,0.00891678182544425,FALSE,TRUE,-0.0122549007920657,-0.0351307216812583,0.00891678182544425,FALSE,TRUE,-0.0122549007920657,-0.0670826884147974,0.0521629507046899
14,14,"By the People: National","btp03.olt1demo","14:9304::btp03.olt1demo","9304","14:9304",0.543434332717549,0.515656564723362,0.108520297098421,0.174974741988836,11,11,11,0.543434332717549,0.515656564723362,0.108520297098421,0.174974741988836,-0.027777767994187,-0.0664544448904147,FALSE,FALSE,-0.027777767994187,-0.027777767994187,-0.0664544448904147,FALSE,FALSE,-0.027777767994187,-0.0511152246404434,-0.169751954949046
14,14,"By the People: National","btp03.olt1demo","14:9305::btp03.olt1demo","9305","14:9305",0.492592598001162,0.539351858198643,0.146744190660397,0.110667247230372,12,12,12,0.492592598001162,0.539351858198643,0.146744190660397,0.110667247230372,-0.0467592601974805,0.036076943430024,FALSE,TRUE,0.031944456199805,-0.0467592601974805,0.036076943430024,FALSE,TRUE,0.031944456199805,-0.0921532875028646,0.245849210572944
14,14,"By the People: National","btp03.olt1demo","14:9306::btp03.olt1demo","9306","14:9306",0.461764706408276,0.513725492884131,0.148538166837045,0.152095921479043,17,17,17,0.461764706408276,0.513725492884131,0.148538166837045,0.152095921479043,-0.0519607864758548,-0.00355775464199806,FALSE,FALSE,-0.0245098007075927,-0.0519607864758548,-0.00355775464199806,FALSE,FALSE,-0.0245098007075927,-0.0965391662243344,-0.0101227339821804
14,14,"By the People: National","btp03.olt1demo","14:9307::btp03.olt1demo","9307","14:9307",0.498765434655878,0.514705881476402,0.156736363098902,0.150781669065907,18,17,17,0.516993466545554,0.514705881476402,0.140524681316635,0.150781669065907,-0.015940446820524,0.00595469403299542,FALSE,TRUE,0.0134713161322806,-0.0022875850691515,-0.0102569877492713,FALSE,FALSE,-0.0022875850691515,-0.0318023694347178,0.0379917838800301
14,14,"By the People: National","btp03.olt1demo","14:9308::btp03.olt1demo","9308","14:9308",0.495436508740697,0.553968252880233,0.200070047109139,0.177983698822668,14,14,14,0.495436508740697,0.553968252880233,0.200070047109139,0.177983698822668,-0.0585317441395352,0.0220863482864708,FALSE,TRUE,0.0494047616209301,-0.0585317441395352,0.0220863482864708,FALSE,TRUE,0.0494047616209301,-0.116004715270719,0.110393077852491
14,14,"By the People: National","btp03.olt1demo","14:9309::btp03.olt1demo","9309","14:9309",0.479351850847403,0.510648148755232,0.105337311400804,0.150913004348353,12,12,12,0.479351850847403,0.510648148755232,0.105337311400804,0.150913004348353,-0.0312962979078292,-0.0455756929475484,FALSE,FALSE,-0.0100000003973643,-0.0312962979078292,-0.0455756929475484,FALSE,FALSE,-0.0100000003973643,-0.0601102644055623,-0.115480115714291
14,14,"By the People: National","btp03.olt1demo","14:9310::btp03.olt1demo","9310","14:9310",0.521450624697738,0.570061736636692,0.17438501852457,0.172544909320409,18,18,18,0.521450624697738,0.570061736636692,0.17438501852457,0.172544909320409,0.0486111119389534,0.00184010920416119,TRUE,TRUE,0.0486111119389534,0.0486111119389534,0.00184010920416119,TRUE,TRUE,0.0486111119389534,0.101580138743781,0.0105519913334868
14,14,"By the People: National","btp03.olt1demo","14:9311::btp03.olt1demo","9311","14:9311",0.56574074285371,0.607010584501993,0.149020289971896,0.163510908489878,21,21,21,0.56574074285371,0.607010584501993,0.149020289971896,0.163510908489878,0.0412698416482834,-0.0144906185179821,TRUE,FALSE,0.0412698416482834,0.0412698416482834,-0.0144906185179821,TRUE,FALSE,0.0412698416482834,0.0950350302708243,-0.0412862000393748
14,14,"By the People: National","btp03.olt1demo","14:9312::btp03.olt1demo","9312","14:9312",0.485024158721385,0.484178746524065,0.153086784261625,0.107208727826935,23,23,23,0.485024158721385,0.484178746524065,0.153086784261625,0.107208727826935,0.000845412197320261,0.0458780564346895,TRUE,TRUE,0.000845412197320261,0.000845412197320261,0.0458780564346895,TRUE,TRUE,0.000845412197320261,0.0017430311091079,0.299686590556923
14,14,"By the People: National","btp03.olt1demo","14:9313::btp03.olt1demo","9313","14:9313",0.564550263541086,0.531798946005957,0.134686145122293,0.0939039972965945,21,21,21,0.564550263541086,0.531798946005957,0.134686145122293,0.0939039972965945,-0.0327513175351281,0.0407821478256981,FALSE,TRUE,-0.0327513175351281,-0.0327513175351281,0.0407821478256981,FALSE,TRUE,-0.0327513175351281,-0.0580131117638643,0.30279393465949
14,14,"By the People: National","btp03.olt1demo","14:9314::btp03.olt1demo","9314","14:9314",0.485555553436279,0.551388889551163,0.17438650965716,0.150439302817297,20,20,20,0.485555553436279,0.551388889551163,0.17438650965716,0.150439302817297,-0.0658333361148835,0.0239472068398621,FALSE,TRUE,0.036944442987442,-0.0658333361148835,0.0239472068398621,FALSE,TRUE,0.036944442987442,-0.12796976729873,0.137322588123025
14,14,"By the People: National","btp03.olt1demo","14:9315::btp03.olt1demo","9315","14:9315",0.503594773657182,0.507843142046648,0.173148727317477,0.164547391208594,17,17,17,0.503594773657182,0.507843142046648,0.173148727317477,0.164547391208594,0.00424836838946607,0.0086013361088825,TRUE,TRUE,0.00424836838946607,0.00424836838946607,0.0086013361088825,TRUE,TRUE,0.00424836838946607,0.00855826684333122,0.0496759995995323
14,14,"By the People: National","btp03.olt1forai1","14:9301::btp03.olt1forai1","9301","14:9301",0.461538461538462,0.535714285714286,0.431158249251288,0.414370965082372,13,14,13,0.461538461538462,0.5,0.431158249251288,0.408248290463863,-0.0741758241758242,0.0167872841689157,FALSE,TRUE,-0.00274725274725279,-0.0384615384615385,0.0229099587874251,FALSE,TRUE,-0.0384615384615385,-0.137755102040816,0.0389353194518882
14,14,"By the People: National","btp03.olt1forai1","14:9302::btp03.olt1forai1","9302","14:9302",0.35,0.5,0.411636301174282,0.408248290463863,10,10,10,0.35,0.5,0.411636301174282,0.408248290463863,-0.15,0.00338801071041928,FALSE,TRUE,-0.15,-0.15,0.00338801071041928,FALSE,TRUE,-0.15,-0.230769230769231,0.00823059263907055
14,14,"By the People: National","btp03.olt1forai1","14:9303::btp03.olt1forai1","9303","14:9303",0.1875,0.3125,0.25,0.35939764421413,16,16,15,0.2,0.3,0.253546276418555,0.368394198806504,-0.125,-0.10939764421413,FALSE,FALSE,-0.125,-0.1,-0.114847922387949,FALSE,FALSE,-0.1,-0.153846153846154,-0.437590576856522
14,14,"By the People: National","btp03.olt1forai1","14:9304::btp03.olt1forai1","9304","14:9304",0.5,0.454545454545455,0.333333333333333,0.415604707296817,10,11,10,0.5,0.45,0.333333333333333,0.437797517885457,NA,-0.0822713739634834,NA,FALSE,0.0454545454545455,NA,-0.104464184552123,NA,FALSE,0.05,NA,-0.4936282437809
14,14,"By the People: National","btp03.olt1forai1","14:9305::btp03.olt1forai1","9305","14:9305",0.291666666666667,0.3,0.257464325272219,0.258198889747161,12,10,10,0.25,0.3,0.263523138347365,0.258198889747161,-0.0083333333333333,-0.000734564474942467,FALSE,FALSE,-0.0083333333333333,-0.05,0.00532424860020386,FALSE,TRUE,-0.05,-0.0117647058823529,-0.00302868629848756
14,14,"By the People: National","btp03.olt1forai1","14:9306::btp03.olt1forai1","9306","14:9306",0.125,0.21875,0.226133508433323,0.314576434802948,12,16,11,0.0909090909090909,0.181818181818182,0.202259958738973,0.337099931231621,-0.09375,-0.0884429263696252,FALSE,FALSE,-0.09375,-0.0909090909090909,-0.134839972492648,FALSE,FALSE,-0.0909090909090909,-0.107142857142857,-0.322941758459312
14,14,"By the People: National","btp03.olt1forai1","14:9307::btp03.olt1forai1","9307","14:9307",0.3,0.321428571428571,0.316227766016838,0.372473171834246,15,14,13,0.307692307692308,0.346153846153846,0.325221817793995,0.375533808099405,-0.0214285714285715,-0.0562454058174081,FALSE,FALSE,-0.0214285714285715,-0.0384615384615384,-0.0503119903054099,FALSE,FALSE,-0.0384615384615384,-0.0306122448979592,-0.306060412927023
14,14,"By the People: National","btp03.olt1forai1","14:9308::btp03.olt1forai1","9308","14:9308",0.384615384615385,0.416666666666667,0.362505526040992,0.358870281282637,13,12,12,0.375,0.416666666666667,0.376889180722205,0.358870281282637,-0.032051282051282,0.00363524475835542,FALSE,TRUE,-0.032051282051282,-0.0416666666666666,0.0180188994395679,FALSE,TRUE,-0.0416666666666666,-0.0520833333333332,0.0100281085313561
14,14,"By the People: National","btp03.olt1forai1","14:9309::btp03.olt1forai1","9309","14:9309",0.277777777777778,0.5,0.263523138347365,0.25,9,9,9,0.277777777777778,0.5,0.263523138347365,0.25,-0.222222222222222,0.013523138347365,FALSE,TRUE,-0.222222222222222,-0.222222222222222,0.013523138347365,FALSE,TRUE,-0.222222222222222,-0.307692307692308,0.0513167019494863
14,14,"By the People: National","btp03.olt1forai1","14:9310::btp03.olt1forai1","9310","14:9310",0.366666666666667,0.65625,0.351865775274498,0.39660013447636,15,16,14,0.357142857142857,0.642857142857143,0.363136519601281,0.412710152927778,-0.289583333333333,-0.0447343592018614,FALSE,FALSE,0.0229166666666666,-0.285714285714286,-0.049573633326497,FALSE,FALSE,5.55111512312578e-17,-0.457236842105263,-0.301985306128654
14,14,"By the People: National","btp03.olt1forai1","14:9311::btp03.olt1forai1","9311","14:9311",0.34375,0.447368421052632,0.352077169571293,0.32891812735531,16,19,16,0.34375,0.4375,0.352077169571293,0.35939764421413,-0.103618421052632,0.0231590422159834,FALSE,TRUE,-0.103618421052632,-0.09375,-0.00732047464283697,FALSE,FALSE,-0.09375,-0.157894736842105,0.0657783128743707
14,14,"By the People: National","btp03.olt1forai1","14:9312::btp03.olt1forai1","9312","14:9312",0.222222222222222,0.404761904761905,0.255654996282457,0.339817878393987,18,21,18,0.222222222222222,0.416666666666667,0.255654996282457,0.353553390593274,-0.182539682539683,-0.0841628821115301,FALSE,FALSE,-0.182539682539683,-0.194444444444444,-0.097898394310817,FALSE,FALSE,-0.194444444444444,-0.23469387755102,-0.344442819910573
14,14,"By the People: National","btp03.olt1forai1","14:9313::btp03.olt1forai1","9313","14:9313",0.361111111111111,0.444444444444444,0.334556579034344,0.379197639329681,18,18,17,0.382352941176471,0.441176470588235,0.332105582077536,0.390606617214513,-0.0833333333333333,-0.0446410602953364,FALSE,FALSE,-0.0833333333333333,-0.0588235294117647,-0.0585010351369768,FALSE,FALSE,-0.0588235294117647,-0.130434782608696,-0.269826748230765
14,14,"By the People: National","btp03.olt1forai1","14:9314::btp03.olt1forai1","9314","14:9314",0.25,0.473684210526316,0.337099931231621,0.35251809293702,12,19,11,0.272727272727273,0.454545454545455,0.343775825476164,0.350324524872685,-0.223684210526316,-0.0154181617053986,FALSE,FALSE,-0.223684210526316,-0.181818181818182,-0.00654869939652103,FALSE,FALSE,-0.181818181818182,-0.298245614035088,-0.0946479754242527
14,14,"By the People: National","btp03.olt1forai1","14:9315::btp03.olt1forai1","9315","14:9315",0.3,0.233333333333333,0.368394198806504,0.258198889747161,15,15,14,0.285714285714286,0.25,0.377964473009227,0.259437260831385,0.0666666666666667,0.110195309059342,TRUE,TRUE,0.0666666666666667,0.0357142857142857,0.118527212177842,TRUE,TRUE,0.0357142857142857,0.222222222222222,0.299123355949538
14,14,"By the People: National","btp03.olt1global","14:9301::btp03.olt1global","9301","14:9301",0.480753970997674,0.527579366096429,0.154035092500684,0.165205363620166,14,14,14,0.480753970997674,0.527579366096429,0.154035092500684,0.165205363620166,-0.0468253950987543,-0.0111702711194818,FALSE,FALSE,0.00833333709410272,-0.0468253950987543,-0.0111702711194818,FALSE,FALSE,0.00833333709410272,-0.0901795921072795,-0.0322872952641994
14,14,"By the People: National","btp03.olt1global","14:9302::btp03.olt1global","9302","14:9302",0.450833337008953,0.472222226858139,0.15513639548024,0.149071201214951,10,10,10,0.450833337008953,0.472222226858139,0.15513639548024,0.149071201214951,-0.0213888898491859,0.00606519426528959,FALSE,TRUE,-0.0213888898491859,-0.0213888898491859,0.00606519426528959,FALSE,TRUE,-0.0213888898491859,-0.0389479028692144,0.0390958823460747
14,14,"By the People: National","btp03.olt1global","14:9303::btp03.olt1global","9303","14:9303",0.442320262684542,0.475653598413748,0.140413610801958,0.158560173682344,17,17,17,0.442320262684542,0.475653598413748,0.140413610801958,0.158560173682344,-0.0333333357292062,-0.0181465628803865,FALSE,FALSE,-0.0333333357292062,-0.0333333357292062,-0.0181465628803865,FALSE,FALSE,-0.0333333357292062,-0.0597714664865989,-0.0504650994184107
14,14,"By the People: National","btp03.olt1global","14:9304::btp03.olt1global","9304","14:9304",0.484343439340591,0.459343441508033,0.140640462214874,0.149960249248098,11,11,11,0.484343439340591,0.459343441508033,0.140640462214874,0.149960249248098,0.0249999978325582,-0.00931978703322425,TRUE,FALSE,0.0249999978325582,0.0249999978325582,-0.00931978703322425,TRUE,FALSE,0.0249999978325582,0.0516162619371791,-0.0259344362770104
14,14,"By the People: National","btp03.olt1global","14:9305::btp03.olt1global","9305","14:9305",0.414351854473352,0.486574081083139,0.140998284701376,0.0936900498759714,12,12,12,0.414351854473352,0.486574081083139,0.140998284701376,0.0936900498759714,-0.0722222266097863,0.0473082348254049,FALSE,TRUE,-0.0722222266097863,-0.0722222266097863,0.0473082348254049,FALSE,TRUE,-0.0722222266097863,-0.123320166146586,0.335523477647974
14,14,"By the People: National","btp03.olt1global","14:9306::btp03.olt1global","9306","14:9306",0.382908496786566,0.443954251268331,0.122832996189831,0.125363033950766,17,17,17,0.382908496786566,0.443954251268331,0.122832996189831,0.125363033950766,-0.0610457544817645,-0.0025300377609343,FALSE,FALSE,-0.0610457544817645,-0.0610457544817645,-0.0025300377609343,FALSE,FALSE,-0.0610457544817645,-0.0989249635813743,-0.00670800397536284
14,14,"By the People: National","btp03.olt1global","14:9307::btp03.olt1global","9307","14:9307",0.40354939053456,0.438562094288714,0.116447840345813,0.130192623514283,18,17,17,0.413725497968057,0.438562094288714,0.111477134464892,0.130192623514283,-0.035012703754154,-0.0137447831684707,FALSE,FALSE,-0.035012703754154,-0.0248365963206573,-0.0187154890493915,FALSE,FALSE,-0.0248365963206573,-0.0587017654077571,-0.0358354993512827
14,14,"By the People: National","btp03.olt1global","14:9308::btp03.olt1global","9308","14:9308",0.487500007663454,0.513095231992858,0.138189475158132,0.145400466883164,14,14,14,0.487500007663454,0.513095231992858,0.138189475158132,0.145400466883164,-0.0255952243294035,-0.00721099172503203,FALSE,FALSE,0.000595239656312085,-0.0255952243294035,-0.00721099172503203,FALSE,FALSE,0.000595239656312085,-0.0499419018773287,-0.0199302984018601
14,14,"By the People: National","btp03.olt1global","14:9309::btp03.olt1global","9309","14:9309",0.403009260073304,0.437962971627712,0.147659714740846,0.119912370512944,12,12,12,0.403009260073304,0.437962971627712,0.147659714740846,0.119912370512944,-0.0349537115544082,0.0277473442279022,FALSE,TRUE,-0.0349537115544082,-0.0349537115544082,0.0277473442279022,FALSE,TRUE,-0.0349537115544082,-0.0585498387440653,0.187914112367079
14,14,"By the People: National","btp03.olt1global","14:9310::btp03.olt1global","9310","14:9310",0.454166672295994,0.513888892200258,0.135233763709845,0.134343937772796,18,18,18,0.454166672295994,0.513888892200258,0.135233763709845,0.134343937772796,-0.0597222199042638,0.000889825937049088,FALSE,TRUE,-0.0319444355037478,-0.0597222199042638,0.000889825937049088,FALSE,TRUE,-0.0319444355037478,-0.109414755151503,0.00657990957759839
14,14,"By the People: National","btp03.olt1global","14:9311::btp03.olt1global","9311","14:9311",0.483148155467851,0.543121695518494,0.141061708236181,0.109303415666176,21,21,21,0.483148155467851,0.543121695518494,0.141061708236181,0.109303415666176,-0.0599735400506427,0.031758292570005,FALSE,TRUE,0.0262698509863444,-0.0599735400506427,0.031758292570005,FALSE,TRUE,0.0262698509863444,-0.11603623104979,0.225137586713695
14,14,"By the People: National","btp03.olt1global","14:9312::btp03.olt1global","9312","14:9312",0.453212564730126,0.466787449691607,0.161883375268231,0.16925283018909,23,23,23,0.453212564730126,0.466787449691607,0.161883375268231,0.16925283018909,-0.0135748849614806,-0.00736945492085844,FALSE,FALSE,-0.0135748849614806,-0.0135748849614806,-0.00736945492085844,FALSE,FALSE,-0.0135748849614806,-0.0248266219847948,-0.0217956006354456
14,14,"By the People: National","btp03.olt1global","14:9313::btp03.olt1global","9313","14:9313",0.488558201562791,0.487962969711849,0.144015052450441,0.112523435068314,21,21,21,0.488558201562791,0.487962969711849,0.144015052450441,0.112523435068314,0.000595231850942013,0.0314916173821275,TRUE,TRUE,0.000595231850942013,0.000595231850942013,0.0314916173821275,TRUE,TRUE,0.000595231850942013,0.00121834379002951,0.218668929714583
14,14,"By the People: National","btp03.olt1global","14:9314::btp03.olt1global","9314","14:9314",0.42722222879529,0.474513890594244,0.17601372824934,0.133972388821455,20,20,20,0.42722222879529,0.474513890594244,0.17601372824934,0.133972388821455,-0.0472916617989542,0.0420413394278843,FALSE,TRUE,-0.0472916617989542,-0.0472916617989542,0.0420413394278843,FALSE,TRUE,-0.0472916617989542,-0.0825654628661422,0.238852615906919
14,14,"By the People: National","btp03.olt1global","14:9315::btp03.olt1global","9315","14:9315",0.429575166281532,0.408169942743638,0.15652272708781,0.129213216048498,17,17,17,0.429575166281532,0.408169942743638,0.15652272708781,0.129213216048498,0.0214052235378939,0.0273095110393113,TRUE,TRUE,0.0214052235378939,0.0214052235378939,0.0273095110393113,TRUE,TRUE,0.0214052235378939,0.0498288197690308,0.174476330354189
14,14,"By the People: National","btp03.olt1trade","14:9301::btp03.olt1trade","9301","14:9301",0.45,0.642857142857143,0.437797517885457,0.456936766731688,10,14,10,0.45,0.5,0.437797517885457,0.471404520791032,-0.192857142857143,-0.0191392488462311,FALSE,FALSE,0.092857142857143,-0.0499999999999999,-0.0336070029055751,FALSE,FALSE,-0.0499999999999999,-0.350649350649351,-0.30769268678036
14,14,"By the People: National","btp03.olt1trade","14:9302::btp03.olt1trade","9302","14:9302",0.583333333333333,0.6875,0.491596040125088,0.372011904571422,6,8,6,0.583333333333333,0.583333333333333,0.491596040125088,0.37638632635454,0.104166666666667,0.119584135553665,TRUE,TRUE,0.104166666666667,0,0.115209713770547,FALSE,TRUE,0,0.25,0.243256913792952
14,14,"By the People: National","btp03.olt1trade","14:9303::btp03.olt1trade","9303","14:9303",0.458333333333333,0.428571428571429,0.45016831868926,0.474631146549323,12,14,11,0.5,0.545454545454545,0.447213595499958,0.47193990372427,0.0297619047619048,-0.0244628278600633,TRUE,FALSE,0.0297619047619048,NA,-0.0247263082243115,NA,FALSE,0.0454545454545454,0.0649350649350651,-0.490909140863986
14,14,"By the People: National","btp03.olt1trade","14:9304::btp03.olt1trade","9304","14:9304",0.5,0.55,0.462910049886276,0.437797517885457,8,10,7,0.428571428571429,0.428571428571429,0.449867705421219,0.449867705421219,NA,0.0251125320008191,NA,TRUE,0.05,0,0,FALSE,FALSE,0,NA,0.0542492693925928
14,14,"By the People: National","btp03.olt1trade","14:9305::btp03.olt1trade","9305","14:9305",0.416666666666667,0.722222222222222,0.491596040125088,0.363241578628389,6,9,6,0.416666666666667,0.75,0.491596040125088,0.273861278752583,-0.305555555555556,0.128354461496698,FALSE,TRUE,0.138888888888889,-0.333333333333333,0.217734761372504,FALSE,TRUE,0.166666666666667,-0.523809523809524,0.26109742760344
14,14,"By the People: National","btp03.olt1trade","14:9306::btp03.olt1trade","9306","14:9306",0.3,0.5,0.421637021355784,0.426401432711221,10,12,7,0.428571428571429,0.642857142857143,0.449867705421219,0.475594865605671,-0.2,-0.00476441135543698,FALSE,FALSE,-0.2,-0.214285714285714,-0.0257271601844523,FALSE,FALSE,0.0714285714285715,-0.285714285714286,-0.0607992630942269
14,14,"By the People: National","btp03.olt1trade","14:9307::btp03.olt1trade","9307","14:9307",0.269230769230769,0.269230769230769,0.438529009653515,0.438529009653515,13,13,11,0.227272727272727,0.272727272727273,0.410099766132362,0.467099366496914,0,0,FALSE,FALSE,0,-0.0454545454545454,-0.0569996003645516,FALSE,FALSE,-0.0454545454545454,0,0
14,14,"By the People: National","btp03.olt1trade","14:9308::btp03.olt1trade","9308","14:9308",0.666666666666667,0.6875,0.389249472080761,0.458062690656452,12,8,8,0.8125,0.6875,0.372011904571422,0.458062690656452,0.0208333333333334,-0.0688132185756907,TRUE,FALSE,0.0208333333333334,-0.125,-0.0860507860850297,FALSE,FALSE,-0.125,0.0625000000000001,-0.621335354950819
14,14,"By the People: National","btp03.olt1trade","14:9309::btp03.olt1trade","9309","14:9309",0.3125,0.611111111111111,0.372011904571422,0.416666666666667,8,9,8,0.3125,0.625,0.372011904571422,0.443202630213959,-0.298611111111111,-0.0446547620952442,FALSE,FALSE,-0.0763888888888888,-0.3125,-0.0711907256425367,FALSE,FALSE,-0.0625,-0.434343434343434,-0.348897777920005
14,14,"By the People: National","btp03.olt1trade","14:9310::btp03.olt1trade","9310","14:9310",0.384615384615385,0.571428571428571,0.416025147168922,0.385164443259822,13,14,12,0.375,0.5,0.433012701892219,0.369274472937998,-0.186813186813187,0.0308607039091002,FALSE,TRUE,-0.043956043956044,-0.125,0.0637382289542211,FALSE,TRUE,-0.125,-0.303571428571428,0.0741799002274486
14,14,"By the People: National","btp03.olt1trade","14:9311::btp03.olt1trade","9311","14:9311",0.5,0.6,0.447213595499958,0.47056197405716,11,15,10,0.55,0.6,0.437797517885457,0.459468291736341,NA,-0.0233483785572021,NA,FALSE,0.1,0.0499999999999999,-0.0216707738508841,TRUE,FALSE,0.0499999999999999,NA,-0.442318032045231
14,14,"By the People: National","btp03.olt1trade","14:9312::btp03.olt1trade","9312","14:9312",0.55,0.633333333333333,0.497214463005877,0.441857550844268,10,15,8,0.6875,0.8125,0.458062690656452,0.372011904571422,0.0833333333333333,0.0553569121616083,TRUE,TRUE,0.0833333333333333,0.125,0.0860507860850297,TRUE,TRUE,0.125,0.185185185185185,0.111334074690732
14,14,"By the People: National","btp03.olt1trade","14:9313::btp03.olt1trade","9313","14:9313",0.538461538461538,0.607142857142857,0.431158249251288,0.349646603376534,13,14,12,0.5,0.625,0.426401432711221,0.376889180722205,0.0686813186813187,0.0815116458747542,TRUE,TRUE,0.0686813186813187,NA,0.0495122519890163,NA,TRUE,0.125,0.148809523809524,0.189052734155731
14,14,"By the People: National","btp03.olt1trade","14:9314::btp03.olt1trade","9314","14:9314",0.35,0.423076923076923,0.411636301174282,0.449358517136459,10,13,8,0.375,0.5,0.443202630213959,0.462910049886276,-0.073076923076923,-0.0377222159621762,FALSE,FALSE,-0.073076923076923,-0.125,-0.0197074196723165,FALSE,FALSE,-0.125,-0.112426035502959,-0.426897203981658
14,14,"By the People: National","btp03.olt1trade","14:9315::btp03.olt1trade","9315","14:9315",0.4375,0.333333333333333,0.495515604482557,0.443812682299297,8,12,6,0.333333333333333,0.166666666666667,0.516397779494322,0.408248290463863,0.104166666666667,0.0517029221832602,TRUE,TRUE,0.104166666666667,0.166666666666667,0.108149489030459,TRUE,TRUE,0.166666666666667,0.238095238095238,0.10434166293764
11,11,"Europolis","eu2009.cc1","11:711::eu2009.cc1","711","11:711",0.564285714285714,0.669230769230769,0.305355134624847,0.175045781557356,14,13,13,0.530769230769231,0.669230769230769,0.289783296575836,0.175045781557356,0.104945054945055,0.130309353067491,TRUE,TRUE,0.104945054945055,0.138461538461538,0.11473751501848,TRUE,TRUE,0.138461538461538,0.240857503152585,0.426746886793261
11,11,"Europolis","eu2009.cc1","11:7110::eu2009.cc1","7110","11:7110",0.628571428571429,0.8,0.312381845795202,0.2,14,13,13,0.661538461538462,0.8,0.298715197522271,0.2,0.171428571428571,0.112381845795202,TRUE,TRUE,0.171428571428571,0.138461538461539,0.0987151975222708,TRUE,TRUE,0.138461538461539,0.461538461538462,0.359757928662986
11,11,"Europolis","eu2009.cc1","11:7111::eu2009.cc1","7111","11:7111",0.523076923076923,0.623076923076923,0.220430813612216,0.200640001635791,13,13,13,0.523076923076923,0.623076923076923,0.220430813612216,0.200640001635791,0.1,0.0197908119764251,TRUE,TRUE,0.1,0.1,0.0197908119764251,TRUE,TRUE,0.1,0.209677419354839,0.0897824203980903
11,11,"Europolis","eu2009.cc1","11:7112::eu2009.cc1","7112","11:7112",0.621428571428571,0.793333333333333,0.316661846888325,0.218653890451379,14,15,14,0.621428571428571,0.8,0.316661846888325,0.225320284859643,0.171904761904762,0.0980079564369461,TRUE,TRUE,0.171904761904762,0.178571428571429,0.0913415620286822,TRUE,TRUE,0.178571428571429,0.454088050314465,0.309503520553614
11,11,"Europolis","eu2009.cc1","11:7113::eu2009.cc1","7113","11:7113",0.469230769230769,0.830769230769231,0.402874288466877,0.286893172291869,13,13,13,0.469230769230769,0.830769230769231,0.402874288466877,0.286893172291869,-0.361538461538462,0.115981116175007,FALSE,TRUE,0.3,-0.361538461538462,0.115981116175007,FALSE,TRUE,0.3,-0.681159420289855,0.287884135312703
11,11,"Europolis","eu2009.cc1","11:7114::eu2009.cc1","7114","11:7114",0.621428571428571,0.578571428571429,0.346806466598772,0.248622579049423,14,14,14,0.621428571428571,0.578571428571429,0.346806466598772,0.248622579049423,-0.0428571428571428,0.0981838875493488,FALSE,TRUE,-0.0428571428571428,-0.0428571428571428,0.0981838875493488,FALSE,TRUE,-0.0428571428571428,-0.0689655172413792,0.283108583620904
11,11,"Europolis","eu2009.cc1","11:7115::eu2009.cc1","7115","11:7115",0.66,0.7,0.267498701969852,0.33166247903554,10,11,10,0.66,0.77,0.267498701969852,0.249666444147653,0.04,-0.0641637770656883,TRUE,FALSE,0.04,0.11,0.0178322578221983,TRUE,TRUE,0.11,0.11764705882353,-0.275971693961761
11,11,"Europolis","eu2009.cc1","11:7116::eu2009.cc1","7116","11:7116",0.571428571428571,0.586666666666667,0.381149216547437,0.371995903715286,14,15,14,0.571428571428571,0.628571428571429,0.381149216547437,0.347360534113104,0.0152380952380953,0.00915331283215132,TRUE,TRUE,0.0152380952380953,0.0571428571428572,0.0337886824343336,TRUE,TRUE,0.0571428571428572,0.0355555555555556,0.0240150377719906
11,11,"Europolis","eu2009.cc1","11:7117::eu2009.cc1","7117","11:7117",0.726666666666667,0.713333333333333,0.234419241856083,0.320416395751944,15,15,15,0.726666666666667,0.713333333333333,0.234419241856083,0.320416395751944,-0.0133333333333333,-0.085997153895861,FALSE,FALSE,-0.0133333333333333,-0.0133333333333333,-0.085997153895861,FALSE,FALSE,-0.0133333333333333,-0.018348623853211,-0.323807923800186
11,11,"Europolis","eu2009.cc1","11:7118::eu2009.cc1","7118","11:7118",0.572727272727273,0.663636363636364,0.355220802011676,0.29418608829354,11,11,11,0.572727272727273,0.663636363636364,0.355220802011676,0.29418608829354,0.0909090909090908,0.0610347137181357,TRUE,TRUE,0.0909090909090908,0.0909090909090908,0.0610347137181357,TRUE,TRUE,0.0909090909090908,0.212765957446808,0.171821901680548
11,11,"Europolis","eu2009.cc1","11:7119::eu2009.cc1","7119","11:7119",0.54,0.6875,0.261315354094845,0.233452350598575,15,16,15,0.54,0.666666666666667,0.261315354094845,0.225726340847454,0.1475,0.0278630034962701,TRUE,TRUE,0.1475,0.126666666666667,0.0355890132473912,TRUE,TRUE,0.126666666666667,0.320652173913043,0.106625971492502
11,11,"Europolis","eu2009.cc1","11:712::eu2009.cc1","712","11:712",0.5,0.478571428571429,0.387298334620742,0.353397948338852,15,14,14,0.521428571428571,0.478571428571429,0.392582321457397,0.353397948338852,NA,0.0339003862818897,NA,TRUE,0.0214285714285715,-0.0428571428571429,0.0391843731185452,FALSE,TRUE,0,NA,0.0875304209998381
11,11,"Europolis","eu2009.cc1","11:7120::eu2009.cc1","7120","11:7120",0.614285714285714,0.666666666666667,0.28784916685157,0.388525907697776,14,15,13,0.584615384615385,0.730769230769231,0.27642405179408,0.36374124361652,0.0523809523809524,-0.100676740846206,TRUE,FALSE,0.0523809523809524,0.146153846153846,-0.0873171918224393,TRUE,FALSE,0.146153846153846,0.135802469135803,-0.474552653657356
11,11,"Europolis","eu2009.cc1","11:7121::eu2009.cc1","7121","11:7121",0.64,0.673333333333333,0.315775688922193,0.268505564365505,15,15,15,0.64,0.673333333333333,0.315775688922193,0.268505564365505,0.0333333333333333,0.0472701245566886,TRUE,TRUE,0.0333333333333333,0.0333333333333333,0.0472701245566886,TRUE,TRUE,0.0333333333333333,0.0925925925925926,0.149695262222469
11,11,"Europolis","eu2009.cc1","11:7122::eu2009.cc1","7122","11:7122",0.558333333333333,0.584615384615385,0.253908835942542,0.310500010322474,12,13,12,0.558333333333333,0.558333333333333,0.253908835942542,0.308834563931546,0.0262820512820513,-0.0565911743799314,TRUE,FALSE,0.0262820512820513,0,-0.0549257279890031,FALSE,FALSE,0,0.0595065312046445,-0.229960204368486
11,11,"Europolis","eu2009.cc1","11:7123::eu2009.cc1","7123","11:7123",0.45,0.642857142857143,0.334549065045887,0.284778687929594,14,14,14,0.45,0.642857142857143,0.334549065045887,0.284778687929594,-0.192857142857143,0.0497703771162926,FALSE,TRUE,0.0928571428571429,-0.192857142857143,0.0497703771162926,FALSE,TRUE,0.0928571428571429,-0.350649350649351,0.148768543440605
11,11,"Europolis","eu2009.cc1","11:7124::eu2009.cc1","7124","11:7124",0.584615384615385,0.653846153846154,0.20349510168615,0.287562702192596,13,13,13,0.584615384615385,0.653846153846154,0.20349510168615,0.287562702192596,0.0692307692307692,-0.0840676005064464,TRUE,FALSE,0.0692307692307692,0.0692307692307692,-0.0840676005064464,TRUE,FALSE,0.0692307692307692,0.166666666666667,-0.283528538599254
11,11,"Europolis","eu2009.cc1","11:7125::eu2009.cc1","7125","11:7125",0.623529411764706,0.705882352941177,0.207754096724667,0.281670437380492,17,17,17,0.623529411764706,0.705882352941177,0.207754096724667,0.281670437380492,0.0823529411764706,-0.0739163406558248,TRUE,FALSE,0.0823529411764706,0.0823529411764706,-0.0739163406558248,TRUE,FALSE,0.0823529411764706,0.21875,-0.252925155930026
11,11,"Europolis","eu2009.cc1","11:713::eu2009.cc1","713","11:713",0.64,0.773333333333333,0.235432732279459,0.265832027165025,15,15,15,0.64,0.773333333333333,0.235432732279459,0.265832027165025,0.133333333333333,-0.0303992948855661,TRUE,FALSE,0.133333333333333,0.133333333333333,-0.0303992948855661,TRUE,FALSE,0.133333333333333,0.37037037037037,-0.114901949691208
11,11,"Europolis","eu2009.cc1","11:714::eu2009.cc1","714","11:714",0.507142857142857,0.778571428571429,0.275860292718798,0.235922319120809,14,14,14,0.507142857142857,0.778571428571429,0.275860292718798,0.235922319120809,0.271428571428571,0.0399379735979898,TRUE,TRUE,0.271428571428571,0.271428571428571,0.0399379735979898,TRUE,TRUE,0.271428571428571,0.550724637681159,0.144776086490639
11,11,"Europolis","eu2009.cc1","11:715::eu2009.cc1","715","11:715",0.607142857142857,0.642857142857143,0.319769834807393,0.268082322931095,14,14,14,0.607142857142857,0.642857142857143,0.319769834807393,0.268082322931095,0.0357142857142858,0.0516875118762978,TRUE,TRUE,0.0357142857142858,0.0357142857142858,0.0516875118762978,TRUE,TRUE,0.0357142857142858,0.0909090909090911,0.161639736616904
11,11,"Europolis","eu2009.cc1","11:716::eu2009.cc1","716","11:716",0.56,0.493333333333333,0.235432732279459,0.293906366690061,15,15,15,0.56,0.493333333333333,0.235432732279459,0.293906366690061,-0.0666666666666667,-0.0584736344106015,FALSE,FALSE,-0.0533333333333334,-0.0666666666666667,-0.0584736344106015,FALSE,FALSE,-0.0533333333333334,-0.119047619047619,-0.221016132926793
11,11,"Europolis","eu2009.cc1","11:717::eu2009.cc1","717","11:717",0.69,0.5,0.317804971641414,0.296647939483827,10,11,10,0.69,0.49,0.317804971641414,0.310733898304571,-0.19,0.0211570321575876,FALSE,TRUE,-0.19,-0.2,0.00707107333684293,FALSE,TRUE,-0.18,-0.27536231884058,0.0665723762857287
11,11,"Europolis","eu2009.cc1","11:718::eu2009.cc1","718","11:718",0.4875,0.622222222222222,0.274837614393871,0.376755151848577,8,9,8,0.4875,0.6375,0.274837614393871,0.399776723398735,-0.134722222222222,-0.101917537454706,FALSE,FALSE,0.109722222222222,-0.15,-0.124939109004864,FALSE,FALSE,0.125,-0.262872628726287,-0.452640156482388
11,11,"Europolis","eu2009.cc1","11:719::eu2009.cc1","719","11:719",0.673333333333333,0.72,0.291465917308321,0.20071301473924,15,15,15,0.673333333333333,0.72,0.291465917308321,0.20071301473924,0.0466666666666666,0.090752902569081,TRUE,TRUE,0.0466666666666666,0.0466666666666666,0.090752902569081,TRUE,TRUE,0.0466666666666666,0.142857142857143,0.311367117662269
11,11,"Europolis","eu2009.imm1","11:711::eu2009.imm1","711","11:711",0.232142857142857,0.303571428571429,0.301666616072689,0.312843218115527,14,14,14,0.232142857142857,0.303571428571429,0.301666616072689,0.312843218115527,-0.0714285714285714,-0.0111766020428377,FALSE,FALSE,-0.0714285714285714,-0.0714285714285714,-0.0111766020428377,FALSE,FALSE,-0.0714285714285714,-0.0930232558139535,-0.0563526009667335
11,11,"Europolis","eu2009.imm1","11:7110::eu2009.imm1","7110","11:7110",0.285714285714286,0.303571428571429,0.237315573274662,0.312843218115527,14,14,14,0.285714285714286,0.303571428571429,0.237315573274662,0.312843218115527,-0.0178571428571428,-0.0755276448408651,FALSE,FALSE,-0.0178571428571428,-0.0178571428571428,-0.0755276448408651,FALSE,FALSE,-0.0178571428571428,-0.025,-0.287522354417441
11,11,"Europolis","eu2009.imm1","11:7111::eu2009.imm1","7111","11:7111",0.288461538461538,0.270833333333333,0.320256307610174,0.270906167362708,13,12,12,0.291666666666667,0.270833333333333,0.334278961710761,0.270906167362708,0.0176282051282051,0.0493501402474664,TRUE,TRUE,0.0176282051282051,0.0208333333333333,0.0633727943480529,TRUE,TRUE,0.0208333333333333,0.0611111111111111,0.154095763533054
11,11,"Europolis","eu2009.imm1","11:7112::eu2009.imm1","7112","11:7112",0.267857142857143,0.303571428571429,0.317203612634112,0.34220118110791,14,14,13,0.288461538461538,0.307692307692308,0.320256307610174,0.355812540676357,-0.0357142857142857,-0.0249975684737975,FALSE,FALSE,-0.0357142857142857,-0.0192307692307693,-0.0355562330661826,FALSE,FALSE,-0.0192307692307693,-0.048780487804878,-0.136750888975513
11,11,"Europolis","eu2009.imm1","11:7113::eu2009.imm1","7113","11:7113",0.115384615384615,0.134615384615385,0.129718630415693,0.281650356074554,13,13,13,0.115384615384615,0.134615384615385,0.129718630415693,0.281650356074554,-0.0192307692307692,-0.151931725658861,FALSE,FALSE,-0.0192307692307692,-0.0192307692307692,-0.151931725658861,FALSE,FALSE,-0.0192307692307692,-0.0217391304347826,-0.410314258666122
11,11,"Europolis","eu2009.imm1","11:7114::eu2009.imm1","7114","11:7114",0.0714285714285714,0.160714285714286,0.152812461375532,0.158330923444163,14,14,14,0.0714285714285714,0.160714285714286,0.152812461375532,0.158330923444163,-0.0892857142857143,-0.00551846206863107,FALSE,FALSE,-0.0892857142857142,-0.0892857142857143,-0.00551846206863107,FALSE,FALSE,-0.0892857142857142,-0.0961538461538462,-0.0158947584653954
11,11,"Europolis","eu2009.imm1","11:7115::eu2009.imm1","7115","11:7115",0.0909090909090909,0.363636363636364,0.16854996561581,0.423728043142597,11,11,11,0.0909090909090909,0.363636363636364,0.16854996561581,0.423728043142597,-0.272727272727273,-0.255178077526787,FALSE,FALSE,-0.272727272727273,-0.272727272727273,-0.255178077526787,FALSE,FALSE,-0.272727272727273,-0.3,-0.769883997752147
11,11,"Europolis","eu2009.imm1","11:7116::eu2009.imm1","7116","11:7116",0.428571428571429,0.5,0.301096895798247,0.301511344577764,14,12,11,0.431818181818182,0.5,0.297718598069324,0.316227766016838,-0.0714285714285715,-0.000414448779516241,FALSE,FALSE,-0.0714285714285715,-0.0681818181818182,-0.0185091679475141,FALSE,FALSE,-0.0681818181818182,-0.125,-0.00208367175152709
11,11,"Europolis","eu2009.imm1","11:7117::eu2009.imm1","7117","11:7117",0.383333333333333,0.535714285714286,0.325503273335893,0.351605423203872,15,14,14,0.357142857142857,0.535714285714286,0.320970369383185,0.351605423203872,-0.152380952380952,-0.0261021498679788,FALSE,FALSE,-0.0809523809523809,-0.178571428571429,-0.0306350538206869,FALSE,FALSE,-0.107142857142857,-0.247104247104247,-0.149585326710589
11,11,"Europolis","eu2009.imm1","11:7118::eu2009.imm1","7118","11:7118",0.295454545454545,0.386363636363636,0.384353057392904,0.282038037408883,11,11,11,0.295454545454545,0.386363636363636,0.384353057392904,0.282038037408883,-0.0909090909090909,0.102315019984021,FALSE,TRUE,-0.0909090909090909,-0.0909090909090909,0.102315019984021,FALSE,TRUE,-0.0909090909090909,-0.129032258064516,0.266200614294657
11,11,"Europolis","eu2009.imm1","11:7119::eu2009.imm1","7119","11:7119",0.234375,0.296875,0.322344923955691,0.291815438248219,16,16,16,0.234375,0.296875,0.322344923955691,0.291815438248219,-0.0625,0.0305294857074719,FALSE,TRUE,-0.0625,-0.0625,0.0305294857074719,FALSE,TRUE,-0.0625,-0.0816326530612245,0.0947106141236102
11,11,"Europolis","eu2009.imm1","11:712::eu2009.imm1","712","11:712",0.333333333333333,0.428571428571429,0.293784825696502,0.284682201839096,15,14,14,0.303571428571429,0.428571428571429,0.280428439873901,0.284682201839096,-0.0952380952380952,0.00910262385740512,FALSE,TRUE,-0.0952380952380952,-0.125,-0.00425376196519583,FALSE,FALSE,-0.125,-0.142857142857143,0.0309839823613242
11,11,"Europolis","eu2009.imm1","11:7120::eu2009.imm1","7120","11:7120",0.265625,0.359375,0.280902563178053,0.302334665561196,16,16,16,0.265625,0.359375,0.280902563178053,0.302334665561196,-0.09375,-0.0214321023831427,FALSE,FALSE,-0.09375,-0.09375,-0.0214321023831427,FALSE,FALSE,-0.09375,-0.127659574468085,-0.0978199594391413
11,11,"Europolis","eu2009.imm1","11:7121::eu2009.imm1","7121","11:7121",0.416666666666667,0.466666666666667,0.397162555181245,0.338940927568437,15,15,15,0.416666666666667,0.466666666666667,0.397162555181245,0.338940927568437,-0.05,0.0582216276128078,FALSE,TRUE,-0.05,-0.05,0.0582216276128078,FALSE,TRUE,-0.05,-0.0857142857142858,0.146593949639181
11,11,"Europolis","eu2009.imm1","11:7122::eu2009.imm1","7122","11:7122",0.288461538461538,0.403846153846154,0.200160192256359,0.346687622640768,13,13,13,0.288461538461538,0.403846153846154,0.200160192256359,0.346687622640768,-0.115384615384615,-0.146527430384409,FALSE,FALSE,-0.115384615384615,-0.115384615384615,-0.146527430384409,FALSE,FALSE,-0.115384615384615,-0.162162162162162,-0.48868571350502
11,11,"Europolis","eu2009.imm1","11:7123::eu2009.imm1","7123","11:7123",0.428571428571429,0.461538461538462,0.301096895798247,0.246774058396412,14,13,13,0.461538461538462,0.461538461538462,0.285885937448433,0.246774058396412,-0.032967032967033,0.0543228374018351,FALSE,TRUE,-0.032967032967033,0,0.0391118790520205,FALSE,TRUE,0,-0.0576923076923078,0.180416464466756
11,11,"Europolis","eu2009.imm1","11:7124::eu2009.imm1","7124","11:7124",0.25,0.173076923076923,0.353553390593274,0.236832733357835,12,13,12,0.25,0.1875,0.353553390593274,0.241326824790856,0.0769230769230769,0.116720657235438,TRUE,TRUE,0.0769230769230769,0.0625,0.112226565802418,TRUE,TRUE,0.0625,0.307692307692308,0.330135872942916
11,11,"Europolis","eu2009.imm1","11:7125::eu2009.imm1","7125","11:7125",0.279411764705882,0.279411764705882,0.36317128514372,0.304681608163245,17,17,17,0.279411764705882,0.279411764705882,0.36317128514372,0.304681608163245,0,0.0584896769804749,FALSE,TRUE,0,0,0.0584896769804749,FALSE,TRUE,0,0,0.161052592462888
11,11,"Europolis","eu2009.imm1","11:713::eu2009.imm1","713","11:713",0.333333333333333,0.35,0.349319065502886,0.295803989154981,15,15,15,0.333333333333333,0.35,0.349319065502886,0.295803989154981,-0.0166666666666666,0.0535150763479051,FALSE,TRUE,-0.0166666666666666,-0.0166666666666666,0.0535150763479051,FALSE,TRUE,-0.0166666666666666,-0.0249999999999999,0.153198269527213
11,11,"Europolis","eu2009.imm1","11:714::eu2009.imm1","714","11:714",0.285714285714286,0.375,0.323103086329432,0.389155891247078,14,14,14,0.285714285714286,0.375,0.323103086329432,0.389155891247078,-0.0892857142857143,-0.0660528049176461,FALSE,FALSE,-0.0892857142857143,-0.0892857142857143,-0.0660528049176461,FALSE,FALSE,-0.0892857142857143,-0.125,-0.373397158531862
11,11,"Europolis","eu2009.imm1","11:715::eu2009.imm1","715","11:715",0.339285714285714,0.392857142857143,0.31936148521974,0.376142946874611,14,14,14,0.339285714285714,0.392857142857143,0.31936148521974,0.376142946874611,-0.0535714285714286,-0.056781461654871,FALSE,FALSE,-0.0535714285714286,-0.0535714285714286,-0.056781461654871,FALSE,FALSE,-0.0535714285714286,-0.0810810810810811,-0.314337513923559
11,11,"Europolis","eu2009.imm1","11:716::eu2009.imm1","716","11:716",0.233333333333333,0.183333333333333,0.274945882120897,0.175932887637249,15,15,15,0.233333333333333,0.183333333333333,0.274945882120897,0.175932887637249,0.05,0.0990129944836477,TRUE,TRUE,0.0499999999999999,0.05,0.0990129944836477,TRUE,TRUE,0.0499999999999999,0.214285714285714,0.360118121136692
11,11,"Europolis","eu2009.imm1","11:717::eu2009.imm1","717","11:717",0.159090909090909,0.386363636363636,0.202259958738973,0.258931370338657,11,11,11,0.159090909090909,0.386363636363636,0.202259958738973,0.258931370338657,-0.227272727272727,-0.056671411599684,FALSE,FALSE,-0.227272727272727,-0.227272727272727,-0.056671411599684,FALSE,FALSE,-0.227272727272727,-0.27027027027027,-0.19033856299496
11,11,"Europolis","eu2009.imm1","11:718::eu2009.imm1","718","11:718",0.333333333333333,0.277777777777778,0.330718913883074,0.195433989992643,9,9,8,0.375,0.28125,0.327326835353989,0.20863074009907,0.0555555555555555,0.135284923890431,TRUE,TRUE,0.0555555555555555,0.09375,0.118696095254919,TRUE,TRUE,0.09375,0.166666666666667,0.409063159714721
11,11,"Europolis","eu2009.imm1","11:719::eu2009.imm1","719","11:719",0.383333333333333,0.483333333333333,0.311486451589487,0.240287526180814,15,15,15,0.383333333333333,0.483333333333333,0.311486451589487,0.240287526180814,-0.1,0.0711989254086728,FALSE,TRUE,-0.1,-0.1,0.0711989254086728,FALSE,TRUE,-0.1,-0.162162162162162,0.228577920629778
